stop_id,stop_name,stop_lat,stop_lon,stop_code,location_type,parent_station,wheelchair_boarding,departement,source_gtfs
132,Centre -,47.41209,5.205239,1664,0,,,21,21_cote_dor
182,Centre -,47.41209,5.205239,5500,0,,,21,21_cote_dor
131,Vesvrotte -,47.418153,5.20514,1662,0,,,21,21_cote_dor
154,Vesvrotte -,47.418153,5.20514,3864,0,,,21,21_cote_dor
192,Arçon -,47.354658,5.282051,1669,0,,,21,21_cote_dor
766,Village place -,47.692473,4.942736,5429,0,,,21,21_cote_dor
883,Village Place -,47.692456,4.94271,1675,0,,,21,21_cote_dor
441,Centre -,47.09778,4.613719,1681,0,,,21,21_cote_dor
133,Les tranchées -,47.460226,5.271683,1695,0,,,21,21_cote_dor
149,Les Tranchées -,47.460226,5.271683,3739,0,,,21,21_cote_dor
790,Ecole -,47.912829,4.709541,1705,0,,,21,21_cote_dor
794,Mairie -,47.9111,4.707891,3872,0,,,21,21_cote_dor
134,Fouchanges -,47.396856,5.195756,1774,0,,,21,21_cote_dor
142,Fouchanges -,47.396856,5.195756,3527,0,,,21,21_cote_dor
843,fbg Gallas/Charmes -,47.367424,5.186706,1775,0,,,21,21_cote_dor
889,Collège -,47.129979,4.488915,1794,0,,,21,21_cote_dor
260,Ecole -,47.23131,5.370529,1804,0,,,21,21_cote_dor
270,Ecole -,47.231297,5.370435,3635,0,,,21,21_cote_dor
323,Ecole Primaire -,47.131411,5.176617,1809,0,,,21,21_cote_dor
681,Ecole -,47.602349,4.644358,1849,0,,,21,21_cote_dor
606,Cimetiere,47.615386,4.315664,1861,0,,1,21,21_cote_dor
835,abri bus -,47.373177,5.321889,1868,0,,,21,21_cote_dor
112,Place -,47.449291,4.927148,1873,0,,,21,21_cote_dor
511,Collège -,47.108514,4.664413,1903,0,,1,21,21_cote_dor
442,Ecole -,47.107927,4.664249,1904,0,,1,21,21_cote_dor
443,Route de Beaune -,47.101022,4.671974,1905,0,,,21,21_cote_dor
451,Route de Beaune -,47.101022,4.671974,3745,0,,,21,21_cote_dor
77,Lotissement Hauterive -,47.400609,5.109629,1941,0,,,21,21_cote_dor
100,Lotissement Hauterive -,47.400609,5.109629,4230,0,,,21,21_cote_dor
78,Place de l'Ascension -,47.399973,5.086403,1942,0,,1,21,21_cote_dor
79,Eglise -,47.398659,5.099731,1943,0,,,21,21_cote_dor
91,Eglise Centre -,47.398659,5.099731,3880,0,,,21,21_cote_dor
346,Mairie -,47.08002,5.107075,1953,0,,,21,21_cote_dor
747,Mairie -,47.737983,4.895065,3887,0,,,21,21_cote_dor
607,Monument -,47.204229,4.355414,1990,0,,,21,21_cote_dor
261,Grande rue -,47.281369,5.265326,2002,0,,,21,21_cote_dor
273,Croisement Grande de rue -,47.281369,5.265326,3899,0,,,21,21_cote_dor
628,abribus -,47.476299,4.444934,2048,0,,,21,21_cote_dor
772,Pl Marmont jet d'eau -,47.861376,4.574789,2054,0,,,21,21_cote_dor
481,Cehvigny en Valière Mairie -,46.966514,4.978283,2091,0,,,21,21_cote_dor
491,Mairie -,46.966514,4.978283,3787,0,,,21,21_cote_dor
80,Centre -,47.404007,5.122833,2116,0,,,21,21_cote_dor
97,Centre -,47.404007,5.122833,4199,0,,,21,21_cote_dor
81,S.B.M. -,47.403459,5.115374,2117,0,,,21,21_cote_dor
98,S.B.M -,47.403459,5.115374,4200,0,,,21,21_cote_dor
482,Mairie -,46.990858,4.988318,2159,0,,,21,21_cote_dor
495,Mairie -,46.990858,4.988318,3926,0,,,21,21_cote_dor
741,route d' Is sur tille -,47.554456,5.129796,2209,0,,,21,21_cote_dor
139,Château -,47.526285,5.368633,3517,0,,,21,21_cote_dor
1,Departementale 951 -,47.530715,4.891328,2236,0,,,21,21_cote_dor
8,Mairie -,47.530715,4.891328,3978,0,,,21,21_cote_dor
891,Ecole -,47.47682,5.139058,2249,0,,,21,21_cote_dor
36,Logis De Gemeaux Usine -,47.476689,5.139097,2250,0,,,21,21_cote_dor
854,Ecole,47.524814,4.298025,2252,0,,,21,21_cote_dor
262,Gare SNCF -,47.244142,5.223533,2255,0,,1,21,21_cote_dor
791,Mairie -,47.987139,4.778352,2269,0,,,21,21_cote_dor
653,La Raquette -,47.317785,4.503005,2277,0,,1,21,21_cote_dor
845,Abribus Grande rue -,47.040353,5.107114,2284,0,,,21,21_cote_dor
236,Eglise -,47.329526,5.454013,5466,0,,,21,21_cote_dor
2,Ecole A. France -,47.51975,5.112881,2317,0,,,21,21_cote_dor
337,Ecole -,47.169452,5.13712,4003,0,,,21,21_cote_dor
37,Collège Clos de Pouilly -,47.342184,5.053457,2346,0,,1,21,21_cote_dor
773,Bourg -,47.708406,4.438047,2361,0,,,21,21_cote_dor
774,Centre D980 -,47.731584,4.464639,2362,0,,1,21,21_cote_dor
135,Billardon -,47.329691,5.073286,2368,0,,,21,21_cote_dor
145,Castelnau -,47.329691,5.073286,3717,0,,,21,21_cote_dor
682,Square Darcy Hôtel de La Cloche -,47.324081,5.033713,2388,0,,,21,21_cote_dor
38,Centre -,47.527037,5.168316,2425,0,,,21,21_cote_dor
324,Place de l'église -,47.094831,5.216389,2455,0,,,21,21_cote_dor
874,mairie,47.639689,4.75895,2468,0,,,21,21_cote_dor
39,Ecole abribus -,47.611073,5.156084,2507,0,,,21,21_cote_dor
939,Ecole,47.560619,4.22175,2528,0,,,21,21_cote_dor
778,Collège -,47.840335,4.364892,2575,0,,1,21,21_cote_dor
263,Centre -,47.269669,5.385349,2576,0,,1,21,21_cote_dor
276,Centre -,47.269669,5.385349,4019,0,,1,21,21_cote_dor
264,route de Poncey -,47.265391,5.386532,2577,0,,1,21,21_cote_dor
278,route Poncey -,47.265391,5.386532,4021,0,,1,21,21_cote_dor
751,rue Lamy Bret -,47.815593,4.791794,4031,0,,,21,21_cote_dor
608,La Guette Ecole -,47.22512,4.319602,2600,0,,,21,21_cote_dor
445,Centre -,47.206139,4.281425,2606,0,,1,21,21_cote_dor
458,Centre -,47.206139,4.281425,4033,0,,1,21,21_cote_dor
664,Huis Renaud abris Bus -,47.199333,4.272078,2608,0,,,21,21_cote_dor
265,Eglise -,47.260911,5.286684,2617,0,,1,21,21_cote_dor
279,Eglise -,47.260911,5.286684,4034,0,,1,21,21_cote_dor
266,Lycée de la Céramique -,47.259748,5.290418,2618,0,,,21,21_cote_dor
280,Lycée de la Céramique -,47.259748,5.290418,4036,0,,,21,21_cote_dor
325,Ancienne Ecole -,47.196773,5.14965,2623,0,,,21,21_cote_dor
326,Place -,47.097879,5.263037,2636,0,,,21,21_cote_dor
792,Place -,47.896545,4.75854,2639,0,,,21,21_cote_dor
537,Place -,47.220961,4.577053,2650,0,,,21,21_cote_dor
629,Eglise -,47.481944,4.424498,2660,0,,1,21,21_cote_dor
665,Centre -,47.129152,4.342024,2687,0,,,21,21_cote_dor
40,Pl. Monument -,47.518707,5.130227,2708,0,,,21,21_cote_dor
113,Ecole -,47.438448,5.097701,2723,0,,,21,21_cote_dor
218,Route de Pontailler -,47.33393,5.428553,2742,0,,,21,21_cote_dor
229,Route de Pontailler -,47.33393,5.428553,4065,0,,,21,21_cote_dor
631,Le Bas -,47.55314,4.454516,2753,0,,,21,21_cote_dor
483,église -,46.99103,4.945475,2773,0,,,21,21_cote_dor
496,église -,46.99103,4.945475,4078,0,,,21,21_cote_dor
935,Ménetreux Abri-Bus,47.505894,4.296564,2784,0,,,21,21_cote_dor
936,Place,47.668958,4.87594,2795,0,,,21,21_cote_dor
938,Croix De Molphey abribus,47.341739,4.198025,2802,0,,,21,21_cote_dor
609,Les Bordes Collège Pasteur  -,47.635638,4.341768,2812,0,,,21,21_cote_dor
654,Corbeton -,47.625591,4.349797,2814,0,,,21,21_cote_dor
610,St Pierre -,47.629906,4.337634,2816,0,,,21,21_cote_dor
612,Villiers RD 980 -,47.596917,4.327388,2830,0,,,21,21_cote_dor
613,Centre -,47.577214,4.344686,2832,0,,,21,21_cote_dor
793,Abri Bus -,47.953511,4.77929,2838,0,,,21,21_cote_dor
667,Place -,47.424655,4.104617,2870,0,,,21,21_cote_dor
570,RD905 -,47.369623,4.56447,2885,0,,,21,21_cote_dor
875,Place,47.697872,4.842369,2899,0,,,21,21_cote_dor
779,Monument -,47.870422,4.542293,2902,0,,,21,21_cote_dor
780,Chavognier -,47.866309,4.551961,2904,0,,,21,21_cote_dor
668,Chanteau -,47.31642,4.200434,2909,0,,,21,21_cote_dor
633,Place -,47.477546,4.380207,2915,0,,,21,21_cote_dor
340,Pont -,47.101251,5.263034,4333,0,,,21,21_cote_dor
82,Mairie -,47.401751,5.144382,2928,0,,,21,21_cote_dor
83,Cimetière -,47.400073,5.134206,2929,0,,,21,21_cote_dor
102,Cimetière -,47.400073,5.134206,4439,0,,,21,21_cote_dor
84,Lotissement -,47.402384,5.129646,2930,0,,,21,21_cote_dor
107,Lotissement -,47.402384,5.129646,4635,0,,,21,21_cote_dor
669,abribus -,47.240452,4.245442,2943,0,,,21,21_cote_dor
447,Sivry Ouche Billot -,47.122641,4.50132,2977,0,,,21,21_cote_dor
855,La Blancharde Place,47.635457,4.303313,2980,0,,,21,21_cote_dor
888,Place,47.191223,4.623991,2987,0,,,21,21_cote_dor
85,Charmes -,47.404617,5.084783,3008,0,,,21,21_cote_dor
93,Charmes -,47.404617,5.084783,4112,0,,,21,21_cote_dor
136,RD 960/ rue Assomption -,47.360024,5.15375,3024,0,,,21,21_cote_dor
155,RD 960 -,47.360024,5.15375,4119,0,,,21,21_cote_dor
267,Village -,47.310938,5.447861,3048,0,,,21,21_cote_dor
282,Village -,47.310938,5.447861,4139,0,,,21,21_cote_dor
19,Croisement RD971 -,47.494474,4.761225,4150,0,,,21,21_cote_dor
683,Croisement RD971 -,47.473995,4.748214,3066,0,,,21,21_cote_dor
219,Monument -,47.30484,5.415025,3068,0,,,21,21_cote_dor
223,Monument,47.30484,5.415025,3594,0,,,21,21_cote_dor
220,Saint Jean -,47.301859,5.410995,3071,0,,,21,21_cote_dor
222,Saint Jean -,47.301854,5.411042,3593,0,,,21,21_cote_dor
614,Pont -,47.47092,4.35519,3074,0,,,21,21_cote_dor
484,Le Guidon -,47.012869,5.121709,3087,0,,,21,21_cote_dor
507,Le Guidon -,47.012869,5.121709,4711,0,,,21,21_cote_dor
684,Cosne Parking Scierie -,47.678175,4.669787,3109,0,,,21,21_cote_dor
940,Abri Bus,47.607358,4.257136,3114,0,,,21,21_cote_dor
670,Place Du Marché -,47.382258,4.17787,3144,0,,,21,21_cote_dor
856,Ecole -,47.554688,4.307151,3168,0,,,21,21_cote_dor
538,Goix -,47.259733,4.303772,3172,0,,,21,21_cote_dor
634,Villars Abri Bus -,47.512453,4.377817,3175,0,,,21,21_cote_dor
158,Château -,47.52376,5.42868,4335,0,,,21,21_cote_dor
655,Place -,47.372648,4.471603,3222,0,,,21,21_cote_dor
3,Saulx La Ville -,47.544564,5.024045,3253,0,,,21,21_cote_dor
114,Lotissement -,47.43445,5.053388,3261,0,,,21,21_cote_dor
115,rue de la Mare -,47.433361,5.048432,3262,0,,,21,21_cote_dor
116,Mairie -,47.430349,5.052483,3263,0,,,21,21_cote_dor
937,Abri Bus,47.571969,4.430047,3276,0,,,21,21_cote_dor
590,Liberté -,47.491828,4.33682,4322,0,,1,21,21_cote_dor
615,Liberté -,47.491936,4.338106,3296,0,,1,21,21_cote_dor
858,Place,47.585748,4.267116,3300,0,,,21,21_cote_dor
268,Ecole -,47.258968,5.454775,3323,0,,,21,21_cote_dor
636,Lavoir,47.484906,4.417513,3330,0,,,21,21_cote_dor
539,Centre -,47.262064,4.343691,3370,0,,,21,21_cote_dor
41,Ecole -,47.518689,5.178353,3387,0,,1,21,21_cote_dor
42,Poste -,47.518721,5.178338,3389,0,,,21,21_cote_dor
193,Mairie -,47.344455,5.305447,3414,0,,,21,21_cote_dor
296,Mairie - Abribus -,47.230087,5.195358,3439,0,,,21,21_cote_dor
3103941,Gare de Dijon-Ville (Tram),47.3237009,5.0277208,7303,0,,1,21,21_cote_dor
137,Mairie Ecole -,47.350511,5.130598,3441,0,,1,21,21_cote_dor
162,Ecole Mairie -,47.350519,5.130602,4370,0,,1,21,21_cote_dor
138,Bas -,47.34809,5.125427,3442,0,,1,21,21_cote_dor
160,Bas -,47.34809,5.125427,4368,0,,1,21,21_cote_dor
450,Château d'eau -,47.124752,4.600224,3448,0,,,21,21_cote_dor
465,Château d'eau -,47.124752,4.600224,4372,0,,,21,21_cote_dor
3103945,Abri Bus,47.126831,4.598861,7307,0,,,21,21_cote_dor
637,Collège -,47.540905,4.464777,3459,0,,,21,21_cote_dor
58,Mairie -,47.534369,5.230457,4382,0,,,21,21_cote_dor
43,Ecole -,47.528458,5.233987,3468,0,,,21,21_cote_dor
685,Mairie -,47.406817,4.945066,3514,0,,,21,21_cote_dor
348,Pringole -,47.232821,5.061599,3516,0,,,21,21_cote_dor
140,La Croix -,47.524796,5.363018,3518,0,,,21,21_cote_dor
141,Maladière -,47.528408,5.376221,3519,0,,1,21,21_cote_dor
183,Maladière -,47.528408,5.376221,5501,0,,1,21,21_cote_dor
410,Fixey -,47.248316,4.974681,3520,0,,,21,21_cote_dor
411,Noisot -,47.245284,4.973169,3521,0,,,21,21_cote_dor
369,Croisement D974 -,47.2445247,4.9880462,3522,0,,,21,21_cote_dor
512,Centre -,47.312247,4.859192,3523,0,,1,21,21_cote_dor
513,Commerces -,47.308629,4.858834,3524,0,,,21,21_cote_dor
349,La Forgeotte-D996 -,47.147997,5.093201,3526,0,,,21,21_cote_dor
3103944,Collège -,47.228996,4.983185,7306,0,,1,21,21_cote_dor
370,Croix des Champs -,47.223455,4.977589,3534,0,,,21,21_cote_dor
371,Barraques -,47.229389,4.980349,3536,0,,1,21,21_cote_dor
412,Gare -,47.228756,4.998967,3537,0,,,21,21_cote_dor
413,Justice -,47.228762,4.992261,3538,0,,,21,21_cote_dor
414,Lavaux -,47.227826,4.967629,3539,0,,1,21,21_cote_dor
415,Maladière -,47.229314,4.97126,3540,0,,1,21,21_cote_dor
416,Marronniers -,47.228276,4.977425,3541,0,,1,21,21_cote_dor
417,Spy -,47.228806,4.995599,3544,0,,1,21,21_cote_dor
573,Centre -,47.319596,4.596471,3546,0,,,21,21_cote_dor
574,Aire de loisirs -,47.314842,4.606116,3547,0,,,21,21_cote_dor
44,Gendarmerie -,47.516837,5.109489,3549,0,,1,21,21_cote_dor
68,Gendarmerie -,47.516837,5.109489,5455,0,,1,21,21_cote_dor
893,Mairie -,47.520919,5.110936,3550,0,,,21,21_cote_dor
912,CHU Hopitaux,47.319135,5.065375,3551,0,,,21,21_cote_dor
485,Rue du Bas -,46.99179,5.093393,3552,0,,,21,21_cote_dor
505,Rue du Bas -,46.99179,5.093393,4694,0,,,21,21_cote_dor
486,Boutonnière -,47.002735,5.094463,3553,0,,,21,21_cote_dor
498,Boutonnière -,47.002735,5.094463,4187,0,,,21,21_cote_dor
297,Centre -,47.258508,5.251767,3554,0,,,21,21_cote_dor
298,Lotissement -,47.255563,5.248543,3555,0,,,21,21_cote_dor
487,Jossigny -,46.994889,5.081025,3556,0,,,21,21_cote_dor
504,Jossigny -,46.994889,5.081025,4693,0,,,21,21_cote_dor
488,Mairie -,46.997177,5.092725,3557,0,,1,21,21_cote_dor
506,Mairie -,46.997177,5.092725,4699,0,,1,21,21_cote_dor
514,La Forge -,47.211595,4.725583,3558,0,,,21,21_cote_dor
515,L'Abbaye -,47.215747,4.724368,3559,0,,,21,21_cote_dor
372,route de Beaune D974 -,47.073798,4.878827,3560,0,,,21,21_cote_dor
299,Greuze La Noue (CFA) -,47.291791,5.036014,3561,0,,,21,21_cote_dor
300,Collège -,47.294658,5.059732,3562,0,,,21,21_cote_dor
327,ZI Entrée Est -,47.275034,5.060571,3563,0,,,21,21_cote_dor
880,Marigny Les Reullee -,47.005685,4.949063,3565,0,,,21,21_cote_dor
418,collège Aymé -,47.280359,5.003088,3568,0,,,21,21_cote_dor
419,Château -,47.266919,4.98582,3570,0,,,21,21_cote_dor
420,Mairie -,47.269907,4.987642,3574,0,,,21,21_cote_dor
421,Rameau -,47.278473,5.00015,3576,0,,,21,21_cote_dor
422,Saint Vincent -,47.275367,4.992154,3579,0,,,21,21_cote_dor
373,Champagne Haute -,47.279743,5.007073,3580,0,,,21,21_cote_dor
423,Champforey -,47.277618,4.997521,3581,0,,,21,21_cote_dor
617,Gare SNCF -,47.619002,4.336821,3585,0,,1,21,21_cote_dor
143,Montchapet Clomiers (Divia) -,47.334176,5.01687,3586,0,,,21,21_cote_dor
239,Moulin -,47.342545,5.181901,3587,0,,,21,21_cote_dor
254,Moulin -,47.342545,5.181901,5475,0,,,21,21_cote_dor
45,Lycée Charles De Gaulle -,47.349565,5.041887,3588,0,,,21,21_cote_dor
221,Gare -,47.312394,5.409067,3592,0,,1,21,21_cote_dor
235,Gare -,47.312394,5.409067,5465,0,,1,21,21_cote_dor
240,Collège -,47.317907,5.108271,3595,0,,1,21,21_cote_dor
516,Collège Rameau -,47.321648,4.997896,3596,0,,,21,21_cote_dor
540,Hameau Trembloy -,47.287466,4.713893,3597,0,,1,21,21_cote_dor
350,Place de la République -,47.340239,5.044772,3598,0,,1,21,21_cote_dor
301,Le Closeau -,47.237335,5.135417,3601,0,,,21,21_cote_dor
46,Gare -,47.575466,5.203177,3603,0,,,21,21_cote_dor
59,Gare -,47.575466,5.203177,4435,0,,,21,21_cote_dor
47,route d'Is sur Tille -,47.582174,5.172114,3604,0,,1,21,21_cote_dor
374,Serrigny Buisson -,47.077685,4.88567,3605,0,,,21,21_cote_dor
351,Champ de Foire -,47.001386,5.148108,3606,0,,1,21,21_cote_dor
352,Gare  -,46.996432,5.150776,3607,0,,1,21,21_cote_dor
353,Cours De Verdun -,46.99735,5.147584,3608,0,,,21,21_cote_dor
508,Cours de Verdun -,46.99735,5.147584,4712,0,,,21,21_cote_dor
424,Centre -,47.206462,5.011424,3610,0,,,21,21_cote_dor
48,Europe Avenue Découverte -,47.354653,5.045384,3612,0,,1,21,21_cote_dor
62,Europe -  (Av. Découverte) -,47.354653,5.045384,4810,0,,1,21,21_cote_dor
686,Vaux -,47.696489,4.634638,3614,0,,,21,21_cote_dor
575,Mairie -,47.438282,4.395527,3616,0,,,21,21_cote_dor
742,Lotissement -,47.817896,4.786469,3617,0,,,21,21_cote_dor
765,Lotissement -,47.817795,4.786255,5426,0,,,21,21_cote_dor
269,Place Wilson -,47.31539,5.043742,3618,0,,,21,21_cote_dor
913,Wilson Févret -,47.316058,5.042431,5409,0,,,21,21_cote_dor
354,Abbaye De Citeaux -,47.131493,5.093204,3620,0,,,21,21_cote_dor
541,Eglise -,47.28447,4.76352,3621,0,,1,21,21_cote_dor
489,Aignay -,46.982649,4.97243,3622,0,,,21,21_cote_dor
501,Aignay -,46.982649,4.97243,4670,0,,,21,21_cote_dor
328,Place mairie -,47.17278,5.162615,3624,0,,1,21,21_cote_dor
117,Bois des Grottes -,47.384212,5.044753,3632,0,,,21,21_cote_dor
118,Eglise -,47.385109,5.044625,3633,0,,,21,21_cote_dor
119,Les Crais -,47.386192,5.040542,3634,0,,,21,21_cote_dor
859,Grande rue -,47.566386,4.255594,3636,0,,,21,21_cote_dor
576,route de Paris -,47.305429,4.640981,3638,0,,,21,21_cote_dor
689,centre -,47.599282,4.649658,3641,0,,1,21,21_cote_dor
743,Croisement -,47.864408,4.679786,3644,0,,,21,21_cote_dor
744,Centre -,47.820371,4.778455,3677,0,,,21,21_cote_dor
760,Centre -,47.820375,4.778498,4415,0,,,21,21_cote_dor
120,Collège A. Malraux -,47.351146,5.036069,3683,0,,,21,21_cote_dor
49,Pl. du 30 Octobre  Paul Cabet -,47.321728,5.050855,3694,0,,1,21,21_cote_dor
690,Centre -,47.75111,4.5814,3695,0,,1,21,21_cote_dor
691,La Barque-,47.745772,4.586528,3696,0,,,21,21_cote_dor
241,rue des Planches -,47.336725,5.195221,3701,0,,,21,21_cote_dor
242,Ecole -,47.342905,5.18943,3702,0,,,21,21_cote_dor
144,Village -,47.383278,5.189853,3703,0,,,21,21_cote_dor
179,Village -,47.383278,5.189853,5257,0,,,21,21_cote_dor
244,Gourmerault -,47.345358,5.180221,3708,0,,1,21,21_cote_dor
253,Gourmerault -,47.345358,5.180221,5474,0,,1,21,21_cote_dor
194,Guillotière -,47.347366,5.186251,3709,0,,,21,21_cote_dor
3103938,Guillotière -,47.347366,5.186251,7300,0,,,21,21_cote_dor
542,Rue du 11 nov 1918 -,47.132351,4.490607,3712,0,,1,21,21_cote_dor
303,Centre -,47.193262,5.389681,3715,0,,1,21,21_cote_dor
376,Buttes  St Nicolas -,47.02792,4.837636,3718,0,,,21,21_cote_dor
377,Jules Ferry -,47.023475,4.844194,3720,0,,1,21,21_cote_dor
378,Gare SNCF,47.022791,4.847874,3721,0,,1,21,21_cote_dor
379,Lycée Marey -,47.029224,4.851398,3722,0,,1,21,21_cote_dor
380,collège Monge EREA Pasteur -,47.039136,4.837669,3723,0,,1,21,21_cote_dor
381,Pasteur -,47.033987,4.846158,3724,0,,,21,21_cote_dor
382,Saint Nicolas -,47.027367,4.840562,3725,0,,,21,21_cote_dor
146,Petit Beire -,47.405552,5.201303,3727,0,,,21,21_cote_dor
157,Petit Beire -,47.405552,5.201303,4223,0,,,21,21_cote_dor
87,Ecole -,47.379676,5.069224,3728,0,,,21,21_cote_dor
111,Ecole -,47.379676,5.069224,5513,0,,,21,21_cote_dor
195,Chevreul -,47.36198,5.268351,3729,0,,,21,21_cote_dor
196,Le Marais -,47.358459,5.259076,3731,0,,,21,21_cote_dor
692,Centre -,47.69758,4.646521,3732,0,,,21,21_cote_dor
197,Ecole Centre Commercial -,47.361929,5.26474,3733,0,,1,21,21_cote_dor
147,Centre -,47.468748,5.270486,3737,0,,,21,21_cote_dor
185,Centre -,47.468748,5.270486,5503,0,,,21,21_cote_dor
148,Champ Munier -,47.472472,5.274644,3738,0,,,21,21_cote_dor
186,Champ Munier -,47.472472,5.274644,5504,0,,,21,21_cote_dor
693,Croisement -,47.538068,4.693606,3740,0,,,21,21_cote_dor
224,Calvaire -,47.33103,5.258778,3741,0,,,21,21_cote_dor
238,Calvaire -,47.33103,5.258778,5469,0,,,21,21_cote_dor
225,Centre -,47.328805,5.265934,3742,0,,,21,21_cote_dor
237,Centre -,47.329348,5.267094,5468,0,,,21,21_cote_dor
355,Rue D'Amont -,47.089145,5.141297,3747,0,,,21,21_cote_dor
356,Place -,47.083509,5.147109,3748,0,,,21,21_cote_dor
150,Centre -,47.5008161,5.2968657,3749,0,,,21,21_cote_dor
184,Centre -,47.5007111,5.2968,5502,0,,,21,21_cote_dor
151,Route de Bèze -,47.497066,5.292767,3750,0,,,21,21_cote_dor
168,Route de Bèze -,47.497066,5.292767,4802,0,,,21,21_cote_dor
577,RD 970 -,47.406393,4.416973,3752,0,,,21,21_cote_dor
329,Brévaille -,47.141096,5.212888,3753,0,,,21,21_cote_dor
330,Ennevans -,47.126499,5.224662,3754,0,,,21,21_cote_dor
331,Hôtel de Ville Mairie -,47.133285,5.216093,3755,0,,1,21,21_cote_dor
332,Meix Au Cas,47.12989,5.219385,3756,0,,,21,21_cote_dor
333,Pont Hémery -,47.147335,5.205334,3757,0,,,21,21_cote_dor
334,route de Dijon -,47.136301,5.219139,3758,0,,,21,21_cote_dor
383,Croisement RD974 -,47.234533,4.983299,3764,0,,,21,21_cote_dor
543,Centre -,47.271345,4.483724,3765,0,,,21,21_cote_dor
198,Champ de Foire -,47.346895,5.191401,3767,0,,1,21,21_cote_dor
271,Chancenotte -,47.30548,5.047592,3768,0,,1,21,21_cote_dor
292,Chancenotte -,47.30548,5.047592,5410,0,,1,21,21_cote_dor
517,CHS La Chartreuse -,47.32261,5.011247,3770,0,,,21,21_cote_dor
694,La Cité -,47.852016,4.57028,3771,0,,1,21,21_cote_dor
245,Château d'eau -,47.337633,5.151487,3772,0,,,21,21_cote_dor
257,Château d'eau -,47.337633,5.151487,5480,0,,,21,21_cote_dor
695,Gare SNCF -,47.87002,4.572061,3773,0,,1,21,21_cote_dor
696,Hopital -,47.861952,4.560624,3774,0,,1,21,21_cote_dor
698,Lycée parking -,47.864288,4.576045,3776,0,,1,21,21_cote_dor
425,Bazin -,47.295609,5.011653,3777,0,,,21,21_cote_dor
426,Gambetta -,47.298074,5.013871,3782,0,,,21,21_cote_dor
427,Rue de Longvic -,47.290783,5.007978,3784,0,,,21,21_cote_dor
490,La Dezerte -,46.969789,4.969263,3785,0,,,21,21_cote_dor
502,La dezerte -,46.969789,4.969263,4671,0,,,21,21_cote_dor
199,Montchapet -,47.337031,5.019641,3788,0,,,21,21_cote_dor
304,ESPE -,47.309762,5.038159,3789,0,,,21,21_cote_dor
384,Balcon -,47.104369,4.922419,3791,0,,1,21,21_cote_dor
385,Guidon -,47.097688,4.913235,3792,0,,,21,21_cote_dor
544,Solle -,47.246129,4.645404,3793,0,,,21,21_cote_dor
428,Favières -,47.261103,4.980898,3799,0,,,21,21_cote_dor
429,Mairie -,47.259881,4.97923,3800,0,,,21,21_cote_dor
386,Croisement RD974 -,47.25872,4.994158,3801,0,,,21,21_cote_dor
246,Blés d'Or -,47.330173,5.14815,3802,0,,,21,21_cote_dor
255,Blés d'Or -,47.330173,5.14815,5478,0,,,21,21_cote_dor
247,Centre -,47.334275,5.149971,3803,0,,,21,21_cote_dor
256,Centre -,47.334275,5.149971,5479,0,,,21,21_cote_dor
248,zone artisanale -,47.324464,5.142847,3804,0,,,21,21_cote_dor
152,Collège Champollion -,47.332743,5.073499,3809,0,,,21,21_cote_dor
200,Gare SNCF Tram -,47.323776,5.02764,3810,0,,,21,21_cote_dor
578,Château -,47.508545,4.172783,3812,0,,,21,21_cote_dor
545,HLM -,47.268325,4.548233,3814,0,,1,21,21_cote_dor
357,Centre -,47.017162,5.120447,3816,0,,,21,21_cote_dor
358,Maroc -,47.020824,5.113252,3817,0,,,21,21_cote_dor
581,Gendarmerie -,47.391225,4.30754,3822,0,,1,21,21_cote_dor
305,Premières -,47.232879,5.280863,3823,0,,,21,21_cote_dor
745,Grande rue -,47.871001,4.662191,3824,0,,1,21,21_cote_dor
699,Quemignerot -,47.649592,4.660533,3826,0,,,21,21_cote_dor
700,Monument -,47.662136,4.66755,3827,0,,,21,21_cote_dor
249,Cromois (TRAM) -,47.314449,5.112887,3828,0,,,21,21_cote_dor
746,Centre -,47.780234,4.861386,3831,0,,,21,21_cote_dor
250,Centre -,47.317505,5.208603,3832,0,,1,21,21_cote_dor
251,Stade -,47.317312,5.206214,3833,0,,,21,21_cote_dor
252,Stade -,47.317312,5.206214,4464,0,,,21,21_cote_dor
201,pont- route de Dijon -,47.402436,5.404903,3834,0,,,21,21_cote_dor
306,Centre -,47.238752,5.142078,3838,0,,1,21,21_cote_dor
307,Ducs de Bourgogne -,47.238169,5.147974,3839,0,,,21,21_cote_dor
546,D994 -,47.2121,4.571678,3840,0,,,21,21_cote_dor
492,Croix Berthe -,47.012463,4.9075,3843,0,,,21,21_cote_dor
493,Croix Berthe -,47.012463,4.9075,3844,0,,,21,21_cote_dor
88,Centre -,47.368419,5.083061,3845,0,,1,21,21_cote_dor
103,Centre -,47.368419,5.083061,4450,0,,1,21,21_cote_dor
89,Echirey -,47.373488,5.086712,3846,0,,,21,21_cote_dor
50,Place de la charme -,47.590511,5.317795,3847,0,,,21,21_cote_dor
153,Jacquat -,47.331411,5.084805,3849,0,,1,21,21_cote_dor
861,Saint Just -,47.575497,4.232579,3853,0,,,21,21_cote_dor
226,Croisement D961 -,47.311022,5.361993,3854,0,,,21,21_cote_dor
227,Croisement D961 -,47.311022,5.361993,3855,0,,,21,21_cote_dor
781,Place -,47.813875,4.429095,3858,0,,,21,21_cote_dor
518,Barbirey Sur Ouche -,47.250354,4.755379,3859,0,,1,21,21_cote_dor
359,Centre  -,47.212419,5.061139,3860,0,,,21,21_cote_dor
701,monument -,47.678332,4.706339,3862,0,,,21,21_cote_dor
308,centre -,47.230955,5.25472,3865,0,,,21,21_cote_dor
90,Clair Vallon -,47.381001,5.064622,3866,0,,,21,21_cote_dor
110,Clair Vallon -,47.381001,5.064622,5512,0,,,21,21_cote_dor
452,Mairie -,47.080602,4.741913,3868,0,,,21,21_cote_dor
335,Mairie -,47.155254,5.159255,3869,0,,,21,21_cote_dor
782,Village -,47.848761,4.425486,3874,0,,,21,21_cote_dor
795,Grande rue -,47.934878,4.826787,3876,0,,,21,21_cote_dor
783,RD16-16d -,47.887807,4.483549,3877,0,,,21,21_cote_dor
796,Pont Ource -,47.916225,4.66466,3881,0,,,21,21_cote_dor
430,Lycée -,47.238761,4.970332,3882,0,,,21,21_cote_dor
92,Mairie -,47.404173,5.164584,3883,0,,,21,21_cote_dor
99,Mairie -,47.404173,5.164584,4219,0,,,21,21_cote_dor
360,rue de la boise -,47.196758,5.041611,3885,0,,,21,21_cote_dor
702,centre -,47.821798,4.560982,3886,0,,1,21,21_cote_dor
272,rue du vannois -,47.280332,5.222449,3890,0,,,21,21_cote_dor
293,rue du vannois -,47.280332,5.222449,5435,0,,,21,21_cote_dor
703,Cestre Village,47.434911,4.800405,3892,0,,,21,21_cote_dor
51,Chaignay -,47.47517,5.072867,3894,0,,,21,21_cote_dor
704,D971 -,47.788816,4.54472,3902,0,,1,21,21_cote_dor
618,centre -,47.55444,4.346853,3903,0,,,21,21_cote_dor
705,D971 -,47.456217,4.759019,3905,0,,,21,21_cote_dor
309,rue du moulin -,47.182369,5.302851,3906,0,,,21,21_cote_dor
4,grande rue -,47.520269,4.717298,3907,0,,1,21,21_cote_dor
547,rue Arnay -,47.180937,4.581508,3914,0,,,21,21_cote_dor
453,Chelsey -,47.199973,4.376525,3915,0,,,21,21_cote_dor
431,P.Curie -,47.286365,5.00376,3916,0,,,21,21_cote_dor
274,Collège et Lycée -,47.302336,5.128489,3917,0,,,21,21_cote_dor
582,Maison De Paille -,47.392651,4.426935,3919,0,,,21,21_cote_dor
583,Pont Royal -,47.392815,4.443969,3920,0,,,21,21_cote_dor
494,route de Seurre -,47.00675,4.997319,3924,0,,,21,21_cote_dor
503,Route de Seurre -,47.00675,4.997319,4673,0,,,21,21_cote_dor
361,D996 -,47.170953,5.080008,3925,0,,,21,21_cote_dor
706,Cosne -,47.673758,4.669867,3930,0,,,21,21_cote_dor
797,D965 -,47.915241,4.734552,3932,0,,,21,21_cote_dor
5,Courceau -,47.531732,4.694869,3933,0,,,21,21_cote_dor
25,Courceau -,47.531732,4.694869,5448,0,,,21,21_cote_dor
6,mairie -,47.540432,4.966108,3936,0,,,21,21_cote_dor
28,mairie -,47.540432,4.966108,5451,0,,,21,21_cote_dor
548,rue du Chêne -,47.245726,4.585002,3937,0,,,21,21_cote_dor
748,Route Is/tille -,47.554505,5.130309,3940,0,,,21,21_cote_dor
519,Monument -,47.184907,4.674732,3942,0,,,21,21_cote_dor
121,Curtil Saint Seine -,47.449291,4.927148,3943,0,,,21,21_cote_dor
749,Abribus -,47.643194,5.078961,3944,0,,,21,21_cote_dor
549,Mairie -,47.165035,4.58419,3945,0,,,21,21_cote_dor
707,Mairie -,47.389873,4.938773,3949,0,,,21,21_cote_dor
7,Grande rue -,47.521184,5.066263,3950,0,,,21,21_cote_dor
31,Grande rue -,47.521184,5.066263,5454,0,,,21,21_cote_dor
876,Echalot,47.61295,4.837118,3952,0,,,21,21_cote_dor
550,Eglise -,47.28157,4.675386,3953,0,,,21,21_cote_dor
336,Mairie -,47.183294,5.195671,3954,0,,,21,21_cote_dor
454,Ecutigny -,47.084182,4.625437,3955,0,,,21,21_cote_dor
122,Epagny -,47.447286,5.059901,3956,0,,,21,21_cote_dor
362,Pl des tilleuls -,47.180891,5.034154,3957,0,,,21,21_cote_dor
228,RD961 rue de Bourgogne -,47.32272,5.315051,3961,0,,,21,21_cote_dor
862,rue de l'école -,47.583987,4.212202,3962,0,,,21,21_cote_dor
310,Centre -,47.254733,5.143921,3963,0,,,21,21_cote_dor
520,Cimetière -,47.317234,4.858167,3971,0,,,21,21_cote_dor
455,Mairie -,47.122568,4.562252,3972,0,,,21,21_cote_dor
708,Eglise -,47.648989,4.544742,3973,0,,,21,21_cote_dor
709,Prairay -,47.445317,4.834754,3977,0,,,21,21_cote_dor
584,Geligny -,47.304661,4.679309,3982,0,,,21,21_cote_dor
521,croisement rue des Ponts -,47.263767,4.768735,3987,0,,,21,21_cote_dor
9,Collège -,47.52643,5.106333,3995,0,,1,21,21_cote_dor
10,Charles De Gaulle -,47.516996,5.112846,3996,0,,,21,21_cote_dor
34,Charles de Gaulle -,47.516996,5.112846,5485,0,,,21,21_cote_dor
750,Place Villeneuve -,47.519217,5.109217,3999,0,,,21,21_cote_dor
11,Citröen -,47.522387,5.116319,4000,0,,,21,21_cote_dor
275,Croisement CDG/rue de la Charme -,47.279954,5.188256,4004,0,,,21,21_cote_dor
286,Croisement CDG/rue de la charme -,47.279954,5.188256,4269,0,,,21,21_cote_dor
456,Croisement D906 / rue du pont -,47.153169,4.447614,4005,0,,,21,21_cote_dor
468,Croisement D906/ rue du pont -,47.153169,4.447614,4561,0,,,21,21_cote_dor
710,Grande rue -,47.629767,4.599619,4006,0,,,21,21_cote_dor
551,Place Docteur Chauveau -,47.077375,4.561981,4017,0,,1,21,21_cote_dor
784,Mairie -,47.84296,4.36473,4018,0,,,21,21_cote_dor
277,Gare -,47.278097,5.384909,4020,0,,1,21,21_cote_dor
284,Gare -,47.278097,5.384909,4172,0,,1,21,21_cote_dor
12,église -,47.533667,4.840071,4022,0,,,21,21_cote_dor
26,église -,47.533667,4.840071,5449,0,,,21,21_cote_dor
785,D102 -,47.881241,4.436248,4024,0,,1,21,21_cote_dor
13,abribus -,47.557399,4.83824,4028,0,,,21,21_cote_dor
32,Abribus -,47.557399,4.83824,5457,0,,,21,21_cote_dor
457,Le Maupas -,47.213454,4.355111,4030,0,,,21,21_cote_dor
311,Longeaut Mairie -,47.220059,5.25146,4037,0,,,21,21_cote_dor
338,Rte de Dijon -,47.19721,5.147348,4038,0,,,21,21_cote_dor
552,Bas -,47.159739,4.554788,4039,0,,,21,21_cote_dor
553,Haut -,47.157165,4.549303,4040,0,,,21,21_cote_dor
459,Rte de Beaune D970 -,47.091171,4.675136,4042,0,,1,21,21_cote_dor
474,rte de Beaune -,47.091171,4.675136,5511,0,,1,21,21_cote_dor
52,Côté Champ Brulet -,47.490237,5.209075,4043,0,,,21,21_cote_dor
61,Côté Champ Brulet -,47.490237,5.209075,4497,0,,,21,21_cote_dor
460,Mâcon -,47.241828,4.242859,4044,0,,,21,21_cote_dor
554,Place du calvaire -,47.220961,4.577053,4045,0,,,21,21_cote_dor
711,rue Basse -,47.681539,4.575778,4047,0,,,21,21_cote_dor
202,D70 Rte de Dijon -,47.380446,5.253683,4048,0,,,21,21_cote_dor
786,Place Hubert Egeley -,47.86257,4.404743,4054,0,,,21,21_cote_dor
585,RD70 -,47.393527,4.385118,4055,0,,,21,21_cote_dor
14,Gare -,47.520634,5.129177,4057,0,,1,21,21_cote_dor
752,Ecole -,47.597025,5.080251,4058,0,,,21,21_cote_dor
312,Ecole -,47.212117,5.184977,4060,0,,,21,21_cote_dor
640,Haut -,47.55718,4.470634,4069,0,,,21,21_cote_dor
586,Belle Idée -,47.308827,4.737597,4071,0,,,21,21_cote_dor
123,Centre -,47.406131,5.017424,4072,0,,,21,21_cote_dor
124,Château -,47.394991,5.020965,4073,0,,,21,21_cote_dor
125,Mare -,47.411301,5.014656,4075,0,,,21,21_cote_dor
126,Moulin -,47.403604,5.018059,4076,0,,,21,21_cote_dor
203,la Tranchée -,47.400202,5.323187,4084,0,,1,21,21_cote_dor
204,Marronniers -,47.397598,5.315556,4085,0,,1,21,21_cote_dor
878,Abri bus,47.676144,4.821366,4086,0,,,21,21_cote_dor
15,Place grande rue -,47.539885,4.930859,4088,0,,1,21,21_cote_dor
27,Place Gde rue -,47.539885,4.930859,5450,0,,1,21,21_cote_dor
555,Melin -,47.269663,4.415316,4089,0,,,21,21_cote_dor
621,Les Bordes -,47.637824,4.3369,4094,0,,,21,21_cote_dor
622,D960 impérial -,47.350384,4.28019,4098,0,,,21,21_cote_dor
556,D977 bis -,47.268597,4.658026,4099,0,,,21,21_cote_dor
753,Neuvelle -,47.679121,4.995646,4107,0,,,21,21_cote_dor
767,Neuvelle -,47.679203,4.995753,5432,0,,,21,21_cote_dor
712,Monument la jonction -,47.767701,4.57051,4108,0,,1,21,21_cote_dor
363,Giratoire rte Dijon -,47.195554,5.08203,4109,0,,,21,21_cote_dor
94,Source -,47.405403,5.076793,4114,0,,,21,21_cote_dor
104,Source -,47.405403,5.076793,4459,0,,,21,21_cote_dor
95,La Bergerie-,47.409159,5.077112,4115,0,,,21,21_cote_dor
109,La Bergerie -,47.409159,5.077112,5053,0,,,21,21_cote_dor
388,Marché -,47.136393,4.949986,4116,0,,1,21,21_cote_dor
389,Route De Dijon -,47.139823,4.951565,4117,0,,1,21,21_cote_dor
713,rue de l'Isle -,47.701598,4.639268,4120,0,,,21,21_cote_dor
16,Rte de Chanceaux -,47.505785,4.779585,4127,0,,,21,21_cote_dor
24,Rte de Chanceaux -,47.505785,4.779585,5447,0,,,21,21_cote_dor
390,Le Rocher -,47.26947,5.000906,4129,0,,,21,21_cote_dor
281,Croix Verte -,47.307666,5.446084,4137,0,,,21,21_cote_dor
291,Croix Verte -,47.307666,5.446084,4452,0,,,21,21_cote_dor
53,Pichanges -,47.461788,5.149778,4140,0,,,21,21_cote_dor
497,Pleuvey -,46.986703,4.963954,4141,0,,,21,21_cote_dor
500,Pleuvey -,46.986703,4.963954,4669,0,,,21,21_cote_dor
522,Poste -,47.339045,4.975231,4142,0,,,21,21_cote_dor
313,rue du Nord -,47.206281,5.266399,4144,0,,,21,21_cote_dor
787,D16 rue du bas -,47.881119,4.454514,4146,0,,,21,21_cote_dor
17,mairie -,47.57702,4.805041,4147,0,,,21,21_cote_dor
23,mairie -,47.57702,4.805041,4839,0,,,21,21_cote_dor
18,Croisement Gde rue/D112 -,47.574266,4.992423,4148,0,,,21,21_cote_dor
283,Rte Magny Montarlot -,47.240532,5.3838,4151,0,,,21,21_cote_dor
294,Rte Magny Montarlot -,47.240532,5.3838,5437,0,,,21,21_cote_dor
523,Pont D'Ouche -,47.16727,4.699973,4153,0,,,21,21_cote_dor
587,Massène -,47.477851,4.366145,4157,0,,,21,21_cote_dor
339,Potangey -,47.185208,5.159629,4158,0,,,21,21_cote_dor
641,Les Prés Hauts -,47.512879,4.472995,4159,0,,1,21,21_cote_dor
557,Capitainerie -,47.26878,4.538052,4160,0,,,21,21_cote_dor
558,Centre -,47.262501,4.556196,4162,0,,1,21,21_cote_dor
623,Place Gibez -,47.620682,4.336795,4171,0,,,21,21_cote_dor
285,Centre D24 -,47.247565,5.346892,4177,0,,,21,21_cote_dor
848,Centre D24,47.247572,5.346898,4178,0,,,21,21_cote_dor
754,Pl Niederkirchen -,47.669225,5.028428,4181,0,,1,21,21_cote_dor
96,Croisement place de la butte -,47.429293,5.148775,4190,0,,1,21,21_cote_dor
462,Foissy -,47.122568,4.562252,4192,0,,,21,21_cote_dor
54,Pl. rue de la chaussée -,47.559267,5.270486,4198,0,,,21,21_cote_dor
756,Marigny -,47.870543,4.615074,4211,0,,,21,21_cote_dor
714,rue de la Potelle -,47.628162,4.582979,4212,0,,,21,21_cote_dor
391,Gare SNCF -,47.0845466,4.9163786,4235,0,,1,21,21_cote_dor
392,Nuits St Georges Gare SNCF -,47.131383,4.956459,4244,0,,1,21,21_cote_dor
642,Centre -,47.508408,4.468111,4257,0,,1,21,21_cote_dor
715,Eglise -,47.626783,4.581779,4268,0,,,21,21_cote_dor
393,RD 974 -,47.1750071,4.9643645,4274,0,,,21,21_cote_dor
933,Mairie,47.462517,4.503432,4286,0,,,21,21_cote_dor
716,Centre -,47.701732,4.604022,4289,0,,1,21,21_cote_dor
717,Chenecières -,47.712222,4.600116,4290,0,,,21,21_cote_dor
868,Mairie -,47.63987,4.296354,4293,0,,,21,21_cote_dor
718,rue Carnot -,47.440049,4.788093,4294,0,,1,21,21_cote_dor
524,Centre -,47.234934,4.741402,4296,0,,,21,21_cote_dor
525,La Serrée -,47.224111,4.729619,4297,0,,,21,21_cote_dor
526,Centre -,47.286401,4.797819,4299,0,,,21,21_cote_dor
559,Noyer des Vignes -,47.29211,4.797257,4300,0,,,21,21_cote_dor
624,Gare -,47.282849,4.235601,4303,0,,,21,21_cote_dor
463,Place Charles De Gaulle -,47.281663,4.22938,4305,0,,1,21,21_cote_dor
364,route de Dijon -,47.221582,5.064064,4307,0,,,21,21_cote_dor
127,rue de Curtil -,47.46795,4.96051,4311,0,,,21,21_cote_dor
205,Mairie abribus -,47.376214,5.27475,4314,0,,,21,21_cote_dor
55,Patenée -,47.587901,5.184677,4317,0,,1,21,21_cote_dor
719,Grande rue -,47.717643,4.590897,4318,0,,,21,21_cote_dor
625,Cité Scolaire -,47.494028,4.337299,4319,0,,,21,21_cote_dor
588,Impro -,47.488105,4.35522,4320,0,,1,21,21_cote_dor
651,Impro -,47.488105,4.35522,5446,0,,1,21,21_cote_dor
589,Les Croisettes -,47.492339,4.344328,4321,0,,1,21,21_cote_dor
626,Les Croisettes -,47.492339,4.344328,4436,0,,1,21,21_cote_dor
591,Les Quinconces -,47.493957,4.32537,4323,0,,1,21,21_cote_dor
314,Mairie -,47.206552,5.288053,4327,0,,,21,21_cote_dor
560,Abreuvoir -,47.306191,4.701869,4329,0,,,21,21_cote_dor
561,Pavé -,47.309514,4.711692,4330,0,,,21,21_cote_dor
916,Mairie -,47.484905,4.419412,4331,0,,,21,21_cote_dor
56,Eglise -,47.446721,5.189571,4332,0,,,21,21_cote_dor
66,église -,47.446721,5.189571,5386,0,,,21,21_cote_dor
101,Mairie -,47.401751,5.144382,4334,0,,1,21,21_cote_dor
159,Ecluse -,47.527614,5.413865,4336,0,,,21,21_cote_dor
341,rte St Jean de Losne -,47.108497,5.262084,4337,0,,,21,21_cote_dor
721,Collège -,47.340441,4.992214,4340,0,,1,21,21_cote_dor
230,Monument -,47.355378,5.438529,4341,0,,,21,21_cote_dor
206,rue du Bourg -,47.408089,5.274472,4342,0,,,21,21_cote_dor
207,Taniot -,47.404398,5.272863,4343,0,,,21,21_cote_dor
20,Village -,47.532993,4.988468,4345,0,,,21,21_cote_dor
315,l'abbaye -,47.184994,5.242402,4346,0,,,21,21_cote_dor
316,Mairie -,47.205259,5.223872,4347,0,,,21,21_cote_dor
317,Le Haut,47.20435,5.204791,4348,0,,1,21,21_cote_dor
562,Ecole -,47.261972,4.345145,4350,0,,,21,21_cote_dor
342,Canal -,47.219365,5.132238,4352,0,,,21,21_cote_dor
343,Centre -,47.216435,5.13511,4353,0,,,21,21_cote_dor
527,mairie -,47.147359,4.695512,4354,0,,1,21,21_cote_dor
57,RD 974 -,47.514924,5.17537,4355,0,,1,21,21_cote_dor
592,RD954 -,47.502599,4.23971,4357,0,,,21,21_cote_dor
593,Place de Verdun -,47.499567,4.122134,4358,0,,,21,21_cote_dor
318,Mairie -,47.191087,5.293111,4359,0,,,21,21_cote_dor
594,RD905 -,47.344252,4.57868,4361,0,,,21,21_cote_dor
722,route de Dijon -,47.407763,4.893412,4362,0,,1,21,21_cote_dor
563,Centre -,47.221886,4.615213,4363,0,,,21,21_cote_dor
564,Les Bordes -,47.222797,4.617676,4364,0,,,21,21_cote_dor
757,Eglise -,47.834429,4.708191,4365,0,,,21,21_cote_dor
764,Eglise -,47.834525,4.708175,5424,0,,,21,21_cote_dor
161,Chaignot -,47.353023,5.136745,4369,0,,,21,21_cote_dor
181,Chaignot -,47.353023,5.136745,5477,0,,,21,21_cote_dor
723,Vaurois -,47.736573,4.595156,4371,0,,1,21,21_cote_dor
528,Centre -,47.318975,4.908403,4373,0,,,21,21_cote_dor
529,Ecluse -,47.318178,4.910799,4374,0,,1,21,21_cote_dor
530,La Verrerie -,47.322636,4.925263,4375,0,,,21,21_cote_dor
643,Clos Fleury -,47.535452,4.440102,4378,0,,1,21,21_cote_dor
644,Les Laumes - Alésia Gare SNCF -,47.54279,4.462939,4379,0,,1,21,21_cote_dor
531,Veuvey -,47.183416,4.716199,4385,0,,1,21,21_cote_dor
799,Château -,47.947112,4.795138,4386,0,,,21,21_cote_dor
803,Château -,47.947084,4.794796,5379,0,,,21,21_cote_dor
800,Village -,47.945054,4.802041,4387,0,,,21,21_cote_dor
801,Village -,47.945227,4.801958,4730,0,,,21,21_cote_dor
287,Poste -,47.270505,5.451702,4389,0,,,21,21_cote_dor
289,Poste -,47.270505,5.451702,4418,0,,,21,21_cote_dor
288,Relais -,47.265579,5.451634,4390,0,,,21,21_cote_dor
290,Relais -,47.265579,5.451634,4419,0,,,21,21_cote_dor
163,Route de Bèze -,47.435964,5.230425,4391,0,,,21,21_cote_dor
164,route de Bèze -,47.435964,5.230425,4420,0,,,21,21_cote_dor
724,Centre -,47.681228,4.524026,4392,0,,,21,21_cote_dor
21,rue Grangier -,47.511404,5.034321,4397,0,,,21,21_cote_dor
30,rue Grangier -,47.511404,5.034321,5453,0,,,21,21_cote_dor
758,rte de Chatillon -,47.563475,5.115836,4401,0,,1,21,21_cote_dor
869,rue des Bottiens -,47.559738,4.27823,4404,0,,,21,21_cote_dor
595,Centre -,47.396168,4.543377,4405,0,,1,21,21_cote_dor
596,Monument -,47.398223,4.536965,4406,0,,1,21,21_cote_dor
231,Lotissement -,47.297921,5.390048,4408,0,,,21,21_cote_dor
233,Lotissement -,47.297921,5.390048,4410,0,,,21,21_cote_dor
232,Centre -,47.293384,5.400492,4409,0,,,21,21_cote_dor
234,Centre -,47.293384,5.400492,4425,0,,,21,21_cote_dor
394,Nord -,47.162914,4.961219,4411,0,,1,21,21_cote_dor
395,Petite Auberge -,47.154795,4.959193,4412,0,,,21,21_cote_dor
656,Les Laumes Gare Alesia -,47.54279,4.462939,4430,0,,1,21,21_cote_dor
208,Mairie -,47.376225,5.274751,4434,0,,,21,21_cote_dor
565,D108 la ruotte -,47.290737,4.735546,4448,0,,,21,21_cote_dor
872,Arrêt Transco,47.595239,4.272214,4451,0,,,21,21_cote_dor
725,Laperriere D971 -,47.577896,4.680075,4454,0,,,21,21_cote_dor
60,Mairie -,47.564523,5.213129,4462,0,,,21,21_cote_dor
65,Mairie -,47.564523,5.213129,5385,0,,,21,21_cote_dor
396,D 974 -,47.111291,4.931326,4495,0,,1,21,21_cote_dor
105,Toison d'Or Churchill Divia -,47.353177,5.053593,4501,0,,1,21,21_cote_dor
108,Toison d'Or Churchill Divia -,47.353177,5.053593,4775,0,,1,21,21_cote_dor
165,Parc des Sports Strasbourg Tram -,47.322245,5.065659,4503,0,,1,21,21_cote_dor
726,Chalvosson -,47.675316,4.565137,4511,0,,,21,21_cote_dor
833,Lycée La Barotte -,47.859083,4.615289,4513,0,,,21,21_cote_dor
775,Bourg -,47.815418,4.533313,4530,0,,1,21,21_cote_dor
776,Bourg -,47.750065,4.493105,4531,0,,1,21,21_cote_dor
777,Joffre -,47.856489,4.569991,4532,0,,,21,21_cote_dor
166,Bordot -,47.312911,5.040109,4549,0,,,21,21_cote_dor
467,Le Parc -,47.051003,4.7726477,4550,0,,,21,21_cote_dor
727,Village -,47.454679,4.880921,4551,0,,,21,21_cote_dor
106,Echirey -,47.373488,5.086712,4634,0,,,21,21_cote_dor
597,Centre -,47.507188,4.170542,4638,0,,,21,21_cote_dor
499,Reullée -,47.005685,4.949063,4668,0,,,21,21_cote_dor
469,Rue du 11 nov 1918 -,47.132274,4.490739,4724,0,,1,21,21_cote_dor
763,Ecole Marmont -,47.862094,4.573328,4729,0,,,21,21_cote_dor
167,Lot. Meix du Château -,47.360153,5.152249,4789,0,,,21,21_cote_dor
728,Meursauge -,47.660166,4.626216,4790,0,,,21,21_cote_dor
566,Centre -,47.256798,4.648519,4792,0,,,21,21_cote_dor
22,Poste,47.52171,5.1151994,4794,0,,,21,21_cote_dor
873,Croisement D4  D103 -,47.609531,4.264276,4800,0,,,21,21_cote_dor
209,Centre -,47.421963,5.531086,4807,0,,,21,21_cote_dor
169,Place des tilleuls -,47.44225,5.590504,4822,0,,,21,21_cote_dor
170,Mariller -,47.351821,5.122332,4826,0,,,21,21_cote_dor
598,Maison Moine RD70,47.392272,4.476812,4906,0,,,21,21_cote_dor
171,Gare routière -,47.447847,5.596151,4925,0,,,21,21_cote_dor
172,mairie -,47.485692,5.492696,5027,0,,,21,21_cote_dor
173,rue de Dijon -,47.456589,5.583136,5028,0,,,21,21_cote_dor
174,Maison Dieu -,47.453849,5.575439,5029,0,,,21,21_cote_dor
175,Port du Poirier -,47.451075,5.567571,5030,0,,,21,21_cote_dor
176,Bouhans -,47.478192,5.506639,5032,0,,,21,21_cote_dor
177,Feurg -,47.466186,5.514533,5033,0,,,21,21_cote_dor
178,route de Feurg -,47.461493,5.525915,5034,0,,,21,21_cote_dor
599,route de Savigny -,47.511927,4.091718,5037,0,,,21,21_cote_dor
600,St André en terre plaine Centre -,47.480917,4.060095,5038,0,,,21,21_cote_dor
601,Centre -,47.496533,4.08743,5039,0,,,21,21_cote_dor
602,Eglise -,47.471406,4.026963,5040,0,,,21,21_cote_dor
657,Mairie -,47.418518,4.524376,5073,0,,1,21,21_cote_dor
788,Cimetière -,47.866465,4.495961,5077,0,,,21,21_cote_dor
729,Salle du Pré au Roy -,47.791179,4.542591,5097,0,,1,21,21_cote_dor
319,Colombière -,47.19252,5.40783,5141,0,,1,21,21_cote_dor
671,RD117 -,47.171817,4.286822,5203,0,,,21,21_cote_dor
844,Pavillon les Grancey -,47.638806,5.040124,5216,0,,,21,21_cote_dor
128,Route d'Epagny -,47.44095,5.091351,5276,0,,,21,21_cote_dor
63,Perdrixière-,47.514367,5.176369,5353,0,,,21,21_cote_dor
397,lotissement -,47.142492,4.955647,5356,0,,,21,21_cote_dor
320,Centre Giratoire 3 fontaines -,47.241392,5.22305,5382,0,,,21,21_cote_dor
321,Centre giratoire 3 fontaines-,47.241392,5.22305,5383,0,,,21,21_cote_dor
67,Mairie -,47.461788,5.149778,5387,0,,,21,21_cote_dor
210,Gare Arc les Gray -,47.451488,5.578304,5389,0,,,21,21_cote_dor
211,Mairie -,47.378569,5.252988,5390,0,,,21,21_cote_dor
603,Gare -,47.49533,3.911271,5394,0,,1,21,21_cote_dor
604,Centre commercial -,47.496407,3.9079,5395,0,,1,21,21_cote_dor
605,Centre -,47.407963,4.426962,5396,0,,,21,21_cote_dor
658,Muséoparc alésia -,47.53619,4.466554,5397,0,,1,21,21_cote_dor
731,Place Gal De Gaulle -,47.665632,4.730285,5399,0,,1,21,21_cote_dor
398,Sévigné -,47.326759,5.044152,5403,0,,,21,21_cote_dor
180,Delauney -,47.448439,5.579941,5412,0,,,21,21_cote_dor
399,RD 974 -,47.088171,4.905722,5413,0,,1,21,21_cote_dor
732,Cestres -,47.445317,4.834754,5414,0,,1,21,21_cote_dor
648,abribus -,47.463674,4.459113,5443,0,,1,21,21_cote_dor
650,rue Maillard -,47.491922,4.398682,5445,0,,,21,21_cote_dor
29,Calvaire abribus -,47.539756,5.019424,5452,0,,,21,21_cote_dor
33,Maupertuis -,47.516489,5.103555,5483,0,,,21,21_cote_dor
366,Route de Dijon -,47.065574,5.097015,5493,0,,,21,21_cote_dor
367,Centre -,47.183297,5.061171,5494,0,,,21,21_cote_dor
368,Eglise -,47.215224,5.087958,5495,0,,,21,21_cote_dor
472,RD906 -,47.118974,4.502944,5509,0,,,21,21_cote_dor
432,Mairey -,47.300864,5.017283,5516,0,,,21,21_cote_dor
400,Route de Beaune -,47.287774,5.012543,5517,0,,,21,21_cote_dor
401,D974 -,47.193904,4.968945,5518,0,,1,21,21_cote_dor
402,Calvaire -,47.18645,4.960595,5519,0,,,21,21_cote_dor
532,Croix de mission -,47.108371,4.669616,5521,0,,,21,21_cote_dor
533,Oucherotte -,47.12206,4.671884,5522,0,,,21,21_cote_dor
534,Pont de Pany Gare -,47.297706,4.815431,5523,0,,,21,21_cote_dor
535,Pont de Pany Centre,47.29684,4.808571,5524,0,,,21,21_cote_dor
568,Cercey -,47.267095,4.52484,5525,0,,,21,21_cote_dor
569,Reine de Dijon -,47.306566,4.85083,5526,0,,,21,21_cote_dor
659,Parc de l' Auxois -,47.451698,4.505069,5527,0,,1,21,21_cote_dor
344,Place -,47.17278,5.162615,5536,0,,1,21,21_cote_dor
475,Collège Monge -,47.04061,4.837944,5537,0,,1,21,21_cote_dor
129,Jouvence -,47.411548,5.009502,5548,0,,,21,21_cote_dor
851,Actipôle -,47.877339,4.564943,6792,0,,1,21,21_cote_dor
769,Eglise,47.820847,4.706241,6793,0,,,21,21_cote_dor
770,Route de Langres -,47.846727,4.67764,6794,0,,,21,21_cote_dor
212,Essertenne et Cessey -,47.397301,5.478028,6796,0,,,21,21_cote_dor
771,Toison d'or -,47.352926,5.0534,6798,0,,1,21,21_cote_dor
345,Wilson Sisley -,47.316188,5.042401,6799,0,,1,21,21_cote_dor
476,Zone commerciale Savigny -,47.041347,4.843014,6806,0,,1,21,21_cote_dor
477,Monument aux morts -,47.027966,4.836967,6807,0,,,21,21_cote_dor
478,Hôpital -,47.03209,4.834498,6808,0,,,21,21_cote_dor
187,Saint Mesmin -,47.332536,5.018156,6812,0,,,21,21_cote_dor
322,Auxonne Gare -,47.193275,5.377224,6813,0,,1,21,21_cote_dor
736,Source Seine -,47.473995,4.748214,6823,0,,,21,21_cote_dor
188,Lycée Eiffel -,47.334199,5.066884,6839,0,,,21,21_cote_dor
213,République (Tram) -,47.326712,5.044892,6840,0,,1,21,21_cote_dor
3103939,République (Tram) -,47.326712,5.044892,7301,0,,1,21,21_cote_dor
849,Wilson Allées du Parc,47.316155,5.04243,6841,0,,1,21,21_cote_dor
509,Silo -,47.018557,4.863096,6843,0,,,21,21_cote_dor
403,Poste -,47.020542,4.838373,6844,0,,1,21,21_cote_dor
404,Piscine -,47.131162,4.947563,6845,0,,,21,21_cote_dor
405,Langevin -,47.2846938,5.0103951,6846,0,,,21,21_cote_dor
406,Bourroches Tram -,47.3047246,5.0230964,6847,0,,1,21,21_cote_dor
407,Monge Tram -,47.316548,5.031056,6848,0,,1,21,21_cote_dor
189,Bois Guillaume -,47.334501,5.097053,6850,0,,,21,21_cote_dor
190,Place du 30 Simone Veil -,47.321352,5.0515,6851,0,,,21,21_cote_dor
191,Wilson Eglise St Pierre -,47.316147,5.042425,6852,0,,1,21,21_cote_dor
215,Parc des sports  De Lattre Tass -,47.322208,5.064211,6853,0,,1,21,21_cote_dor
69,Bd  de la Marne -,47.3298101,5.048745,6855,0,,,21,21_cote_dor
70,Joffre St Exupéry -,47.337263,5.055723,6856,0,,,21,21_cote_dor
71,rue de le Forge -,47.645802,5.144709,6857,0,,,21,21_cote_dor
737,Darcy Devosges -,47.324168,5.034335,6860,0,,,21,21_cote_dor
652,rue du 8 Mai -,47.494588,4.343557,6861,0,,1,21,21_cote_dor
435,Theatre -,47.322201,5.04361,6868,0,,,21,21_cote_dor
436,Transvaal -,47.315383,5.038081,6869,0,,,21,21_cote_dor
437,Wilson Carnot -,47.316465,5.04423,6871,0,,,21,21_cote_dor
438,Lycée Castel -,47.312011,5.032893,6872,0,,,21,21_cote_dor
439,Bourroches Machureau -,47.30539,5.022593,6873,0,,1,21,21_cote_dor
672,D4 rte de Saulieu -,47.08727,4.338092,6880,0,,,21,21_cote_dor
930,Pasquier Place -,47.147681,4.613672,6895,0,,,21,21_cote_dor
408,Pasteur Centre commerciale -,47.03462,4.844897,6907,0,,,21,21_cote_dor
409,Carraz (Clinique),47.300747,5.021165,6908,0,,,21,21_cote_dor
536,3 Faisans -,47.106948,4.667757,6910,0,,,21,21_cote_dor
738,Aviation -,47.386366,4.940892,6912,0,,1,21,21_cote_dor
510,Base nautique -,47.000165,5.13679,6948,0,,,21,21_cote_dor
739,Canzio -,47.339599,4.998106,6976,0,,,21,21_cote_dor
130,Eglise -,47.46768,4.961084,6979,0,,,21,21_cote_dor
72,Clairval -,47.523773,5.134781,6981,0,,,21,21_cote_dor
852,Valmy Giroud,47.3652733,5.0494394,6985,0,,,21,21_cote_dor
853,Valmy Matoub,47.362585,5.0505194,6986,0,,,21,21_cote_dor
35,Lavoir -,47.495066,4.760612,7010,0,,,21,21_cote_dor
660,Intermarché -,47.623957,4.352042,7019,0,,,21,21_cote_dor
661,Maison de santé,47.62402,4.340121,7020,0,,,21,21_cote_dor
662,Piscine -,47.632229,4.332418,7021,0,,,21,21_cote_dor
479,D14 -,47.100707,4.559031,7023,0,,,21,21_cote_dor
216,Gare SNCF Tram -,47.323548,5.028139,7026,0,,,21,21_cote_dor
834,Lycée -,47.622953,4.340111,7030,0,,,21,21_cote_dor
73,Mairie -,47.677883,5.294049,7070,0,,,21,21_cote_dor
74,Mobigo -,47.657165,5.288331,7071,0,,,21,21_cote_dor
75,Poste -,47.765787,5.309916,7073,0,,,21,21_cote_dor
76,Chalindrey Gare -,47.81003,5.44409,7075,0,,,21,21_cote_dor
673,Gare -,46.954306,4.302136,7076,0,,,21,21_cote_dor
674,St Jean -,46.957968,4.300653,7077,0,,,21,21_cote_dor
675,L'Orme St Pantaléon -,46.987413,4.313682,7078,0,,,21,21_cote_dor
676,Centre -,47.03786,4.339917,7079,0,,,21,21_cote_dor
677,Igornay Gare -,47.05186,4.34412,7080,0,,,21,21_cote_dor
678,Crois. rte d'Autun D15/Tilleul  -,47.143916,4.313483,7082,0,,,21,21_cote_dor
679,centre -,47.014366,4.336929,7084,0,,,21,21_cote_dor
680,Surmoulin -,47.00806,4.321049,7085,0,,,21,21_cote_dor
886,Chaugey gare SNCF,47.088067,5.256753,7109,0,,,21,21_cote_dor
836,Pluvault Eglise -,47.2128,5.25354,7128,0,,,21,21_cote_dor
850,Clomiers DIVIA,47.333594,5.016365,7193,0,,,21,21_cote_dor
890,Place de la résistance -,47.860393,4.573315,7200,0,,1,21,21_cote_dor
914,Fac des sciences,47.322349,5.069377,7201,0,,,21,21_cote_dor
915,Chèvre Morte,47.330935,5.013957,7202,0,,,21,21_cote_dor
934,Echangeur A38,47.25211,4.56705,7249,0,,,21,21_cote_dor
932,Pétasse -,47.023524,4.831851,7252,0,,,21,21_cote_dor
931,jardin des brunette-,47.063935,4.860473,7253,0,,,21,21_cote_dor
943,Place du 30 octobre - Bd Voltaire,47.321002,5.052113,7293,0,,,21,21_cote_dor
942,Place du 30 octobre - Bd Carnot,47.32126,5.051474,7294,0,,,21,21_cote_dor
3103937,Place du 30 octobre - Bd Carnot,47.32126,5.051474,7299,0,,,21,21_cote_dor
945,Place du 30 octobre - rue de Gray,47.322549,5.052453,7295,0,,,21,21_cote_dor
944,Place du 30 octobre - Porte Neuve,47.321627,5.053518,7296,0,,,21,21_cote_dor
3103942,Château,47.314698,5.1058697,7304,0,,,21,21_cote_dor
3103940,Base de loisirs,47.3486825,5.1677595,7302,0,,,21,21_cote_dor
3103943,Monument aux Morts,47.0732836,4.8781883,7305,0,,,21,21_cote_dor
100134,Nadam,47.325308,6.785694,12363,0,,,25,25_doubs
100106,VAL D'USIERS La Vrine,46.979729,6.337752,12335,0,,,25,25_doubs
100135,Bas,46.991978,6.460116,12364,0,,,25,25_doubs
100136,Acropole Quai 8,47.508561,6.801544,12365,0,,1,25,25_doubs
100137,COMBES Remonot Grotte,47.035187,6.514237,12366,0,,,25,25_doubs
100107,Rivotte,47.230661,6.036638,12336,0,,,25,25_doubs
100138,Restaur. Perce Neige,47.184686,6.727569,12367,0,,,25,25_doubs
3103946,Beauquier,47.252944,6.015084,12429,0,,,25,25_doubs
100139,PONT-DE-R. Ranceuse,47.393971,6.769977,12368,0,,,25,25_doubs
100168,L'Escale,47.209401,6.000442,12397,0,,,25,25_doubs
100140,RUSSEY Maison des Services,47.162405,6.728805,12369,0,,1,25,25_doubs
100141,GRAND'COMBE-C. Pont De La Roche,47.037866,6.576785,12370,0,,1,25,25_doubs
100142,CHENALOTTE Rd437/Rue Eglise,47.109838,6.684373,12371,0,,1,25,25_doubs
100108,PEM Gare,46.901177,6.352169,12337,0,,,25,25_doubs
100103,Centre St-Pierre,47.240296,6.028757,12332,0,,,25,25_doubs
100118,TARCENAY Abribus,47.157536,6.11421,12347,0,,,25,25_doubs
100119,Centre,47.082085,6.189011,12348,0,,,25,25_doubs
100145,BRESEUX Abribus Rn 437,47.27389,6.814765,12374,0,,,25,25_doubs
100109,Fromagerie,46.92585,6.342575,12338,0,,,25,25_doubs
100146,Abribus,46.947241,6.384498,12375,0,,,25,25_doubs
100120,Gaz Et Eau,47.045021,6.24186,12349,0,,,25,25_doubs
3103334,1ERS SAPINS Nods covoiturage,47.097579,6.34317,12425,0,,1,25,25_doubs
100147,Les Maisonnettes,47.124953,6.698699,12376,0,,,25,25_doubs
100148,Anc. Station,47.346851,6.761468,12377,0,,,25,25_doubs
100121,Hotel De France,47.043802,6.249761,12350,0,,,25,25_doubs
100149,Passage A Niveau,47.054038,6.600969,12378,0,,,25,25_doubs
100151,Mairie,46.927735,6.34916,12380,0,,,25,25_doubs
100152,Rue De La Gare,47.436806,6.781681,12381,0,,,25,25_doubs
100153,PONT-DE-R. Parking Cimetiere,47.38707,6.766625,12382,0,,,25,25_doubs
100124,La Main,47.017543,6.322175,12353,0,,,25,25_doubs
100125,Le CAL,47.107467,6.139188,12354,0,,,25,25_doubs
100126,Les Tilleuls,47.064695,6.216004,12355,0,,,25,25_doubs
100154,La Plaine,47.4308423,6.7835901,12383,0,,,25,25_doubs
100111,Longennes,46.9171,6.344171,12340,0,,,25,25_doubs
100105,Centre Commercial,47.327219,6.012789,12334,0,,,25,25_doubs
100128,Abribus,47.039417,6.277461,12357,0,,,25,25_doubs
100185,Temis,47.25365,5.996568,12414,0,,,25,25_doubs
100132,Micropolis,47.221751,5.978612,12361,0,,,25,25_doubs
100104,PEM Viotte,47.246647,6.022796,12333,0,,,25,25_doubs
100133,Eglise,47.272859,5.827781,12362,0,,,25,25_doubs
100157,SAINT-HIP. La Poste,47.319019,6.813105,12386,0,,,25,25_doubs
3103336,Chamars,47.23338,6.020065,12427,0,,,25,25_doubs
100159,Abribus Rd 437,47.102449,6.663255,12388,0,,,25,25_doubs
3103039,Gare,47.149545,6.342579,12424,0,,1,25,25_doubs
100160,poteau RD437,47.219696,6.767294,12389,0,,,25,25_doubs
3103032,Mairie,46.710211,6.192332,12417,0,,,25,25_doubs
100112,Saint Pierre,46.905006,6.351479,12341,0,,,25,25_doubs
100113,Zi,46.90747,6.343609,12342,0,,,25,25_doubs
100114,Paix,46.912267,6.347107,12343,0,,,25,25_doubs
100129,Rond Point De La Truite,47.10832,6.127067,12358,0,,,25,25_doubs
100172,Gde Rue (Place D'Armes),47.103057,5.883278,12401,0,,,25,25_doubs
100173,Mairie,47.106552,5.89309,12402,0,,,25,25_doubs
100175,Gare,47.18396,5.963343,12404,0,,,25,25_doubs
100176,Stade,47.2059157,5.9985248,12405,0,,,25,25_doubs
100115,Croix De Pierre,47.160984,6.255016,12344,0,,,25,25_doubs
100161,MAISONS-DBL Abribus De L Atelier,46.965306,6.421553,12390,0,,,25,25_doubs
100162,Gare Sncf,47.053972,6.604922,12391,0,,1,25,25_doubs
100163,Lycee Chaufferie,47.06054,6.607643,12392,0,,,25,25_doubs
100164,Rd437/Rd225,47.29428,6.815281,12393,0,,,25,25_doubs
100165,La Gare,47.328011,6.769717,12394,0,,,25,25_doubs
100166,Le Poset,47.339908,6.760951,12395,0,,,25,25_doubs
100167,Warembourg,47.414176,6.77673,12396,0,,1,25,25_doubs
100088,Place,47.290075,5.76955,12238,0,,1,25,25_doubs
100089,Lotissement,47.295625,5.764685,12239,0,,,25,25_doubs
100090,D 67,47.316246,5.741709,12240,0,,,25,25_doubs
100091,D 67,47.360331,5.674914,12241,0,,,25,25_doubs
100092,Restaurant,47.390766,5.652849,12242,0,,,25,25_doubs
100093,Zone Commerciale,47.440337,5.599992,12243,0,,1,25,25_doubs
100094,Gare Routiere,47.447958,5.596191,12244,0,,,25,25_doubs
100095,Tilleuls,47.441922,5.590797,12245,0,,1,25,25_doubs
100071,Pôle Multimodal,47.618084,6.15053,12246,0,,1,25,25_doubs
100074,Za Charrière,47.432344,6.06756,12247,0,,,25,25_doubs
100075,Collège,47.426373,6.069855,12248,0,,,25,25_doubs
100076,Centre,47.423156,6.070313,12249,0,,1,25,25_doubs
100099,BESANCON Gare TGV,47.307306,5.953325,12254,0,,1,25,25_doubs
100078,Poste,47.39535,6.075776,12277,0,,,25,25_doubs
100080,Fontaine,47.361847,6.076767,12279,0,,,25,25_doubs
100081,Fontaine,47.361312,6.0497157,12280,0,,,25,25_doubs
100082,Abribus,47.34871,6.030862,12281,0,,,25,25_doubs
100083,VORAY Mairie,47.339457,6.01846,12282,0,,,25,25_doubs
100084,VORAY Gymnase,47.346254,6.020187,12283,0,,,25,25_doubs
100085,Valentin,47.277536,5.99355,12284,0,,,25,25_doubs
100096,RUFFEY-LE-CH. Oratoire,47.28392,5.793511,12285,0,,,25,25_doubs
100097,Campus - Crous,47.248564,5.986144,12286,0,,,25,25_doubs
100098,Voirin,47.242273,6.013742,12287,0,,,25,25_doubs
100102,Rond-point,47.340387,5.701552,12331,0,,,25,25_doubs
100181,La Blanchotte,47.103231,5.87753,12410,0,,,25,25_doubs
100178,PONT-DE-R. Parvis,47.383449,6.769204,12407,0,,,25,25_doubs
100179,FINS Route de Maîche,47.083368,6.635796,12408,0,,1,25,25_doubs
100180,FONTENELLES Poteau Arrêt Bus,47.199934,6.744321,12409,0,,,25,25_doubs
100182,Aire de covoiturage,47.471916,6.097249,12411,0,,,25,25_doubs
100183,VILLE-DU-P. RD437,47.003001,6.477892,12412,0,,,25,25_doubs
100184,Cimetière,47.2488,6.791406,12413,0,,1,25,25_doubs
3103035,La Visitation,47.104401,6.155347,12420,0,,,25,25_doubs
3103036,La Plante,47.107167,6.147775,12421,0,,,25,25_doubs
3103033,Parking station,46.769075,6.356087,12418,0,,,25,25_doubs
3103034,Parking Source du Doubs,46.707807,6.209963,12419,0,,,25,25_doubs
3103037,PEM Gare,47.209086,6.101354,12422,0,,1,25,25_doubs
3103038,PONT-DE-R. Eglise,47.383531,6.769146,12423,0,,,25,25_doubs
3103433,Maison de Santé,47.101299,5.886106,12428,0,,,25,25_doubs
200523,Gare S.N.C.F,46.198805,5.215562,3387,0,,,39,39_jura
200580,Mairie,46.382607,5.345165,3444,0,,,39,39_jura
200589,Village,46.36723,5.994941,3453,0,,,39,39_jura
200524,Village,46.28948,5.295291,3388,0,,,39,39_jura
200526,CarfRD28/RD1083,46.329393,5.313326,3390,0,,,39,39_jura
200527,Ecole,46.345863,5.320709,3391,0,,,39,39_jura
200805,Abribus,46.852632,5.932593,3669,0,,,39,39_jura
200763,Rte Dole,46.913979,5.757661,3627,0,,,39,39_jura
200764,La Foule,46.904577,5.772046,3628,0,,,39,39_jura
200856,ASNANS Chemin de la Croze,46.946658,5.414164,3720,0,,,39,39_jura
200528,RD1083,46.555392,5.406375,3392,0,,,39,39_jura
200569,RD1083 ,46.555396,5.406936,3433,0,,,39,39_jura
200765,Place,47.017236,5.582976,3629,0,,,39,39_jura
200951,RD905,46.910641,5.632228,3815,0,,,39,39_jura
200529,RD1083,46.458444,5.354528,3393,0,,,39,39_jura
200574,RD1083,46.458223,5.354624,3438,0,,,39,39_jura
200766,Rue des Tilleuls,46.984533,5.584609,3630,0,,,39,39_jura
200767,Mairie,46.981123,5.58083,3631,0,,,39,39_jura
200530,BEAUFORT Place du Souvenir,46.574848,5.436217,3394,0,,,39,39_jura
200567,BEAUFORT Place du Souvenir,46.574649,5.436218,3431,0,,,39,39_jura
3104190,Ecole,47.015646,5.595491,3853,0,,,39,39_jura
200857,Champ de Foire,46.746128,5.456859,3721,0,,1,39,39_jura
200858,Collège,46.743599,5.457362,3722,0,,,39,39_jura
200609,Frontière,46.545956,6.155463,3473,0,,,39,39_jura
200610,L'Auvergne,46.522364,6.124892,3474,0,,,39,39_jura
200613,Meuniers,46.52917,6.13329,3477,0,,,39,39_jura
200614,Salle Polyvalente,46.5376,6.137248,3478,0,,,39,39_jura
200615,Ski Vandel,46.538881,6.145832,3479,0,,,39,39_jura
200616,1132 Rue Franche-Com,46.525641,6.128807,3480,0,,,39,39_jura
200617,3593 Rue Franche-Com,46.542721,6.151112,3481,0,,,39,39_jura
200692,Carrefour RD678,46.589152,5.730162,3556,0,,,39,39_jura
200693,Village,46.600483,5.854081,3557,0,,,39,39_jura
200806,Cote Belettes,46.9164952,5.88683,3670,0,,,39,39_jura
200531,RD1083,46.625439,5.488028,3395,0,,,39,39_jura
200561,RD1083,46.626022,5.488882,3425,0,,,39,39_jura
200859,(LA) Grande Ru,46.926102,5.442497,3723,0,,,39,39_jura
200807,Collège Louataux,46.732959,5.926755,3671,0,,1,39,39_jura
200834,Gare,46.7490887,5.910165,3698,0,,1,39,39_jura
200808,Lycée P. E. Victor,46.743562,5.922821,3672,0,,1,39,39_jura
200809,Place Prost Chalet,46.746957,5.909139,3673,0,,1,39,39_jura
200810,Oppidum,46.747091,5.910576,3674,0,,1,39,39_jura
200860,Ecole,46.802425,5.377551,3724,0,,,39,39_jura
200630,Mairie,46.465835,5.713395,3494,0,,,39,39_jura
200861,CHASSAGNE (LA) RD468,46.863561,5.450189,3725,0,,,39,39_jura
200862,Ecole,46.846531,5.477889,3726,0,,,39,39_jura
200863,Pompiers,46.84694,5.478144,3727,0,,,39,39_jura
200864,Place Gare,46.966804,5.415037,3728,0,,,39,39_jura
200865,Gendarmerie,46.968457,5.40784,3729,0,,1,39,39_jura
200866,Framboisy,46.958873,5.406316,3730,0,,,39,39_jura
200897,La Villeneuve,46.970414,5.400219,3761,0,,,39,39_jura
200694,CHAUX DU DOMBIEF (LA) RD678,46.6049165,5.9033678,3558,0,,,39,39_jura
200811,Val D'Héry,46.901413,5.890339,3675,0,,,39,39_jura
200695,CLAIRVAUX Gendarmerie,46.581052,5.747232,3559,0,,,39,39_jura
200696,CLAIRVAUX Mairie,46.5761631,5.7511176,3560,0,,,39,39_jura
200697,Place,46.581103,5.758332,3561,0,,,39,39_jura
200867,Car. De la Potière,46.818533,5.453578,3731,0,,,39,39_jura
200868,Rue des Combes,46.802333,5.451586,3732,0,,,39,39_jura
200889,Boulangerie,46.80291,5.451666,3753,0,,,39,39_jura
200869,Le Villarnier,46.787391,5.446973,3733,0,,,39,39_jura
200698,Village,46.654591,5.59837,3562,0,,,39,39_jura
200533,La Grenette,46.5329409,5.3919277,3397,0,,1,39,39_jura
200570,La Grenette,46.5329216,5.3920161,3434,0,,1,39,39_jura
200631,Abribus,46.510282,5.704581,3495,0,,,39,39_jura
200835,CRANCOT Village,46.68777,5.660274,3699,0,,1,39,39_jura
200837,Mairie,46.75112,5.813831,3701,0,,,39,39_jura
200489,DESCHAUX (LE) Salle des Fêtes,46.950115,5.502164,3353,0,,,39,39_jura
3103957,Av. de Lahr,47.090475,5.496935,3843,0,,,39,39_jura
3103958,Av. de Lahr,47.090631,5.497001,3844,0,,,39,39_jura
200961,CES Bastié,47.083623,5.470769,3825,0,,,39,39_jura
200490,Gare Routière,47.096476,5.490328,3354,0,,,39,39_jura
200500,Duhamel,47.081821,5.473115,3364,0,,,39,39_jura
200501,Théatre,47.091336,5.488186,3365,0,,,39,39_jura
200632,DOMPIERRE/MONT Place Eglise,46.559761,5.610466,3496,0,,,39,39_jura
200872,ESSARDS TAIGNEVAUX (LES) Mairie,46.911052,5.418761,3736,0,,,39,39_jura
200779,FERTE (LA) Chalet,46.943326,5.65733,3643,0,,,39,39_jura
200535,CFA,46.642528,5.502185,3399,0,,,39,39_jura
200560,CFA,46.641803,5.501611,3424,0,,,39,39_jura
200590,Ecole,46.374879,5.972402,3454,0,,,39,39_jura
3104189,Les Adrets,46.40123,5.98604,3852,0,,,39,39_jura
200592,Village,46.394437,5.967777,3456,0,,,39,39_jura
200874,Rue de la Gare,46.716969,5.473442,3738,0,,,39,39_jura
200875,Village,46.710084,5.467694,3739,0,,,39,39_jura
200633,LAVANS-ST-CLAUDE Bourg Dessus,46.385446,5.779921,3497,0,,,39,39_jura
200634,LAVANS-ST-CLAUDE Eglise,46.384085,5.781859,3498,0,,1,39,39_jura
200908,LONGWY Eglise,46.957621,5.372115,3772,0,,,39,39_jura
200635,LONS Avenue Jean Moulin,46.673124,5.558232,3499,0,,,39,39_jura
200838,LONS Avenue de la Marseillaise,46.672501,5.555493,3702,0,,,39,39_jura
200536,LONS Avenue Thurel,46.672774,5.553163,3400,0,,,39,39_jura
200938,LONS Collège Briand,46.669924,5.551513,3802,0,,,39,39_jura
200491,LONS Gare,46.66883,5.552423,3355,0,,1,39,39_jura
200537,LONS Lycée Montciel,46.672801,5.541643,3401,0,,,39,39_jura
200876,LONS Piscine,46.684601,5.566479,3740,0,,,39,39_jura
200783,LOYE (LA) Place,47.026373,5.558037,3647,0,,,39,39_jura
200784,Molamboz,46.931663,5.677891,3648,0,,,39,39_jura
200538,RD1083,46.566135,5.416773,3402,0,,,39,39_jura
200568,RD1083,46.565952,5.416746,3432,0,,,39,39_jura
200699,Thuron,46.591762,5.679614,3563,0,,,39,39_jura
200539,MESSIA/SORNE Salle des Fêtes,46.66316,5.522151,3403,0,,,39,39_jura
200558,MESSIA/SORNE Salle des Fêtes,46.6629172,5.5217892,3422,0,,,39,39_jura
200540,MESSIA/SORNE Z.I.,46.663235,5.522211,3404,0,,,39,39_jura
200559,MESSIA/SORNE Z.I.,46.662908,5.521788,3423,0,,,39,39_jura
200638,Mairie Ecole,46.498832,5.726618,3502,0,,,39,39_jura
200839,Village,46.696381,5.726663,3703,0,,1,39,39_jura
3103044,Cité Scolaire,46.436252,5.722635,3831,0,,,39,39_jura
200641,Gendarmerie,46.434605,5.725375,3505,0,,,39,39_jura
200661,MOIRANS EN MTGNE Voltaire,46.433612,5.724916,3525,0,,,39,39_jura
3103955,Poste,46.4288996,5.7260771,3841,0,,1,39,39_jura
3103956,Poste,46.4287958,5.7252051,3842,0,,1,39,39_jura
200643,Rte Crenans,46.4385324,5.722323,3507,0,,,39,39_jura
200660,Franche Comté,46.4381873,5.7227497,3524,0,,,39,39_jura
200952,RD905,46.896639,5.645812,3816,0,,,39,39_jura
200877,Pré de la Tour,46.67667,5.522836,3741,0,,,39,39_jura
200891,Avenue Maillot,46.675602,5.529921,3755,0,,,39,39_jura
200879,Grand Sugny,46.686361,5.506111,3743,0,,,39,39_jura
200541,Pont,46.672969,5.529163,3405,0,,,39,39_jura
200557,Rivoire,46.673583,5.532811,3421,0,,,39,39_jura
200786,MONT S/S VAUDREY Car. Gare,46.982521,5.597874,3650,0,,,39,39_jura
200788,MONT S/S VAUDREY Eglise,46.9790676,5.6024653,3652,0,,,39,39_jura
3103959,MONT S/S VAUDREY Ecole,46.980449,5.60269,3845,0,,,39,39_jura
200700,Mairie-Eglise,46.5363,6.015862,3564,0,,,39,39_jura
3103045,Pont Godard,46.541581,6.017085,3832,0,,,39,39_jura
200618,MOREZ Gare,46.526483,6.023743,3482,0,,1,39,39_jura
3103954,MOREZ Place Eglise,46.5199686,6.0236279,3840,0,,,39,39_jura
200619,MOREZ Place LISSAC,46.518039,6.024071,3483,0,,,39,39_jura
200825,Bel Air,46.977934,5.806542,3689,0,,,39,39_jura
200826,Gare,46.976229,5.801104,3690,0,,,39,39_jura
200827,Gymnase Lycée Bois,46.96959,5.795352,3691,0,,,39,39_jura
200542,NANC-ST-AMOUR RD3,46.423456,5.349473,3406,0,,,39,39_jura
200578,NANC-ST-AMOUR RD3,46.423317,5.34921,3442,0,,,39,39_jura
200913,NEUBLANS Bas,46.91462,5.328676,3777,0,,,39,39_jura
200914,NEUBLANS Haut,46.907536,5.330646,3778,0,,,39,39_jura
3103963,Place Bascule,47.0023488,5.519584,3849,0,,,39,39_jura
3103964,Place Bascule,47.0019763,5.5201898,3850,0,,,39,39_jura
200715,Salle des Fêtes,46.598292,5.643512,3579,0,,,39,39_jura
200543,RD1083,46.581887,5.442675,3407,0,,,39,39_jura
200566,RD1083,46.582232,5.443113,3430,0,,,39,39_jura
200644,Salle Polyvalente,46.519668,5.610109,3508,0,,,39,39_jura
200791,Eglise,46.994709,5.666316,3655,0,,,39,39_jura
200828,Village,46.970583,5.817632,3692,0,,,39,39_jura
3103961,RD471,46.6928418,5.5962999,3847,0,,,39,39_jura
3103962,RD471,46.6931176,5.5966773,3848,0,,,39,39_jura
200957,PASQUIER (LE) Abribus,46.7938951,5.9019978,3821,0,,,39,39_jura
200812,PASQUIER (LE) Mairie,46.800447,5.904871,3676,0,,,39,39_jura
200704,RD678,46.586659,5.704442,3568,0,,,39,39_jura
200645,Condamine,46.669217,5.574303,3509,0,,,39,39_jura
200841,Centre Commercial,46.670157,5.575827,3705,0,,,39,39_jura
200646,Scierie,46.665836,5.581287,3510,0,,,39,39_jura
200647,Vatagna (Orlong),46.659984,5.590183,3511,0,,,39,39_jura
200918,Eglise,46.935884,5.343148,3782,0,,,39,39_jura
200919,Lavigne,46.939747,5.328865,3783,0,,,39,39_jura
200881,Calvaire,46.918336,5.452173,3745,0,,,39,39_jura
200649,Village,46.595694,5.629531,3513,0,,,39,39_jura
200850,Champ de Foire,46.834428,5.704053,3714,0,,,39,39_jura
200851,Charmilles,46.848048,5.697858,3715,0,,1,39,39_jura
3103965,Gare,46.8441176,5.7003159,3851,0,,1,39,39_jura
200705,Place,46.585419,5.698253,3569,0,,,39,39_jura
200814,Moutaine,46.89834,5.892693,3678,0,,,39,39_jura
200842,Mairie,46.725167,5.778334,3706,0,,,39,39_jura
200844,Mairie,46.7246886,5.7780428,3708,0,,,39,39_jura
200650,Abribus,46.376388,5.76092,3514,0,,,39,39_jura
200882,Salle des Fêtes,46.762181,5.447893,3746,0,,,39,39_jura
200883,Grande Rue,46.761903,5.447832,3747,0,,,39,39_jura
200706,Village,46.635209,5.605158,3570,0,,,39,39_jura
200621,ROUSSES (LES) Collège,46.489488,6.069668,3485,0,,,39,39_jura
200622,ROUSSES (LES) Gouland,46.494461,6.035734,3486,0,,,39,39_jura
200623,ROUSSES (LES) La Cure,46.463539,6.072652,3487,0,,,39,39_jura
3103042,ROUSSES (LES) La Cure Douane,46.463565,6.062599,3829,0,,,39,39_jura
200625,ROUSSES (LES) Le Gravier Vandelle,46.50471,6.104029,3489,0,,,39,39_jura
200626,ROUSSES (LES) Le Gravier Lacroix,46.49972,6.099648,3490,0,,,39,39_jura
200627,ROUSSES (LES) Le Noirmont,46.492198,6.092991,3491,0,,,39,39_jura
200628,ROUSSES (LES) Syndic d'Initiative,46.482965,6.061034,3492,0,,,39,39_jura
200885,Place de la Mairie,46.871218,5.429919,3749,0,,,39,39_jura
200544,RD1083,46.610028,5.47333,3408,0,,,39,39_jura
200562,RD1083,46.609864,5.473626,3426,0,,,39,39_jura
200547,ST AMOUR Av.Gare ,46.434705,5.335105,3411,0,,,39,39_jura
200575,ST AMOUR Av.Gare,46.434769,5.335377,3439,0,,,39,39_jura
3103950,Cathédrale,46.386812,5.866371,3836,0,,,39,39_jura
3103951,Cathédrale,46.386973,5.865369,3837,0,,,39,39_jura
200651,Aiglon,46.380338,5.823611,3515,0,,,39,39_jura
200595,Faubourg école,46.385631,5.86235,3459,0,,,39,39_jura
200596,Cité scolaire Pré St Sauveur,46.380721,5.869272,3460,0,,,39,39_jura
200652,Pont Cimetière,46.384638,5.863706,3516,0,,,39,39_jura
200598,Rochefort,46.377202,5.872823,3462,0,,,39,39_jura
200653,Rue Carnot,46.380932,5.857228,3517,0,,,39,39_jura
200599,Saint Hubert,46.383785,5.87031,3463,0,,,39,39_jura
200600,Gare,46.389862,5.860909,3464,0,,,39,39_jura
200601,Place du 9 avril,46.391358,5.864299,3465,0,,,39,39_jura
200707,SAINT-LAURENT-EN-GDX Gare,46.574907,5.951636,3571,0,,,39,39_jura
200708,SAINT LAURENT EN GDX Ville,46.576131,5.955703,3572,0,,,39,39_jura
200654,SAINT LUPICIN Gertem,46.394728,5.79459,3518,0,,,39,39_jura
200655,SAINT LUPICIN Place Mairie,46.397836,5.793338,3519,0,,,39,39_jura
200712,RD678,46.580156,5.929144,3576,0,,,39,39_jura
200816,Casino,46.9386269,5.8774802,3680,0,,,39,39_jura
200818,SALINS Lycée,46.94908,5.882901,3682,0,,,39,39_jura
200819,SALINS Olivet,46.947285,5.877407,3683,0,,,39,39_jura
200820,SALINS Pl. Aubarède,46.932928,5.878559,3684,0,,,39,39_jura
200821,SALINS Pl. Ste Marie,46.929098,5.886987,3685,0,,,39,39_jura
200822,SALINS Ancienne Gare,46.9471229,5.8780553,3686,0,,,39,39_jura
200492,Poste,46.827465,5.565303,3356,0,,1,39,39_jura
200603,SEPTMONCEL Clavières,46.386854,5.939574,3467,0,,,39,39_jura
200605,SEPTMONCEL Montépile,46.3628644,5.9083046,3469,0,,,39,39_jura
200606,SEPTMONCEL Place,46.371247,5.914351,3470,0,,,39,39_jura
200794,RN 63,46.991434,5.558586,3658,0,,,39,39_jura
200795,Poste,46.99435,5.550748,3659,0,,,39,39_jura
200656,TOUR DU MEIX (LA) Ecole-Mairie,46.526667,5.661147,3520,0,,,39,39_jura
200657,TOUR DU MEIX (LA) RD470,46.5249475,5.6595853,3521,0,,,39,39_jura
200953,Village Parking,46.859955,5.683942,3817,0,,,39,39_jura
3103960,Carf. RD469,46.9226768,5.7011814,3846,0,,,39,39_jura
200797,Eglise,46.980287,5.621882,3661,0,,,39,39_jura
200798,Pont,46.976939,5.619611,3662,0,,,39,39_jura
200549,Paisia,46.598403,5.459141,3413,0,,,39,39_jura
200564,Paisia,46.598754,5.459808,3428,0,,,39,39_jura
200550,RD1083,46.59388,5.454064,3414,0,,,39,39_jura
200565,RD 1083,46.594278,5.454719,3429,0,,,39,39_jura
200823,Mairie,46.815342,5.915917,3687,0,,,39,39_jura
200799,VIEILLE LOYE (LA) Mairie,47.041629,5.632191,3663,0,,,39,39_jura
3103952,VILLARD ST SAUVEUR L'Essard,46.370764,5.8752,3838,0,,,39,39_jura
200608,VILLARD ST SAUVEUR Montbrillant Bas,46.3689462,5.8781996,3472,0,,,39,39_jura
200658,Mairie,46.415445,5.730666,3522,0,,,39,39_jura
200659,Ecole,46.415254,5.734903,3523,0,,,39,39_jura
3104191,Pl. Résistance,46.736846,5.464433,3854,0,,,39,39_jura
3104192,Pl. Résistance,46.736978,5.464287,3855,0,,,39,39_jura
200551,VINCELLES RD1083,46.604567,5.4667,3415,0,,,39,39_jura
200563,VINCELLES  RD1083,46.604552,5.467002,3427,0,,,39,39_jura
200931,Village,46.890952,5.302698,3795,0,,,39,39_jura
200552,Brouchy,46.481994,5.365659,3416,0,,,39,39_jura
200572,Goz,46.48121,5.367117,3436,0,,,39,39_jura
200553,Collège,46.498825,5.389443,3417,0,,,39,39_jura
200554,RD1083,46.46944,5.359392,3418,0,,,39,39_jura
200573,RD1083,46.468393,5.359363,3437,0,,,39,39_jura
200933,Château d'Eau,46.88367,5.267268,3797,0,,,39,39_jura
200555,Bretelle RD1083,46.516624,5.388059,3419,0,,,39,39_jura
200571,Carr. RD178,46.517139,5.389505,3435,0,,,39,39_jura
200831,Salines,46.9369854,5.8761853,3695,0,,,39,39_jura
200493,RD 475,46.922379,5.515668,3357,0,,,39,39_jura
200888,Atelier Communal,46.846525,5.479005,3752,0,,,39,39_jura
200556,Av Bad Kreuznach,46.21463,5.242949,3420,0,,,39,39_jura
200518,RD 905,47.023457,5.494643,3382,0,,,39,39_jura
200577,Gendarmerie,46.437472,5.343398,3441,0,,1,39,39_jura
200582,Eglise,46.345837,5.320695,3446,0,,,39,39_jura
200583,Moulin des Ponts,46.332199,5.314566,3447,0,,,39,39_jura
200584,Alimentec TUB,46.215307,5.243946,3448,0,,,39,39_jura
3103948,Bretelle RD1083,46.539667,5.398222,3834,0,,,39,39_jura
3103949,Bretelle RD1083,46.53978,5.396256,3835,0,,,39,39_jura
200714,Place de Verdun,46.673881,5.559442,3578,0,,,39,39_jura
200824,Mairie,46.8711247,5.9000076,3688,0,,,39,39_jura
200586,Champ de Foire,46.494277,5.386807,3450,0,,,39,39_jura
200587,Chemin de Ronde,46.493889,5.386389,3451,0,,,39,39_jura
200894,RD33/D1,46.827611,5.461248,3758,0,,,39,39_jura
200662,Cité Chabod,46.381043,5.856561,3526,0,,,39,39_jura
200954,MT/VAUDREY Rte Poligny,46.972222,5.604444,3818,0,,,39,39_jura
200588,Carré Amiot,46.207544,5.22793,3452,0,,,39,39_jura
200832,Barges,46.9597703,5.8360082,3696,0,,,39,39_jura
200663,TOUR-DU-MEIX (LA) Lac de Vouglans,46.519698,5.671231,3527,0,,,39,39_jura
200629,2982 Rue du Vivier,46.519303,6.105909,3493,0,,,39,39_jura
200664,Route de Lyon,46.381028,5.830026,3528,0,,,39,39_jura
200956,Labalme,46.199799,5.225994,3820,0,,,39,39_jura
200959,République,47.326793,5.044192,3823,0,,,39,39_jura
200962,MIGAILLE,46.992146,5.557543,3826,0,,,39,39_jura
3103040,Fac des Sciences,47.315728,5.064753,3827,0,,,39,39_jura
3103041,Fac des Sciences,47.3149396,5.0640147,3828,0,,,39,39_jura
3103953,VILLARD ST SAUVEUR Montbrillant Haut,46.367907,5.88163,3839,0,,,39,39_jura
3103947,Gare de Dijon-Ville (Tram),47.3237009,5.0277208,3833,0,,1,39,39_jura
3104193,Lième,46.680733,5.5832728,3856,0,,,39,39_jura
3104194,Lième,46.6798793,5.5830824,3857,0,,,39,39_jura
3104195,JuraSplash,46.761141,5.482837,3858,0,,,39,39_jura
300714,L'Huy Moreau,47.041953,3.596607,12183,0,,,58,58_nievre
300633,La Chapelle,47.536607,3.034646,12102,0,,,58,58_nievre
300686,Petit Lugues,46.954152,3.406167,12155,0,,,58,58_nievre
300654,Agland RD,47.06485,3.4344,12123,0,,,58,58_nievre
300634,Forges,47.482696,3.202235,12103,0,,,58,58_nievre
300636,LA CELLE S/LOIRE Le Carroué,47.488941,2.930387,12105,0,,,58,58_nievre
300637,LA CELLE S/LOIRE La Girafe,47.487096,2.922487,12106,0,,,58,58_nievre
300697,Mairie,46.840966,3.510875,12166,0,,1,58,58_nievre
300698,La Copine,46.841013,3.487301,12167,0,,,58,58_nievre
300675,Le Grand Soury,47.1550212,3.0866809,12144,0,,,58,58_nievre
300715,Frasnay,47.057848,3.677959,12184,0,,,58,58_nievre
300676,Le Chazeau,47.112528,3.099544,12145,0,,,58,58_nievre
300738,Moulot,47.453567,3.470729,12207,0,,,58,58_nievre
300739,Pressures,47.448164,3.491466,12208,0,,,58,58_nievre
300681,COSNE/LOIRE Les Sajots,47.358382,2.907316,12150,0,,,58,58_nievre
300682,COSNE/LOIRE Villefroide,47.350153,2.893121,12151,0,,,58,58_nievre
300683,COSNE/LOIRE Le Chat,47.372416,2.901949,12152,0,,,58,58_nievre
300740,COULANGES LES N. Chaume Cul Rond,47.015825,3.205906,12209,0,,,58,58_nievre
300741,COULANGES LES N. Pont St Ours,47.019545,3.209274,12210,0,,,58,58_nievre
300706,Rte de Dardault,46.8562092,3.3659487,12175,0,,,58,58_nievre
3103969,ENTRAINS S/NOHAIN place St Cyr,47.463912,3.258296,12338,0,,,58,58_nievre
300687,Prye,46.947866,3.310618,12156,0,,,58,58_nievre
300688,Thiernay,46.956803,3.342873,12157,0,,,58,58_nievre
300689,Le Champ Billard,46.961473,3.327547,12158,0,,,58,58_nievre
300843,Mairie,47.2633,3.07028,12312,0,,,58,58_nievre
300844,Maizières,47.294713,3.036174,12313,0,,,58,58_nievre
300845,Vesvres,47.269657,3.059691,12314,0,,,58,58_nievre
300742,Gipy,47.203138,3.358266,12211,0,,,58,58_nievre
300743,Montigny,47.229292,3.36232,12212,0,,,58,58_nievre
300744,Gare,47.091765,3.195483,12213,0,,,58,58_nievre
300774,Pannecot,46.9561214,3.7481058,12243,0,,,58,58_nievre
300781,Bailly,47.29501,3.739494,12250,0,,,58,58_nievre
3104060,Sauvigny,47.291816,3.647972,12429,0,,,58,58_nievre
300716,le Grand Massé,47.061618,3.756875,12185,0,,,58,58_nievre
300775,Pouligny,46.893473,3.720412,12244,0,,,58,58_nievre
300656,MONTIGNY/AMOGNES Meulot,47.028058,3.271591,12125,0,,,58,58_nievre
300657,MONTIGNY/AMOGNES Petit Noilles,47.019967,3.306818,12126,0,,,58,58_nievre
3103970,Bourg,47.361182,3.747381,12339,0,,,58,58_nievre
300639,NEUVY/LOIRE Les Pelus,47.51177,2.893605,12108,0,,,58,58_nievre
300717,Banlay,47.003555,3.159226,12186,0,,1,58,58_nievre
300658,Gares,46.9886351,3.1504899,12127,0,,1,58,58_nievre
300765,Blaise Pascal,46.998995,3.159756,12234,0,,,58,58_nievre
300718,Saint Fiacre,46.985923,3.199311,12187,0,,,58,58_nievre
3103971,Bourg,47.383276,3.69227,12340,0,,,58,58_nievre
300745,Les Champs Martins,47.103638,3.205705,12214,0,,,58,58_nievre
300746,Thou,47.125989,3.239796,12215,0,,,58,58_nievre
300747,Le Chaillou,47.158843,3.299857,12216,0,,,58,58_nievre
300748,Doudoye,47.185862,3.353712,12217,0,,,58,58_nievre
300677,Pète-loup,47.1708677,3.0947334,12146,0,,,58,58_nievre
300846,ST ANDELAIN  Mairie,47.307472,2.960703,12315,0,,,58,58_nievre
300847,ST ANDELAIN Les Berthiers,47.307492,2.948706,12316,0,,,58,58_nievre
300848,ST ANDELAIN Bouchot,47.289838,2.972303,12317,0,,,58,58_nievre
300849,ST ANDELAIN Chambeau,47.311947,2.99832,12318,0,,,58,58_nievre
300720,ST BENIN D'AZY Gendarmerie,47.000023,3.39439,12189,0,,1,58,58_nievre
300721,ST HILAIRE/MORVAN Croix Chaligny,47.064137,3.887953,12190,0,,,58,58_nievre
300722,ST HILAIRE EN MORVAN La Détorbe,47.068456,3.901909,12191,0,,,58,58_nievre
300723,ST JEAN/AMOGNES Cougny,47.003381,3.35356,12192,0,,,58,58_nievre
300724,ST JEAN/AMOGNES St Péraville,47.0023657,3.3292353,12193,0,,,58,58_nievre
300850,ST LAURENT L'ABBAYE Mairie,47.343097,2.990019,12319,0,,,58,58_nievre
300750,ST MARTIN D'HEUILLE Gué dHeuillon,47.044787,3.213823,12219,0,,,58,58_nievre
300851,ST MARTIN/NOHAIN Breuillard,47.354114,2.964942,12320,0,,,58,58_nievre
300852,ST MARTIN/NOHAIN Moussard,47.34557,2.964407,12321,0,,,58,58_nievre
300832,ST PERE Moulin L'Eveque,47.399671,2.954156,12301,0,,,58,58_nievre
300725,ST PEREUSE Bucherolles,47.060221,3.788115,12194,0,,,58,58_nievre
300726,ST PEREUSE Le Chemin,47.055351,3.816013,12195,0,,,58,58_nievre
300727,ST PEREUSE Coeurty,47.059717,3.804267,12196,0,,,58,58_nievre
300853,ST QUENTIN SUR NOHAIN Chaume,47.31348,3.027492,12322,0,,,58,58_nievre
300835,ST SULPICE Mantelet,47.0454,3.365549,12304,0,,,58,58_nievre
300691,Forges,46.983678,3.238024,12160,0,,,58,58_nievre
300751,Le Petit Sichamps,47.158141,3.289658,12220,0,,,58,58_nievre
300707,SOUGY/LOIRE La Mouillé,46.847502,3.403937,12176,0,,,58,58_nievre
300708,SOUGY/LOIRE L'Usage,46.85318,3.397738,12177,0,,,58,58_nievre
300728,Bourg,47.054977,3.720391,12197,0,,,58,58_nievre
300854,Boisfleury,47.333764,2.952521,12323,0,,,58,58_nievre
300855,Fontenille,47.344287,2.937558,12324,0,,,58,58_nievre
300856,Maltaverne,47.334602,2.925474,12325,0,,,58,58_nievre
300685,La Roche,47.340573,2.884421,12154,0,,,58,58_nievre
300752,Le Champaul,47.077746,3.195455,12221,0,,,58,58_nievre
300753,Demeurs,47.072908,3.196978,12222,0,,,58,58_nievre
300755,Le Greux,47.061085,3.204594,12224,0,,,58,58_nievre
300777,La Gare,46.905222,3.735192,12246,0,,,58,58_nievre
300699,Les Barbiers,46.873332,3.584935,12168,0,,,58,58_nievre
3104004,VILLAPOURCON L'Haut de l'Arche,46.913982,3.978703,12373,0,,,58,58_nievre
300729,Mairie,47.052187,3.655605,12198,0,,,58,58_nievre
300661,COULANGES LES N. Jean Macé,47.004109,3.185823,12130,0,,1,58,58_nievre
300768,ST ELOI Place de l'Eglise,46.973649,3.221449,12237,0,,,58,58_nievre
3103046,Petits Champs,46.922581,3.26882,12334,0,,,58,58_nievre
300730,CHATEAU CH VILLE Collège,47.057585,3.931683,12199,0,,,58,58_nievre
300731,Criens RD 978,47.009679,3.481577,12200,0,,,58,58_nievre
300700,Eglise,46.861053,3.557606,12169,0,,,58,58_nievre
300757,Gare,47.433839,3.413778,12226,0,,,58,58_nievre
300648,Gare SNCF,47.466703,3.521017,12117,0,,1,58,58_nievre
300701,Champ de Foire,46.8302679,3.461939,12170,0,,,58,58_nievre
300778,Cité Scolaire,46.828497,3.447194,12247,0,,,58,58_nievre
300709,Hôpital,46.822943,3.452244,12178,0,,,58,58_nievre
300732,CHATEAU CH VILLE Place Notre Dame,47.0630904,3.9338634,12201,0,,,58,58_nievre
300733,Grand Champ,47.04168,3.571003,12202,0,,,58,58_nievre
300662,Résistance,46.992523,3.160004,12131,0,,,58,58_nievre
300663,Place de Verdun,46.991479,3.156544,12132,0,,1,58,58_nievre
3104061,Champ de Foire,47.254469,3.6825,12430,0,,,58,58_nievre
300735,Conseuille,47.016118,3.508607,12204,0,,,58,58_nievre
300693,Petit Canal,46.989342,3.187021,12162,0,,1,58,58_nievre
300779,Gare SNCF,46.858777,3.648109,12248,0,,,58,58_nievre
300780,Place Vallendar,46.869724,3.642804,12249,0,,,58,58_nievre
300839,L'Usage,46.866544,3.569861,12308,0,,,58,58_nievre
300702,Centre commercial,46.835606,3.47073,12171,0,,,58,58_nievre
300666,COULANGES LES N. Grands Prés,47.000802,3.177459,12135,0,,1,58,58_nievre
3103972,Bourg,47.362329,3.67274,12341,0,,,58,58_nievre
3103973,Bourg,47.382752,3.669211,12342,0,,,58,58_nievre
300649,Collège,47.455962,3.529333,12118,0,,,58,58_nievre
300785,Boule Blanche,46.886869,3.463979,12254,0,,,58,58_nievre
300787,ST LEGER DES VIGNES Château,46.8417175,3.4546178,12256,0,,,58,58_nievre
300710,ST LEGER DES VIGNES Mairie,46.8385408,3.4510908,12179,0,,,58,58_nievre
300770,Square Lamartine,46.926009,3.264426,12239,0,,,58,58_nievre
300758,Gare,47.354636,3.384753,12227,0,,,58,58_nievre
300736,College Victor Hugo,46.994393,3.153522,12205,0,,1,58,58_nievre
300759,Cimetière,47.179605,3.337044,12228,0,,,58,58_nievre
300760,Le Royal,47.172862,3.328121,12229,0,,,58,58_nievre
300761,Eglise,47.17672,3.330997,12230,0,,,58,58_nievre
300762,Les Boirats,47.096118,3.199018,12231,0,,,58,58_nievre
300667,Place des Charmilles,46.996932,3.164073,12136,0,,,58,58_nievre
300737,Place du Mouesse,46.988901,3.175124,12206,0,,1,58,58_nievre
300678,CHARITE S/LOIRE Gare SNCF,47.17961,3.023317,12147,0,,,58,58_nievre
300773,Gare SNCF,46.933386,3.260017,12242,0,,1,58,58_nievre
300668,ST SAULGE LP Coeur de Nièvre,47.104798,3.514343,12137,0,,,58,58_nievre
300650,Pl. des Jeux,47.459565,3.52083,12119,0,,,58,58_nievre
300763,Hôpital,47.452743,3.509792,12232,0,,,58,58_nievre
300247,ST BENIN D'AZY Maison de retraite,47.001907,3.396961,10164,0,,,58,58_nievre
300248,ST BENIN D'AZY Gambetta,47.003395,3.391311,10346,0,,,58,58_nievre
300249,CHATEAU CH VILLE Lycées,47.059603,3.937718,10382,0,,,58,58_nievre
300171,Place Gambetta,47.371121,3.128483,10389,0,,,58,58_nievre
300172,Supermarché,47.370103,3.115324,10390,0,,,58,58_nievre
300587,Pourcelanges,47.163281,3.307547,10568,0,,,58,58_nievre
300318,Edouard Vaillant,46.937565,3.257864,10610,0,,,58,58_nievre
300834,College,46.98652,3.806605,12303,0,,,58,58_nievre
300056,ST SAULGE Pl. de l'Hotel de Ville,47.103338,3.512164,10710,0,,,58,58_nievre
300364,Foyers des Marizys,46.892149,3.473574,10719,0,,,58,58_nievre
300147,Les Baraques,46.894296,3.461018,10720,0,,,58,58_nievre
300301,Misset,47.457199,3.516178,10728,0,,,58,58_nievre
300302,Route de Vilaine,47.365664,3.384978,10729,0,,,58,58_nievre
300148,Carrefour du Mouësse,46.989739,3.168845,10732,0,,1,58,58_nievre
300250,Eperon,46.989508,3.178494,10733,0,,1,58,58_nievre
300251,Chapelle,46.989922,3.183739,10734,0,,1,58,58_nievre
300252,La Baratte,46.98817,3.191195,10735,0,,,58,58_nievre
300253,Les Sablons,46.986962,3.19561,10736,0,,,58,58_nievre
300319,Centre de vie,46.918689,3.275689,10737,0,,,58,58_nievre
300321,Grands Champs,46.924596,3.273729,10739,0,,,58,58_nievre
300322,Résidence Bérégovoy,46.926102,3.27213,10740,0,,,58,58_nievre
300323,Collège Louis Aragon,46.9302518,3.2669503,10741,0,,,58,58_nievre
300151,Square PV Couturier,46.891194,3.459112,10746,0,,,58,58_nievre
300152,La Meule,46.893318,3.451369,10747,0,,,58,58_nievre
300303,COULANGES LES N. Rue des Filles,47.001802,3.180258,10848,0,,1,58,58_nievre
300254,St Exupéry,47.004222,3.155991,10850,0,,1,58,58_nievre
300456,Auchan,47.457092,3.509083,10903,0,,,58,58_nievre
300571,Leclerc,47.472834,3.52072,10905,0,,,58,58_nievre
300304,Champ de la Croix,47.083458,3.192732,10924,0,,,58,58_nievre
300255,Gustave Flaubert,46.998899,3.164618,10945,0,,,58,58_nievre
300566,COSNE/LOIRE Hotel de Ville,47.410196,2.924564,11009,0,,,58,58_nievre
300256,Tonkin,46.991504,3.170432,11033,0,,,58,58_nievre
300257,Roger Salengro,46.992218,3.153297,11034,0,,1,58,58_nievre
300057,Colbert,46.995363,3.157833,11038,0,,1,58,58_nievre
300857,ST ANDELAIN Soumard,47.322955,2.979763,12326,0,,,58,58_nievre
300324,Croix de Chailloux,46.928376,3.270046,11095,0,,,58,58_nievre
300259,Monument,47.055362,3.659103,11115,0,,,58,58_nievre
300711,SOUGY/LOIRE Tinte,46.833092,3.390818,12180,0,,,58,58_nievre
300583,RD978/RD291,47.0657713,3.8468655,11184,0,,,58,58_nievre
300350,Place du Champ de Foire,46.790215,3.968981,11246,0,,,58,58_nievre
300305,Place du Marché,47.086718,3.193565,11266,0,,,58,58_nievre
300306,Mairie,47.087591,3.193788,11267,0,,,58,58_nievre
300166,Gare SNCF,46.8372536,3.4673397,11268,0,,,58,58_nievre
300155,Caserne Pompiers,46.894549,3.467894,11269,0,,,58,58_nievre
300341,La Poste,47.377247,3.784423,11277,0,,,58,58_nievre
300342,Champ de foire / RD951,47.463535,3.741675,11278,0,,,58,58_nievre
3103974,CHATEAU CH VILLE Lidl,47.055477,3.935671,12343,0,,,58,58_nievre
300612,Route Buissonniere,47.417512,3.606915,11347,0,,,58,58_nievre
3103975,Commune,47.096251,3.873247,12344,0,,,58,58_nievre
3103976,ST HILAIRE EN MORVAN Commune,47.077121,3.888036,12345,0,,,58,58_nievre
3103977,ST PEREUSE Commune,47.068873,3.804019,12346,0,,,58,58_nievre
3103978,Commune,47.069518,3.844756,12347,0,,,58,58_nievre
3103979,ST LEGER DE FOUGERET Commune,47.021623,3.898057,12348,0,,,58,58_nievre
3103980,Commune,46.949326,3.959748,12349,0,,,58,58_nievre
3103981,Commune,46.955624,4.031695,12350,0,,,58,58_nievre
3103982,Commune,47.005296,3.968352,12351,0,,,58,58_nievre
3103983,Commune,47.044694,4.021889,12352,0,,,58,58_nievre
3103984,Commune,47.239025,4.07584,12353,0,,,58,58_nievre
3103985,Commune,47.215875,4.024455,12354,0,,,58,58_nievre
3103986,Commune,47.185966,3.945586,12355,0,,,58,58_nievre
3103987,Commune,47.136368,4.016599,12356,0,,,58,58_nievre
3103988,Commune,47.106035,4.012362,12357,0,,,58,58_nievre
3103989,Commune,47.102209,3.948398,12358,0,,,58,58_nievre
3103990,Commune,47.144322,3.91208,12359,0,,,58,58_nievre
3103991,Commune,47.144592,3.854412,12360,0,,,58,58_nievre
3103992,Commune,47.131237,3.82023,12361,0,,,58,58_nievre
3103994,Commune,46.964195,3.895061,12363,0,,,58,58_nievre
3103995,Commune,47.023956,3.843494,12364,0,,,58,58_nievre
3103996,Commune,47.048396,3.782346,12365,0,,,58,58_nievre
3103997,Commune,46.988498,3.737749,12366,0,,,58,58_nievre
3103998,Mairie,46.886369,3.746231,12367,0,,,58,58_nievre
3103999,Commune,46.90169,3.705259,12368,0,,,58,58_nievre
3104000,Commune,46.91292,3.760812,12369,0,,,58,58_nievre
3104001,ST HONORE LES BAINS Commune,46.907117,3.835164,12370,0,,,58,58_nievre
3104002,Commune,46.92199,3.851636,12371,0,,,58,58_nievre
3104005,Commune,46.87781,4.001705,12374,0,,,58,58_nievre
3104006,Commune,46.86807,4.070214,12375,0,,,58,58_nievre
3104007,Commune,46.841772,4.000743,12376,0,,,58,58_nievre
3104008,Commune,46.851564,3.850807,12377,0,,,58,58_nievre
3104009,Commune,46.861542,3.94153,12378,0,,,58,58_nievre
3104010,Commune,46.816741,3.720465,12379,0,,,58,58_nievre
3104011,Commune,46.818954,3.814211,12380,0,,,58,58_nievre
3104012,Commune,46.818345,3.869674,12381,0,,,58,58_nievre
3104013,Commune,46.809759,3.840328,12382,0,,,58,58_nievre
3104014,Commune,46.781901,3.857863,12383,0,,,58,58_nievre
3104015,Commune,46.790071,3.902703,12384,0,,,58,58_nievre
3104016,Commune,46.763552,3.781301,12385,0,,,58,58_nievre
3104017,ST SEINE Commune,46.733816,3.823878,12386,0,,,58,58_nievre
3104018,Commune,46.750493,3.838297,12387,0,,,58,58_nievre
3104019,Commune,46.765891,3.912959,12388,0,,,58,58_nievre
3104020,Commune,46.769734,3.315132,12389,0,,,58,58_nievre
3104021,ST GERMAIN CHASSENAY Commune,46.774862,3.39262,12390,0,,,58,58_nievre
3104022,ST PARIZE EN VIRY Commune,46.752267,3.35518,12391,0,,,58,58_nievre
3104023,Commune,46.738406,3.4262,12392,0,,,58,58_nievre
3104024,Place de la Mairie,46.715033,3.352334,12393,0,,,58,58_nievre
3104025,Supermarché,46.70741,3.353301,12394,0,,,58,58_nievre
3104026,Commune,46.820233,3.357445,12395,0,,,58,58_nievre
3104027,FLEURY S/LOIRE Commune,46.836243,3.320168,12396,0,,,58,58_nievre
3104028,Commune,47.08154,3.600423,12397,0,,,58,58_nievre
3104029,Commune,47.089645,3.640308,12398,0,,,58,58_nievre
3104030,Commune,47.124553,3.679858,12399,0,,,58,58_nievre
3104031,Commune,47.143619,3.617994,12400,0,,,58,58_nievre
3104032,Commune,47.114353,3.697774,12401,0,,,58,58_nievre
3104033,Commune,47.08522,3.789865,12402,0,,,58,58_nievre
3104034,CHOUGNY Commune,47.075096,3.708935,12403,0,,,58,58_nievre
3104035,Commune,47.006536,3.695126,12404,0,,,58,58_nievre
3104036,Commune,46.932445,3.654765,12405,0,,,58,58_nievre
3104037,Commune,46.998387,3.581473,12406,0,,,58,58_nievre
3104038,Commune,47.034027,3.639771,12407,0,,,58,58_nievre
3104039,Commune,47.005172,3.652227,12408,0,,,58,58_nievre
3104043,ENTRAINS S/NOHAIN Commune,47.466283,3.258401,12412,0,,,58,58_nievre
3104044,Commune,47.503774,3.343108,12413,0,,,58,58_nievre
3104045,Commune,47.48016,3.413335,12414,0,,,58,58_nievre
3104046,Commune,47.475272,3.447132,12415,0,,,58,58_nievre
3104048,Commune,47.289092,3.818509,12417,0,,,58,58_nievre
3104049,Commune,47.240911,3.756307,12418,0,,,58,58_nievre
3104050,Commune,47.174732,3.640468,12419,0,,,58,58_nievre
3104051,ST MAURICE Commune,47.10617,3.568306,12420,0,,,58,58_nievre
3104052,Commune,47.260563,3.650718,12421,0,,,58,58_nievre
3104053,Commune,47.257306,3.646492,12422,0,,,58,58_nievre
3104054,Commune,47.232849,3.627335,12423,0,,,58,58_nievre
3104055,Commune,47.229152,3.578578,12424,0,,,58,58_nievre
3104056,ST REVERIEN Commune,47.211467,3.503399,12425,0,,,58,58_nievre
3104057,Commune,47.161235,3.520547,12426,0,,,58,58_nievre
3104058,Commune,47.257421,3.684429,12427,0,,,58,58_nievre
3104062,Commune,47.052389,3.655721,12431,0,,,58,58_nievre
3104063,Commune,47.183976,3.723387,12432,0,,,58,58_nievre
3104064,Commune,47.192193,3.70011,12433,0,,,58,58_nievre
3104078,Commune,47.261791,3.936847,12447,0,,,58,58_nievre
3104079,Commune,47.285941,4.015602,12448,0,,,58,58_nievre
3104080,MARIGNY L'EGLISE Commune,47.334709,3.869347,12449,0,,,58,58_nievre
3104081,Commune,47.338649,3.91194,12450,0,,,58,58_nievre
3104082,ST MARTIN DU PUY Commune,47.33487,3.868029,12451,0,,,58,58_nievre
3104083,Commune,47.352007,3.819323,12452,0,,,58,58_nievre
3104084,Commune,47.32235,3.778318,12453,0,,,58,58_nievre
3104085,Commune,47.378517,3.785946,12454,0,,,58,58_nievre
3104086,ST ANDRE EN MORVAN Commune,47.392776,3.857475,12455,0,,,58,58_nievre
3104089,Commune,47.358901,3.387944,12458,0,,,58,58_nievre
3104090,Commune,47.28871,3.451303,12459,0,,,58,58_nievre
3104091,CHAPELLE ST ANDRE Commune,47.394262,3.34417,12460,0,,,58,58_nievre
3104065,Commune,47.202469,3.563899,12434,0,,,58,58_nievre
3104092,Commune,47.368683,3.279769,12461,0,,,58,58_nievre
3104093,Commune,47.347172,3.34987,12462,0,,,58,58_nievre
3104094,Commune,47.328117,3.441529,12463,0,,,58,58_nievre
3104066,Commune,47.316948,3.682659,12435,0,,,58,58_nievre
3104067,Commune,47.283326,3.594054,12436,0,,,58,58_nievre
3104095,ST PIERRE DU MONT Commune,47.394637,3.431837,12464,0,,,58,58_nievre
3104096,Commune,47.377186,3.429269,12465,0,,,58,58_nievre
3104098,Commune,47.19847,4.177006,12467,0,,,58,58_nievre
3104099,Commune,47.171578,4.153433,12468,0,,,58,58_nievre
3104100,GIEN S/CURE Commune,47.137143,4.100124,12469,0,,,58,58_nievre
3104101,ST BRISSON Commune,47.271626,4.090176,12470,0,,,58,58_nievre
3104102,ST AGNAN  Commune,47.317984,4.094809,12471,0,,,58,58_nievre
3104103,Bourg,47.27972,4.229955,12472,0,,,58,58_nievre
300858,CHATEAUNEUF V DE B Commune,47.281969,3.226173,12327,0,,,58,58_nievre
3104068,Commune,47.283093,3.650561,12437,0,,,58,58_nievre
300859,STE COLOMBE DES BOIS Commune,47.321795,3.142535,12328,0,,,58,58_nievre
300860,ST MALO EN DONZIOIS Commune,47.312018,3.268017,12329,0,,,58,58_nievre
300861,Commune,47.336554,3.205689,12330,0,,,58,58_nievre
300862,Commune,47.349347,3.257444,12331,0,,,58,58_nievre
300863,Commune,47.415283,3.25555,12332,0,,,58,58_nievre
300864,Commune,47.440963,3.162681,12333,0,,,58,58_nievre
300679,Ecole,47.185686,3.07736,12148,0,,,58,58_nievre
3103966,Le Banlay - Gare SNCF,47.006762,3.163961,12335,0,,,58,58_nievre
3104003,MOULINS ENGIL- Office tourisme,46.9870822,3.8124818,12372,0,,,58,58_nievre
300841,Gare SNCF,47.254708,3.677601,12310,0,,,58,58_nievre
300584,Eglise,47.0266091,3.5341715,11620,0,,,58,58_nievre
300585,RD978/RD188,47.011858,3.454323,11621,0,,,58,58_nievre
300600,La Turlurette,46.939874,3.257852,11622,0,,,58,58_nievre
300588,Mairie,47.44686,3.414113,11628,0,,,58,58_nievre
300589,RD 977,47.396252,3.401687,11629,0,,,58,58_nievre
300590,Eglise,47.285754,3.350704,11630,0,,,58,58_nievre
300591,RD 977,47.245511,3.364408,11631,0,,,58,58_nievre
300593,RD 977,47.219227,3.362253,11633,0,,,58,58_nievre
300594,RD 977,47.156404,3.279683,11634,0,,,58,58_nievre
300595,La Tuilerie,47.172905,3.321736,11638,0,,,58,58_nievre
300604,(89) Place de la Mairi,47.459272,3.764976,11642,0,,,58,58_nievre
300567,ST AMAND EN PUISAYE Eglise,47.529114,3.073927,11643,0,,,58,58_nievre
300568,car. Rd 957/Rd142,47.538055,2.929652,11644,0,,,58,58_nievre
300569,LA CELLE S/LOIRE Eglise,47.471706,2.929373,11645,0,,,58,58_nievre
300836,COSNE/LOIRE Gare SNCF,47.413871,2.931278,12305,0,,,58,58_nievre
300842,Gare SNCF,47.528917,3.792421,12311,0,,,58,58_nievre
3103993,CHATEAU CH CAMP Commune,47.055367,3.912852,12362,0,,,58,58_nievre
300572,Place de la Mairie,46.966476,3.333445,11825,0,,,58,58_nievre
300573,Salle Polyvalen,46.968098,3.272509,11826,0,,,58,58_nievre
300575,ST HILAIRE FONTAINE Eglise,46.765139,3.626485,11827,0,,,58,58_nievre
300576,RD 979,46.808811,3.550778,11828,0,,,58,58_nievre
300577,Mairie,47.383946,3.0028,11829,0,,,58,58_nievre
300578,Place de l'Hôtel de Ville,47.371216,3.122126,11831,0,,,58,58_nievre
300579,ST PERE Eglise,47.411763,2.960438,11833,0,,,58,58_nievre
300605,Abri 17 rte Nationale,47.481566,3.755636,11834,0,,,58,58_nievre
300597,Migny RD977,47.335881,3.377447,11838,0,,,58,58_nievre
300598,Les Ombreaux RD 977,47.254037,3.362233,11839,0,,,58,58_nievre
300599,Thouez RD 977,47.272343,3.357377,11840,0,,,58,58_nievre
3104069,Commune,47.173561,3.788206,12438,0,,,58,58_nievre
3104070,Commune,47.190041,3.740098,12439,0,,,58,58_nievre
3104059,ST SAULGE Hameaux,47.114661,3.501865,12428,0,,,58,58_nievre
3104071,Marcilly,47.215043,3.702545,12440,0,,,58,58_nievre
3104072,commune,47.230778,3.86797,12441,0,,,58,58_nievre
3104073,Commune,47.206891,3.857166,12442,0,,,58,58_nievre
3104074,commune,47.232481,3.823546,12443,0,,,58,58_nievre
3104040,Commune,47.07553,3.71174,12409,0,,,58,58_nievre
3104041,Commune,47.054522,3.719779,12410,0,,,58,58_nievre
3104075,Eglise,47.257105,3.684622,12444,0,,,58,58_nievre
300669,ST SULPICE Eglise,47.055214,3.350505,12138,0,,,58,58_nievre
300627,Place des Fusillés,46.89112,3.465459,12002,0,,,58,58_nievre
300613,Mairie,47.458358,3.547558,12020,0,,,58,58_nievre
300615,Mairie,47.392002,3.63864,12022,0,,,58,58_nievre
300629,Rte Moulins Engilber,46.913677,3.761331,12064,0,,,58,58_nievre
300628,Eglise RD 977,47.1202692,3.2319918,12065,0,,,58,58_nievre
3104042,Supermarché,47.0454766,3.6443685,12411,0,,,58,58_nievre
300630,Pont Cottion 37,46.978377,3.800554,12075,0,,,58,58_nievre
300632,Eglise,46.912816,3.7611835,12096,0,,,58,58_nievre
300631,Chivres RD 977,47.410336,3.408314,12101,0,,,58,58_nievre
300641,Eglise RD 957,47.541617,2.9884,12110,0,,,58,58_nievre
300642,Eglise RD957,47.485579,3.165794,12111,0,,,58,58_nievre
300643,Ecole,47.498683,3.135081,12112,0,,,58,58_nievre
300644,Place St Cyr,47.4642,3.25804,12113,0,,,58,58_nievre
300645,Abri RD907,47.44516,2.932965,12114,0,,,58,58_nievre
300646,NEUVY/LOIRE 40 rue J. Jaurès,47.521356,2.881699,12115,0,,,58,58_nievre
300651,Rte Metz-le-Comte,47.412728,3.6457,12120,0,,,58,58_nievre
300652,Pl. des Fontaines,47.434998,3.585537,12121,0,,,58,58_nievre
300653,Sardy-les-Forges RD 42,47.421703,3.629174,12122,0,,,58,58_nievre
300670,Champ de la Vigne,47.061863,3.421861,12139,0,,,58,58_nievre
300671,ST JEAN/AMOGNES Abri RD26,47.0146573,3.3357037,12140,0,,,58,58_nievre
300674,MONTIGNY/AMOGNES Place RD255,47.027424,3.2903976,12143,0,,,58,58_nievre
300680,Rue J. Frémillon,47.129251,3.103088,12149,0,,,58,58_nievre
300694,Rue Général Frébault,46.968421,3.37984,12163,0,,,58,58_nievre
300695,Eglise,46.969453,3.378263,12164,0,,,58,58_nievre
300696,Abri RD9,46.915042,3.419723,12165,0,,,58,58_nievre
300703,Les Arbelats Lotissement,46.807127,3.587126,12172,0,,,58,58_nievre
300704,Rue du Quart,46.788131,3.59874,12173,0,,,58,58_nievre
300712,Ecole,46.869611,3.367081,12181,0,,,58,58_nievre
300713,SOUGY/LOIRE Pl. du Marronnier,46.8566485,3.3909499,12182,0,,,58,58_nievre
300833,ST ELOI Le Cholet RD 981,46.9707465,3.2253624,12302,0,,,58,58_nievre
3103967,ST ELOI Le Cholet RD 981,46.9707832,3.2251108,12336,0,,,58,58_nievre
300829,rue du 8 mai 1945,47.360942,3.386042,12298,0,,,58,58_nievre
300831,Parc Aventure,46.960642,3.241883,12300,0,,,58,58_nievre
300837,Pl. 8 mai 1945,47.31945,2.908658,12306,0,,,58,58_nievre
300838,Petit Boisgibaut,47.322488,2.905554,12307,0,,,58,58_nievre
300840,Coeurs RD 977,47.316384,3.37352,12309,0,,,58,58_nievre
3104047,Pl. des Promenades,47.4595388,3.52084,12416,0,,,58,58_nievre
3104076,Hameaux Sud,47.2269249,3.6770967,12445,0,,,58,58_nievre
3104077,Hameaux Nord,47.2789065,3.7066319,12446,0,,,58,58_nievre
3104087,Supermarché,47.2859861,3.8187752,12456,0,,,58,58_nievre
3104088,Place de la Mairie,47.289036,3.818442,12457,0,,,58,58_nievre
3104097,Supermarché,47.355603,3.3872974,12466,0,,,58,58_nievre
3103968,Abbaye,47.2596189,3.6815336,12337,0,,,58,58_nievre
400072,ABONCOURT - Aboncourt Village,47.771809,5.983528,7,0,,,70,70_haute_saone
3103047,Carr Route de Vantoux,47.4312458,5.8601595,10000088,0,,,70,70_haute_saone
400027,Mairie,47.800332,6.058463,44,0,,,70,70_haute_saone
400028,Le Magny,47.793991,6.057069,46,0,,,70,70_haute_saone
400073,Port d'Atel. abribus gar,47.763994,6.037646,47,0,,,70,70_haute_saone
400074,Port d'Atel. Beauregard,47.771038,6.031602,48,0,,,70,70_haute_saone
400289,Saussots,47.445109,5.626849,3715,0,,,70,70_haute_saone
400100,Bourgeons,47.465967,5.582126,84,0,,,70,70_haute_saone
400101,Croisée John Deere,47.456847,5.587765,86,0,,,70,70_haute_saone
400120,Village,47.541923,5.69403,106,0,,,70,70_haute_saone
400076,Village,47.786765,6.009276,147,0,,,70,70_haute_saone
400145,BEAUJEU - St Vallier,47.498672,5.676257,152,0,,,70,70_haute_saone
400146,BEAUJEU - Pierrejux,47.514593,5.671632,153,0,,,70,70_haute_saone
400147,BEAUJEU - Quitteur école,47.528268,5.675487,154,0,,,70,70_haute_saone
400306,BEAUMOTTE - Mairie,47.41964,6.179554,3732,0,,,70,70_haute_saone
400307,BEAUMOTTE - Aubertans,47.453731,6.164933,3733,0,,,70,70_haute_saone
400193,BONNEVENT - Place de l'église,47.391567,5.933019,184,0,,,70,70_haute_saone
400194,BONNEVENT - Velloreille,47.398266,5.936093,185,0,,,70,70_haute_saone
400323,Place Napoléon,47.894447,6.24148,3749,0,,,70,70_haute_saone
400000,Salon de coiffure,47.422608,5.840744,244,0,,,70,70_haute_saone
400308,Abri bus,47.430918,6.194868,3734,0,,,70,70_haute_saone
400159,Fontaine,47.639361,6.786151,263,0,,,70,70_haute_saone
400160,Auberge Fleurie,47.641748,6.792132,265,0,,,70,70_haute_saone
400294,Gare,47.702771,6.70102,3720,0,,,70,70_haute_saone
400295,Place,47.70548,6.684537,3721,0,,,70,70_haute_saone
400296,Pharmacie,47.703509,6.681055,3722,0,,,70,70_haute_saone
400297,La Piotnaz,47.694038,6.654681,3723,0,,,70,70_haute_saone
400102,Leffond,47.662644,5.463595,288,0,,,70,70_haute_saone
400103,Neuvelle les Ch.,47.585645,5.54537,294,0,,,70,70_haute_saone
400104,Chateau,47.617195,5.512447,295,0,,,70,70_haute_saone
400287,LA CHAPELLE L. LUX. - Lotissement,47.775657,6.372795,3713,0,,,70,70_haute_saone
400327,Pont,47.750505,6.420451,3753,0,,,70,70_haute_saone
400328,Eglise,47.742948,6.410426,3754,0,,,70,70_haute_saone
400018,COMBEAUFTNE - Rue du Moulin,47.709456,5.886087,375,0,,,70,70_haute_saone
400019,COMBEAUFTNE - La Vierge,47.708747,5.893484,377,0,,,70,70_haute_saone
400309,DAMPIERRE/LIN - Grande rue Eglise,47.511406,6.232997,3735,0,,,70,70_haute_saone
400310,DAMPIERRE/LIN - Grillardes,47.554389,6.230272,3736,0,,,70,70_haute_saone
400105,ECUELLE,47.551667,5.555457,484,0,,,70,70_haute_saone
400052,FONTAINE - Centre,47.856959,6.334065,548,0,,,70,70_haute_saone
400053,FONTAINE - Pont SNCF,47.851213,6.342101,549,0,,,70,70_haute_saone
400054,FONTAINE - Baraques Chardin,47.877983,6.310493,550,0,,,70,70_haute_saone
400311,FONTENOIS - Village abri bus,47.484976,6.235196,3737,0,,,70,70_haute_saone
400312,FONTENOIS - Gare,47.475867,6.236882,3738,0,,,70,70_haute_saone
400042,Place De Gaulle,47.886198,6.403615,562,0,,,70,70_haute_saone
3103049,Croix Daillot,47.875206,6.390748,10000090,0,,,70,70_haute_saone
400182,Le Château,47.894394,6.427946,568,0,,,70,70_haute_saone
400161,FRAHIER - Les Barres,47.662491,6.736931,601,0,,,70,70_haute_saone
400121,FRESNE ST MAMES - Village,47.54858,5.859738,621,0,,,70,70_haute_saone
400001,FRETIGNEY - Velloreille,47.482453,5.939016,638,0,,,70,70_haute_saone
400078,GEVIGNEY - Gevigney village,47.798795,5.931457,668,0,,,70,70_haute_saone
400002,GRANDVELLE - Village,47.508342,5.995735,681,0,,,70,70_haute_saone
400079,Ruz de Vellemoz,47.680923,6.082786,689,0,,,70,70_haute_saone
400080,Ville,47.827757,5.901651,720,0,,,70,70_haute_saone
400313,LOULANS - Gare,47.438095,6.210902,3739,0,,,70,70_haute_saone
400003,MAILLEY - Centre,47.537597,6.052006,782,0,,,70,70_haute_saone
400148,Carrefour,47.593891,5.738381,810,0,,,70,70_haute_saone
400315,Mairie abribus,47.466741,6.258344,3741,0,,,70,70_haute_saone
400122,MONTUREUX ET P - Haut Fourneau,47.5074598,5.6376913,862,0,,,70,70_haute_saone
3104108,MONTUREUX ET P - Haut Fourneau,47.507524,5.6374587,10000095,0,,,70,70_haute_saone
400149,MONTUREUX - Prantigny,47.492795,5.657354,863,0,,,70,70_haute_saone
400106,Village,47.532139,5.564046,921,0,,,70,70_haute_saone
400162,Croisée Belfort,47.717709,6.736107,950,0,,,70,70_haute_saone
400163,Les Onchères,47.746399,6.729262,955,0,,,70,70_haute_saone
400164,Le Rapois,47.736859,6.728463,956,0,,,70,70_haute_saone
400165,La Rue,47.730979,6.730497,957,0,,,70,70_haute_saone
400166,Les Pierres,47.7136375,6.7342322,959,0,,,70,70_haute_saone
400167,Poierie-Malbazin,47.726831,6.732165,960,0,,,70,70_haute_saone
400168,La Chaillée,47.697691,6.735139,962,0,,,70,70_haute_saone
400169,Centre,47.720042,6.731815,963,0,,,70,70_haute_saone
400170,PLANCHER MINES - Lavoir,47.770373,6.74257,966,0,,,70,70_haute_saone
400171,PLANCHER MINES - Place Mairie,47.760851,6.741583,967,0,,,70,70_haute_saone
400172,PLANCHER MINES - Rue de France,47.758294,6.739499,968,0,,,70,70_haute_saone
400173,PLANCHER MINES - Rue des Vosges,47.763837,6.741945,969,0,,,70,70_haute_saone
400029,POLAINCOURT - Clairefontaine,47.85743,6.081735,973,0,,,70,70_haute_saone
400020,PORT/SAONE - Place Libération,47.687932,6.048818,989,0,,,70,70_haute_saone
400021,PORT/SAONE - Mairie,47.688942,6.043018,990,0,,,70,70_haute_saone
400329,Centre,47.734257,6.426663,3755,0,,,70,70_haute_saone
400330,Faubourg,47.732213,6.432312,3756,0,,,70,70_haute_saone
400123,Village,47.582835,6.011171,1027,0,,,70,70_haute_saone
400150,Mairie,47.471358,5.630983,1043,0,,,70,70_haute_saone
400151,Cerisiers,47.473625,5.641241,1044,0,,,70,70_haute_saone
400152,Sablière,47.469083,5.618075,1045,0,,,70,70_haute_saone
400298,Eglise,47.70023,6.631204,3724,0,,,70,70_haute_saone
400299,Le Plain,47.698746,6.654752,3725,0,,,70,70_haute_saone
400300,La Verrerie,47.677249,6.534232,3726,0,,,70,70_haute_saone
400044,ST LOUP/SEM - Place Jacquez,47.885554,6.275816,1130,0,,,70,70_haute_saone
400055,ST LOUP/SEM - Gare,47.882059,6.290553,1132,0,,,70,70_haute_saone
400030,ST REMY EN COMTE - Mairie,47.834541,6.093866,1143,0,,,70,70_haute_saone
400056,Centre,47.695431,6.278753,1164,0,,,70,70_haute_saone
400057,La Montoillotte,47.680241,6.253174,1165,0,,,70,70_haute_saone
400124,Village,47.546804,5.745051,1173,0,,,70,70_haute_saone
400022,SCEY/SAONE - Mairie,47.665447,5.967362,1176,0,,,70,70_haute_saone
400023,SCEY/SAONE - Eglise,47.669798,5.963968,1178,0,,,70,70_haute_saone
400126,Seveux Village,47.556539,5.748878,1203,0,,,70,70_haute_saone
400153,Carrefour,47.626933,5.795083,1233,0,,,70,70_haute_saone
400290,VELESMES - Centre,47.418517,5.703383,3716,0,,,70,70_haute_saone
400210,Abribus RD13,47.600946,6.045037,1313,0,,,70,70_haute_saone
400211,Garage,47.607206,6.045979,1314,0,,,70,70_haute_saone
400128,VELLEXON - Village,47.562062,5.80608,1320,0,,,70,70_haute_saone
400129,VELLEXON - Queutrey,47.566246,5.81491,1321,0,,,70,70_haute_saone
400130,RD70,47.521111,5.647042,1329,0,,,70,70_haute_saone
400316,Village Place,47.599841,6.219551,3742,0,,,70,70_haute_saone
400317,Marcassins,47.570396,6.236282,3743,0,,,70,70_haute_saone
400081,VITREY/MANCE - Pharmacie,47.813737,5.759786,1375,0,,,70,70_haute_saone
400184,6 place de l'Hotel de Ville,47.9263859,6.4844251,1552,0,,,70,70_haute_saone
400185,Larrière,47.909843,6.461631,1553,0,,,70,70_haute_saone
400301,Gare,47.683282,6.492349,3727,0,,,70,70_haute_saone
400324,Station service,47.92041,6.100611,3750,0,,,70,70_haute_saone
400031,Collège,47.924497,6.100851,1598,0,,,70,70_haute_saone
400291,Village,47.393003,5.759397,3717,0,,,70,70_haute_saone
400335,BEAUJEU - Beaujeu école prim,47.505268,5.675299,3761,0,,,70,70_haute_saone
400154,Collège Delaunay,47.448115,5.579012,1717,0,,,70,70_haute_saone
400058,ST LOUP/SEM - Collège,47.885123,6.280067,1730,0,,,70,70_haute_saone
400322,Gare Routière,47.573715,6.7637823,3748,0,,,70,70_haute_saone
400059,LUXEUIL - Collège des Thermes,47.821074,6.363966,1749,0,,,70,70_haute_saone
400060,LUXEUIL - Hôpital,47.822101,6.377627,1750,0,,,70,70_haute_saone
400061,LUXEUIL - Lycée Lumière,47.825287,6.375095,1751,0,,,70,70_haute_saone
400302,Les Sources,47.689636,6.498975,3728,0,,,70,70_haute_saone
400005,Lycée Haberges,47.6292293,6.139264,1777,0,,,70,70_haute_saone
400006,Lycée Belin,47.633877,6.164815,1779,0,,,70,70_haute_saone
400207,Collège Macé,47.61936,6.158775,1780,0,,,70,70_haute_saone
400009,Pôle multimodal,47.6180736,6.1496612,1785,0,,,70,70_haute_saone
400155,Groupe scolaire,47.624416,5.781865,1798,0,,,70,70_haute_saone
400318,Gare,47.590448,6.230063,3744,0,,,70,70_haute_saone
400107,Les Petits Prés,47.612997,5.5164,1861,0,,,70,70_haute_saone
400032,POLAINCOURT - Centre,47.88323,6.071287,1873,0,,,70,70_haute_saone
400319,COLOMBE  - Essernay,47.606599,6.219206,3745,0,,,70,70_haute_saone
400320,COLOMBE  - Village abri bus,47.612947,6.211577,3746,0,,,70,70_haute_saone
400175,Gambetta,47.633684,6.857194,1928,0,,,70,70_haute_saone
400177,Lycée Follereau rue L.MARCHAL,47.63707,6.845925,1940,0,,,70,70_haute_saone
400195,Monument,47.322305,5.864812,1946,0,,,70,70_haute_saone
400303,Avenue Pasteur,47.697308,6.640849,3729,0,,,70,70_haute_saone
400064,PEM Viotte,47.246932,6.022751,1982,0,,,70,70_haute_saone
400108,Gare routière,47.4478,5.596128,2000,0,,,70,70_haute_saone
400131,Croisée RD70,47.456073,5.589283,2001,0,,,70,70_haute_saone
400132,Alouettes,47.460012,5.596839,2002,0,,,70,70_haute_saone
400196,Centre,47.319947,5.892449,2091,0,,,70,70_haute_saone
400109,Marceau,47.801644,5.426189,2262,0,,,70,70_haute_saone
400110,Verdun,47.804464,5.434443,2263,0,,,70,70_haute_saone
400111,République,47.807491,5.445351,2264,0,,,70,70_haute_saone
400112,Village,47.691415,5.46002,2265,0,,,70,70_haute_saone
400113,Place,47.70205,5.449114,2266,0,,,70,70_haute_saone
400133,Belle Ante,47.551172,5.760371,2267,0,,,70,70_haute_saone
400134,Le Verjoulot,47.569903,5.959628,2268,0,,,70,70_haute_saone
400065,Transformateur,47.777594,6.346463,2270,0,,,70,70_haute_saone
400066,LUXEUIL - Gare SNCF,47.815158,6.372688,2271,0,,,70,70_haute_saone
400083,Gare SNCF,47.8367766,5.9032273,2295,0,,,70,70_haute_saone
400084,Foyer rural,47.821287,5.910309,2296,0,,,70,70_haute_saone
400010,FRETIGNEY - Gymnase,47.487619,5.94419,2342,0,,,70,70_haute_saone
400156,Zône industrielle,47.45436,5.593711,2352,0,,,70,70_haute_saone
400157,Place,47.5912521,5.7280708,2360,0,,,70,70_haute_saone
400085,Mairie,47.877683,5.867052,2370,0,,,70,70_haute_saone
400033,Centre,47.922092,6.097582,2497,0,,,70,70_haute_saone
400199,GINKO Temis,47.253158,5.997338,2693,0,,,70,70_haute_saone
400200,OISELAY - Mairie,47.420706,5.932143,2699,0,,,70,70_haute_saone
400201,Carrefour,47.317066,5.866268,2724,0,,,70,70_haute_saone
400011,VILLERS CHEMIN - Croisée routes,47.440901,5.874883,2726,0,,,70,70_haute_saone
400202,OISELAY - Grachaux,47.437501,5.903581,2727,0,,,70,70_haute_saone
400034,Carrefour,47.828039,6.063022,2823,0,,,70,70_haute_saone
400292,Carrefour,47.400643,5.742781,3718,0,,,70,70_haute_saone
400067,Herriot,47.8040497,6.3836754,2850,0,,,70,70_haute_saone
3104107,Herriot,47.8048179,6.3835742,10000094,0,,,70,70_haute_saone
400086,MONTUREUX LES B - Rue Sacquelle,47.814153,5.985007,2861,0,,,70,70_haute_saone
400087,Village,47.715653,6.035806,2928,0,,,70,70_haute_saone
400024,LA NEUVELLE  - Centre abribus,47.694249,5.933946,2933,0,,,70,70_haute_saone
400293,Centre,47.371503,5.77627,3719,0,,,70,70_haute_saone
400203,Pôle Educatif,47.348066,5.9386352,2945,0,,,70,70_haute_saone
400088,Place de la Mairie,47.862672,5.846902,2966,0,,,70,70_haute_saone
400212,Village,47.584998,6.05063,2982,0,,,70,70_haute_saone
400213,Village,47.565097,6.027817,2983,0,,,70,70_haute_saone
400089,Eglise,47.796524,5.703826,2998,0,,,70,70_haute_saone
400090,Village,47.859879,5.885922,3000,0,,,70,70_haute_saone
400091,VERNOIS/MANCE - Eglise,47.845737,5.785569,3007,0,,,70,70_haute_saone
400114,CHARGEY - Village,47.4873384,5.5753434,3093,0,,,70,70_haute_saone
400135,DAMPIERRE/S - Pharmacie,47.555481,5.678274,3096,0,,,70,70_haute_saone
400013,Place,47.406633,5.814773,3103,0,,,70,70_haute_saone
400204,CHAMBORNAY L PIN - Mairie école,47.337245,5.907294,3107,0,,,70,70_haute_saone
400014,Brel,47.633779,6.17045,3123,0,,,70,70_haute_saone
400035,Abribus,47.692457,6.108018,3128,0,,,70,70_haute_saone
400036,Place,47.766217,6.102243,3133,0,,,70,70_haute_saone
400115,Place des Tilleuls,47.4418721,5.5904662,3147,0,,,70,70_haute_saone
400068,LUXEUIL - Rue Jules Adler,47.812973,6.380223,3162,0,,,70,70_haute_saone
400205,Abribus,47.3730027,5.9266188,3163,0,,,70,70_haute_saone
400325,MAILLERONCOURT ST P. - Monument,47.916346,6.132788,3751,0,,,70,70_haute_saone
400069,FONTAINE - Rue du Vay,47.862152,6.330149,3172,0,,,70,70_haute_saone
400326,Abri bus,47.897896,6.22287,3752,0,,,70,70_haute_saone
400178,Faubourg de Lyon,47.632301,6.849388,3260,0,,,70,70_haute_saone
400179,Chauffe-cul,47.686651,6.736492,3266,0,,,70,70_haute_saone
400180,Hôpital,47.643078,6.853358,3289,0,,,70,70_haute_saone
3103048,Place Boichu,47.4434758,5.5958598,10000089,0,,,70,70_haute_saone
400304,Les Cloies,47.678669,6.502585,3730,0,,,70,70_haute_saone
400305,D619,47.689932,6.569274,3731,0,,,70,70_haute_saone
400321,FONTENOIS - Rue des Bruyères,47.489547,6.226775,3747,0,,,70,70_haute_saone
400209,Rue petits graviers,47.735751,6.059765,3558,0,,,70,70_haute_saone
3104104,République ,47.622524,6.160174,10000091,0,,,70,70_haute_saone
400181,FRAHIER - Poste,47.658925,6.747792,3575,0,,,70,70_haute_saone
400116,ARC LES GRAY- Gare  de Gray,47.451479,5.578388,3632,0,,,70,70_haute_saone
400136,Colly,47.542182,5.69946,3634,0,,,70,70_haute_saone
400092,CHALINDREY  SNCF,47.810318,5.443305,3636,0,,,70,70_haute_saone
400093,Place de la Barre,47.781854,5.603268,3639,0,,,70,70_haute_saone
400117,LA PAILLY - La Pailly,47.791617,5.414784,3640,0,,,70,70_haute_saone
400118,Rivières le bo,47.737645,5.441632,3641,0,,,70,70_haute_saone
400119,Grandchamp,47.723503,5.450967,3642,0,,,70,70_haute_saone
400141,Soing,47.554535,5.850534,3646,0,,,70,70_haute_saone
400094,Chaudenay,47.824594,5.500706,3648,0,,,70,70_haute_saone
400095,Jarges,47.730105,6.055072,3650,0,,,70,70_haute_saone
400096,PORT/SAONE - Centre,47.688345,6.044973,3651,0,,,70,70_haute_saone
400097,PORT/SAONE - La Mognotte,47.687603,6.053569,3652,0,,,70,70_haute_saone
400142,Village,47.570671,5.953703,3654,0,,,70,70_haute_saone
400098,Torcenay,47.815567,5.463128,3655,0,,,70,70_haute_saone
400332,VERNOIS/MANCE - Gare SNCF,47.832738,5.781056,3758,0,,,70,70_haute_saone
400158,VAUCONCOURT - Carf  D70XD43,47.659261,5.827472,3675,0,,,70,70_haute_saone
400208,SUPER U,47.630545,6.168953,3712,0,,,70,70_haute_saone
3104109,Abris bus monument,47.312271,5.867922,10000096,0,,,70,70_haute_saone
400333,Rue de Londres,47.630733,6.844108,3759,0,,,70,70_haute_saone
400334,James Long,47.641829,6.85636,3760,0,,,70,70_haute_saone
3104111,LOULANS - Abribus rue des vignes,47.4450346,6.2067242,10000098,0,,,70,70_haute_saone
400336,La Louviere,47.712916,6.038895,3762,0,,,70,70_haute_saone
3104105,DAMPIERRE/S- rue Carnot,47.557009,5.6809667,10000092,0,,,70,70_haute_saone
3104106,DAMPIERRE/S- rue Carnot,47.5571595,5.6810445,10000093,0,,,70,70_haute_saone
3104110,RECOLOGNE D619,47.69998,6.6036658,10000097,0,,,70,70_haute_saone
500209,Gare SNCF,46.668748,5.55163,10019,0,,,71,71_saone_loire
500217,Mairie,47.044631,4.021782,10049,0,,,71,71_saone_loire
3103029,L.E.P.,47.059598,3.937989,16479,0,,,71,71_saone_loire
500218,Place Notre Dame,47.062945,3.934099,10053,0,,,71,71_saone_loire
500181,Montagny,46.797742,4.97422,10100,0,,,71,71_saone_loire
500193,Le Port,46.814936,4.93932,10103,0,,,71,71_saone_loire
500194,Rue sur les Etangs,46.803635,4.940194,10105,0,,,71,71_saone_loire
500008,Bourg,46.523433,4.677691,10110,0,,,71,71_saone_loire
500219,Corcelles bourg,47.040964,4.077828,10120,0,,,71,71_saone_loire
500108,Les Baumes,46.894015,4.386979,10126,0,,,71,71_saone_loire
500064,Gare SNCF,46.954211,4.292502,10141,0,,,71,71_saone_loire
500065,Place Champ de Mars,46.949883,4.299123,10142,0,,,71,71_saone_loire
500066,Pont l'Evêque,46.956014,4.314234,10143,0,,,71,71_saone_loire
500067,Base du vallon,46.955006,4.319014,10144,0,,,71,71_saone_loire
500220,Les Moreaux,46.966186,4.276461,10148,0,,,71,71_saone_loire
500221,Pierrefitte,46.961764,4.281537,10149,0,,,71,71_saone_loire
500086,St Jean,46.957949,4.300651,10156,0,,,71,71_saone_loire
500068,La Celle d'en Bas,46.925194,4.425521,10161,0,,,71,71_saone_loire
500069,La Celle d'en Haut,46.930107,4.418561,10165,0,,,71,71_saone_loire
500148,Les Petits Bois,46.616389,5.12884,10180,0,,,71,71_saone_loire
500114,Gare,46.428477,4.408423,10208,0,,,71,71_saone_loire
500166,R.N. 6,46.663229,4.866028,10210,0,,,71,71_saone_loire
500009,Place de la Liberté,46.732201,4.684798,10231,0,,,71,71_saone_loire
500138,Mairie,46.698377,4.390193,10246,0,,,71,71_saone_loire
500167,Venières,46.598871,4.901389,10284,0,,,71,71_saone_loire
500168,Le Jonchet,46.601747,4.895605,10285,0,,,71,71_saone_loire
500047,Le Bourg,46.643324,5.180487,10292,0,,,71,71_saone_loire
500048,Le Pré du Vernay,46.648785,5.167188,10293,0,,,71,71_saone_loire
500049,Le Châtelet,46.654985,5.1460652,10294,0,,,71,71_saone_loire
500010,Collège La Varandain,46.712733,4.698941,10364,0,,1,71,71_saone_loire
500011,Gare,46.713117,4.700945,10367,0,,1,71,71_saone_loire
500012,Centre,46.712691,4.694556,10369,0,,1,71,71_saone_loire
500087,Gare,46.906529,4.750717,10378,0,,,71,71_saone_loire
500000,Gare Routière,46.780878,4.844459,10395,0,,1,71,71_saone_loire
500144,Place Mathias,46.78623,4.858635,10402,0,,,71,71_saone_loire
500013,CHARNAY - Gare,46.298871,4.776269,10509,0,,,71,71_saone_loire
500115,Rue de Champagny,46.435416,4.273183,10525,0,,1,71,71_saone_loire
500071,Bel Air,46.839015,4.659321,10526,0,,,71,71_saone_loire
500015,Vessey,46.778482,4.804741,10559,0,,,71,71_saone_loire
500016,Les Filletières,46.666653,4.683424,10586,0,,,71,71_saone_loire
500195,Platière,46.872763,5.045004,10607,0,,,71,71_saone_loire
500017,Gare,46.424605,4.665376,10651,0,,,71,71_saone_loire
500018,Ville,46.433733,4.66246,10653,0,,,71,71_saone_loire
500019,Centre,46.543684,4.686928,10682,0,,,71,71_saone_loire
500020,Bois Dernier,46.535789,4.682671,10683,0,,,71,71_saone_loire
500073,Le Château,46.86206,4.586765,10699,0,,,71,71_saone_loire
500074,République,46.868778,4.573537,10700,0,,,71,71_saone_loire
500075,Varenne,46.875727,4.563642,10701,0,,,71,71_saone_loire
500145,4 Chemins,46.796956,4.424075,10718,0,,,71,71_saone_loire
500146,Hôtel Dieu,46.803035,4.447437,10724,0,,,71,71_saone_loire
500150,Place St Benoit,46.557982,4.997703,10751,0,,,71,71_saone_loire
500151,Place St Benoit,46.558252,4.998672,10753,0,,,71,71_saone_loire
500116,Rue Bartoli,46.479651,3.983017,10819,0,,,71,71_saone_loire
500125,Brierette Mal - Lecl,46.490382,3.997411,10822,0,,,71,71_saone_loire
500117,Gare SNCF,46.484829,3.987922,10824,0,,1,71,71_saone_loire
500126,Cité Scolaire,46.477258,3.992064,10826,0,,,71,71_saone_loire
500088,Quart Dinay,46.994717,4.504923,10887,0,,,71,71_saone_loire
500089,La Garenne,46.985311,4.533097,10890,0,,1,71,71_saone_loire
500090,Place Mairie,46.990892,4.514003,10892,0,,1,71,71_saone_loire
500169,Mairie,46.512075,4.898348,10916,0,,,71,71_saone_loire
500022,Centre,46.781826,4.747419,11024,0,,,71,71_saone_loire
500023,Mortières,46.774684,4.738081,11025,0,,,71,71_saone_loire
500237,Les Perrons,46.626108,4.463735,11031,0,,,71,71_saone_loire
500238,Le Bourg,46.641515,4.447597,11033,0,,,71,71_saone_loire
500127,Place Gal de Gaulle,46.602251,4.05573,11064,0,,,71,71_saone_loire
500128,Guide,46.601332,4.069827,11066,0,,,71,71_saone_loire
500129,Chazey,46.570529,4.057363,11069,0,,,71,71_saone_loire
500130,Route de Digoin,46.597908,4.067743,11070,0,,1,71,71_saone_loire
500153,Le Bourg,46.574596,5.056163,11138,0,,,71,71_saone_loire
500154,Layer,46.568714,5.043575,11139,0,,,71,71_saone_loire
500024,V 5,46.69923,4.690646,11147,0,,,71,71_saone_loire
500025,V 3,46.687212,4.681177,11148,0,,,71,71_saone_loire
500155,Le Bourg,46.556951,4.930347,11152,0,,,71,71_saone_loire
500211,Rue d'Alsace,46.629948,5.226122,11205,0,,,71,71_saone_loire
500156,Bram,46.625975,5.214255,11209,0,,,71,71_saone_loire
500050,Gare SNCF,46.6312,5.217882,11214,0,,1,71,71_saone_loire
500026,Pont de Cotte,46.459899,4.668164,11218,0,,,71,71_saone_loire
500027,Loche Gare TGV,46.282971,4.779036,11243,0,,,71,71_saone_loire
500170,Place de la Barre,46.306401,4.829199,11247,0,,,71,71_saone_loire
500171,Théâtre,46.314774,4.836294,11254,0,,,71,71_saone_loire
500028,Gare Routière,46.302347,4.82498,11256,0,,,71,71_saone_loire
500029,Place,46.576082,4.694687,11259,0,,,71,71_saone_loire
500030,Bif. ,46.55997,4.681902,11260,0,,,71,71_saone_loire
500139,Les Baudots,46.736928,4.560016,11283,0,,,71,71_saone_loire
500131,La Palissade,46.598728,4.130441,11303,0,,,71,71_saone_loire
500109,Gare SNCF,46.833769,4.360016,11309,0,,,71,71_saone_loire
500239,Les Brosses Tillots,46.600214,4.47213,11321,0,,,71,71_saone_loire
500182,Place du Marché,46.799999,5.185068,11358,0,,,71,71_saone_loire
500183,Glairans,46.805214,5.153935,11360,0,,,71,71_saone_loire
500001,Gare SNCF,46.671669,4.36217,11409,0,,,71,71_saone_loire
500002,Jeanne-Rose,46.751076,4.492975,11432,0,,,71,71_saone_loire
500091,Gare SNCF,46.759027,4.481119,11433,0,,,71,71_saone_loire
500003,Poste,46.749686,4.470267,11434,0,,,71,71_saone_loire
500184,Les 5 chemins,46.802077,4.993298,11442,0,,,71,71_saone_loire
500051,Le Bourg,46.677139,5.11217,11483,0,,1,71,71_saone_loire
500052,La Croix,46.681365,5.114324,11484,0,,,71,71_saone_loire
500240,Le Bourg,46.630021,4.477517,11487,0,,,71,71_saone_loire
500132,Les Boileaux,46.597877,4.134487,11560,0,,,71,71_saone_loire
500053,La Croix de Velard,46.710224,4.960755,11562,0,,,71,71_saone_loire
500054,Route de Louhans,46.717657,4.951725,11563,0,,,71,71_saone_loire
500055,Grand Mont,46.731507,4.924354,11567,0,,,71,71_saone_loire
500118,Gare SNCF,46.447652,4.113823,11609,0,,,71,71_saone_loire
500119,L.SacréCoeur/Jd'Arc,46.450942,4.125481,11611,0,,,71,71_saone_loire
3103485,Le Bourg,46.913707,4.635744,16480,0,,,71,71_saone_loire
500196,Château,46.883606,5.267397,11676,0,,,71,71_saone_loire
500197,Terrans,46.884568,5.223122,11677,0,,,71,71_saone_loire
500157,Le Bourg,46.59728,5.090783,11726,0,,,71,71_saone_loire
500212,Le Bourg,46.644871,5.302633,11735,0,,,71,71_saone_loire
500133,La Vesvre,46.536229,4.042116,11741,0,,,71,71_saone_loire
500134,Le Bourg,46.533183,4.027886,11749,0,,,71,71_saone_loire
500031,Les Marguerons,46.741348,4.712465,11783,0,,,71,71_saone_loire
500222,Le Pommoy,47.028838,4.093695,11791,0,,,71,71_saone_loire
500223,Le Bourg,47.02628,4.119186,11795,0,,,71,71_saone_loire
500224,Les Viollots,47.021612,4.140044,11798,0,,,71,71_saone_loire
500172,R.N 6 Les Ongerons,46.425825,4.87736,11828,0,,,71,71_saone_loire
500173,Mairie-Ecole,46.6915,4.861764,11834,0,,,71,71_saone_loire
500032,Le Bourg,46.654063,4.684021,11882,0,,,71,71_saone_loire
500033,Etiveau,46.637016,4.685837,11883,0,,,71,71_saone_loire
500120,La Valouze,46.391529,4.638998,11913,0,,,71,71_saone_loire
500034,Cimetière,46.754929,4.718627,11945,0,,,71,71_saone_loire
500077,Mairie,46.904292,4.483538,11969,0,,,71,71_saone_loire
500078,La Madeleine,46.907954,4.468765,11972,0,,,71,71_saone_loire
500056,Le Bourg,46.705995,5.0526674,11975,0,,,71,71_saone_loire
500035,Cimetière,46.611871,4.666815,12017,0,,,71,71_saone_loire
500185,Le Bourg,46.752859,5.242175,12022,0,,,71,71_saone_loire
500057,Le Grand Limon,46.705742,5.022634,12035,0,,,71,71_saone_loire
500058,Le Bourg,46.70326,4.982481,12037,0,,,71,71_saone_loire
500004,Le Bourg,46.755449,4.643491,12059,0,,,71,71_saone_loire
500005,Maisons Rouges,46.743458,4.633309,12060,0,,,71,71_saone_loire
500006,Vallerat,46.750129,4.64025,12062,0,,,71,71_saone_loire
500079,Rue Lt Chauveau,46.845456,4.636103,12130,0,,,71,71_saone_loire
500080,Gare,46.848926,4.628771,12131,0,,,71,71_saone_loire
500241,La Croisée de Cray,46.576372,4.5341315,12143,0,,,71,71_saone_loire
500186,Collège Olivier de l,46.815669,5.059572,12185,0,,1,71,71_saone_loire
500187,Perrigny Bif D35-D13,46.809273,5.02847,12186,0,,,71,71_saone_loire
500198,Chevrey,46.85644,5.017783,12202,0,,,71,71_saone_loire
500199,Le Bourg,46.846548,5.00683,12203,0,,,71,71_saone_loire
500036,Pont Paron,46.773829,4.834252,12261,0,,,71,71_saone_loire
500242,Place de la Clochett,46.518302,4.597605,12378,0,,,71,71_saone_loire
500037,Bif. ,46.615801,4.681186,12383,0,,,71,71_saone_loire
500200,Le Bourg,46.903913,5.083007,12396,0,,,71,71_saone_loire
500225,Bellevue,47.011936,4.183067,12410,0,,,71,71_saone_loire
500226,Le Bourg,47.011376,4.170315,12412,0,,,71,71_saone_loire
500227,Le Changarnier,46.994281,4.204352,12413,0,,,71,71_saone_loire
500174,La Farge,46.627623,4.877331,12426,0,,,71,71_saone_loire
500175,Vieil Moulin,46.645526,4.871629,12428,0,,,71,71_saone_loire
500188,Bif. RD 970,46.811275,5.113701,12457,0,,,71,71_saone_loire
500159,Mare aux Prêtres RG,46.626215,5.177428,12499,0,,,71,71_saone_loire
500160,Mare du Prêtre,46.626294,5.180879,12500,0,,,71,71_saone_loire
500038,Communauté,46.514208,4.677052,12531,0,,1,71,71_saone_loire
500039,Gare,46.51149,4.680874,12532,0,,,71,71_saone_loire
500228,Pré Charmoy,46.985376,4.251577,12537,0,,,71,71_saone_loire
500229,La Feurtaine,46.9923023,4.2413363,12538,0,,,71,71_saone_loire
500230,La Croix Jean Naudin,46.996126,4.236545,12539,0,,,71,71_saone_loire
500110,Mairie,46.783515,4.434733,12561,0,,,71,71_saone_loire
500161,Gare SNCF,46.567004,4.907469,12577,0,,,71,71_saone_loire
500176,Le Bourg,46.504131,4.885362,12609,0,,,71,71_saone_loire
500121,Le Bourg,46.443922,4.335997,12667,0,,,71,71_saone_loire
500201,Place de la Halle,46.894696,5.023917,12682,0,,,71,71_saone_loire
500189,Les Quatre Routes,46.81205,5.099976,12714,0,,,71,71_saone_loire
500243,LA VINEUSE Sassy,46.478505,4.615814,12735,0,,,71,71_saone_loire
500244,Le Bourg,46.490688,4.587491,12759,0,,,71,71_saone_loire
500122,La Beluze,46.451669,4.152776,12782,0,,,71,71_saone_loire
500177,La Poste,46.449459,4.884156,12795,0,,,71,71_saone_loire
500007,La Croix de Bois,46.752432,4.672109,12804,0,,,71,71_saone_loire
500081,Place Lucien Ferré,46.838413,4.669223,12807,0,,,71,71_saone_loire
500231,Les Girards,47.04087,4.071949,12842,0,,,71,71_saone_loire
500044,Gare TGV,46.764719,4.499344,12862,0,,,71,71_saone_loire
500082,Lycée militaire,46.95115,4.305233,12986,0,,,71,71_saone_loire
500040,Mairie,46.512013,4.679531,13136,0,,,71,71_saone_loire
500245,Mairie,46.53469,4.569357,13138,0,,,71,71_saone_loire
500202,Montée Saint Martin,46.913682,5.159064,13147,0,,,71,71_saone_loire
500140,Les Quarts,46.734042,4.480555,13162,0,,,71,71_saone_loire
500214,Les Grillots,46.633571,5.256455,13233,0,,,71,71_saone_loire
500215,Rue du Jura,46.63222,5.241354,13243,0,,,71,71_saone_loire
500178,Rue de la Croix,46.530316,4.925676,13718,0,,,71,71_saone_loire
500203,Vieille Ferme,46.812583,4.947109,13913,0,,,71,71_saone_loire
500246,Le Bourg,46.485178,4.603706,13972,0,,,71,71_saone_loire
500204,Le Relais,46.899625,5.088008,14020,0,,,71,71_saone_loire
500041,Les Cours Perrault,46.686711,4.676742,14105,0,,,71,71_saone_loire
500094,Haut des Champs,46.988289,4.524148,14230,0,,,71,71_saone_loire
500232,Jean Jaurès,46.805028,4.414222,14244,0,,,71,71_saone_loire
500059,Mairie,46.721971,4.953555,14946,0,,1,71,71_saone_loire
500205,Salle des Fêtes,46.911095,5.200831,15014,0,,,71,71_saone_loire
500179,Oyen RN6,46.472757,4.897502,15032,0,,,71,71_saone_loire
500135,Neuzy  La Bourbince,46.498504,4.010542,15045,0,,,71,71_saone_loire
500233,Gare SNCF,46.867746,4.183698,15049,0,,,71,71_saone_loire
500083,Salle des fêtes,46.945729,4.395933,15090,0,,,71,71_saone_loire
500084,Hôpital,46.866471,4.579763,15091,0,,,71,71_saone_loire
500141,Les Rompois,46.686807,4.390589,15148,0,,1,71,71_saone_loire
500111,Gare SNCF,46.807645,4.430183,15186,0,,1,71,71_saone_loire
500190,Prondevaux,46.798336,4.938096,15192,0,,,71,71_saone_loire
500206,La Motte Seigneurial,46.819315,4.966842,15251,0,,1,71,71_saone_loire
500162,Le Guidon,46.562757,5.017323,15252,0,,,71,71_saone_loire
500142,Poste,46.700085,4.389435,15293,0,,,71,71_saone_loire
500085,Cifa,46.835588,4.702834,15294,0,,,71,71_saone_loire
500045,Parc Relais,46.756794,4.825096,15424,0,,,71,71_saone_loire
500207,Le Bourg,46.833305,4.989779,15430,0,,,71,71_saone_loire
500163,Mairie,46.609326,5.112049,15439,0,,,71,71_saone_loire
500180,Maison retraite,46.64152,4.87019,15451,0,,,71,71_saone_loire
500216,Mairie,46.669592,5.389434,15454,0,,1,71,71_saone_loire
500046,Parc Relais Jeanne R,46.747359,4.493986,15455,0,,,71,71_saone_loire
500208,Le Bourg,46.882174,5.041979,15493,0,,,71,71_saone_loire
500165,Raymond Dorey,46.561511,4.90952,15624,0,,,71,71_saone_loire
500136,Rue Jean Bouveri,46.599794,4.056316,15627,0,,,71,71_saone_loire
500137,Blanchisserie,46.663423,4.341724,15628,0,,,71,71_saone_loire
500147,Couronne,46.802963,4.415063,15678,0,,,71,71_saone_loire
500124,Bibliotheque municip,46.452241,4.117244,15735,0,,,71,71_saone_loire
500143,Mairie,46.725921,4.480869,15736,0,,,71,71_saone_loire
500042,Centre hospitalier,46.775661,4.839167,15737,0,,1,71,71_saone_loire
500113,Site Industriel,46.794627,4.435876,15754,0,,,71,71_saone_loire
500043,MASSILLY,46.490154,4.674059,15864,0,,,71,71_saone_loire
500192,Tennis,46.7836,5.214984,15865,0,,,71,71_saone_loire
500234,Gare,46.862607,4.295926,15941,0,,,71,71_saone_loire
500096,Gare,46.930575,4.631315,15942,0,,,71,71_saone_loire
500235,Gare,46.862541,4.245387,15953,0,,,71,71_saone_loire
500099,Gare,46.907637,4.723666,15955,0,,,71,71_saone_loire
500100,Gare,46.969224,4.559724,15957,0,,,71,71_saone_loire
500101,Gare,46.987453,4.466561,15960,0,,,71,71_saone_loire
500102,Gare,46.910985,4.701941,16108,0,,,71,71_saone_loire
500103,Gare,46.909507,4.654529,16109,0,,,71,71_saone_loire
500060,Port Villiers,46.779926,4.855623,16133,0,,,71,71_saone_loire
500062,Port Villiers,46.779799,4.855206,16136,0,,,71,71_saone_loire
500061,Parc des Expositions,46.784635,4.863724,16134,0,,,71,71_saone_loire
500063,Parc des Expositions,46.783916,4.864368,16137,0,,,71,71_saone_loire
500236,Gare,46.844328,4.34024,16232,0,,,71,71_saone_loire
500104,Lycée technique,46.938337,4.293751,16233,0,,,71,71_saone_loire
500105,Mairie,46.951848,4.630116,16234,0,,,71,71_saone_loire
500106,Place Carnot,46.951599,4.634579,16235,0,,,71,71_saone_loire
500107,Haut,46.910266,4.683288,16236,0,,,71,71_saone_loire
500257,Pré de la Tour,46.676702,5.521891,16341,0,,,71,71_saone_loire
500258,LTE,46.789212,4.834911,16388,0,,1,71,71_saone_loire
500260,V3,46.686615,4.681083,16478,0,,,71,71_saone_loire
3104188,Charles de Gaulle,46.7941607,4.8209322,16481,0,,,71,71_saone_loire
600572,AILLANT/THOLON-PLACE EGLISE,47.87442,3.350245,6414,0,,,89,89_yonne
600561,ABRI PLACE EGLISE,47.53446,3.886605,6403,0,,,89,89_yonne
600501,ABRI PLACE LAVOIR,48.09089,3.59897,6343,0,,,89,89_yonne
600365,MAIRIE ABRI,48.0448028,3.322472,6207,0,,,89,89_yonne
600315,POLE ECHANGE MULTIMODAL,47.8019912,3.5666572,6157,0,,,89,89_yonne
600316,C.I.F.A.,47.808962,3.581169,6158,0,,1,89,89_yonne
600585,ECOLE ELEMENTAIRE,47.658886,3.662671,6427,0,,,89,89_yonne
600579,EGLISE ABRI,47.919668,3.561142,6421,0,,,89,89_yonne
600546,ABRI PLACE LIBERTE,48.04598,3.60166,6388,0,,,89,89_yonne
600519,ABRI GRANDE RUE,48.145558,3.089775,6361,0,,,89,89_yonne
600504,PLACE MAIRIE,48.13169,3.487,6346,0,,,89,89_yonne
3103859,MAIRIE ABRI,48.319356,3.127681,6482,0,,,89,89_yonne
600547,VACHY,48.055714,3.639276,6389,0,,,89,89_yonne
600465,LA CHAPELLE/OREUSE-ABRI MAIRIE,48.289882,3.307068,6307,0,,,89,89_yonne
600466,ABRI PLACE L.POTHIER,48.257713,3.264839,6308,0,,,89,89_yonne
600457,VOLVENT,47.702567,3.418644,6299,0,,,89,89_yonne
600521,LES BESNARDS,48.101105,3.077526,6363,0,,,89,89_yonne
3103026,MAIRIE,47.984445,3.577345,6453,0,,,89,89_yonne
600562,S-ABRI RUE DU CRAI,47.521239,3.920023,6404,0,,,89,89_yonne
600467,RUE EGLISE,48.2645662,3.2557949,6309,0,,,89,89_yonne
3103027,PLACE MAIRIE,47.897324,3.234558,6454,0,,,89,89_yonne
3103867,FACE 71 GDE RUE,47.867445,3.449152,6490,0,,,89,89_yonne
600344,PLACE EGLISE,47.81487,3.86213,6186,0,,,89,89_yonne
600534,MONUMENT AUX MORTS,47.806766,3.153838,6376,0,,,89,89_yonne
600602,PLACE MAIRIE,47.622138,3.862024,6444,0,,,89,89_yonne
600373,LAROCHE ST CYDROINE-PLACE MAIRIE,47.96409,3.48431,6215,0,,,89,89_yonne
600482,LIGNY/CHATEL-ABRI AUBERGE DU BIEF,47.8979798,3.7567137,6324,0,,,89,89_yonne
600563,ARRET CARS RD944,47.557438,3.890877,6405,0,,,89,89_yonne
600590,EGLISE,47.603923,3.677154,6432,0,,,89,89_yonne
600374,PARKING LUXEMBOURG ABRI,47.96383,3.52272,6216,0,,,89,89_yonne
600375,HLM RUE LAFAYETTE ABRI,47.970083,3.520546,6217,0,,,89,89_yonne
600376,PLACE DU 1ER MAI ABRI,47.96074,3.52669,6218,0,,,89,89_yonne
600603,ABRI 40 RUE REPUBLIQUE,47.671785,3.878007,6445,0,,,89,89_yonne
600357,LA CHAPELLE ABRI,47.755182,3.415019,6199,0,,,89,89_yonne
600377,ST AUBIN/YONNE-CIMETIERE,48.00212,3.3439,6219,0,,,89,89_yonne
600378,ST AUBIN/YONNE-3 ROUTE NATIONALE,47.999959,3.348319,6220,0,,,89,89_yonne
600319,ST FLORENTIN-HLM,48.0009,3.72046,6161,0,,1,89,89_yonne
600320,ST FLORENTIN-MAIRIE,48.001749,3.7286,6162,0,,,89,89_yonne
600552,ST MARTIN/OREUSE-LAUNAY ABRI,48.294036,3.348554,6394,0,,,89,89_yonne
600564,PLACE DE LA MAIRIE,47.576383,3.777562,6406,0,,,89,89_yonne
600359,ST PRIVE-ABRI (X) RD90/RD221,47.684368,2.998466,6201,0,,,89,89_yonne
600526,ST VALERIEN-FERRIERES,48.16441,3.09967,6368,0,,,89,89_yonne
3104171,PLACE CARON,47.749472,3.915091,6495,0,,,89,89_yonne
600527,SAVIGNY/CLAIRIS-LES DORNETS,48.062374,3.094066,6369,0,,,89,89_yonne
600580,PLACE COLBERT ABRI,47.90356,3.600169,6422,0,,,89,89_yonne
600599,BD FOCH PLACE DES HEROS,48.19738,3.290969,6441,0,,,89,89_yonne
600380,LYCEES / PLACE WALESA,48.201265,3.302237,6222,0,,,89,89_yonne
600450,PLACE JEAN JAURES,48.199432,3.283069,6292,0,,,89,89_yonne
600469,GENDARMERIE ABRI,48.345162,3.263085,6311,0,,,89,89_yonne
600565,EGLISE,47.535985,3.792013,6407,0,,,89,89_yonne
600566,ABRI EGLISE,47.527816,3.857798,6408,0,,,89,89_yonne
600591,TRUCY/YONNE-EGLISE ABRI,47.62801,3.660249,6433,0,,,89,89_yonne
600494,ARRET DES CARS,47.463222,3.741879,6336,0,,,89,89_yonne
600385,VVE/YONNE-POSTE 94 RUE CARNOT,48.083953,3.294877,6227,0,,1,89,89_yonne
600386,ARRET DES CARS,48.02218,3.31301,6228,0,,,89,89_yonne
600470,EGLISE,48.351386,3.133885,6312,0,,,89,89_yonne
600471,90 RUE VICTOR HUGO,48.348439,3.143901,6313,0,,,89,89_yonne
600472,PLACE SAINT REMY,48.353776,3.129717,6314,0,,,89,89_yonne
600567,VOUTENAY/CURE-ABRI PLACE MAIRIE,47.561336,3.784635,6409,0,,,89,89_yonne
600432,RUE ORANGERIE ABRI,47.79337,3.94706,6274,0,,,89,89_yonne
600581,ABRI MAIRIE,47.95193,3.626141,6423,0,,,89,89_yonne
600582,CORNETS PARKING PL,47.928813,3.607873,6424,0,,,89,89_yonne
600473,COURLON/YONNE-CENTRE,48.339034,3.166508,6315,0,,,89,89_yonne
600536,PLACE DE L'EGLISE,47.939054,3.128573,6378,0,,,89,89_yonne
600592,EGLISE,47.64916,3.670602,6434,0,,,89,89_yonne
600322,ARQUEBUSE,47.792375,3.567462,6164,0,,,89,89_yonne
600389,LES 3 VENEURS,47.966836,3.505499,6231,0,,,89,89_yonne
600390,ABRI D943,47.96567,3.46303,6232,0,,,89,89_yonne
600392,ST AUBIN/YONNE-SOUS VILLIERS,47.98872,3.3717,6234,0,,,89,89_yonne
600393,Rue J. Verne (salle polyv),48.192627,3.293892,6235,0,,,89,89_yonne
600394,GARIBALDI (Côté théâtre),48.199946,3.281935,6236,0,,,89,89_yonne
600395,17 AVENUE DE LA GARE,48.19717,3.26819,6237,0,,,89,89_yonne
600331,EGLISE,47.61409,3.50047,6173,0,,,89,89_yonne
600349,58 BIS RUE VAUCORBE,47.854094,3.96892,6191,0,,,89,89_yonne
600350,POINCHY RD  965,47.82232,3.7745,6192,0,,,89,89_yonne
600351,26 RTE NATIONALE ABRI,47.81793,3.72504,6193,0,,,89,89_yonne
600486,LA CHAPELLE ABRI RUE DU VERDEAU,47.9508,3.88071,6328,0,,,89,89_yonne
600489,ABRI 58 GRANDE RUE,47.87023,3.76261,6331,0,,,89,89_yonne
600528,SAVIGNY/CLAIRIS-DOMAINE,48.078965,3.089896,6370,0,,,89,89_yonne
3103860,PONT/YONNE-ABRI QUAI REPUBLIQUE,48.2859305,3.2057241,6483,0,,,89,89_yonne
600413,VVE L'ARCHEVEQUE-46 RUE BREARD,48.23682,3.55806,6255,0,,,89,89_yonne
3104186,EGLISE,48.23553,3.53645,6497,0,,,89,89_yonne
600418,PONT/VANNE-ABRI RUE ADAM,48.183677,3.443922,6260,0,,,89,89_yonne
600360,PLACE DES FRERES GENETS,47.733741,3.294211,6202,0,,,89,89_yonne
600537,CHARNY-PLACE VICTOR HUGO ABRI,47.883274,3.096246,6379,0,,,89,89_yonne
600538,ST MARTIN/OUANNE-ABRI PL GARE,47.839626,3.105395,6380,0,,,89,89_yonne
600458,ST SAUVEUR-GERBAUDE,47.619709,3.192579,6300,0,,,89,89_yonne
3103864,SAINTS-ARRET DES CARS EGLISE,47.62089,3.262925,6487,0,,,89,89_yonne
3103865,PARKING ABRI,47.653521,3.326626,6488,0,,,89,89_yonne
600461,ARRET DES CARS,47.683516,3.375377,6303,0,,,89,89_yonne
600531,SAVIGNY/CLAIRIS-EGLISE,48.07523,3.092007,6373,0,,,89,89_yonne
600361,ST FARGEAU-PROMENADE DU GRILLON,47.641056,3.067926,6203,0,,,89,89_yonne
600597,1 RUE JEAN MOULIN ECOLE ABRI,48.201043,2.994532,6439,0,,,89,89_yonne
600325,LORDONNOIS ABRI PLACE,47.941343,3.732766,6167,0,,,89,89_yonne
600593,ABRI BD DU NORD,47.597204,3.636074,6435,0,,,89,89_yonne
600568,VASSY MAIRIE,47.536555,3.914593,6410,0,,,89,89_yonne
600397,15 ROUTE DE VERON,48.15045,3.31144,6239,0,,,89,89_yonne
600355,ECOLE MAIRIE,47.81416,3.79929,6197,0,,,89,89_yonne
600326,MAIRIE,47.991799,3.616984,6168,0,,,89,89_yonne
600594,PLACE JOUBLOT,47.599728,3.681126,6436,0,,,89,89_yonne
600335,PLACE DES JEUX,47.4595,3.5208,6177,0,,,89,89_yonne
600600,LYCEE,47.455897,3.529935,6442,0,,,89,89_yonne
600539,PLACE ABRI,47.913844,3.129597,6381,0,,,89,89_yonne
600398,EGLISE,48.129831,3.306969,6240,0,,,89,89_yonne
600399,ROND POINT DE LA RESISTANC,47.97691,3.39366,6241,0,,,89,89_yonne
600401,MARCHE COUVERT,47.962491,3.51452,6243,0,,,89,89_yonne
600532,EGLISE ABRI,48.169017,3.138205,6374,0,,,89,89_yonne
3103023,SEREIN-PLACE MAIRIE,47.69563,3.99561,6450,0,,,89,89_yonne
600512,THEIL/VANNE-ABRI 2 RTE DU MIROIR,48.16737,3.42673,6354,0,,,89,89_yonne
600474,COURLON/YONNE-R.QUAI DE LA FORGE,48.341165,3.160736,6316,0,,,89,89_yonne
600475,COURLON/YONNE-SALLE DES FETES,48.338024,3.169377,6317,0,,,89,89_yonne
600476,EGLISE,48.320255,3.204415,6318,0,,,89,89_yonne
600558,ST MARTIN/OREUSE-ABRI EGLISE,48.293165,3.33824,6400,0,,,89,89_yonne
600559,FLEURIGNY/OREUSE-ABRI,48.29253,3.3679,6401,0,,,89,89_yonne
600560,THORIGNY/OREUSE-ARRET SCO+RES JA,48.2931,3.400382,6402,0,,,89,89_yonne
600548,MONUMENT ABRI,48.0302368,3.6312459,6390,0,,,89,89_yonne
600513,ABRI ROUTE DE COLLATE X,48.155583,3.437451,6355,0,,,89,89_yonne
600362,PLACE DE LA LIBERATION,47.700237,2.948312,6204,0,,1,89,89_yonne
600477,PLACE EGLISE,48.309885,3.233583,6319,0,,,89,89_yonne
3104172,PLACE,47.6103,3.175446,6496,0,,,89,89_yonne
3103866,MAIRIE,47.648671,3.304943,6489,0,,,89,89_yonne
600405,ABRI CIMETIERE,48.005803,3.328242,6247,0,,,89,89_yonne
600583,EGLISE ABRI,47.952545,3.572916,6425,0,,,89,89_yonne
600478,C.C. LECLERC,48.216383,3.279315,6320,0,,,89,89_yonne
600340,ABRI RTE DE COURSON,47.67591,3.53834,6182,0,,,89,89_yonne
3103868,MAIRIE,47.865775,3.393818,6491,0,,,89,89_yonne
600406,58 ROUTE DE VERON,48.146256,3.314168,6248,0,,,89,89_yonne
3103022,FOISSY/VANNE-RD660 X RUE E. PIEDE,48.22287,3.503468,6449,0,,,89,89_yonne
600605,MAIRIE,47.783238,3.202268,6447,0,,,89,89_yonne
600596,ABRI RUE LA TUILERIE,47.642911,3.665308,6438,0,,,89,89_yonne
600407,FEU RD606 ARRET CAR,47.877257,3.53063,6249,0,,,89,89_yonne
600584,LECLERC,47.798214,3.579797,6426,0,,,89,89_yonne
600570,CENTRE COMMERCIAL,47.498965,3.907342,6412,0,,,89,89_yonne
600571,PLACE DES TILLEULS,47.530309,3.841213,6413,0,,,89,89_yonne
3103861,VVE LA GUYARD-PARKING ST EXUPERY,48.339411,3.072856,6484,0,,,89,89_yonne
3103024,MAIRIE,48.132629,3.551079,6451,0,,,89,89_yonne
600454,ABRI RD81,48.1758,3.184984,6296,0,,,89,89_yonne
600455,ST VALERIEN -25 RUE REPUBLIQUE,48.178994,3.096151,6297,0,,,89,89_yonne
600456,5 BD MAIL GASTON MARNOT,48.199198,3.285627,6298,0,,,89,89_yonne
600496,CENTRE,47.471309,4.02604,6338,0,,,89,89_yonne
600497,CENTRE,47.499603,4.122157,6339,0,,,89,89_yonne
600499,CENTRE,47.58433,4.265025,6341,0,,,89,89_yonne
600464,1 AVENUE DE LA GARE,47.601957,3.763511,6306,0,,,89,89_yonne
600533,ABRI PLACE MAIRIE,48.11384,3.066118,6375,0,,,89,89_yonne
600363,5 ROUTE DE TOUCY,47.702717,3.175029,6205,0,,1,89,89_yonne
600364,7 ROUTE DE TOUCY,47.7028,3.175107,6206,0,,,89,89_yonne
600493,FLOGNY-X RUE DE LA  POSTE / RD905,47.952195,3.870864,6335,0,,,89,89_yonne
600480,EGLISE MAIRIE,48.280464,3.243053,6322,0,,,89,89_yonne
3103862,POURPRISES AV G.LECLERC,48.316084,3.138209,6485,0,,,89,89_yonne
600604,EGLISE,47.529078,3.073988,6446,0,,,89,89_yonne
600606,RUE MARECHAL FOCH,47.490114,3.909432,6448,0,,,89,89_yonne
3103025,HOPITAL,48.192412,3.299537,6452,0,,,89,89_yonne
3103402,CIMETIERE,48.13022,3.305536,6456,0,,,89,89_yonne
3103403,VVE/YONNE-55 RUE CARNOT,48.08274,3.294458,6457,0,,1,89,89_yonne
3103404,AIRE DE COVOITURAGE PEAGE,47.796793,3.655617,6458,0,,,89,89_yonne
3103849,PEM QUAI 13,47.8020595,3.5657797,6472,0,,1,89,89_yonne
3103847,PEM QUAI 14,47.802218,3.5657009,6470,0,,1,89,89_yonne
3103839,PEM QUAI 15,47.8025414,3.5658282,6462,0,,1,89,89_yonne
3103851,PEM QUAI 16,47.8025947,3.5660599,6474,0,,1,89,89_yonne
3103854,PEM QUAI 17,47.8026691,3.5663904,6477,0,,1,89,89_yonne
3103863,PEM QUAI 18,47.80272,3.566624,6486,0,,1,89,89_yonne
3103562,PEM QUAI CDG,47.8021369,3.567246,6459,0,,1,89,89_yonne
3103840,PEM QUAI 13,47.9816364,3.4197351,6463,0,,,89,89_yonne
3103841,PEM QUAI 14,47.9816928,3.4197876,6464,0,,,89,89_yonne
3103842,PEM QUAI 15,47.9817387,3.4197896,6465,0,,,89,89_yonne
3103843,PEM QUAI 23,47.9813001,3.4198208,6466,0,,,89,89_yonne
3103844,6 RUE PAUL DOUMER,47.79637,3.5844187,6467,0,,,89,89_yonne
3103837,24 BOULEVARD DU MAIL,48.1992462,3.2889036,6460,0,,,89,89_yonne
3103850,2 AVENUE DE LA GARE,47.8587216,3.9743,6473,0,,,89,89_yonne
3103848,SAINT FLORENTIN-VERGIGNY 3 RUE DE LA GARE,47.9787257,3.7271374,6471,0,,,89,89_yonne
3103852,COULANGES SUR YONNE-X RUE DU NIVERNAIS ET RUE DE LA GARE,47.527647,3.5469055,6475,0,,,89,89_yonne
3103855,3 PLACE DE LA GARE,47.4957976,3.9120958,6478,0,,,89,89_yonne
3103869,3 RUE DE LA GARE,47.9742039,3.3937696,6492,0,,,89,89_yonne
3103853,46 AVENUE DE LA GARE,47.466558,3.520941,6476,0,,,89,89_yonne
3103856,RUE DE LA GARE,47.5288396,3.7923806,6479,0,,,89,89_yonne
3103857,1 PLACE DE LA GARE,47.6189924,4.3369632,6480,0,,,89,89_yonne
3103858,CENTRE,47.5065707,4.1712591,6481,0,,,89,89_yonne
3103845,ARRET JEAN MONNET,47.8139133,3.5648498,6468,0,,1,89,89_yonne
3103838,39 BOULEVARD DU MAIL,48.1997595,3.2879837,6461,0,,,89,89_yonne
3104169,ABRI 24 BIS RUE PAUL DESJARDINS,47.9097839,3.7107085,6493,0,,,89,89_yonne
3104170,37 BIS RUE PAUL DESJARDINS,47.9101882,3.7108472,6494,0,,,89,89_yonne
UT21:ST:01661,Eglise,0.0,0.0,01661,1,,0,region,region_lignes_regulieres
UT21:ST:01662,Vesvrotte -,0.0,0.0,01662,1,,0,region,region_lignes_regulieres
UT21:ST:01669,Arçon -,0.0,0.0,01669,1,,0,region,region_lignes_regulieres
UT21:ST:01675,Village Place -,0.0,0.0,01675,1,,0,region,region_lignes_regulieres
UT21:ST:01681,Centre -,0.0,0.0,01681,1,,0,region,region_lignes_regulieres
UT21:ST:01695,Les tranchées -,0.0,0.0,01695,1,,0,region,region_lignes_regulieres
UT21:ST:01705,Ecole -,0.0,0.0,01705,1,,0,region,region_lignes_regulieres
UT21:ST:01774,Fouchanges -,0.0,0.0,01774,1,,0,region,region_lignes_regulieres
UT21:ST:01775,fbg Gallas/Charmes -,0.0,0.0,01775,1,,0,region,region_lignes_regulieres
UT21:ST:01794,Arnay le Duc  Collège -,0.0,0.0,01794,1,,0,region,region_lignes_regulieres
UT21:ST:01804,Ecole -,0.0,0.0,01804,1,,0,region,region_lignes_regulieres
UT21:ST:01809,Ecole Primaire -,0.0,0.0,01809,1,,0,region,region_lignes_regulieres
UT21:ST:01849,Ecole -,0.0,0.0,01849,1,,0,region,region_lignes_regulieres
UT21:ST:01861,Crépand Cimetiere,0.0,0.0,01861,1,,0,region,region_lignes_regulieres
UT21:ST:01868,abri bus -,0.0,0.0,01868,1,,0,region,region_lignes_regulieres
UT21:ST:01873,Place -,0.0,0.0,01873,1,,0,region,region_lignes_regulieres
UT21:ST:01903,Collège -,0.0,0.0,01903,1,,0,region,region_lignes_regulieres
UT21:ST:01904,Ecole -,0.0,0.0,01904,1,,0,region,region_lignes_regulieres
UT21:ST:01905,Route de Beaune -,0.0,0.0,01905,1,,0,region,region_lignes_regulieres
UT21:ST:01941,Lotissement Hauterive -,0.0,0.0,01941,1,,0,region,region_lignes_regulieres
UT21:ST:01942,Place de l'Ascension -,0.0,0.0,01942,1,,0,region,region_lignes_regulieres
UT21:ST:01943,Eglise -,0.0,0.0,01943,1,,0,region,region_lignes_regulieres
UT21:ST:01953,Mairie -,0.0,0.0,01953,1,,0,region,region_lignes_regulieres
UT21:ST:01961,Mairie -,0.0,0.0,01961,1,,0,region,region_lignes_regulieres
UT21:ST:01990,Monument -,0.0,0.0,01990,1,,0,region,region_lignes_regulieres
UT21:ST:02002,Grande rue -,0.0,0.0,02002,1,,0,region,region_lignes_regulieres
UT21:ST:02048,abribus -,0.0,0.0,02048,1,,0,region,region_lignes_regulieres
UT21:ST:02054,Pl Marmont jet d'eau -,0.0,0.0,02054,1,,0,region,region_lignes_regulieres
UT21:ST:02091,Cehvigny en Valière Mairie -,0.0,0.0,02091,1,,0,region,region_lignes_regulieres
UT21:ST:02116,Centre -,0.0,0.0,02116,1,,0,region,region_lignes_regulieres
UT21:ST:02117,S.B.M. -,0.0,0.0,02117,1,,0,region,region_lignes_regulieres
UT21:ST:02159,Mairie -,0.0,0.0,02159,1,,0,region,region_lignes_regulieres
UT21:ST:02209,route d' Is sur tille -,0.0,0.0,02209,1,,0,region,region_lignes_regulieres
UT21:ST:02211,Château -,0.0,0.0,02211,1,,0,region,region_lignes_regulieres
UT21:ST:02236,Departementale 951 -,0.0,0.0,02236,1,,0,region,region_lignes_regulieres
UT21:ST:02249,Ecole -,0.0,0.0,02249,1,,0,region,region_lignes_regulieres
UT21:ST:02250,Logis De Gemeaux Usine -,0.0,0.0,02250,1,,0,region,region_lignes_regulieres
UT21:ST:02252,Ecole,0.0,0.0,02252,1,,0,region,region_lignes_regulieres
UT21:ST:02255,Genlis Gare SNCF -,0.0,0.0,02255,1,,0,region,region_lignes_regulieres
UT21:ST:02269,Mairie -,0.0,0.0,02269,1,,0,region,region_lignes_regulieres
UT21:ST:02277,La Raquette -,0.0,0.0,02277,1,,0,region,region_lignes_regulieres
UT21:ST:02284,Abribus Grande rue -,0.0,0.0,02284,1,,0,region,region_lignes_regulieres
UT21:ST:02315,Eglise,0.0,0.0,02315,1,,0,region,region_lignes_regulieres
UT21:ST:02317,Ecole A. France -,0.0,0.0,02317,1,,0,region,region_lignes_regulieres
UT21:ST:02325,Izeure Ecole,0.0,0.0,02325,1,,0,region,region_lignes_regulieres
UT21:ST:02346,Collège Clos de Pouilly -,0.0,0.0,02346,1,,0,region,region_lignes_regulieres
UT21:ST:02361,Bourg -,0.0,0.0,02361,1,,0,region,region_lignes_regulieres
UT21:ST:02362,Centre D980 -,0.0,0.0,02362,1,,0,region,region_lignes_regulieres
UT21:ST:02368,Billardon -,0.0,0.0,02368,1,,0,region,region_lignes_regulieres
UT21:ST:02388,Square Darcy Hôtel de La Cloche -,0.0,0.0,02388,1,,0,region,region_lignes_regulieres
UT21:ST:02425,Centre -,0.0,0.0,02425,1,,0,region,region_lignes_regulieres
UT21:ST:02455,Place de l'église -,0.0,0.0,02455,1,,0,region,region_lignes_regulieres
UT21:ST:02468,mairie,0.0,0.0,02468,1,,0,region,region_lignes_regulieres
UT21:ST:02507,Ecole abribus -,0.0,0.0,02507,1,,0,region,region_lignes_regulieres
UT21:ST:02528,Ecole,0.0,0.0,02528,1,,0,region,region_lignes_regulieres
UT21:ST:02575,Collège -,0.0,0.0,02575,1,,0,region,region_lignes_regulieres
UT21:ST:02576,Centre -,0.0,0.0,02576,1,,0,region,region_lignes_regulieres
UT21:ST:02577,route de Poncey -,0.0,0.0,02577,1,,0,region,region_lignes_regulieres
UT21:ST:02597,Leuglay Centre,0.0,0.0,02597,1,,0,region,region_lignes_regulieres
UT21:ST:02600,La Guette Ecole -,0.0,0.0,02600,1,,0,region,region_lignes_regulieres
UT21:ST:02606,Centre -,0.0,0.0,02606,1,,0,region,region_lignes_regulieres
UT21:ST:02608,Huis Renaud abris Bus -,0.0,0.0,02608,1,,0,region,region_lignes_regulieres
UT21:ST:02617,Eglise -,0.0,0.0,02617,1,,0,region,region_lignes_regulieres
UT21:ST:02618,Lycée de la Céramique -,0.0,0.0,02618,1,,0,region,region_lignes_regulieres
UT21:ST:02623,Ancienne Ecole -,0.0,0.0,02623,1,,0,region,region_lignes_regulieres
UT21:ST:02636,Place -,0.0,0.0,02636,1,,0,region,region_lignes_regulieres
UT21:ST:02639,Place -,0.0,0.0,02639,1,,0,region,region_lignes_regulieres
UT21:ST:02650,Place -,0.0,0.0,02650,1,,0,region,region_lignes_regulieres
UT21:ST:02660,Eglise -,0.0,0.0,02660,1,,0,region,region_lignes_regulieres
UT21:ST:02687,Centre -,0.0,0.0,02687,1,,0,region,region_lignes_regulieres
UT21:ST:02708,Pl. Monument -,0.0,0.0,02708,1,,0,region,region_lignes_regulieres
UT21:ST:02723,Ecole -,0.0,0.0,02723,1,,0,region,region_lignes_regulieres
UT21:ST:02742,Route de Pontailler -,0.0,0.0,02742,1,,0,region,region_lignes_regulieres
UT21:ST:02753,Le Bas -,0.0,0.0,02753,1,,0,region,region_lignes_regulieres
UT21:ST:02773,église -,0.0,0.0,02773,1,,0,region,region_lignes_regulieres
UT21:ST:02784,Ménetreux Abri-Bus,0.0,0.0,02784,1,,0,region,region_lignes_regulieres
UT21:ST:02795,Minot Place,0.0,0.0,02795,1,,0,region,region_lignes_regulieres
UT21:ST:02802,Croix De Molphey abribus,0.0,0.0,02802,1,,0,region,region_lignes_regulieres
UT21:ST:02812,Les Bordes Collège Pasteur  -,0.0,0.0,02812,1,,0,region,region_lignes_regulieres
UT21:ST:02814,Corbeton -,0.0,0.0,02814,1,,0,region,region_lignes_regulieres
UT21:ST:02816,St Pierre -,0.0,0.0,02816,1,,0,region,region_lignes_regulieres
UT21:ST:02830,Villiers RD 980 -,0.0,0.0,02830,1,,0,region,region_lignes_regulieres
UT21:ST:02832,Centre -,0.0,0.0,02832,1,,0,region,region_lignes_regulieres
UT21:ST:02838,Abri Bus -,0.0,0.0,02838,1,,0,region,region_lignes_regulieres
UT21:ST:02870,Place -,0.0,0.0,02870,1,,0,region,region_lignes_regulieres
UT21:ST:02885,RD905 -,0.0,0.0,02885,1,,0,region,region_lignes_regulieres
UT21:ST:02899,Place,0.0,0.0,02899,1,,0,region,region_lignes_regulieres
UT21:ST:02902,Monument -,0.0,0.0,02902,1,,0,region,region_lignes_regulieres
UT21:ST:02904,Chavognier -,0.0,0.0,02904,1,,0,region,region_lignes_regulieres
UT21:ST:02909,Chanteau -,0.0,0.0,02909,1,,0,region,region_lignes_regulieres
UT21:ST:02915,Place -,0.0,0.0,02915,1,,0,region,region_lignes_regulieres
UT21:ST:02925,Pont,0.0,0.0,02925,1,,0,region,region_lignes_regulieres
UT21:ST:02928,Mairie -,0.0,0.0,02928,1,,0,region,region_lignes_regulieres
UT21:ST:02929,Cimetière -,0.0,0.0,02929,1,,0,region,region_lignes_regulieres
UT21:ST:02930,Lotissement -,0.0,0.0,02930,1,,0,region,region_lignes_regulieres
UT21:ST:02943,abribus -,0.0,0.0,02943,1,,0,region,region_lignes_regulieres
UT21:ST:02977,Sivry Ouche Billot -,0.0,0.0,02977,1,,0,region,region_lignes_regulieres
UT21:ST:02980,La Blancharde Place,0.0,0.0,02980,1,,0,region,region_lignes_regulieres
UT21:ST:02987,Place,0.0,0.0,02987,1,,0,region,region_lignes_regulieres
UT21:ST:03008,Charmes -,0.0,0.0,03008,1,,0,region,region_lignes_regulieres
UT21:ST:03024,RD 960/ rue Assomption -,0.0,0.0,03024,1,,0,region,region_lignes_regulieres
UT21:ST:03048,Village -,0.0,0.0,03048,1,,0,region,region_lignes_regulieres
UT21:ST:03066,Croisement RD971 -,0.0,0.0,03066,1,,0,region,region_lignes_regulieres
UT21:ST:03068,Monument -,0.0,0.0,03068,1,,0,region,region_lignes_regulieres
UT21:ST:03071,Saint Jean -,0.0,0.0,03071,1,,0,region,region_lignes_regulieres
UT21:ST:03074,Pont -,0.0,0.0,03074,1,,0,region,region_lignes_regulieres
UT21:ST:03087,Le Guidon -,0.0,0.0,03087,1,,0,region,region_lignes_regulieres
UT21:ST:03109,Cosne Parking Scierie -,0.0,0.0,03109,1,,0,region,region_lignes_regulieres
UT21:ST:03114,Abri Bus,0.0,0.0,03114,1,,0,region,region_lignes_regulieres
UT21:ST:03144,Place Du Marché -,0.0,0.0,03144,1,,0,region,region_lignes_regulieres
UT21:ST:03168,Ecole -,0.0,0.0,03168,1,,0,region,region_lignes_regulieres
UT21:ST:03172,Goix -,0.0,0.0,03172,1,,0,region,region_lignes_regulieres
UT21:ST:03175,Villars Abri Bus -,0.0,0.0,03175,1,,0,region,region_lignes_regulieres
UT21:ST:03216,Château -,0.0,0.0,03216,1,,0,region,region_lignes_regulieres
UT21:ST:03222,Place -,0.0,0.0,03222,1,,0,region,region_lignes_regulieres
UT21:ST:03253,Saulx La Ville -,0.0,0.0,03253,1,,0,region,region_lignes_regulieres
UT21:ST:03261,Lotissement -,0.0,0.0,03261,1,,0,region,region_lignes_regulieres
UT21:ST:03262,rue de la Mare -,0.0,0.0,03262,1,,0,region,region_lignes_regulieres
UT21:ST:03263,Mairie -,0.0,0.0,03263,1,,0,region,region_lignes_regulieres
UT21:ST:03276,Abri Bus,0.0,0.0,03276,1,,0,region,region_lignes_regulieres
UT21:ST:03296,Liberté -,0.0,0.0,03296,1,,0,region,region_lignes_regulieres
UT21:ST:03300,Senailly - Place,0.0,0.0,03300,1,,0,region,region_lignes_regulieres
UT21:ST:03323,Ecole -,0.0,0.0,03323,1,,0,region,region_lignes_regulieres
UT21:ST:03330,Lavoir,0.0,0.0,03330,1,,0,region,region_lignes_regulieres
UT21:ST:03370,Centre -,0.0,0.0,03370,1,,0,region,region_lignes_regulieres
UT21:ST:03387,Ecole -,0.0,0.0,03387,1,,0,region,region_lignes_regulieres
UT21:ST:03389,Poste -,0.0,0.0,03389,1,,0,region,region_lignes_regulieres
UT21:ST:03414,Mairie -,0.0,0.0,03414,1,,0,region,region_lignes_regulieres
UT21:ST:03439,Mairie - Abribus -,0.0,0.0,03439,1,,0,region,region_lignes_regulieres
UT21:ST:03440,DIJON Gare de Dijon-Ville (Tram),0.0,0.0,03440,1,,0,region,region_lignes_regulieres
UT21:ST:03441,Mairie Ecole -,0.0,0.0,03441,1,,0,region,region_lignes_regulieres
UT21:ST:03442,Bas -,0.0,0.0,03442,1,,0,region,region_lignes_regulieres
UT21:ST:03448,Château d'eau -,0.0,0.0,03448,1,,0,region,region_lignes_regulieres
UT21:ST:03450,Abri Bus,0.0,0.0,03450,1,,0,region,region_lignes_regulieres
UT21:ST:03459,Collège -,0.0,0.0,03459,1,,0,region,region_lignes_regulieres
UT21:ST:03467,les Grandes écoles -,0.0,0.0,03467,1,,0,region,region_lignes_regulieres
UT21:ST:03468,Ecole -,0.0,0.0,03468,1,,0,region,region_lignes_regulieres
UT21:ST:03514,Mairie -,0.0,0.0,03514,1,,0,region,region_lignes_regulieres
UT21:ST:03516,Fenay Pringole -,0.0,0.0,03516,1,,0,region,region_lignes_regulieres
UT21:ST:03518,La Croix -,0.0,0.0,03518,1,,0,region,region_lignes_regulieres
UT21:ST:03519,Maladière -,0.0,0.0,03519,1,,0,region,region_lignes_regulieres
UT21:ST:03520,Fixey -,0.0,0.0,03520,1,,0,region,region_lignes_regulieres
UT21:ST:03521,Noisot -,0.0,0.0,03521,1,,0,region,region_lignes_regulieres
UT21:ST:03522,Croisement D974 -,0.0,0.0,03522,1,,0,region,region_lignes_regulieres
UT21:ST:03523,Centre -,0.0,0.0,03523,1,,0,region,region_lignes_regulieres
UT21:ST:03524,Commerces -,0.0,0.0,03524,1,,0,region,region_lignes_regulieres
UT21:ST:03526,La Forgeotte-D996 -,0.0,0.0,03526,1,,0,region,region_lignes_regulieres
UT21:ST:03532,Collège -,0.0,0.0,03532,1,,0,region,region_lignes_regulieres
UT21:ST:03534,Croix des Champs -,0.0,0.0,03534,1,,0,region,region_lignes_regulieres
UT21:ST:03536,Gevrey Chambertin Barraques -,0.0,0.0,03536,1,,0,region,region_lignes_regulieres
UT21:ST:03537,Gevrey Chambertin Gare -,0.0,0.0,03537,1,,0,region,region_lignes_regulieres
UT21:ST:03538,Justice -,0.0,0.0,03538,1,,0,region,region_lignes_regulieres
UT21:ST:03539,Lavaux -,0.0,0.0,03539,1,,0,region,region_lignes_regulieres
UT21:ST:03540,Maladière -,0.0,0.0,03540,1,,0,region,region_lignes_regulieres
UT21:ST:03541,Marronniers -,0.0,0.0,03541,1,,0,region,region_lignes_regulieres
UT21:ST:03544,Gevrey Chambertin Spy -,0.0,0.0,03544,1,,0,region,region_lignes_regulieres
UT21:ST:03546,Centre -,0.0,0.0,03546,1,,0,region,region_lignes_regulieres
UT21:ST:03547,Aire de loisirs -,0.0,0.0,03547,1,,0,region,region_lignes_regulieres
UT21:ST:03549,Gendarmerie -,0.0,0.0,03549,1,,0,region,region_lignes_regulieres
UT21:ST:03550,Mairie -,0.0,0.0,03550,1,,0,region,region_lignes_regulieres
UT21:ST:03551,CHU Hopitaux,0.0,0.0,03551,1,,0,region,region_lignes_regulieres
UT21:ST:03552,Rue du Bas -,0.0,0.0,03552,1,,0,region,region_lignes_regulieres
UT21:ST:03553,Boutonnière -,0.0,0.0,03553,1,,0,region,region_lignes_regulieres
UT21:ST:03554,Centre -,0.0,0.0,03554,1,,0,region,region_lignes_regulieres
UT21:ST:03555,Lotissement -,0.0,0.0,03555,1,,0,region,region_lignes_regulieres
UT21:ST:03556,Jossigny -,0.0,0.0,03556,1,,0,region,region_lignes_regulieres
UT21:ST:03557,Mairie -,0.0,0.0,03557,1,,0,region,region_lignes_regulieres
UT21:ST:03558,La Forge -,0.0,0.0,03558,1,,0,region,region_lignes_regulieres
UT21:ST:03559,L'Abbaye -,0.0,0.0,03559,1,,0,region,region_lignes_regulieres
UT21:ST:03560,route de Beaune D974 -,0.0,0.0,03560,1,,0,region,region_lignes_regulieres
UT21:ST:03561,Greuze La Noue (CFA) -,0.0,0.0,03561,1,,0,region,region_lignes_regulieres
UT21:ST:03562,Collège -,0.0,0.0,03562,1,,0,region,region_lignes_regulieres
UT21:ST:03563,ZI Entrée Est -,0.0,0.0,03563,1,,0,region,region_lignes_regulieres
UT21:ST:03565,Marigny Les Reullee -,0.0,0.0,03565,1,,0,region,region_lignes_regulieres
UT21:ST:03568,collège Aymé -,0.0,0.0,03568,1,,0,region,region_lignes_regulieres
UT21:ST:03570,Château -,0.0,0.0,03570,1,,0,region,region_lignes_regulieres
UT21:ST:03574,Mairie -,0.0,0.0,03574,1,,0,region,region_lignes_regulieres
UT21:ST:03576,Rameau -,0.0,0.0,03576,1,,0,region,region_lignes_regulieres
UT21:ST:03579,Saint Vincent -,0.0,0.0,03579,1,,0,region,region_lignes_regulieres
UT21:ST:03580,Champagne Haute -,0.0,0.0,03580,1,,0,region,region_lignes_regulieres
UT21:ST:03581,Champforey -,0.0,0.0,03581,1,,0,region,region_lignes_regulieres
UT21:ST:03585,Montbard Gare SNCF -,0.0,0.0,03585,1,,0,region,region_lignes_regulieres
UT21:ST:03586,Montchapet Clomiers (Divia) -,0.0,0.0,03586,1,,0,region,region_lignes_regulieres
UT21:ST:03587,Moulin -,0.0,0.0,03587,1,,0,region,region_lignes_regulieres
UT21:ST:03588,Lycée Charles De Gaulle -,0.0,0.0,03588,1,,0,region,region_lignes_regulieres
UT21:ST:03592,Pontailler sur Saone Gare -,0.0,0.0,03592,1,,0,region,region_lignes_regulieres
UT21:ST:03595,Collège -,0.0,0.0,03595,1,,0,region,region_lignes_regulieres
UT21:ST:03596,Collège Rameau -,0.0,0.0,03596,1,,0,region,region_lignes_regulieres
UT21:ST:03597,Hameau Trembloy -,0.0,0.0,03597,1,,0,region,region_lignes_regulieres
UT21:ST:03598,Place de la République -,0.0,0.0,03598,1,,0,region,region_lignes_regulieres
UT21:ST:03601,Le Closeau -,0.0,0.0,03601,1,,0,region,region_lignes_regulieres
UT21:ST:03603,Gare -,0.0,0.0,03603,1,,0,region,region_lignes_regulieres
UT21:ST:03604,route d'Is sur Tille -,0.0,0.0,03604,1,,0,region,region_lignes_regulieres
UT21:ST:03605,Serrigny Buisson -,0.0,0.0,03605,1,,0,region,region_lignes_regulieres
UT21:ST:03606,Champ de Foire -,0.0,0.0,03606,1,,0,region,region_lignes_regulieres
UT21:ST:03607,Seurre Gare  -,0.0,0.0,03607,1,,0,region,region_lignes_regulieres
UT21:ST:03608,Cours De Verdun -,0.0,0.0,03608,1,,0,region,region_lignes_regulieres
UT21:ST:03610,Centre -,0.0,0.0,03610,1,,0,region,region_lignes_regulieres
UT21:ST:03612,Europe Avenue Découverte -,0.0,0.0,03612,1,,0,region,region_lignes_regulieres
UT21:ST:03614,Vaux -,0.0,0.0,03614,1,,0,region,region_lignes_regulieres
UT21:ST:03616,Mairie -,0.0,0.0,03616,1,,0,region,region_lignes_regulieres
UT21:ST:03617,Lotissement -,0.0,0.0,03617,1,,0,region,region_lignes_regulieres
UT21:ST:03618,Place Wilson -,0.0,0.0,03618,1,,0,region,region_lignes_regulieres
UT21:ST:03620,Abbaye De Citeaux -,0.0,0.0,03620,1,,0,region,region_lignes_regulieres
UT21:ST:03621,Eglise -,0.0,0.0,03621,1,,0,region,region_lignes_regulieres
UT21:ST:03622,Aignay -,0.0,0.0,03622,1,,0,region,region_lignes_regulieres
UT21:ST:03624,Place mairie -,0.0,0.0,03624,1,,0,region,region_lignes_regulieres
UT21:ST:03632,Bois des Grottes -,0.0,0.0,03632,1,,0,region,region_lignes_regulieres
UT21:ST:03633,Eglise -,0.0,0.0,03633,1,,0,region,region_lignes_regulieres
UT21:ST:03634,Les Crais -,0.0,0.0,03634,1,,0,region,region_lignes_regulieres
UT21:ST:03636,Grande rue -,0.0,0.0,03636,1,,0,region,region_lignes_regulieres
UT21:ST:03638,route de Paris -,0.0,0.0,03638,1,,0,region,region_lignes_regulieres
UT21:ST:03641,centre -,0.0,0.0,03641,1,,0,region,region_lignes_regulieres
UT21:ST:03644,Croisement -,0.0,0.0,03644,1,,0,region,region_lignes_regulieres
UT21:ST:03677,Centre -,0.0,0.0,03677,1,,0,region,region_lignes_regulieres
UT21:ST:03683,Collège A. Malraux -,0.0,0.0,03683,1,,0,region,region_lignes_regulieres
UT21:ST:03694,Pl. du 30 Octobre  Paul Cabet -,0.0,0.0,03694,1,,0,region,region_lignes_regulieres
UT21:ST:03695,Centre -,0.0,0.0,03695,1,,0,region,region_lignes_regulieres
UT21:ST:03696,La Barque-,0.0,0.0,03696,1,,0,region,region_lignes_regulieres
UT21:ST:03701,rue des Planches -,0.0,0.0,03701,1,,0,region,region_lignes_regulieres
UT21:ST:03702,Ecole -,0.0,0.0,03702,1,,0,region,region_lignes_regulieres
UT21:ST:03703,Village -,0.0,0.0,03703,1,,0,region,region_lignes_regulieres
UT21:ST:03708,Gourmerault -,0.0,0.0,03708,1,,0,region,region_lignes_regulieres
UT21:ST:03709,Guillotière -,0.0,0.0,03709,1,,0,region,region_lignes_regulieres
UT21:ST:03712,Arnay le Duc Rue du 11 nov 1918 -,0.0,0.0,03712,1,,0,region,region_lignes_regulieres
UT21:ST:03715,Centre -,0.0,0.0,03715,1,,0,region,region_lignes_regulieres
UT21:ST:03718,Buttes  St Nicolas -,0.0,0.0,03718,1,,0,region,region_lignes_regulieres
UT21:ST:03720,Jules Ferry -,0.0,0.0,03720,1,,0,region,region_lignes_regulieres
UT21:ST:03721,Beaune - Gare SNCF,0.0,0.0,03721,1,,0,region,region_lignes_regulieres
UT21:ST:03722,Lycée Marey -,0.0,0.0,03722,1,,0,region,region_lignes_regulieres
UT21:ST:03723,collège Monge EREA Pasteur -,0.0,0.0,03723,1,,0,region,region_lignes_regulieres
UT21:ST:03724,Pasteur -,0.0,0.0,03724,1,,0,region,region_lignes_regulieres
UT21:ST:03725,Saint Nicolas -,0.0,0.0,03725,1,,0,region,region_lignes_regulieres
UT21:ST:03727,Petit Beire -,0.0,0.0,03727,1,,0,region,region_lignes_regulieres
UT21:ST:03728,Ecole -,0.0,0.0,03728,1,,0,region,region_lignes_regulieres
UT21:ST:03729,Chevreul -,0.0,0.0,03729,1,,0,region,region_lignes_regulieres
UT21:ST:03731,Le Marais -,0.0,0.0,03731,1,,0,region,region_lignes_regulieres
UT21:ST:03732,Centre -,0.0,0.0,03732,1,,0,region,region_lignes_regulieres
UT21:ST:03733,Ecole Centre Commercial -,0.0,0.0,03733,1,,0,region,region_lignes_regulieres
UT21:ST:03737,Centre -,0.0,0.0,03737,1,,0,region,region_lignes_regulieres
UT21:ST:03738,Champ Munier -,0.0,0.0,03738,1,,0,region,region_lignes_regulieres
UT21:ST:03740,Croisement -,0.0,0.0,03740,1,,0,region,region_lignes_regulieres
UT21:ST:03741,Calvaire -,0.0,0.0,03741,1,,0,region,region_lignes_regulieres
UT21:ST:03742,Centre -,0.0,0.0,03742,1,,0,region,region_lignes_regulieres
UT21:ST:03747,Rue D'Amont -,0.0,0.0,03747,1,,0,region,region_lignes_regulieres
UT21:ST:03748,Place -,0.0,0.0,03748,1,,0,region,region_lignes_regulieres
UT21:ST:03749,Centre -,0.0,0.0,03749,1,,0,region,region_lignes_regulieres
UT21:ST:03750,Route de Bèze -,0.0,0.0,03750,1,,0,region,region_lignes_regulieres
UT21:ST:03752,RD 970 -,0.0,0.0,03752,1,,0,region,region_lignes_regulieres
UT21:ST:03753,Brévaille -,0.0,0.0,03753,1,,0,region,region_lignes_regulieres
UT21:ST:03754,Ennevans -,0.0,0.0,03754,1,,0,region,region_lignes_regulieres
UT21:ST:03755,Hôtel de Ville Mairie -,0.0,0.0,03755,1,,0,region,region_lignes_regulieres
UT21:ST:03756,Meix Au Cas,0.0,0.0,03756,1,,0,region,region_lignes_regulieres
UT21:ST:03757,Pont Hémery -,0.0,0.0,03757,1,,0,region,region_lignes_regulieres
UT21:ST:03758,route de Dijon -,0.0,0.0,03758,1,,0,region,region_lignes_regulieres
UT21:ST:03764,Croisement RD974 -,0.0,0.0,03764,1,,0,region,region_lignes_regulieres
UT21:ST:03765,Centre -,0.0,0.0,03765,1,,0,region,region_lignes_regulieres
UT21:ST:03767,Champ de Foire -,0.0,0.0,03767,1,,0,region,region_lignes_regulieres
UT21:ST:03768,Chancenotte -,0.0,0.0,03768,1,,0,region,region_lignes_regulieres
UT21:ST:03770,CHS La Chartreuse -,0.0,0.0,03770,1,,0,region,region_lignes_regulieres
UT21:ST:03771,La Cité -,0.0,0.0,03771,1,,0,region,region_lignes_regulieres
UT21:ST:03772,Château d'eau -,0.0,0.0,03772,1,,0,region,region_lignes_regulieres
UT21:ST:03773,Gare SNCF -,0.0,0.0,03773,1,,0,region,region_lignes_regulieres
UT21:ST:03774,Hopital -,0.0,0.0,03774,1,,0,region,region_lignes_regulieres
UT21:ST:03776,Lycée parking -,0.0,0.0,03776,1,,0,region,region_lignes_regulieres
UT21:ST:03777,Bazin -,0.0,0.0,03777,1,,0,region,region_lignes_regulieres
UT21:ST:03782,Gambetta -,0.0,0.0,03782,1,,0,region,region_lignes_regulieres
UT21:ST:03784,Rue de Longvic -,0.0,0.0,03784,1,,0,region,region_lignes_regulieres
UT21:ST:03785,Chevigny en Valière La Dezerte -,0.0,0.0,03785,1,,0,region,region_lignes_regulieres
UT21:ST:03788,Montchapet -,0.0,0.0,03788,1,,0,region,region_lignes_regulieres
UT21:ST:03789,ESPE -,0.0,0.0,03789,1,,0,region,region_lignes_regulieres
UT21:ST:03791,Balcon -,0.0,0.0,03791,1,,0,region,region_lignes_regulieres
UT21:ST:03792,Guidon -,0.0,0.0,03792,1,,0,region,region_lignes_regulieres
UT21:ST:03793,Solle -,0.0,0.0,03793,1,,0,region,region_lignes_regulieres
UT21:ST:03799,Favières -,0.0,0.0,03799,1,,0,region,region_lignes_regulieres
UT21:ST:03800,Mairie -,0.0,0.0,03800,1,,0,region,region_lignes_regulieres
UT21:ST:03801,Croisement RD974 -,0.0,0.0,03801,1,,0,region,region_lignes_regulieres
UT21:ST:03802,Blés d'Or -,0.0,0.0,03802,1,,0,region,region_lignes_regulieres
UT21:ST:03803,Centre -,0.0,0.0,03803,1,,0,region,region_lignes_regulieres
UT21:ST:03804,zone artisanale -,0.0,0.0,03804,1,,0,region,region_lignes_regulieres
UT21:ST:03809,Collège Champollion -,0.0,0.0,03809,1,,0,region,region_lignes_regulieres
UT21:ST:03810,Dijon Gare SNCF Tram -,0.0,0.0,03810,1,,0,region,region_lignes_regulieres
UT21:ST:03812,Château -,0.0,0.0,03812,1,,0,region,region_lignes_regulieres
UT21:ST:03814,HLM -,0.0,0.0,03814,1,,0,region,region_lignes_regulieres
UT21:ST:03816,Centre -,0.0,0.0,03816,1,,0,region,region_lignes_regulieres
UT21:ST:03817,Maroc -,0.0,0.0,03817,1,,0,region,region_lignes_regulieres
UT21:ST:03822,Gendarmerie -,0.0,0.0,03822,1,,0,region,region_lignes_regulieres
UT21:ST:03823,Premières -,0.0,0.0,03823,1,,0,region,region_lignes_regulieres
UT21:ST:03824,Grande rue -,0.0,0.0,03824,1,,0,region,region_lignes_regulieres
UT21:ST:03826,Quemignerot -,0.0,0.0,03826,1,,0,region,region_lignes_regulieres
UT21:ST:03827,Monument -,0.0,0.0,03827,1,,0,region,region_lignes_regulieres
UT21:ST:03828,Cromois (TRAM) -,0.0,0.0,03828,1,,0,region,region_lignes_regulieres
UT21:ST:03831,Centre -,0.0,0.0,03831,1,,0,region,region_lignes_regulieres
UT21:ST:03832,Centre -,0.0,0.0,03832,1,,0,region,region_lignes_regulieres
UT21:ST:03833,Stade -,0.0,0.0,03833,1,,0,region,region_lignes_regulieres
UT21:ST:03834,pont- route de Dijon -,0.0,0.0,03834,1,,0,region,region_lignes_regulieres
UT21:ST:03838,Centre -,0.0,0.0,03838,1,,0,region,region_lignes_regulieres
UT21:ST:03839,Ducs de Bourgogne -,0.0,0.0,03839,1,,0,region,region_lignes_regulieres
UT21:ST:03840,D994 -,0.0,0.0,03840,1,,0,region,region_lignes_regulieres
UT21:ST:03843,Croix Berthe -,0.0,0.0,03843,1,,0,region,region_lignes_regulieres
UT21:ST:03845,Centre -,0.0,0.0,03845,1,,0,region,region_lignes_regulieres
UT21:ST:03846,Echirey -,0.0,0.0,03846,1,,0,region,region_lignes_regulieres
UT21:ST:03847,Place de la charme -,0.0,0.0,03847,1,,0,region,region_lignes_regulieres
UT21:ST:03849,Jacquat -,0.0,0.0,03849,1,,0,region,region_lignes_regulieres
UT21:ST:03853,Saint Just -,0.0,0.0,03853,1,,0,region,region_lignes_regulieres
UT21:ST:03854,Croisement D961 -,0.0,0.0,03854,1,,0,region,region_lignes_regulieres
UT21:ST:03858,Place -,0.0,0.0,03858,1,,0,region,region_lignes_regulieres
UT21:ST:03859,Barbirey Sur Ouche -,0.0,0.0,03859,1,,0,region,region_lignes_regulieres
UT21:ST:03860,Centre  -,0.0,0.0,03860,1,,0,region,region_lignes_regulieres
UT21:ST:03862,monument -,0.0,0.0,03862,1,,0,region,region_lignes_regulieres
UT21:ST:03865,centre -,0.0,0.0,03865,1,,0,region,region_lignes_regulieres
UT21:ST:03866,Clair Vallon -,0.0,0.0,03866,1,,0,region,region_lignes_regulieres
UT21:ST:03868,Mairie -,0.0,0.0,03868,1,,0,region,region_lignes_regulieres
UT21:ST:03869,Mairie -,0.0,0.0,03869,1,,0,region,region_lignes_regulieres
UT21:ST:03874,Village -,0.0,0.0,03874,1,,0,region,region_lignes_regulieres
UT21:ST:03876,Grande rue -,0.0,0.0,03876,1,,0,region,region_lignes_regulieres
UT21:ST:03877,RD16-16d -,0.0,0.0,03877,1,,0,region,region_lignes_regulieres
UT21:ST:03881,Pont Ource -,0.0,0.0,03881,1,,0,region,region_lignes_regulieres
UT21:ST:03882,Lycée -,0.0,0.0,03882,1,,0,region,region_lignes_regulieres
UT21:ST:03883,Mairie -,0.0,0.0,03883,1,,0,region,region_lignes_regulieres
UT21:ST:03885,rue de la boise -,0.0,0.0,03885,1,,0,region,region_lignes_regulieres
UT21:ST:03886,centre -,0.0,0.0,03886,1,,0,region,region_lignes_regulieres
UT21:ST:03890,rue du vannois -,0.0,0.0,03890,1,,0,region,region_lignes_regulieres
UT21:ST:03892,Cestre Village,0.0,0.0,03892,1,,0,region,region_lignes_regulieres
UT21:ST:03894,Chaignay -,0.0,0.0,03894,1,,0,region,region_lignes_regulieres
UT21:ST:03902,D971 -,0.0,0.0,03902,1,,0,region,region_lignes_regulieres
UT21:ST:03903,centre -,0.0,0.0,03903,1,,0,region,region_lignes_regulieres
UT21:ST:03905,D971 -,0.0,0.0,03905,1,,0,region,region_lignes_regulieres
UT21:ST:03906,rue du moulin -,0.0,0.0,03906,1,,0,region,region_lignes_regulieres
UT21:ST:03907,grande rue -,0.0,0.0,03907,1,,0,region,region_lignes_regulieres
UT21:ST:03914,rue Arnay -,0.0,0.0,03914,1,,0,region,region_lignes_regulieres
UT21:ST:03915,Chelsey -,0.0,0.0,03915,1,,0,region,region_lignes_regulieres
UT21:ST:03916,P.Curie -,0.0,0.0,03916,1,,0,region,region_lignes_regulieres
UT21:ST:03917,Collège et Lycée -,0.0,0.0,03917,1,,0,region,region_lignes_regulieres
UT21:ST:03919,Maison De Paille -,0.0,0.0,03919,1,,0,region,region_lignes_regulieres
UT21:ST:03920,Pont Royal -,0.0,0.0,03920,1,,0,region,region_lignes_regulieres
UT21:ST:03924,route de Seurre -,0.0,0.0,03924,1,,0,region,region_lignes_regulieres
UT21:ST:03925,D996 -,0.0,0.0,03925,1,,0,region,region_lignes_regulieres
UT21:ST:03930,Cosne -,0.0,0.0,03930,1,,0,region,region_lignes_regulieres
UT21:ST:03932,D965 -,0.0,0.0,03932,1,,0,region,region_lignes_regulieres
UT21:ST:03933,Courceau -,0.0,0.0,03933,1,,0,region,region_lignes_regulieres
UT21:ST:03936,mairie -,0.0,0.0,03936,1,,0,region,region_lignes_regulieres
UT21:ST:03937,rue du Chêne -,0.0,0.0,03937,1,,0,region,region_lignes_regulieres
UT21:ST:03940,Route Is/tille -,0.0,0.0,03940,1,,0,region,region_lignes_regulieres
UT21:ST:03942,Monument -,0.0,0.0,03942,1,,0,region,region_lignes_regulieres
UT21:ST:03943,Curtil Saint Seine -,0.0,0.0,03943,1,,0,region,region_lignes_regulieres
UT21:ST:03944,Abribus -,0.0,0.0,03944,1,,0,region,region_lignes_regulieres
UT21:ST:03945,Mairie -,0.0,0.0,03945,1,,0,region,region_lignes_regulieres
UT21:ST:03949,Mairie -,0.0,0.0,03949,1,,0,region,region_lignes_regulieres
UT21:ST:03950,Grande rue -,0.0,0.0,03950,1,,0,region,region_lignes_regulieres
UT21:ST:03952,Echalot,0.0,0.0,03952,1,,0,region,region_lignes_regulieres
UT21:ST:03953,Eglise -,0.0,0.0,03953,1,,0,region,region_lignes_regulieres
UT21:ST:03954,Mairie -,0.0,0.0,03954,1,,0,region,region_lignes_regulieres
UT21:ST:03955,Ecutigny -,0.0,0.0,03955,1,,0,region,region_lignes_regulieres
UT21:ST:03956,Epagny -,0.0,0.0,03956,1,,0,region,region_lignes_regulieres
UT21:ST:03957,Pl des tilleuls -,0.0,0.0,03957,1,,0,region,region_lignes_regulieres
UT21:ST:03961,RD961 rue de Bourgogne -,0.0,0.0,03961,1,,0,region,region_lignes_regulieres
UT21:ST:03962,rue de l'école -,0.0,0.0,03962,1,,0,region,region_lignes_regulieres
UT21:ST:03963,Centre -,0.0,0.0,03963,1,,0,region,region_lignes_regulieres
UT21:ST:03971,Cimetière -,0.0,0.0,03971,1,,0,region,region_lignes_regulieres
UT21:ST:03972,Mairie -,0.0,0.0,03972,1,,0,region,region_lignes_regulieres
UT21:ST:03973,Eglise -,0.0,0.0,03973,1,,0,region,region_lignes_regulieres
UT21:ST:03977,Prairay -,0.0,0.0,03977,1,,0,region,region_lignes_regulieres
UT21:ST:03982,Geligny -,0.0,0.0,03982,1,,0,region,region_lignes_regulieres
UT21:ST:03987,croisement rue des Ponts -,0.0,0.0,03987,1,,0,region,region_lignes_regulieres
UT21:ST:03995,Collège -,0.0,0.0,03995,1,,0,region,region_lignes_regulieres
UT21:ST:03996,Charles De Gaulle -,0.0,0.0,03996,1,,0,region,region_lignes_regulieres
UT21:ST:03999,Place Villeneuve -,0.0,0.0,03999,1,,0,region,region_lignes_regulieres
UT21:ST:04000,Citröen -,0.0,0.0,04000,1,,0,region,region_lignes_regulieres
UT21:ST:04004,Croisement CDG/rue de la Charme -,0.0,0.0,04004,1,,0,region,region_lignes_regulieres
UT21:ST:04005,Croisement D906 / rue du pont -,0.0,0.0,04005,1,,0,region,region_lignes_regulieres
UT21:ST:04006,Grande rue -,0.0,0.0,04006,1,,0,region,region_lignes_regulieres
UT21:ST:04017,Place Docteur Chauveau -,0.0,0.0,04017,1,,0,region,region_lignes_regulieres
UT21:ST:04018,Mairie -,0.0,0.0,04018,1,,0,region,region_lignes_regulieres
UT21:ST:04020,Lamarche sur Saone Gare -,0.0,0.0,04020,1,,0,region,region_lignes_regulieres
UT21:ST:04022,église -,0.0,0.0,04022,1,,0,region,region_lignes_regulieres
UT21:ST:04024,D102 -,0.0,0.0,04024,1,,0,region,region_lignes_regulieres
UT21:ST:04028,abribus -,0.0,0.0,04028,1,,0,region,region_lignes_regulieres
UT21:ST:04030,Le Maupas -,0.0,0.0,04030,1,,0,region,region_lignes_regulieres
UT21:ST:04037,Longeaut Mairie -,0.0,0.0,04037,1,,0,region,region_lignes_regulieres
UT21:ST:04038,Rte de Dijon -,0.0,0.0,04038,1,,0,region,region_lignes_regulieres
UT21:ST:04039,Bas -,0.0,0.0,04039,1,,0,region,region_lignes_regulieres
UT21:ST:04040,Haut -,0.0,0.0,04040,1,,0,region,region_lignes_regulieres
UT21:ST:04042,Rte de Beaune D970 -,0.0,0.0,04042,1,,0,region,region_lignes_regulieres
UT21:ST:04043,Côté Champ Brulet -,0.0,0.0,04043,1,,0,region,region_lignes_regulieres
UT21:ST:04044,Mâcon -,0.0,0.0,04044,1,,0,region,region_lignes_regulieres
UT21:ST:04045,Place du calvaire -,0.0,0.0,04045,1,,0,region,region_lignes_regulieres
UT21:ST:04047,rue Basse -,0.0,0.0,04047,1,,0,region,region_lignes_regulieres
UT21:ST:04048,D70 Rte de Dijon -,0.0,0.0,04048,1,,0,region,region_lignes_regulieres
UT21:ST:04054,Place Hubert Egeley -,0.0,0.0,04054,1,,0,region,region_lignes_regulieres
UT21:ST:04055,RD70 -,0.0,0.0,04055,1,,0,region,region_lignes_regulieres
UT21:ST:04057,Marcilly sur Tille - Gare -,0.0,0.0,04057,1,,0,region,region_lignes_regulieres
UT21:ST:04058,Ecole -,0.0,0.0,04058,1,,0,region,region_lignes_regulieres
UT21:ST:04060,Ecole -,0.0,0.0,04060,1,,0,region,region_lignes_regulieres
UT21:ST:04069,Haut -,0.0,0.0,04069,1,,0,region,region_lignes_regulieres
UT21:ST:04071,Belle Idée -,0.0,0.0,04071,1,,0,region,region_lignes_regulieres
UT21:ST:04072,Centre -,0.0,0.0,04072,1,,0,region,region_lignes_regulieres
UT21:ST:04073,Château -,0.0,0.0,04073,1,,0,region,region_lignes_regulieres
UT21:ST:04075,Mare -,0.0,0.0,04075,1,,0,region,region_lignes_regulieres
UT21:ST:04076,Moulin -,0.0,0.0,04076,1,,0,region,region_lignes_regulieres
UT21:ST:04084,la Tranchée -,0.0,0.0,04084,1,,0,region,region_lignes_regulieres
UT21:ST:04085,Marronniers -,0.0,0.0,04085,1,,0,region,region_lignes_regulieres
UT21:ST:04086,Moitron Abri bus,0.0,0.0,04086,1,,0,region,region_lignes_regulieres
UT21:ST:04088,Place grande rue -,0.0,0.0,04088,1,,0,region,region_lignes_regulieres
UT21:ST:04089,Melin -,0.0,0.0,04089,1,,0,region,region_lignes_regulieres
UT21:ST:04094,Les Bordes -,0.0,0.0,04094,1,,0,region,region_lignes_regulieres
UT21:ST:04098,D960 impérial -,0.0,0.0,04098,1,,0,region,region_lignes_regulieres
UT21:ST:04099,D977 bis -,0.0,0.0,04099,1,,0,region,region_lignes_regulieres
UT21:ST:04107,Neuvelle -,0.0,0.0,04107,1,,0,region,region_lignes_regulieres
UT21:ST:04108,Monument la jonction -,0.0,0.0,04108,1,,0,region,region_lignes_regulieres
UT21:ST:04109,Giratoire rte Dijon -,0.0,0.0,04109,1,,0,region,region_lignes_regulieres
UT21:ST:04114,Source -,0.0,0.0,04114,1,,0,region,region_lignes_regulieres
UT21:ST:04115,La Bergerie-,0.0,0.0,04115,1,,0,region,region_lignes_regulieres
UT21:ST:04116,Marché -,0.0,0.0,04116,1,,0,region,region_lignes_regulieres
UT21:ST:04117,Route De Dijon -,0.0,0.0,04117,1,,0,region,region_lignes_regulieres
UT21:ST:04120,rue de l'Isle -,0.0,0.0,04120,1,,0,region,region_lignes_regulieres
UT21:ST:04127,Rte de Chanceaux -,0.0,0.0,04127,1,,0,region,region_lignes_regulieres
UT21:ST:04129,Le Rocher -,0.0,0.0,04129,1,,0,region,region_lignes_regulieres
UT21:ST:04137,Croix Verte -,0.0,0.0,04137,1,,0,region,region_lignes_regulieres
UT21:ST:04140,Pichanges -,0.0,0.0,04140,1,,0,region,region_lignes_regulieres
UT21:ST:04141,Pleuvey -,0.0,0.0,04141,1,,0,region,region_lignes_regulieres
UT21:ST:04142,Poste -,0.0,0.0,04142,1,,0,region,region_lignes_regulieres
UT21:ST:04144,rue du Nord -,0.0,0.0,04144,1,,0,region,region_lignes_regulieres
UT21:ST:04146,D16 rue du bas -,0.0,0.0,04146,1,,0,region,region_lignes_regulieres
UT21:ST:04147,mairie -,0.0,0.0,04147,1,,0,region,region_lignes_regulieres
UT21:ST:04148,Croisement Gde rue/D112 -,0.0,0.0,04148,1,,0,region,region_lignes_regulieres
UT21:ST:04151,Rte Magny Montarlot -,0.0,0.0,04151,1,,0,region,region_lignes_regulieres
UT21:ST:04153,Pont D'Ouche -,0.0,0.0,04153,1,,0,region,region_lignes_regulieres
UT21:ST:04157,Massène -,0.0,0.0,04157,1,,0,region,region_lignes_regulieres
UT21:ST:04158,Potangey -,0.0,0.0,04158,1,,0,region,region_lignes_regulieres
UT21:ST:04159,Les Prés Hauts -,0.0,0.0,04159,1,,0,region,region_lignes_regulieres
UT21:ST:04160,Capitainerie -,0.0,0.0,04160,1,,0,region,region_lignes_regulieres
UT21:ST:04162,Centre -,0.0,0.0,04162,1,,0,region,region_lignes_regulieres
UT21:ST:04171,Place Gibez -,0.0,0.0,04171,1,,0,region,region_lignes_regulieres
UT21:ST:04177,Centre D24 -,0.0,0.0,04177,1,,0,region,region_lignes_regulieres
UT21:ST:04181,Pl Niederkirchen -,0.0,0.0,04181,1,,0,region,region_lignes_regulieres
UT21:ST:04190,Croisement place de la butte -,0.0,0.0,04190,1,,0,region,region_lignes_regulieres
UT21:ST:04192,Foissy -,0.0,0.0,04192,1,,0,region,region_lignes_regulieres
UT21:ST:04198,Pl. rue de la chaussée -,0.0,0.0,04198,1,,0,region,region_lignes_regulieres
UT21:ST:04211,Marigny -,0.0,0.0,04211,1,,0,region,region_lignes_regulieres
UT21:ST:04212,rue de la Potelle -,0.0,0.0,04212,1,,0,region,region_lignes_regulieres
UT21:ST:04235,Corgoloin Gare SNCF -,0.0,0.0,04235,1,,0,region,region_lignes_regulieres
UT21:ST:04244,Nuits St Georges Gare SNCF -,0.0,0.0,04244,1,,0,region,region_lignes_regulieres
UT21:ST:04257,Centre -,0.0,0.0,04257,1,,0,region,region_lignes_regulieres
UT21:ST:04268,Eglise -,0.0,0.0,04268,1,,0,region,region_lignes_regulieres
UT21:ST:04274,RD 974 -,0.0,0.0,04274,1,,0,region,region_lignes_regulieres
UT21:ST:04286,Mairie,0.0,0.0,04286,1,,0,region,region_lignes_regulieres
UT21:ST:04289,Centre -,0.0,0.0,04289,1,,0,region,region_lignes_regulieres
UT21:ST:04290,Chenecières -,0.0,0.0,04290,1,,0,region,region_lignes_regulieres
UT21:ST:04293,Mairie -,0.0,0.0,04293,1,,0,region,region_lignes_regulieres
UT21:ST:04294,rue Carnot -,0.0,0.0,04294,1,,0,region,region_lignes_regulieres
UT21:ST:04296,Centre -,0.0,0.0,04296,1,,0,region,region_lignes_regulieres
UT21:ST:04297,La Serrée -,0.0,0.0,04297,1,,0,region,region_lignes_regulieres
UT21:ST:04299,Centre -,0.0,0.0,04299,1,,0,region,region_lignes_regulieres
UT21:ST:04300,Noyer des Vignes -,0.0,0.0,04300,1,,0,region,region_lignes_regulieres
UT21:ST:04303,Saulieu Gare -,0.0,0.0,04303,1,,0,region,region_lignes_regulieres
UT21:ST:04305,Place Charles De Gaulle -,0.0,0.0,04305,1,,0,region,region_lignes_regulieres
UT21:ST:04307,route de Dijon -,0.0,0.0,04307,1,,0,region,region_lignes_regulieres
UT21:ST:04311,rue de Curtil -,0.0,0.0,04311,1,,0,region,region_lignes_regulieres
UT21:ST:04314,Mairie abribus -,0.0,0.0,04314,1,,0,region,region_lignes_regulieres
UT21:ST:04317,Patenée -,0.0,0.0,04317,1,,0,region,region_lignes_regulieres
UT21:ST:04318,Grande rue -,0.0,0.0,04318,1,,0,region,region_lignes_regulieres
UT21:ST:04319,Cité Scolaire -,0.0,0.0,04319,1,,0,region,region_lignes_regulieres
UT21:ST:04320,Impro -,0.0,0.0,04320,1,,0,region,region_lignes_regulieres
UT21:ST:04321,Les Croisettes -,0.0,0.0,04321,1,,0,region,region_lignes_regulieres
UT21:ST:04323,Les Quinconces -,0.0,0.0,04323,1,,0,region,region_lignes_regulieres
UT21:ST:04327,Mairie -,0.0,0.0,04327,1,,0,region,region_lignes_regulieres
UT21:ST:04329,Abreuvoir -,0.0,0.0,04329,1,,0,region,region_lignes_regulieres
UT21:ST:04330,Pavé -,0.0,0.0,04330,1,,0,region,region_lignes_regulieres
UT21:ST:04331,Mairie -,0.0,0.0,04331,1,,0,region,region_lignes_regulieres
UT21:ST:04332,Eglise -,0.0,0.0,04332,1,,0,region,region_lignes_regulieres
UT21:ST:04334,Mairie -,0.0,0.0,04334,1,,0,region,region_lignes_regulieres
UT21:ST:04336,Ecluse -,0.0,0.0,04336,1,,0,region,region_lignes_regulieres
UT21:ST:04337,rte St Jean de Losne -,0.0,0.0,04337,1,,0,region,region_lignes_regulieres
UT21:ST:04340,Collège -,0.0,0.0,04340,1,,0,region,region_lignes_regulieres
UT21:ST:04341,Monument -,0.0,0.0,04341,1,,0,region,region_lignes_regulieres
UT21:ST:04342,rue du Bourg -,0.0,0.0,04342,1,,0,region,region_lignes_regulieres
UT21:ST:04343,Taniot -,0.0,0.0,04343,1,,0,region,region_lignes_regulieres
UT21:ST:04345,Village -,0.0,0.0,04345,1,,0,region,region_lignes_regulieres
UT21:ST:04346,Tart l'abbaye -,0.0,0.0,04346,1,,0,region,region_lignes_regulieres
UT21:ST:04347,Mairie -,0.0,0.0,04347,1,,0,region,region_lignes_regulieres
UT21:ST:04348,Le Haut,0.0,0.0,04348,1,,0,region,region_lignes_regulieres
UT21:ST:04350,Ecole -,0.0,0.0,04350,1,,0,region,region_lignes_regulieres
UT21:ST:04352,Canal -,0.0,0.0,04352,1,,0,region,region_lignes_regulieres
UT21:ST:04353,Centre -,0.0,0.0,04353,1,,0,region,region_lignes_regulieres
UT21:ST:04354,mairie -,0.0,0.0,04354,1,,0,region,region_lignes_regulieres
UT21:ST:04355,RD 974 -,0.0,0.0,04355,1,,0,region,region_lignes_regulieres
UT21:ST:04357,RD954 -,0.0,0.0,04357,1,,0,region,region_lignes_regulieres
UT21:ST:04358,Place de Verdun -,0.0,0.0,04358,1,,0,region,region_lignes_regulieres
UT21:ST:04359,Mairie -,0.0,0.0,04359,1,,0,region,region_lignes_regulieres
UT21:ST:04361,RD905 -,0.0,0.0,04361,1,,0,region,region_lignes_regulieres
UT21:ST:04362,route de Dijon -,0.0,0.0,04362,1,,0,region,region_lignes_regulieres
UT21:ST:04363,Centre -,0.0,0.0,04363,1,,0,region,region_lignes_regulieres
UT21:ST:04364,Les Bordes -,0.0,0.0,04364,1,,0,region,region_lignes_regulieres
UT21:ST:04365,Eglise -,0.0,0.0,04365,1,,0,region,region_lignes_regulieres
UT21:ST:04369,Chaignot -,0.0,0.0,04369,1,,0,region,region_lignes_regulieres
UT21:ST:04371,Vaurois -,0.0,0.0,04371,1,,0,region,region_lignes_regulieres
UT21:ST:04373,Centre -,0.0,0.0,04373,1,,0,region,region_lignes_regulieres
UT21:ST:04374,Ecluse -,0.0,0.0,04374,1,,0,region,region_lignes_regulieres
UT21:ST:04375,La Verrerie -,0.0,0.0,04375,1,,0,region,region_lignes_regulieres
UT21:ST:04378,Clos Fleury -,0.0,0.0,04378,1,,0,region,region_lignes_regulieres
UT21:ST:04379,Les Laumes - Alésia Gare SNCF -,0.0,0.0,04379,1,,0,region,region_lignes_regulieres
UT21:ST:04385,Veuvey -,0.0,0.0,04385,1,,0,region,region_lignes_regulieres
UT21:ST:04386,Château -,0.0,0.0,04386,1,,0,region,region_lignes_regulieres
UT21:ST:04387,Village -,0.0,0.0,04387,1,,0,region,region_lignes_regulieres
UT21:ST:04389,Poste -,0.0,0.0,04389,1,,0,region,region_lignes_regulieres
UT21:ST:04390,Relais -,0.0,0.0,04390,1,,0,region,region_lignes_regulieres
UT21:ST:04391,Route de Bèze -,0.0,0.0,04391,1,,0,region,region_lignes_regulieres
UT21:ST:04392,Centre -,0.0,0.0,04392,1,,0,region,region_lignes_regulieres
UT21:ST:04397,rue Grangier -,0.0,0.0,04397,1,,0,region,region_lignes_regulieres
UT21:ST:04401,rte de Chatillon -,0.0,0.0,04401,1,,0,region,region_lignes_regulieres
UT21:ST:04404,rue des Bottiens -,0.0,0.0,04404,1,,0,region,region_lignes_regulieres
UT21:ST:04405,Centre -,0.0,0.0,04405,1,,0,region,region_lignes_regulieres
UT21:ST:04406,Monument -,0.0,0.0,04406,1,,0,region,region_lignes_regulieres
UT21:ST:04408,Lotissement -,0.0,0.0,04408,1,,0,region,region_lignes_regulieres
UT21:ST:04409,Centre -,0.0,0.0,04409,1,,0,region,region_lignes_regulieres
UT21:ST:04411,Nord -,0.0,0.0,04411,1,,0,region,region_lignes_regulieres
UT21:ST:04412,Petite Auberge -,0.0,0.0,04412,1,,0,region,region_lignes_regulieres
UT21:ST:04430,Les Laumes Gare Alesia -,0.0,0.0,04430,1,,0,region,region_lignes_regulieres
UT21:ST:04434,Mairie -,0.0,0.0,04434,1,,0,region,region_lignes_regulieres
UT21:ST:04448,D108 la ruotte -,0.0,0.0,04448,1,,0,region,region_lignes_regulieres
UT21:ST:04451,Arrêt Transco,0.0,0.0,04451,1,,0,region,region_lignes_regulieres
UT21:ST:04454,Laperriere D971 -,0.0,0.0,04454,1,,0,region,region_lignes_regulieres
UT21:ST:04462,Mairie -,0.0,0.0,04462,1,,0,region,region_lignes_regulieres
UT21:ST:04495,D 974 -,0.0,0.0,04495,1,,0,region,region_lignes_regulieres
UT21:ST:04501,Toison d'Or Churchill Divia -,0.0,0.0,04501,1,,0,region,region_lignes_regulieres
UT21:ST:04503,Parc des Sports Strasbourg Tram -,0.0,0.0,04503,1,,0,region,region_lignes_regulieres
UT21:ST:04511,Chalvosson -,0.0,0.0,04511,1,,0,region,region_lignes_regulieres
UT21:ST:04513,Lycée La Barotte -,0.0,0.0,04513,1,,0,region,region_lignes_regulieres
UT21:ST:04530,Bourg -,0.0,0.0,04530,1,,0,region,region_lignes_regulieres
UT21:ST:04531,Bourg -,0.0,0.0,04531,1,,0,region,region_lignes_regulieres
UT21:ST:04532,Joffre -,0.0,0.0,04532,1,,0,region,region_lignes_regulieres
UT21:ST:04549,Bordot -,0.0,0.0,04549,1,,0,region,region_lignes_regulieres
UT21:ST:04550,Le Parc -,0.0,0.0,04550,1,,0,region,region_lignes_regulieres
UT21:ST:04551,Village -,0.0,0.0,04551,1,,0,region,region_lignes_regulieres
UT21:ST:04634,Echirey -,0.0,0.0,04634,1,,0,region,region_lignes_regulieres
UT21:ST:04638,Centre -,0.0,0.0,04638,1,,0,region,region_lignes_regulieres
UT21:ST:04668,Reullée -,0.0,0.0,04668,1,,0,region,region_lignes_regulieres
UT21:ST:04724,Arnay le Duc Rue du 11 nov 1918 -,0.0,0.0,04724,1,,0,region,region_lignes_regulieres
UT21:ST:04729,Ecole Marmont -,0.0,0.0,04729,1,,0,region,region_lignes_regulieres
UT21:ST:04789,Lot. Meix du Château -,0.0,0.0,04789,1,,0,region,region_lignes_regulieres
UT21:ST:04790,Meursauge -,0.0,0.0,04790,1,,0,region,region_lignes_regulieres
UT21:ST:04792,Centre -,0.0,0.0,04792,1,,0,region,region_lignes_regulieres
UT21:ST:04794,Poste,0.0,0.0,04794,1,,0,region,region_lignes_regulieres
UT21:ST:04800,Croisement D4  D103 -,0.0,0.0,04800,1,,0,region,region_lignes_regulieres
UT21:ST:04807,Centre -,0.0,0.0,04807,1,,0,region,region_lignes_regulieres
UT21:ST:04822,Place des tilleuls -,0.0,0.0,04822,1,,0,region,region_lignes_regulieres
UT21:ST:04826,Mariller -,0.0,0.0,04826,1,,0,region,region_lignes_regulieres
UT21:ST:04906,Maison Moine RD70,0.0,0.0,04906,1,,0,region,region_lignes_regulieres
UT21:ST:04925,Gare routière -,0.0,0.0,04925,1,,0,region,region_lignes_regulieres
UT21:ST:05027,mairie -,0.0,0.0,05027,1,,0,region,region_lignes_regulieres
UT21:ST:05028,rue de Dijon -,0.0,0.0,05028,1,,0,region,region_lignes_regulieres
UT21:ST:05029,Maison Dieu -,0.0,0.0,05029,1,,0,region,region_lignes_regulieres
UT21:ST:05030,Port du Poirier -,0.0,0.0,05030,1,,0,region,region_lignes_regulieres
UT21:ST:05032,Bouhans -,0.0,0.0,05032,1,,0,region,region_lignes_regulieres
UT21:ST:05033,Feurg -,0.0,0.0,05033,1,,0,region,region_lignes_regulieres
UT21:ST:05034,route de Feurg -,0.0,0.0,05034,1,,0,region,region_lignes_regulieres
UT21:ST:05037,route de Savigny -,0.0,0.0,05037,1,,0,region,region_lignes_regulieres
UT21:ST:05038,St André en terre plaine Centre -,0.0,0.0,05038,1,,0,region,region_lignes_regulieres
UT21:ST:05039,Savigny en Terre plaine  Centre -,0.0,0.0,05039,1,,0,region,region_lignes_regulieres
UT21:ST:05040,Eglise -,0.0,0.0,05040,1,,0,region,region_lignes_regulieres
UT21:ST:05073,Mairie -,0.0,0.0,05073,1,,0,region,region_lignes_regulieres
UT21:ST:05077,Cimetière -,0.0,0.0,05077,1,,0,region,region_lignes_regulieres
UT21:ST:05097,Salle du Pré au Roy -,0.0,0.0,05097,1,,0,region,region_lignes_regulieres
UT21:ST:05141,Colombière -,0.0,0.0,05141,1,,0,region,region_lignes_regulieres
UT21:ST:05203,RD117 -,0.0,0.0,05203,1,,0,region,region_lignes_regulieres
UT21:ST:05216,Pavillon les Grancey -,0.0,0.0,05216,1,,0,region,region_lignes_regulieres
UT21:ST:05276,Route d'Epagny -,0.0,0.0,05276,1,,0,region,region_lignes_regulieres
UT21:ST:05353,Perdrixière-,0.0,0.0,05353,1,,0,region,region_lignes_regulieres
UT21:ST:05356,lotissement -,0.0,0.0,05356,1,,0,region,region_lignes_regulieres
UT21:ST:05382,Centre Giratoire 3 fontaines -,0.0,0.0,05382,1,,0,region,region_lignes_regulieres
UT21:ST:05383,Centre giratoire 3 fontaines-,0.0,0.0,05383,1,,0,region,region_lignes_regulieres
UT21:ST:05387,Mairie -,0.0,0.0,05387,1,,0,region,region_lignes_regulieres
UT21:ST:05389,Gare Arc les Gray -,0.0,0.0,05389,1,,0,region,region_lignes_regulieres
UT21:ST:05390,Mairie -,0.0,0.0,05390,1,,0,region,region_lignes_regulieres
UT21:ST:05394,Avallon Gare -,0.0,0.0,05394,1,,0,region,region_lignes_regulieres
UT21:ST:05395,Centre commercial -,0.0,0.0,05395,1,,0,region,region_lignes_regulieres
UT21:ST:05396,Centre -,0.0,0.0,05396,1,,0,region,region_lignes_regulieres
UT21:ST:05397,Muséoparc alésia -,0.0,0.0,05397,1,,0,region,region_lignes_regulieres
UT21:ST:05399,Place Gal De Gaulle -,0.0,0.0,05399,1,,0,region,region_lignes_regulieres
UT21:ST:05403,Sévigné -,0.0,0.0,05403,1,,0,region,region_lignes_regulieres
UT21:ST:05412,Delauney -,0.0,0.0,05412,1,,0,region,region_lignes_regulieres
UT21:ST:05413,RD 974 -,0.0,0.0,05413,1,,0,region,region_lignes_regulieres
UT21:ST:05414,Cestres -,0.0,0.0,05414,1,,0,region,region_lignes_regulieres
UT21:ST:05443,abribus -,0.0,0.0,05443,1,,0,region,region_lignes_regulieres
UT21:ST:05445,rue Maillard -,0.0,0.0,05445,1,,0,region,region_lignes_regulieres
UT21:ST:05452,Calvaire abribus -,0.0,0.0,05452,1,,0,region,region_lignes_regulieres
UT21:ST:05483,Maupertuis -,0.0,0.0,05483,1,,0,region,region_lignes_regulieres
UT21:ST:05493,Route de Dijon -,0.0,0.0,05493,1,,0,region,region_lignes_regulieres
UT21:ST:05494,Centre -,0.0,0.0,05494,1,,0,region,region_lignes_regulieres
UT21:ST:05495,Eglise -,0.0,0.0,05495,1,,0,region,region_lignes_regulieres
UT21:ST:05509,RD906 -,0.0,0.0,05509,1,,0,region,region_lignes_regulieres
UT21:ST:05516,Mairey -,0.0,0.0,05516,1,,0,region,region_lignes_regulieres
UT21:ST:05517,Route de Beaune -,0.0,0.0,05517,1,,0,region,region_lignes_regulieres
UT21:ST:05518,D974 -,0.0,0.0,05518,1,,0,region,region_lignes_regulieres
UT21:ST:05519,Calvaire -,0.0,0.0,05519,1,,0,region,region_lignes_regulieres
UT21:ST:05521,Croix de mission -,0.0,0.0,05521,1,,0,region,region_lignes_regulieres
UT21:ST:05522,Oucherotte -,0.0,0.0,05522,1,,0,region,region_lignes_regulieres
UT21:ST:05523,Pont de Pany Gare -,0.0,0.0,05523,1,,0,region,region_lignes_regulieres
UT21:ST:05524,Pont de Pany Centre,0.0,0.0,05524,1,,0,region,region_lignes_regulieres
UT21:ST:05525,Cercey -,0.0,0.0,05525,1,,0,region,region_lignes_regulieres
UT21:ST:05526,Reine de Dijon -,0.0,0.0,05526,1,,0,region,region_lignes_regulieres
UT21:ST:05527,Parc de l' Auxois -,0.0,0.0,05527,1,,0,region,region_lignes_regulieres
UT21:ST:05536,Place -,0.0,0.0,05536,1,,0,region,region_lignes_regulieres
UT21:ST:05537,Collège Monge -,0.0,0.0,05537,1,,0,region,region_lignes_regulieres
UT21:ST:05548,Jouvence -,0.0,0.0,05548,1,,0,region,region_lignes_regulieres
UT21:ST:06792,Actipôle -,0.0,0.0,06792,1,,0,region,region_lignes_regulieres
UT21:ST:06793,Eglise,0.0,0.0,06793,1,,0,region,region_lignes_regulieres
UT21:ST:06794,Route de Langres -,0.0,0.0,06794,1,,0,region,region_lignes_regulieres
UT21:ST:06796,Essertenne et Cessey -,0.0,0.0,06796,1,,0,region,region_lignes_regulieres
UT21:ST:06798,Toison d'or -,0.0,0.0,06798,1,,0,region,region_lignes_regulieres
UT21:ST:06799,Wilson Sisley -,0.0,0.0,06799,1,,0,region,region_lignes_regulieres
UT21:ST:06806,Zone commerciale Savigny -,0.0,0.0,06806,1,,0,region,region_lignes_regulieres
UT21:ST:06807,Monument aux morts -,0.0,0.0,06807,1,,0,region,region_lignes_regulieres
UT21:ST:06808,Hôpital -,0.0,0.0,06808,1,,0,region,region_lignes_regulieres
UT21:ST:06812,Saint Mesmin -,0.0,0.0,06812,1,,0,region,region_lignes_regulieres
UT21:ST:06813,Auxonne Gare -,0.0,0.0,06813,1,,0,region,region_lignes_regulieres
UT21:ST:06823,Source Seine -,0.0,0.0,06823,1,,0,region,region_lignes_regulieres
UT21:ST:06839,Lycée Eiffel -,0.0,0.0,06839,1,,0,region,region_lignes_regulieres
UT21:ST:06840,République (Tram) -,0.0,0.0,06840,1,,0,region,region_lignes_regulieres
UT21:ST:06841,Wilson Allées du Parc,0.0,0.0,06841,1,,0,region,region_lignes_regulieres
UT21:ST:06843,Silo -,0.0,0.0,06843,1,,0,region,region_lignes_regulieres
UT21:ST:06844,Poste -,0.0,0.0,06844,1,,0,region,region_lignes_regulieres
UT21:ST:06845,Piscine -,0.0,0.0,06845,1,,0,region,region_lignes_regulieres
UT21:ST:06846,Langevin -,0.0,0.0,06846,1,,0,region,region_lignes_regulieres
UT21:ST:06847,Bourroches Tram -,0.0,0.0,06847,1,,0,region,region_lignes_regulieres
UT21:ST:06848,Monge Tram -,0.0,0.0,06848,1,,0,region,region_lignes_regulieres
UT21:ST:06850,Bois Guillaume -,0.0,0.0,06850,1,,0,region,region_lignes_regulieres
UT21:ST:06852,Wilson Eglise St Pierre -,0.0,0.0,06852,1,,0,region,region_lignes_regulieres
UT21:ST:06853,Parc des sports  De Lattre Tass -,0.0,0.0,06853,1,,0,region,region_lignes_regulieres
UT21:ST:06855,Bd  de la Marne -,0.0,0.0,06855,1,,0,region,region_lignes_regulieres
UT21:ST:06856,Joffre St Exupéry -,0.0,0.0,06856,1,,0,region,region_lignes_regulieres
UT21:ST:06857,rue de le Forge -,0.0,0.0,06857,1,,0,region,region_lignes_regulieres
UT21:ST:06860,Darcy Devosges -,0.0,0.0,06860,1,,0,region,region_lignes_regulieres
UT21:ST:06861,rue du 8 Mai -,0.0,0.0,06861,1,,0,region,region_lignes_regulieres
UT21:ST:06868,Theatre -,0.0,0.0,06868,1,,0,region,region_lignes_regulieres
UT21:ST:06869,Transvaal -,0.0,0.0,06869,1,,0,region,region_lignes_regulieres
UT21:ST:06871,Wilson Carnot -,0.0,0.0,06871,1,,0,region,region_lignes_regulieres
UT21:ST:06872,Lycée Castel -,0.0,0.0,06872,1,,0,region,region_lignes_regulieres
UT21:ST:06873,Bourroches Machureau -,0.0,0.0,06873,1,,0,region,region_lignes_regulieres
UT21:ST:06880,D4 rte de Saulieu -,0.0,0.0,06880,1,,0,region,region_lignes_regulieres
UT21:ST:06895,Pasquier Place -,0.0,0.0,06895,1,,0,region,region_lignes_regulieres
UT21:ST:06907,Pasteur Centre commerciale -,0.0,0.0,06907,1,,0,region,region_lignes_regulieres
UT21:ST:06908,Carraz (Clinique),0.0,0.0,06908,1,,0,region,region_lignes_regulieres
UT21:ST:06910,3 Faisans -,0.0,0.0,06910,1,,0,region,region_lignes_regulieres
UT21:ST:06912,Aviation -,0.0,0.0,06912,1,,0,region,region_lignes_regulieres
UT21:ST:06948,Base nautique -,0.0,0.0,06948,1,,0,region,region_lignes_regulieres
UT21:ST:06976,Canzio -,0.0,0.0,06976,1,,0,region,region_lignes_regulieres
UT21:ST:06979,Eglise -,0.0,0.0,06979,1,,0,region,region_lignes_regulieres
UT21:ST:06981,Clairval -,0.0,0.0,06981,1,,0,region,region_lignes_regulieres
UT21:ST:06985,Valmy Giroud,0.0,0.0,06985,1,,0,region,region_lignes_regulieres
UT21:ST:06986,Valmy Matoub,0.0,0.0,06986,1,,0,region,region_lignes_regulieres
UT21:ST:07010,Lavoir -,0.0,0.0,07010,1,,0,region,region_lignes_regulieres
UT21:ST:07019,Intermarché -,0.0,0.0,07019,1,,0,region,region_lignes_regulieres
UT21:ST:07020,Maison de santé,0.0,0.0,07020,1,,0,region,region_lignes_regulieres
UT21:ST:07021,Piscine -,0.0,0.0,07021,1,,0,region,region_lignes_regulieres
UT21:ST:07023,Antigny la Ville D14 -,0.0,0.0,07023,1,,0,region,region_lignes_regulieres
UT21:ST:07026,Dijon Gare SNCF Tram -,0.0,0.0,07026,1,,0,region,region_lignes_regulieres
UT21:ST:07030,Lycée -,0.0,0.0,07030,1,,0,region,region_lignes_regulieres
UT21:ST:07070,Mairie -,0.0,0.0,07070,1,,0,region,region_lignes_regulieres
UT21:ST:07071,Mobigo -,0.0,0.0,07071,1,,0,region,region_lignes_regulieres
UT21:ST:07073,Poste -,0.0,0.0,07073,1,,0,region,region_lignes_regulieres
UT21:ST:07075,Culmont Chalindrey Gare -,0.0,0.0,07075,1,,0,region,region_lignes_regulieres
UT21:ST:07076,Autun Gare -,0.0,0.0,07076,1,,0,region,region_lignes_regulieres
UT21:ST:07077,St Jean -,0.0,0.0,07077,1,,0,region,region_lignes_regulieres
UT21:ST:07078,L'Orme St Pantaléon -,0.0,0.0,07078,1,,0,region,region_lignes_regulieres
UT21:ST:07079,Centre -,0.0,0.0,07079,1,,0,region,region_lignes_regulieres
UT21:ST:07080,Igornay Gare -,0.0,0.0,07080,1,,0,region,region_lignes_regulieres
UT21:ST:07082,Crois. rte d'Autun D15/Tilleul  -,0.0,0.0,07082,1,,0,region,region_lignes_regulieres
UT21:ST:07084,centre -,0.0,0.0,07084,1,,0,region,region_lignes_regulieres
UT21:ST:07085,Surmoulin -,0.0,0.0,07085,1,,0,region,region_lignes_regulieres
UT21:ST:07109,Chaugey gare SNCF,0.0,0.0,07109,1,,0,region,region_lignes_regulieres
UT21:ST:07128,Pluvault Eglise -,0.0,0.0,07128,1,,0,region,region_lignes_regulieres
UT21:ST:07193,Clomiers DIVIA,0.0,0.0,07193,1,,0,region,region_lignes_regulieres
UT21:ST:07200,Place de la résistance -,0.0,0.0,07200,1,,0,region,region_lignes_regulieres
UT21:ST:07201,Fac des sciences,0.0,0.0,07201,1,,0,region,region_lignes_regulieres
UT21:ST:07202,Chèvre Morte,0.0,0.0,07202,1,,0,region,region_lignes_regulieres
UT21:ST:07249,Echangeur A38,0.0,0.0,07249,1,,0,region,region_lignes_regulieres
UT21:ST:07252,Beaune Pétasse -,0.0,0.0,07252,1,,0,region,region_lignes_regulieres
UT21:ST:07253,Aloxe Corton jardin des brunette-,0.0,0.0,07253,1,,0,region,region_lignes_regulieres
UT21:ST:07293,Place du 30 octobre - Bd Voltaire,0.0,0.0,07293,1,,0,region,region_lignes_regulieres
UT21:ST:07294,Place du 30 octobre - Bd Carnot,0.0,0.0,07294,1,,0,region,region_lignes_regulieres
UT21:ST:07295,Place du 30 octobre - rue de Gray,0.0,0.0,07295,1,,0,region,region_lignes_regulieres
UT21:ST:07296,Place du 30 octobre - Porte Neuve,0.0,0.0,07296,1,,0,region,region_lignes_regulieres
UT21:ST:7346,QUETIGNY - Château,0.0,0.0,7346,1,,0,region,region_lignes_regulieres
UT21:ST:7347,Base de loisirs,0.0,0.0,7347,1,,0,region,region_lignes_regulieres
UT21:ST:7348,Monument aux Morts,0.0,0.0,7348,1,,0,region,region_lignes_regulieres
UT25:ST:00142,LIEBVILLERS Nadam,0.0,0.0,00142,1,,0,region,region_lignes_regulieres
UT25:ST:00298,GOUX-LES-USIERS La Vrine,0.0,0.0,00298,1,,0,region,region_lignes_regulieres
UT25:ST:00433,MONTBENOIT Bas,0.0,0.0,00433,1,,0,region,region_lignes_regulieres
UT25:ST:00437,MONTBELIARD Acropole Quai 8,0.0,0.0,00437,1,,0,region,region_lignes_regulieres
UT25:ST:00446,COMBES Remonot Grotte,0.0,0.0,00446,1,,0,region,region_lignes_regulieres
UT25:ST:00459,BESANCON Rivotte,0.0,0.0,00459,1,,0,region,region_lignes_regulieres
UT25:ST:00460,BONNETAGE Restaur. Perce Neige,0.0,0.0,00460,1,,0,region,region_lignes_regulieres
UT25:ST:00467,BESANCON Beauquier,0.0,0.0,00467,1,,0,region,region_lignes_regulieres
UT25:ST:00478,PONT-DE-R. Ranceuse,0.0,0.0,00478,1,,0,region,region_lignes_regulieres
UT25:ST:00481,BEURE L'Escale,0.0,0.0,00481,1,,0,region,region_lignes_regulieres
UT25:ST:00482,RUSSEY Maison des Services,0.0,0.0,00482,1,,0,region,region_lignes_regulieres
UT25:ST:00529,GRAND'COMBE-C. Pont De La Roche,0.0,0.0,00529,1,,0,region,region_lignes_regulieres
UT25:ST:00555,CHENALOTTE Rd437/Rue Eglise,0.0,0.0,00555,1,,0,region,region_lignes_regulieres
UT25:ST:00570,PONTARLIER PEM - Gare,0.0,0.0,00570,1,,0,region,region_lignes_regulieres
UT25:ST:00586,BESANCON Centre St-Pierre,0.0,0.0,00586,1,,0,region,region_lignes_regulieres
UT25:ST:00603,TARCENAY Abribus,0.0,0.0,00603,1,,0,region,region_lignes_regulieres
UT25:ST:00667,MONTGESOYE Centre,0.0,0.0,00667,1,,0,region,region_lignes_regulieres
UT25:ST:00702,BRESEUX Abribus Rn 437,0.0,0.0,00702,1,,0,region,region_lignes_regulieres
UT25:ST:00704,DOUBS Fromagerie,0.0,0.0,00704,1,,0,region,region_lignes_regulieres
UT25:ST:00745,ARCON Abribus,0.0,0.0,00745,1,,0,region,region_lignes_regulieres
UT25:ST:00769,LODS Gaz Et Eau,0.0,0.0,00769,1,,0,region,region_lignes_regulieres
UT25:ST:00771,1ERS SAPINS Nods covoiturage,0.0,0.0,00771,1,,0,region,region_lignes_regulieres
UT25:ST:00788,NARBIEF Les Maisonnettes,0.0,0.0,00788,1,,0,region,region_lignes_regulieres
UT25:ST:00812,NOIREFONTAINE Anc. Station,0.0,0.0,00812,1,,0,region,region_lignes_regulieres
UT25:ST:00814,LODS Hotel De France,0.0,0.0,00814,1,,0,region,region_lignes_regulieres
UT25:ST:00821,MORTEAU Passage A Niveau,0.0,0.0,00821,1,,0,region,region_lignes_regulieres
UT25:ST:00934,DOUBS Mairie,0.0,0.0,00934,1,,0,region,region_lignes_regulieres
UT25:ST:01066,MATHAY Rue De La Gare,0.0,0.0,01066,1,,0,region,region_lignes_regulieres
UT25:ST:01097,PONT-DE-R. Parking Cimetiere,0.0,0.0,01097,1,,0,region,region_lignes_regulieres
UT25:ST:01125,SAINT-GORGON-MAIN La Main,0.0,0.0,01125,1,,0,region,region_lignes_regulieres
UT25:ST:01259,ORNANS Le CAL,0.0,0.0,01259,1,,0,region,region_lignes_regulieres
UT25:ST:01281,VUILLAFANS Les Tilleuls,0.0,0.0,01281,1,,0,region,region_lignes_regulieres
UT25:ST:01286,MATHAY La Plaine,0.0,0.0,01286,1,,0,region,region_lignes_regulieres
UT25:ST:01298,PONTARLIER Longennes,0.0,0.0,01298,1,,0,region,region_lignes_regulieres
UT25:ST:01300,DEVECEY Centre Commercial,0.0,0.0,01300,1,,0,region,region_lignes_regulieres
UT25:ST:01317,MOUTHIER-HAUTE-PIERRE Abribus,0.0,0.0,01317,1,,0,region,region_lignes_regulieres
UT25:ST:01366,BESANCON Temis,0.0,0.0,01366,1,,0,region,region_lignes_regulieres
UT25:ST:01409,BESANCON Micropolis,0.0,0.0,01409,1,,0,region,region_lignes_regulieres
UT25:ST:01563,BESANCON PEM Viotte,0.0,0.0,01563,1,,0,region,region_lignes_regulieres
UT25:ST:01739,RECOLOGNE Eglise,0.0,0.0,01739,1,,0,region,region_lignes_regulieres
UT25:ST:01773,SAINT-HIP. La Poste,0.0,0.0,01773,1,,0,region,region_lignes_regulieres
UT25:ST:01881,BESANCON Chamars,0.0,0.0,01881,1,,0,region,region_lignes_regulieres
UT25:ST:01894,NOEL-CERNEUX Abribus Rd 437,0.0,0.0,01894,1,,0,region,region_lignes_regulieres
UT25:ST:01953,VALDAHON Gare,0.0,0.0,01953,1,,0,region,region_lignes_regulieres
UT25:ST:02064,FRAMBOUHANS poteau RD437,0.0,0.0,02064,1,,0,region,region_lignes_regulieres
UT25:ST:02284,PONTARLIER Saint Pierre,0.0,0.0,02284,1,,0,region,region_lignes_regulieres
UT25:ST:02285,PONTARLIER Zi,0.0,0.0,02285,1,,0,region,region_lignes_regulieres
UT25:ST:02286,PONTARLIER Paix,0.0,0.0,02286,1,,0,region,region_lignes_regulieres
UT25:ST:02287,ORNANS Rond Point De La Truite,0.0,0.0,02287,1,,0,region,region_lignes_regulieres
UT25:ST:02292,QUINGEY Gde Rue (Place D'Armes),0.0,0.0,02292,1,,0,region,region_lignes_regulieres
UT25:ST:02293,CHOUZELOT Mairie,0.0,0.0,02293,1,,0,region,region_lignes_regulieres
UT25:ST:02295,LARNOD Gare,0.0,0.0,02295,1,,0,region,region_lignes_regulieres
UT25:ST:02296,BEURE Stade,0.0,0.0,02296,1,,0,region,region_lignes_regulieres
UT25:ST:02297,ETALANS Croix De Pierre,0.0,0.0,02297,1,,0,region,region_lignes_regulieres
UT25:ST:02298,MAISONS-DBL Abribus De L Atelier,0.0,0.0,02298,1,,0,region,region_lignes_regulieres
UT25:ST:02299,MORTEAU Gare Sncf,0.0,0.0,02299,1,,0,region,region_lignes_regulieres
UT25:ST:02300,MORTEAU Lycee Chaufferie,0.0,0.0,02300,1,,0,region,region_lignes_regulieres
UT25:ST:02301,MONTANDON Rd437/Rd225,0.0,0.0,02301,1,,0,region,region_lignes_regulieres
UT25:ST:02302,BIEF La Gare,0.0,0.0,02302,1,,0,region,region_lignes_regulieres
UT25:ST:02303,NOIREFONTAINE Le Poset,0.0,0.0,02303,1,,0,region,region_lignes_regulieres
UT25:ST:02304,BOURGUIGNON Warembourg,0.0,0.0,02304,1,,0,region,region_lignes_regulieres
UT25:ST:12238,MARNAY Place,0.0,0.0,12238,1,,0,region,region_lignes_regulieres
UT25:ST:12239,MARNAY Lotissement,0.0,0.0,12239,1,,0,region,region_lignes_regulieres
UT25:ST:12240,CULT D 67,0.0,0.0,12240,1,,0,region,region_lignes_regulieres
UT25:ST:12241,VENERE D 67,0.0,0.0,12241,1,,0,region,region_lignes_regulieres
UT25:ST:12242,CRESANCEY Restaurant,0.0,0.0,12242,1,,0,region,region_lignes_regulieres
UT25:ST:12243,GRAY Zone Commerciale,0.0,0.0,12243,1,,0,region,region_lignes_regulieres
UT25:ST:12244,GRAY Gare Routiere,0.0,0.0,12244,1,,0,region,region_lignes_regulieres
UT25:ST:12245,GRAY Tilleuls,0.0,0.0,12245,1,,0,region,region_lignes_regulieres
UT25:ST:12246,VESOUL Pôle Multimodal,0.0,0.0,12246,1,,0,region,region_lignes_regulieres
UT25:ST:12247,RIOZ Za Charrière,0.0,0.0,12247,1,,0,region,region_lignes_regulieres
UT25:ST:12248,RIOZ Collège,0.0,0.0,12248,1,,0,region,region_lignes_regulieres
UT25:ST:12249,RIOZ Centre,0.0,0.0,12249,1,,0,region,region_lignes_regulieres
UT25:ST:12254,BESANCON Gare TGV,0.0,0.0,12254,1,,0,region,region_lignes_regulieres
UT25:ST:12277,NEUVELLE-LES-CROMARY Poste,0.0,0.0,12277,1,,0,region,region_lignes_regulieres
UT25:ST:12279,CROMARY Fontaine,0.0,0.0,12279,1,,0,region,region_lignes_regulieres
UT25:ST:12280,PERROUSE Fontaine,0.0,0.0,12280,1,,0,region,region_lignes_regulieres
UT25:ST:12281,BUTHIERS Abribus,0.0,0.0,12281,1,,0,region,region_lignes_regulieres
UT25:ST:12282,VORAY Mairie,0.0,0.0,12282,1,,0,region,region_lignes_regulieres
UT25:ST:12283,VORAY Gymnase,0.0,0.0,12283,1,,0,region,region_lignes_regulieres
UT25:ST:12284,BESANCON Valentin,0.0,0.0,12284,1,,0,region,region_lignes_regulieres
UT25:ST:12285,RUFFEY-LE-CH. Oratoire,0.0,0.0,12285,1,,0,region,region_lignes_regulieres
UT25:ST:12286,BESANCON Campus - Crous,0.0,0.0,12286,1,,0,region,region_lignes_regulieres
UT25:ST:12287,BESANCON Voirin,0.0,0.0,12287,1,,0,region,region_lignes_regulieres
UT25:ST:12331,BONBOILLON Rond-point,0.0,0.0,12331,1,,0,region,region_lignes_regulieres
UT25:ST:12367,QUINGEY La Blanchotte,0.0,0.0,12367,1,,0,region,region_lignes_regulieres
UT25:ST:12368,PONT-DE-R. Parvis,0.0,0.0,12368,1,,0,region,region_lignes_regulieres
UT25:ST:12369,FINS Route de Maîche,0.0,0.0,12369,1,,0,region,region_lignes_regulieres
UT25:ST:12370,FONTENELLES Poteau Arrêt Bus,0.0,0.0,12370,1,,0,region,region_lignes_regulieres
UT25:ST:12384,HYET Aire de covoiturage,0.0,0.0,12384,1,,0,region,region_lignes_regulieres
UT25:ST:12412,VILLE-DU-P. RD437,0.0,0.0,12412,1,,0,region,region_lignes_regulieres
UT25:ST:12414,MAICHE Cimetière,0.0,0.0,12414,1,,0,region,region_lignes_regulieres
UT25:ST:12420,ORNANS La Visitation,0.0,0.0,12420,1,,0,region,region_lignes_regulieres
UT25:ST:12421,ORNANS La Plante,0.0,0.0,12421,1,,0,region,region_lignes_regulieres
UT25:ST:12435,SAONE PEM Gare,0.0,0.0,12435,1,,0,region,region_lignes_regulieres
UT25:ST:12437,PONT-DE-R. Eglise,0.0,0.0,12437,1,,0,region,region_lignes_regulieres
UT25:ST:12439,QUINGEY Maison de Santé,0.0,0.0,12439,1,,0,region,region_lignes_regulieres
UT39:ST:00007,BOURG Gare SNCF,0.0,0.0,00007,1,,0,region,region_lignes_regulieres
UT39:ST:00020,Pharmacie,0.0,0.0,00020,1,,0,region,region_lignes_regulieres
UT39:ST:00029,Village,0.0,0.0,00029,1,,0,region,region_lignes_regulieres
UT39:ST:00036,SAINT ETIENNE DU BOIS Village,0.0,0.0,00036,1,,0,region,region_lignes_regulieres
UT39:ST:00038,CarfRD28/RD1083,0.0,0.0,00038,1,,0,region,region_lignes_regulieres
UT39:ST:00039,Ecole,0.0,0.0,00039,1,,0,region,region_lignes_regulieres
UT39:ST:00070,ANDELOT EN MONTAGNE Abribus,0.0,0.0,00070,1,,0,region,region_lignes_regulieres
UT39:ST:00082,ARBOIS Rte Dole,0.0,0.0,00082,1,,0,region,region_lignes_regulieres
UT39:ST:00084,La Foule,0.0,0.0,00084,1,,0,region,region_lignes_regulieres
UT39:ST:00128,ASNANS Chemin de la Croze,0.0,0.0,00128,1,,0,region,region_lignes_regulieres
UT39:ST:00144,AUGEA RD1083,0.0,0.0,00144,1,,0,region,region_lignes_regulieres
UT39:ST:00147,Place,0.0,0.0,00147,1,,0,region,region_lignes_regulieres
UT39:ST:00150,RD905,0.0,0.0,00150,1,,0,region,region_lignes_regulieres
UT39:ST:00167,BALANOD RD1083,0.0,0.0,00167,1,,0,region,region_lignes_regulieres
UT39:ST:00169,Rue des Tilleuls,0.0,0.0,00169,1,,0,region,region_lignes_regulieres
UT39:ST:00170,Mairie,0.0,0.0,00170,1,,0,region,region_lignes_regulieres
UT39:ST:00185,BEAUFORT Place du Souvenir,0.0,0.0,00185,1,,0,region,region_lignes_regulieres
UT39:ST:00198,Rue du Val d'Amour,0.0,0.0,00198,1,,0,region,region_lignes_regulieres
UT39:ST:00214,Champ de Foire,0.0,0.0,00214,1,,0,region,region_lignes_regulieres
UT39:ST:00215,Collège,0.0,0.0,00215,1,,0,region,region_lignes_regulieres
UT39:ST:00223,Frontière,0.0,0.0,00223,1,,0,region,region_lignes_regulieres
UT39:ST:00224,L'Auvergne,0.0,0.0,00224,1,,0,region,region_lignes_regulieres
UT39:ST:00226,Le Renouveau,0.0,0.0,00226,1,,0,region,region_lignes_regulieres
UT39:ST:00227,Le Vivier,0.0,0.0,00227,1,,0,region,region_lignes_regulieres
UT39:ST:00228,Meuniers,0.0,0.0,00228,1,,0,region,region_lignes_regulieres
UT39:ST:00229,Salle Polyvalente,0.0,0.0,00229,1,,0,region,region_lignes_regulieres
UT39:ST:00230,Ski Vandel,0.0,0.0,00230,1,,0,region,region_lignes_regulieres
UT39:ST:00231,1132 Rue Franche-Com,0.0,0.0,00231,1,,0,region,region_lignes_regulieres
UT39:ST:00237,3593 Rue Franche-Com,0.0,0.0,00237,1,,0,region,region_lignes_regulieres
UT39:ST:00241,Carrefour RD678,0.0,0.0,00241,1,,0,region,region_lignes_regulieres
UT39:ST:00246,Village,0.0,0.0,00246,1,,0,region,region_lignes_regulieres
UT39:ST:00264,BRACON Belettes,0.0,0.0,00264,1,,0,region,region_lignes_regulieres
UT39:ST:00297,RD1083,0.0,0.0,00297,1,,0,region,region_lignes_regulieres
UT39:ST:00299,CHAINEE DES COUPIS (LA) Grande Ru,0.0,0.0,00299,1,,0,region,region_lignes_regulieres
UT39:ST:00321,CHAMPAGNOLE Collège Les Louataux,0.0,0.0,00321,1,,0,region,region_lignes_regulieres
UT39:ST:00326,CHAMPAGNOLE Gare,0.0,0.0,00326,1,,0,region,region_lignes_regulieres
UT39:ST:00332,CHAMPAGNOLE Lycée P. E. Victor,0.0,0.0,00332,1,,0,region,region_lignes_regulieres
UT39:ST:00333,CHAMPAGNOLE Pl. Prost Chalet,0.0,0.0,00333,1,,0,region,region_lignes_regulieres
UT39:ST:00338,CHAMPAGNOLE Oppidum,0.0,0.0,00338,1,,0,region,region_lignes_regulieres
UT39:ST:00358,Ecole,0.0,0.0,00358,1,,0,region,region_lignes_regulieres
UT39:ST:00379,Mairie,0.0,0.0,00379,1,,0,region,region_lignes_regulieres
UT39:ST:00390,CHASSAGNE (LA) RD468,0.0,0.0,00390,1,,0,region,region_lignes_regulieres
UT39:ST:00411,Ecole,0.0,0.0,00411,1,,0,region,region_lignes_regulieres
UT39:ST:00412,Pompiers,0.0,0.0,00412,1,,0,region,region_lignes_regulieres
UT39:ST:00427,Place Gare,0.0,0.0,00427,1,,0,region,region_lignes_regulieres
UT39:ST:00428,Gendarmerie,0.0,0.0,00428,1,,0,region,region_lignes_regulieres
UT39:ST:00431,Framboisy,0.0,0.0,00431,1,,0,region,region_lignes_regulieres
UT39:ST:00432,La Villeneuve,0.0,0.0,00432,1,,0,region,region_lignes_regulieres
UT39:ST:00443,CHAUX DU DOMBIEF (LA) RD678,0.0,0.0,00443,1,,0,region,region_lignes_regulieres
UT39:ST:00448,CHAUX CHAMPAGNY Val D'Héry,0.0,0.0,00448,1,,0,region,region_lignes_regulieres
UT39:ST:00494,CLAIRVAUX Gendarmerie,0.0,0.0,00494,1,,0,region,region_lignes_regulieres
UT39:ST:00495,CLAIRVAUX Mairie,0.0,0.0,00495,1,,0,region,region_lignes_regulieres
UT39:ST:00498,Place,0.0,0.0,00498,1,,0,region,region_lignes_regulieres
UT39:ST:00510,Car. De la Potière,0.0,0.0,00510,1,,0,region,region_lignes_regulieres
UT39:ST:00511,Rue des Combes,0.0,0.0,00511,1,,0,region,region_lignes_regulieres
UT39:ST:00520,Le Villarnier,0.0,0.0,00520,1,,0,region,region_lignes_regulieres
UT39:ST:00527,Village,0.0,0.0,00527,1,,0,region,region_lignes_regulieres
UT39:ST:00562,La Grenette,0.0,0.0,00562,1,,0,region,region_lignes_regulieres
UT39:ST:00564,Abribus,0.0,0.0,00564,1,,0,region,region_lignes_regulieres
UT39:ST:00571,CRANCOT Village,0.0,0.0,00571,1,,0,region,region_lignes_regulieres
UT39:ST:00587,Mairie,0.0,0.0,00587,1,,0,region,region_lignes_regulieres
UT39:ST:00636,DESCHAUX (LE) Salle des Fêtes,0.0,0.0,00636,1,,0,region,region_lignes_regulieres
UT39:ST:00647,DOLE Avenue de Lahr,0.0,0.0,00647,1,,0,region,region_lignes_regulieres
UT39:ST:00648,CES Bastié,0.0,0.0,00648,1,,0,region,region_lignes_regulieres
UT39:ST:00653,Gare Routière,0.0,0.0,00653,1,,0,region,region_lignes_regulieres
UT39:ST:00660,Duhamel,0.0,0.0,00660,1,,0,region,region_lignes_regulieres
UT39:ST:00670,Théatre,0.0,0.0,00670,1,,0,region,region_lignes_regulieres
UT39:ST:00679,DOMPIERRE/MONT Place Eglise,0.0,0.0,00679,1,,0,region,region_lignes_regulieres
UT39:ST:00707,ESSARDS TAIGNEVAUX (LES) Mairie,0.0,0.0,00707,1,,0,region,region_lignes_regulieres
UT39:ST:00730,FERTE (LA) Chalet,0.0,0.0,00730,1,,0,region,region_lignes_regulieres
UT39:ST:00800,GEVINGEY CFA,0.0,0.0,00800,1,,0,region,region_lignes_regulieres
UT39:ST:00876,Ecole,0.0,0.0,00876,1,,0,region,region_lignes_regulieres
UT39:ST:00878,Combe du Lac,0.0,0.0,00878,1,,0,region,region_lignes_regulieres
UT39:ST:00890,Village,0.0,0.0,00890,1,,0,region,region_lignes_regulieres
UT39:ST:00895,Rue de la Gare,0.0,0.0,00895,1,,0,region,region_lignes_regulieres
UT39:ST:00901,Village,0.0,0.0,00901,1,,0,region,region_lignes_regulieres
UT39:ST:00910,LAVANS-ST-CLAUDE Bourg Dessus,0.0,0.0,00910,1,,0,region,region_lignes_regulieres
UT39:ST:00914,LAVANS-ST-CLAUDE Eglise,0.0,0.0,00914,1,,0,region,region_lignes_regulieres
UT39:ST:00952,LONGWY Eglise,0.0,0.0,00952,1,,0,region,region_lignes_regulieres
UT39:ST:00958,LONS Avenue Jean Moulin,0.0,0.0,00958,1,,0,region,region_lignes_regulieres
UT39:ST:00959,LONS Avenue de la Marseillaise,0.0,0.0,00959,1,,0,region,region_lignes_regulieres
UT39:ST:00960,LONS Avenue Thurel,0.0,0.0,00960,1,,0,region,region_lignes_regulieres
UT39:ST:00962,LONS Collège Briand,0.0,0.0,00962,1,,0,region,region_lignes_regulieres
UT39:ST:00968,LONS Gare,0.0,0.0,00968,1,,0,region,region_lignes_regulieres
UT39:ST:00970,LONS Lycée Montciel,0.0,0.0,00970,1,,0,region,region_lignes_regulieres
UT39:ST:00972,LONS Piscine,0.0,0.0,00972,1,,0,region,region_lignes_regulieres
UT39:ST:00988,LOYE (LA) Place,0.0,0.0,00988,1,,0,region,region_lignes_regulieres
UT39:ST:01022,Molamboz,0.0,0.0,01022,1,,0,region,region_lignes_regulieres
UT39:ST:01024,MAYNAL RD1083,0.0,0.0,01024,1,,0,region,region_lignes_regulieres
UT39:ST:01037,Thuron,0.0,0.0,01037,1,,0,region,region_lignes_regulieres
UT39:ST:01042,MESSIA/SORNE Salle des fêtes,0.0,0.0,01042,1,,0,region,region_lignes_regulieres
UT39:ST:01043,MESSIA/SORNE Z.I.,0.0,0.0,01043,1,,0,region,region_lignes_regulieres
UT39:ST:01044,Mairie Ecole,0.0,0.0,01044,1,,0,region,region_lignes_regulieres
UT39:ST:01060,MIREBEL Village,0.0,0.0,01060,1,,0,region,region_lignes_regulieres
UT39:ST:01061,MOIRANS EN MONTAGNE Cité Scolaire,0.0,0.0,01061,1,,0,region,region_lignes_regulieres
UT39:ST:01064,MOIRANS EN MONTAGNE Gendarmerie,0.0,0.0,01064,1,,0,region,region_lignes_regulieres
UT39:ST:01065,MOIRANS-EN-MONTAGNE Poste,0.0,0.0,01065,1,,0,region,region_lignes_regulieres
UT39:ST:01066,MOIRANS EN MONTAGNE Rte Crenans,0.0,0.0,01066,1,,0,region,region_lignes_regulieres
UT39:ST:01114,RD905,0.0,0.0,01114,1,,0,region,region_lignes_regulieres
UT39:ST:01132,Pré de la Tour,0.0,0.0,01132,1,,0,region,region_lignes_regulieres
UT39:ST:01134,Carf. RD 678 Centre,0.0,0.0,01134,1,,0,region,region_lignes_regulieres
UT39:ST:01136,MONTMOROT Grand Sugny,0.0,0.0,01136,1,,0,region,region_lignes_regulieres
UT39:ST:01139,MONTMOROT Pont,0.0,0.0,01139,1,,0,region,region_lignes_regulieres
UT39:ST:01145,MONT S/S VAUDREY Car. Gare,0.0,0.0,01145,1,,0,region,region_lignes_regulieres
UT39:ST:01148,MONT S/S VAUDREY Eglise,0.0,0.0,01148,1,,0,region,region_lignes_regulieres
UT39:ST:01169,Mairie-Eglise,0.0,0.0,01169,1,,0,region,region_lignes_regulieres
UT39:ST:01170,Pont Godard,0.0,0.0,01170,1,,0,region,region_lignes_regulieres
UT39:ST:01179,MOREZ Gare,0.0,0.0,01179,1,,0,region,region_lignes_regulieres
UT39:ST:01180,MOREZ Place Eglise,0.0,0.0,01180,1,,0,region,region_lignes_regulieres
UT39:ST:01182,MOREZ Place LISSAC,0.0,0.0,01182,1,,0,region,region_lignes_regulieres
UT39:ST:01185,MOUCHARD Bel Air,0.0,0.0,01185,1,,0,region,region_lignes_regulieres
UT39:ST:01186,MOUCHARD Gare,0.0,0.0,01186,1,,0,region,region_lignes_regulieres
UT39:ST:01187,MOUCHARD Gym Lycée,0.0,0.0,01187,1,,0,region,region_lignes_regulieres
UT39:ST:01207,NANC-ST-AMOUR RD3,0.0,0.0,01207,1,,0,region,region_lignes_regulieres
UT39:ST:01219,NEUBLANS Bas,0.0,0.0,01219,1,,0,region,region_lignes_regulieres
UT39:ST:01222,NEUBLANS Haut,0.0,0.0,01222,1,,0,region,region_lignes_regulieres
UT39:ST:01230,NEVY LES DOLE Place Bascule,0.0,0.0,01230,1,,0,region,region_lignes_regulieres
UT39:ST:01238,RD678,0.0,0.0,01238,1,,0,region,region_lignes_regulieres
UT39:ST:01250,ORBAGNA RD1083,0.0,0.0,01250,1,,0,region,region_lignes_regulieres
UT39:ST:01258,Salle Polyvalente,0.0,0.0,01258,1,,0,region,region_lignes_regulieres
UT39:ST:01266,Eglise,0.0,0.0,01266,1,,0,region,region_lignes_regulieres
UT39:ST:01272,Village,0.0,0.0,01272,1,,0,region,region_lignes_regulieres
UT39:ST:01279,RD471,0.0,0.0,01279,1,,0,region,region_lignes_regulieres
UT39:ST:01283,PASQUIER (LE) Abribus,0.0,0.0,01283,1,,0,region,region_lignes_regulieres
UT39:ST:01284,PASQUIER (LE) Mairie,0.0,0.0,01284,1,,0,region,region_lignes_regulieres
UT39:ST:01288,RD678,0.0,0.0,01288,1,,0,region,region_lignes_regulieres
UT39:ST:01291,Condamine,0.0,0.0,01291,1,,0,region,region_lignes_regulieres
UT39:ST:01295,Centre Commercial,0.0,0.0,01295,1,,0,region,region_lignes_regulieres
UT39:ST:01296,Scierie,0.0,0.0,01296,1,,0,region,region_lignes_regulieres
UT39:ST:01298,Vatagna (Orlong),0.0,0.0,01298,1,,0,region,region_lignes_regulieres
UT39:ST:01309,PETIT NOIR Eglise,0.0,0.0,01309,1,,0,region,region_lignes_regulieres
UT39:ST:01313,PETIT NOIR Lavigne,0.0,0.0,01313,1,,0,region,region_lignes_regulieres
UT39:ST:01339,Calvaire,0.0,0.0,01339,1,,0,region,region_lignes_regulieres
UT39:ST:01347,POIDS DE FIOLE Village,0.0,0.0,01347,1,,0,region,region_lignes_regulieres
UT39:ST:01349,Champ de Foire,0.0,0.0,01349,1,,0,region,region_lignes_regulieres
UT39:ST:01350,POLIGNY Charmilles,0.0,0.0,01350,1,,0,region,region_lignes_regulieres
UT39:ST:01355,POLIGNY Gare,0.0,0.0,01355,1,,0,region,region_lignes_regulieres
UT39:ST:01362,PONT DE POITTE Place,0.0,0.0,01362,1,,0,region,region_lignes_regulieres
UT39:ST:01367,PONT D'HERY Moutaine,0.0,0.0,01367,1,,0,region,region_lignes_regulieres
UT39:ST:01369,PONT DU NAVOY Mairie,0.0,0.0,01369,1,,0,region,region_lignes_regulieres
UT39:ST:01375,PRATZ Abribus,0.0,0.0,01375,1,,0,region,region_lignes_regulieres
UT39:ST:01427,Salle des Fêtes,0.0,0.0,01427,1,,0,region,region_lignes_regulieres
UT39:ST:01435,Village,0.0,0.0,01435,1,,0,region,region_lignes_regulieres
UT39:ST:01459,ROUSSES (LES) Collège,0.0,0.0,01459,1,,0,region,region_lignes_regulieres
UT39:ST:01461,ROUSSES (LES) Gouland,0.0,0.0,01461,1,,0,region,region_lignes_regulieres
UT39:ST:01463,ROUSSES (LES) La Cure,0.0,0.0,01463,1,,0,region,region_lignes_regulieres
UT39:ST:01464,ROUSSES (LES) La Cure Douane,0.0,0.0,01464,1,,0,region,region_lignes_regulieres
UT39:ST:01468,ROUSSES (LES) Le Gravier Vandelle,0.0,0.0,01468,1,,0,region,region_lignes_regulieres
UT39:ST:01469,ROUSSES (LES) Le Gravier Lacroix,0.0,0.0,01469,1,,0,region,region_lignes_regulieres
UT39:ST:01471,ROUSSES (LES) Le Noirmont,0.0,0.0,01471,1,,0,region,region_lignes_regulieres
UT39:ST:01477,ROUSSES (LES) Syndic d'Initiative,0.0,0.0,01477,1,,0,region,region_lignes_regulieres
UT39:ST:01485,Place de la Mairie,0.0,0.0,01485,1,,0,region,region_lignes_regulieres
UT39:ST:01488,SAINTE AGNES RD1083,0.0,0.0,01488,1,,0,region,region_lignes_regulieres
UT39:ST:01503,ST AMOUR Av. Gare,0.0,0.0,01503,1,,0,region,region_lignes_regulieres
UT39:ST:01511,SAINT AMOUR ZI,0.0,0.0,01511,1,,0,region,region_lignes_regulieres
UT39:ST:01522,SAINT CLAUDE Cathédrale,0.0,0.0,01522,1,,0,region,region_lignes_regulieres
UT39:ST:01528,SAINT CLAUDE Aiglon,0.0,0.0,01528,1,,0,region,region_lignes_regulieres
UT39:ST:01529,SAINT CLAUDE Faubourg école,0.0,0.0,01529,1,,0,region,region_lignes_regulieres
UT39:ST:01534,SAINT CLAUDE Cité scolaire Pré St Sauveur,0.0,0.0,01534,1,,0,region,region_lignes_regulieres
UT39:ST:01538,SAINT CLAUDE Pont Cimetière,0.0,0.0,01538,1,,0,region,region_lignes_regulieres
UT39:ST:01540,SAINT CLAUDE Rochefort,0.0,0.0,01540,1,,0,region,region_lignes_regulieres
UT39:ST:01541,SAINT CLAUDE Rue Carnot,0.0,0.0,01541,1,,0,region,region_lignes_regulieres
UT39:ST:01542,SAINT CLAUDE Saint Hubert,0.0,0.0,01542,1,,0,region,region_lignes_regulieres
UT39:ST:01543,SAINT-CLAUDE Gare,0.0,0.0,01543,1,,0,region,region_lignes_regulieres
UT39:ST:01547,SAINT-CLAUDE Place du 9 avril,0.0,0.0,01547,1,,0,region,region_lignes_regulieres
UT39:ST:01571,SAINT-LAURENT-EN-GDX Gare,0.0,0.0,01571,1,,0,region,region_lignes_regulieres
UT39:ST:01574,SAINT LAURENT EN GDX Ville,0.0,0.0,01574,1,,0,region,region_lignes_regulieres
UT39:ST:01585,SAINT LUPICIN Gertem,0.0,0.0,01585,1,,0,region,region_lignes_regulieres
UT39:ST:01588,SAINT LUPICIN Place Mairie,0.0,0.0,01588,1,,0,region,region_lignes_regulieres
UT39:ST:01602,SAINT PIERRE RD678,0.0,0.0,01602,1,,0,region,region_lignes_regulieres
UT39:ST:01617,SALINS LES BAINS Casino,0.0,0.0,01617,1,,0,region,region_lignes_regulieres
UT39:ST:01619,SALINS Faienceries,0.0,0.0,01619,1,,0,region,region_lignes_regulieres
UT39:ST:01622,SALINS Lycée,0.0,0.0,01622,1,,0,region,region_lignes_regulieres
UT39:ST:01624,SALINS Olivet,0.0,0.0,01624,1,,0,region,region_lignes_regulieres
UT39:ST:01625,SALINS Pl. Aubarède,0.0,0.0,01625,1,,0,region,region_lignes_regulieres
UT39:ST:01626,SALINS Pl. Ste Marie,0.0,0.0,01626,1,,0,region,region_lignes_regulieres
UT39:ST:01628,SALINS Ancienne Gare,0.0,0.0,01628,1,,0,region,region_lignes_regulieres
UT39:ST:01657,Poste,0.0,0.0,01657,1,,0,region,region_lignes_regulieres
UT39:ST:01659,SEPTMONCEL Bellecombe,0.0,0.0,01659,1,,0,region,region_lignes_regulieres
UT39:ST:01661,SEPTMONCEL Clavières,0.0,0.0,01661,1,,0,region,region_lignes_regulieres
UT39:ST:01666,SEPTMONCEL L'Evalide,0.0,0.0,01666,1,,0,region,region_lignes_regulieres
UT39:ST:01667,SEPTMONCEL Montépile,0.0,0.0,01667,1,,0,region,region_lignes_regulieres
UT39:ST:01668,SEPTMONCEL Place,0.0,0.0,01668,1,,0,region,region_lignes_regulieres
UT39:ST:01686,RN 63,0.0,0.0,01686,1,,0,region,region_lignes_regulieres
UT39:ST:01687,Poste,0.0,0.0,01687,1,,0,region,region_lignes_regulieres
UT39:ST:01728,TOUR DU MEIX (LA) Ecole-Mairie,0.0,0.0,01728,1,,0,region,region_lignes_regulieres
UT39:ST:01730,TOUR DU MEIX (LA) RD470,0.0,0.0,01730,1,,0,region,region_lignes_regulieres
UT39:ST:01732,TOURMONT gare,0.0,0.0,01732,1,,0,region,region_lignes_regulieres
UT39:ST:01737,VADANS Carf. RD469,0.0,0.0,01737,1,,0,region,region_lignes_regulieres
UT39:ST:01757,Eglise,0.0,0.0,01757,1,,0,region,region_lignes_regulieres
UT39:ST:01759,Pont,0.0,0.0,01759,1,,0,region,region_lignes_regulieres
UT39:ST:01766,VERCIA Paisia,0.0,0.0,01766,1,,0,region,region_lignes_regulieres
UT39:ST:01767,VERCIA RD1083,0.0,0.0,01767,1,,0,region,region_lignes_regulieres
UT39:ST:01777,VERS EN MONTAGNE Mairie,0.0,0.0,01777,1,,0,region,region_lignes_regulieres
UT39:ST:01787,VIEILLE LOYE (LA) Mairie,0.0,0.0,01787,1,,0,region,region_lignes_regulieres
UT39:ST:01794,VILLARD ST SAUVEUR L'Essard,0.0,0.0,01794,1,,0,region,region_lignes_regulieres
UT39:ST:01797,VILLARD ST SAUVEUR Montbrillant Bas,0.0,0.0,01797,1,,0,region,region_lignes_regulieres
UT39:ST:01801,VILLARDS D'HERIA Mairie,0.0,0.0,01801,1,,0,region,region_lignes_regulieres
UT39:ST:01802,VILLARDS D'HERIA Ecole,0.0,0.0,01802,1,,0,region,region_lignes_regulieres
UT39:ST:01830,Eglise,0.0,0.0,01830,1,,0,region,region_lignes_regulieres
UT39:ST:01836,VINCELLES RD1083,0.0,0.0,01836,1,,0,region,region_lignes_regulieres
UT39:ST:01872,Village,0.0,0.0,01872,1,,0,region,region_lignes_regulieres
UT39:ST:01876,Brouchy,0.0,0.0,01876,1,,0,region,region_lignes_regulieres
UT39:ST:01879,Collège,0.0,0.0,01879,1,,0,region,region_lignes_regulieres
UT39:ST:01889,JOUDES RD1083,0.0,0.0,01889,1,,0,region,region_lignes_regulieres
UT39:ST:01896,PIERRE DE BRESSE Château d'Eau,0.0,0.0,01896,1,,0,region,region_lignes_regulieres
UT39:ST:01915,DIGNA Bretelle RD1083,0.0,0.0,01915,1,,0,region,region_lignes_regulieres
UT39:ST:01938,SALINS-LES-B. Salines,0.0,0.0,01938,1,,0,region,region_lignes_regulieres
UT39:ST:01964,RD 475,0.0,0.0,01964,1,,0,region,region_lignes_regulieres
UT39:ST:03129,Atelier Communal,0.0,0.0,03129,1,,0,region,region_lignes_regulieres
UT39:ST:03174,Av Bad Kreuznach,0.0,0.0,03174,1,,0,region,region_lignes_regulieres
UT39:ST:03179,RD 905 / Pharmacie,0.0,0.0,03179,1,,0,region,region_lignes_regulieres
UT39:ST:03211,Parking Bolard,0.0,0.0,03211,1,,0,region,region_lignes_regulieres
UT39:ST:03212,Gendarmerie,0.0,0.0,03212,1,,0,region,region_lignes_regulieres
UT39:ST:03217,Eglise,0.0,0.0,03217,1,,0,region,region_lignes_regulieres
UT39:ST:03218,Moulin des Ponts,0.0,0.0,03218,1,,0,region,region_lignes_regulieres
UT39:ST:03220,Alimentec TUB,0.0,0.0,03220,1,,0,region,region_lignes_regulieres
UT39:ST:03227,CUISIA Bretelle RD1083,0.0,0.0,03227,1,,0,region,region_lignes_regulieres
UT39:ST:03228,LONS Place de Verdun,0.0,0.0,03228,1,,0,region,region_lignes_regulieres
UT39:ST:03267,PONT D'HERY Mairie,0.0,0.0,03267,1,,0,region,region_lignes_regulieres
UT39:ST:03272,Champ de Foire,0.0,0.0,03272,1,,0,region,region_lignes_regulieres
UT39:ST:03287,RD33/D1,0.0,0.0,03287,1,,0,region,region_lignes_regulieres
UT39:ST:03296,Cité Chabod,0.0,0.0,03296,1,,0,region,region_lignes_regulieres
UT39:ST:03299,MT/VAUDREY Rte de Poligny,0.0,0.0,03299,1,,0,region,region_lignes_regulieres
UT39:ST:03301,Carré Amiot,0.0,0.0,03301,1,,0,region,region_lignes_regulieres
UT39:ST:03302,MARNOZ Barges,0.0,0.0,03302,1,,0,region,region_lignes_regulieres
UT39:ST:03337,TOUR-DU-MEIX (LA) - Lac de Vouglans,0.0,0.0,03337,1,,0,region,region_lignes_regulieres
UT39:ST:03349,2982 Rue du Vivier,0.0,0.0,03349,1,,0,region,region_lignes_regulieres
UT39:ST:03350,Route de Lyon,0.0,0.0,03350,1,,0,region,region_lignes_regulieres
UT39:ST:03382,Labalme,0.0,0.0,03382,1,,0,region,region_lignes_regulieres
UT39:ST:03405,DIJON République,0.0,0.0,03405,1,,0,region,region_lignes_regulieres
UT39:ST:03425,MIGAILLE,0.0,0.0,03425,1,,0,region,region_lignes_regulieres
UT39:ST:03434,DIJON Fac des Sciences,0.0,0.0,03434,1,,0,region,region_lignes_regulieres
UT39:ST:03439,VILLARD ST SAUVEUR Montbrillant Haut,0.0,0.0,03439,1,,0,region,region_lignes_regulieres
UT39:ST:03440,DIJON Gare de Dijon-Ville (Tram),0.0,0.0,03440,1,,0,region,region_lignes_regulieres
UT58:ST:00567,ALLUY L'Huy Moreau,0.0,0.0,00567,1,,0,region,region_lignes_regulieres
UT58:ST:00731,ARQUIAN La Chapelle,0.0,0.0,00731,1,,0,region,region_lignes_regulieres
UT58:ST:01036,BEAUMONT SARDOLLES Petit Lugues,0.0,0.0,01036,1,,0,region,region_lignes_regulieres
UT58:ST:01192,BONA Agland RD,0.0,0.0,01192,1,,0,region,region_lignes_regulieres
UT58:ST:01218,BOUHY Forges,0.0,0.0,01218,1,,0,region,region_lignes_regulieres
UT58:ST:01323,LA CELLE S/LOIRE Le Carroué,0.0,0.0,01323,1,,0,region,region_lignes_regulieres
UT58:ST:01337,LA CELLE S/LOIRE La Girafe,0.0,0.0,01337,1,,0,region,region_lignes_regulieres
UT58:ST:01544,CHAMPVERT Mairie,0.0,0.0,01544,1,,0,region,region_lignes_regulieres
UT58:ST:01558,CHAMPVERT La Copine,0.0,0.0,01558,1,,0,region,region_lignes_regulieres
UT58:ST:01605,CHAMPVOUX Le Grand Soury,0.0,0.0,01605,1,,0,region,region_lignes_regulieres
UT58:ST:01915,CHATILLON EN BAZOIS Frasnay,0.0,0.0,01915,1,,0,region,region_lignes_regulieres
UT58:ST:01956,CHAULGNES Le Chazeau,0.0,0.0,01956,1,,0,region,region_lignes_regulieres
UT58:ST:02219,CLAMECY Moulot,0.0,0.0,02219,1,,0,region,region_lignes_regulieres
UT58:ST:02222,CLAMECY Pressures,0.0,0.0,02222,1,,0,region,region_lignes_regulieres
UT58:ST:02378,COSNE/LOIRE Les Sajots,0.0,0.0,02378,1,,0,region,region_lignes_regulieres
UT58:ST:02382,COSNE/LOIRE Villefroide,0.0,0.0,02382,1,,0,region,region_lignes_regulieres
UT58:ST:02429,COSNE/LOIRE Le Chat,0.0,0.0,02429,1,,0,region,region_lignes_regulieres
UT58:ST:02530,COULANGES LES N. Chaume Cul Rond,0.0,0.0,02530,1,,0,region,region_lignes_regulieres
UT58:ST:02548,COULANGES LES N. Pont St Ours,0.0,0.0,02548,1,,0,region,region_lignes_regulieres
UT58:ST:03043,DRUY PARIGNY Rte de Dardault,0.0,0.0,03043,1,,0,region,region_lignes_regulieres
UT58:ST:03146,ENTRAINS S/NOHAIN place St Cyr,0.0,0.0,03146,1,,0,region,region_lignes_regulieres
UT58:ST:03257,LA FERMETE Prye,0.0,0.0,03257,1,,0,region,region_lignes_regulieres
UT58:ST:03266,LA FERMETE Thiernay,0.0,0.0,03266,1,,0,region,region_lignes_regulieres
UT58:ST:03270,LA FERMETE Le Champ Billard,0.0,0.0,03270,1,,0,region,region_lignes_regulieres
UT58:ST:03316,FLETY Pont Boudot,0.0,0.0,03316,1,,0,region,region_lignes_regulieres
UT58:ST:03502,GARCHY Mairie,0.0,0.0,03502,1,,0,region,region_lignes_regulieres
UT58:ST:03509,GARCHY Maizières,0.0,0.0,03509,1,,0,region,region_lignes_regulieres
UT58:ST:03515,GARCHY Vesvres,0.0,0.0,03515,1,,0,region,region_lignes_regulieres
UT58:ST:03586,GIRY Gipy,0.0,0.0,03586,1,,0,region,region_lignes_regulieres
UT58:ST:03592,GIRY Montigny,0.0,0.0,03592,1,,0,region,region_lignes_regulieres
UT58:ST:03665,GUERIGNY Gare,0.0,0.0,03665,1,,0,region,region_lignes_regulieres
UT58:ST:03939,LIMANTON Pannecot,0.0,0.0,03939,1,,0,region,region_lignes_regulieres
UT58:ST:04393,MAGNY LORMES Bailly,0.0,0.0,04393,1,,0,region,region_lignes_regulieres
UT58:ST:04509,MARIGNY SUR YONNE Sauvigny,0.0,0.0,04509,1,,0,region,region_lignes_regulieres
UT58:ST:04574,MAUX le Grand Massé,0.0,0.0,04574,1,,0,region,region_lignes_regulieres
UT58:ST:04818,MONTARON Pouligny,0.0,0.0,04818,1,,0,region,region_lignes_regulieres
UT58:ST:04867,MONTIGNY/AMOGNES Meulot,0.0,0.0,04867,1,,0,region,region_lignes_regulieres
UT58:ST:04868,MONTIGNY/AMOGNES Petit Noilles,0.0,0.0,04868,1,,0,region,region_lignes_regulieres
UT58:ST:05281,NEUFFONTAINES Bourg,0.0,0.0,05281,1,,0,region,region_lignes_regulieres
UT58:ST:05352,NEUVY/LOIRE Les Pelus,0.0,0.0,05352,1,,0,region,region_lignes_regulieres
UT58:ST:05367,NEVERS Banlay,0.0,0.0,05367,1,,0,region,region_lignes_regulieres
UT58:ST:05368,NEVERS Gares,0.0,0.0,05368,1,,0,region,region_lignes_regulieres
UT58:ST:05377,NEVERS Blaise Pascal,0.0,0.0,05377,1,,0,region,region_lignes_regulieres
UT58:ST:05385,NEVERS Saint Fiacre,0.0,0.0,05385,1,,0,region,region_lignes_regulieres
UT58:ST:05461,NUARS Bourg,0.0,0.0,05461,1,,0,region,region_lignes_regulieres
UT58:ST:05706,POISEUX Les Champs Martins,0.0,0.0,05706,1,,0,region,region_lignes_regulieres
UT58:ST:05726,POISEUX Thou,0.0,0.0,05726,1,,0,region,region_lignes_regulieres
UT58:ST:05810,PREMERY Le Chaillou,0.0,0.0,05810,1,,0,region,region_lignes_regulieres
UT58:ST:05817,PREMERY Doudoye,0.0,0.0,05817,1,,0,region,region_lignes_regulieres
UT58:ST:05910,RAVEAU Pète-loup,0.0,0.0,05910,1,,0,region,region_lignes_regulieres
UT58:ST:06141,ST ANDELAIN  Mairie,0.0,0.0,06141,1,,0,region,region_lignes_regulieres
UT58:ST:06142,ST ANDELAIN Les Berthiers,0.0,0.0,06142,1,,0,region,region_lignes_regulieres
UT58:ST:06145,ST ANDELAIN Bouchot,0.0,0.0,06145,1,,0,region,region_lignes_regulieres
UT58:ST:06148,ST ANDELAIN Chambeau,0.0,0.0,06148,1,,0,region,region_lignes_regulieres
UT58:ST:06208,ST BENIN D'AZY Gendarmerie,0.0,0.0,06208,1,,0,region,region_lignes_regulieres
UT58:ST:06476,ST HILAIRE/MORVAN Croix Chaligny,0.0,0.0,06476,1,,0,region,region_lignes_regulieres
UT58:ST:06477,ST HILAIRE EN MORVAN La Détorbe,0.0,0.0,06477,1,,0,region,region_lignes_regulieres
UT58:ST:06586,ST JEAN/AMOGNES Cougny,0.0,0.0,06586,1,,0,region,region_lignes_regulieres
UT58:ST:06602,ST JEAN/AMOGNES St Péraville,0.0,0.0,06602,1,,0,region,region_lignes_regulieres
UT58:ST:06606,ST LAURENT L'ABBAYE Mairie,0.0,0.0,06606,1,,0,region,region_lignes_regulieres
UT58:ST:06746,ST MARTIN D'HEUILLE Gué dHeuillon,0.0,0.0,06746,1,,0,region,region_lignes_regulieres
UT58:ST:06771,ST MARTIN/NOHAIN Breuillard,0.0,0.0,06771,1,,0,region,region_lignes_regulieres
UT58:ST:06778,ST MARTIN/NOHAIN Moussard,0.0,0.0,06778,1,,0,region,region_lignes_regulieres
UT58:ST:06950,ST PERE Moulin L'Eveque,0.0,0.0,06950,1,,0,region,region_lignes_regulieres
UT58:ST:06966,ST PEREUSE Bucherolles,0.0,0.0,06966,1,,0,region,region_lignes_regulieres
UT58:ST:06973,ST PEREUSE Le Chemin,0.0,0.0,06973,1,,0,region,region_lignes_regulieres
UT58:ST:06974,ST PEREUSE Coeurty,0.0,0.0,06974,1,,0,region,region_lignes_regulieres
UT58:ST:07086,ST QUENTIN SUR NOHAIN Chaume,0.0,0.0,07086,1,,0,region,region_lignes_regulieres
UT58:ST:07199,ST SULPICE Mantelet,0.0,0.0,07199,1,,0,region,region_lignes_regulieres
UT58:ST:07294,SAUVIGNY LES BOIS Forges,0.0,0.0,07294,1,,0,region,region_lignes_regulieres
UT58:ST:07506,SICHAMPS Le Petit Sichamps,0.0,0.0,07506,1,,0,region,region_lignes_regulieres
UT58:ST:07530,SOUGY/LOIRE La Mouillé,0.0,0.0,07530,1,,0,region,region_lignes_regulieres
UT58:ST:07538,SOUGY/LOIRE L'Usage,0.0,0.0,07538,1,,0,region,region_lignes_regulieres
UT58:ST:07613,TAMNAY EN BAZOIS Bourg,0.0,0.0,07613,1,,0,region,region_lignes_regulieres
UT58:ST:07894,TRACY SUR LOIRE Boisfleury,0.0,0.0,07894,1,,0,region,region_lignes_regulieres
UT58:ST:07901,TRACY SUR LOIRE Fontenille,0.0,0.0,07901,1,,0,region,region_lignes_regulieres
UT58:ST:07907,TRACY SUR LOIRE Maltaverne,0.0,0.0,07907,1,,0,region,region_lignes_regulieres
UT58:ST:07911,TRACY SUR LOIRE La Roche,0.0,0.0,07911,1,,0,region,region_lignes_regulieres
UT58:ST:07991,URZY Le Champaul,0.0,0.0,07991,1,,0,region,region_lignes_regulieres
UT58:ST:07995,URZY Demeurs,0.0,0.0,07995,1,,0,region,region_lignes_regulieres
UT58:ST:08001,URZY  Le Greux,0.0,0.0,08001,1,,0,region,region_lignes_regulieres
UT58:ST:08041,VANDENESSE La Gare,0.0,0.0,08041,1,,0,region,region_lignes_regulieres
UT58:ST:08217,VERNEUIL Les Barbiers,0.0,0.0,08217,1,,0,region,region_lignes_regulieres
UT58:ST:08330,VILLAPOURCON L'Haut de l'Arche,0.0,0.0,08330,1,,0,region,region_lignes_regulieres
UT58:ST:08884,CHATILLON EN BAZOIS Mairie,0.0,0.0,08884,1,,0,region,region_lignes_regulieres
UT58:ST:08933,COULANGES LES N. Jean Macé,0.0,0.0,08933,1,,0,region,region_lignes_regulieres
UT58:ST:08955,ST ELOI Place de l'Eglise,0.0,0.0,08955,1,,0,region,region_lignes_regulieres
UT58:ST:09179,IMPHY Petits Champs,0.0,0.0,09179,1,,0,region,region_lignes_regulieres
UT58:ST:09212,CHATEAU CH VILLE Collège,0.0,0.0,09212,1,,0,region,region_lignes_regulieres
UT58:ST:09306,BILLY CHEVANNES Criens RD 978,0.0,0.0,09306,1,,0,region,region_lignes_regulieres
UT58:ST:09308,VERNEUIL Eglise,0.0,0.0,09308,1,,0,region,region_lignes_regulieres
UT58:ST:09328,CORVOL L'ORGUEILLEUX Gare,0.0,0.0,09328,1,,0,region,region_lignes_regulieres
UT58:ST:09356,CLAMECY Gare SNCF,0.0,0.0,09356,1,,0,region,region_lignes_regulieres
UT58:ST:09357,DECIZE Champ de Foire,0.0,0.0,09357,1,,0,region,region_lignes_regulieres
UT58:ST:09358,DECIZE Cité Scolaire,0.0,0.0,09358,1,,0,region,region_lignes_regulieres
UT58:ST:09359,DECIZE Hôpital,0.0,0.0,09359,1,,0,region,region_lignes_regulieres
UT58:ST:09360,CHATEAU CH VILLE Place Notre Dame,0.0,0.0,09360,1,,0,region,region_lignes_regulieres
UT58:ST:09374,ALLUY Grand Champ,0.0,0.0,09374,1,,0,region,region_lignes_regulieres
UT58:ST:09375,NEVERS Résistance,0.0,0.0,09375,1,,0,region,region_lignes_regulieres
UT58:ST:09376,NEVERS Place de Verdun,0.0,0.0,09376,1,,0,region,region_lignes_regulieres
UT58:ST:09380,CORBIGNY Champ de Foire,0.0,0.0,09380,1,,0,region,region_lignes_regulieres
UT58:ST:09383,BILLY CHEVANNES Conseuille,0.0,0.0,09383,1,,0,region,region_lignes_regulieres
UT58:ST:09388,NEVERS Petit Canal,0.0,0.0,09388,1,,0,region,region_lignes_regulieres
UT58:ST:09400,CERCY LA TOUR Gare SNCF,0.0,0.0,09400,1,,0,region,region_lignes_regulieres
UT58:ST:09402,CERCY LA TOUR Place Vallendar,0.0,0.0,09402,1,,0,region,region_lignes_regulieres
UT58:ST:09404,VERNEUIL L'Usage,0.0,0.0,09404,1,,0,region,region_lignes_regulieres
UT58:ST:09408,DECIZE Centre commercial,0.0,0.0,09408,1,,0,region,region_lignes_regulieres
UT58:ST:09427,COULANGES LES N. Grands Prés,0.0,0.0,09427,1,,0,region,region_lignes_regulieres
UT58:ST:09431,VIGNOL Bourg,0.0,0.0,09431,1,,0,region,region_lignes_regulieres
UT58:ST:09432,TEIGNY Bourg,0.0,0.0,09432,1,,0,region,region_lignes_regulieres
UT58:ST:09438,CLAMECY Collège,0.0,0.0,09438,1,,0,region,region_lignes_regulieres
UT58:ST:09443,LA MACHINE Boule Blanche,0.0,0.0,09443,1,,0,region,region_lignes_regulieres
UT58:ST:09445,ST LEGER DES VIGNES Château,0.0,0.0,09445,1,,0,region,region_lignes_regulieres
UT58:ST:09446,ST LEGER DES VIGNES Mairie,0.0,0.0,09446,1,,0,region,region_lignes_regulieres
UT58:ST:09457,IMPHY Square Lamartine,0.0,0.0,09457,1,,0,region,region_lignes_regulieres
UT58:ST:09461,VARZY Gare,0.0,0.0,09461,1,,0,region,region_lignes_regulieres
UT58:ST:09463,NEVERS College Victor Hugo,0.0,0.0,09463,1,,0,region,region_lignes_regulieres
UT58:ST:09468,PREMERY Cimetière,0.0,0.0,09468,1,,0,region,region_lignes_regulieres
UT58:ST:09469,PREMERY Le Royal,0.0,0.0,09469,1,,0,region,region_lignes_regulieres
UT58:ST:09472,PREMERY Eglise,0.0,0.0,09472,1,,0,region,region_lignes_regulieres
UT58:ST:09474,GUERIGNY Les Boirats,0.0,0.0,09474,1,,0,region,region_lignes_regulieres
UT58:ST:09481,NEVERS Place des Charmilles,0.0,0.0,09481,1,,0,region,region_lignes_regulieres
UT58:ST:09502,NEVERS Place du Mouesse,0.0,0.0,09502,1,,0,region,region_lignes_regulieres
UT58:ST:09577,CHARITE S/LOIRE Gare SNCF,0.0,0.0,09577,1,,0,region,region_lignes_regulieres
UT58:ST:09585,LUZY Gare,0.0,0.0,09585,1,,0,region,region_lignes_regulieres
UT58:ST:09591,IMPHY Gare SNCF,0.0,0.0,09591,1,,0,region,region_lignes_regulieres
UT58:ST:09878,FOURS Place Pouyat,0.0,0.0,09878,1,,0,region,region_lignes_regulieres
UT58:ST:09923,ST SAULGE LP Coeur de Nièvre,0.0,0.0,09923,1,,0,region,region_lignes_regulieres
UT58:ST:09928,CLAMECY Pl. des Jeux,0.0,0.0,09928,1,,0,region,region_lignes_regulieres
UT58:ST:09929,CLAMECY Hôpital,0.0,0.0,09929,1,,0,region,region_lignes_regulieres
UT58:ST:10164,ST BENIN D'AZY Maison de retraite,0.0,0.0,10164,1,,0,region,region_lignes_regulieres
UT58:ST:10346,ST BENIN D'AZY Gambetta,0.0,0.0,10346,1,,0,region,region_lignes_regulieres
UT58:ST:10382,CHATEAU CH VILLE Lycées,0.0,0.0,10382,1,,0,region,region_lignes_regulieres
UT58:ST:10389,DONZY Place Gambetta,0.0,0.0,10389,1,,0,region,region_lignes_regulieres
UT58:ST:10390,DONZY Supermarché,0.0,0.0,10390,1,,0,region,region_lignes_regulieres
UT58:ST:10568,PREMERY Pourcelanges,0.0,0.0,10568,1,,0,region,region_lignes_regulieres
UT58:ST:10610,IMPHY Edouard Vaillant,0.0,0.0,10610,1,,0,region,region_lignes_regulieres
UT58:ST:10685,MOULINS ENGILBERT College,0.0,0.0,10685,1,,0,region,region_lignes_regulieres
UT58:ST:10710,ST SAULGE Pl. de l'Hotel de Ville,0.0,0.0,10710,1,,0,region,region_lignes_regulieres
UT58:ST:10719,LA MACHINE Foyers des Marizys,0.0,0.0,10719,1,,0,region,region_lignes_regulieres
UT58:ST:10720,LA MACHINE Les Baraques,0.0,0.0,10720,1,,0,region,region_lignes_regulieres
UT58:ST:10728,CLAMECY Misset,0.0,0.0,10728,1,,0,region,region_lignes_regulieres
UT58:ST:10729,VARZY Route de Vilaine,0.0,0.0,10729,1,,0,region,region_lignes_regulieres
UT58:ST:10732,NEVERS Carrefour du Mouësse,0.0,0.0,10732,1,,0,region,region_lignes_regulieres
UT58:ST:10733,NEVERS Eperon,0.0,0.0,10733,1,,0,region,region_lignes_regulieres
UT58:ST:10734,NEVERS Chapelle,0.0,0.0,10734,1,,0,region,region_lignes_regulieres
UT58:ST:10735,NEVERS La Baratte,0.0,0.0,10735,1,,0,region,region_lignes_regulieres
UT58:ST:10736,NEVERS Les Sablons,0.0,0.0,10736,1,,0,region,region_lignes_regulieres
UT58:ST:10737,IMPHY Centre de vie,0.0,0.0,10737,1,,0,region,region_lignes_regulieres
UT58:ST:10739,IMPHY Grands Champs,0.0,0.0,10739,1,,0,region,region_lignes_regulieres
UT58:ST:10740,IMPHY Résidence Bérégovoy,0.0,0.0,10740,1,,0,region,region_lignes_regulieres
UT58:ST:10741,IMPHY Collège Louis Aragon,0.0,0.0,10741,1,,0,region,region_lignes_regulieres
UT58:ST:10746,LA MACHINE Square PV Couturier,0.0,0.0,10746,1,,0,region,region_lignes_regulieres
UT58:ST:10747,LA MACHINE La Meule,0.0,0.0,10747,1,,0,region,region_lignes_regulieres
UT58:ST:10798,REMILLY  Pont Bulvin,0.0,0.0,10798,1,,0,region,region_lignes_regulieres
UT58:ST:10848,COULANGES LES N. Rue des Filles,0.0,0.0,10848,1,,0,region,region_lignes_regulieres
UT58:ST:10850,NEVERS St Exupéry,0.0,0.0,10850,1,,0,region,region_lignes_regulieres
UT58:ST:10903,CLAMECY Auchan,0.0,0.0,10903,1,,0,region,region_lignes_regulieres
UT58:ST:10905,CLAMECY Leclerc,0.0,0.0,10905,1,,0,region,region_lignes_regulieres
UT58:ST:10924,GUERIGNY Champ de la Croix,0.0,0.0,10924,1,,0,region,region_lignes_regulieres
UT58:ST:10945,NEVERS Gustave Flaubert,0.0,0.0,10945,1,,0,region,region_lignes_regulieres
UT58:ST:11009,COSNE/LOIRE Hotel de Ville,0.0,0.0,11009,1,,0,region,region_lignes_regulieres
UT58:ST:11033,NEVERS Tonkin,0.0,0.0,11033,1,,0,region,region_lignes_regulieres
UT58:ST:11034,NEVERS Roger Salengro,0.0,0.0,11034,1,,0,region,region_lignes_regulieres
UT58:ST:11038,NEVERS Colbert,0.0,0.0,11038,1,,0,region,region_lignes_regulieres
UT58:ST:11055,ST ANDELAIN Soumard,0.0,0.0,11055,1,,0,region,region_lignes_regulieres
UT58:ST:11095,IMPHY Croix de Chailloux,0.0,0.0,11095,1,,0,region,region_lignes_regulieres
UT58:ST:11115,CHATILLON EN BAZOIS Monument,0.0,0.0,11115,1,,0,region,region_lignes_regulieres
UT58:ST:11138,SOUGY/LOIRE Tinte,0.0,0.0,11138,1,,0,region,region_lignes_regulieres
UT58:ST:11184,DOMMARTIN  RD978/RD291,0.0,0.0,11184,1,,0,region,region_lignes_regulieres
UT58:ST:11246,LUZY  Place du Champ de Foire,0.0,0.0,11246,1,,0,region,region_lignes_regulieres
UT58:ST:11266,GUERIGNY Place du Marché,0.0,0.0,11266,1,,0,region,region_lignes_regulieres
UT58:ST:11267,GUERIGNY Mairie,0.0,0.0,11267,1,,0,region,region_lignes_regulieres
UT58:ST:11268,DECIZE Gare SNCF,0.0,0.0,11268,1,,0,region,region_lignes_regulieres
UT58:ST:11269,LA MACHINE Caserne Pompiers,0.0,0.0,11269,1,,0,region,region_lignes_regulieres
UT58:ST:11277,BAZOCHES La Poste,0.0,0.0,11277,1,,0,region,region_lignes_regulieres
UT58:ST:11278,VEZELAY Champ de foire / RD951,0.0,0.0,11278,1,,0,region,region_lignes_regulieres
UT58:ST:11341,CHATEAU CH VILLE Lidl,0.0,0.0,11341,1,,0,region,region_lignes_regulieres
UT58:ST:11347,BREVES Route Buissonniere,0.0,0.0,11347,1,,0,region,region_lignes_regulieres
UT58:ST:11353,CHATIN Commune,0.0,0.0,11353,1,,0,region,region_lignes_regulieres
UT58:ST:11354,ST HILAIRE EN MORVAN Commune,0.0,0.0,11354,1,,0,region,region_lignes_regulieres
UT58:ST:11355,ST PEREUSE Commune,0.0,0.0,11355,1,,0,region,region_lignes_regulieres
UT58:ST:11356,DOMMARTIN Commune,0.0,0.0,11356,1,,0,region,region_lignes_regulieres
UT58:ST:11357,ST LEGER DE FOUGERET Commune,0.0,0.0,11357,1,,0,region,region_lignes_regulieres
UT58:ST:11358,VILLAPOURCON Commune,0.0,0.0,11358,1,,0,region,region_lignes_regulieres
UT58:ST:11359,GLUX EN GLENNE Commune,0.0,0.0,11359,1,,0,region,region_lignes_regulieres
UT58:ST:11360,FACHIN Commune,0.0,0.0,11360,1,,0,region,region_lignes_regulieres
UT58:ST:11361,ARLEUF Commune,0.0,0.0,11361,1,,0,region,region_lignes_regulieres
UT58:ST:11362,GOULOUX Commune,0.0,0.0,11362,1,,0,region,region_lignes_regulieres
UT58:ST:11363,MONTSAUCHE LES SETTONS Commune,0.0,0.0,11363,1,,0,region,region_lignes_regulieres
UT58:ST:11364,OUROUX EN MORVAN Commune,0.0,0.0,11364,1,,0,region,region_lignes_regulieres
UT58:ST:11365,PLANCHEZ Commune,0.0,0.0,11365,1,,0,region,region_lignes_regulieres
UT58:ST:11366,LAVAULT DE FRETOY Commune,0.0,0.0,11366,1,,0,region,region_lignes_regulieres
UT58:ST:11367,CORANCY Commune,0.0,0.0,11367,1,,0,region,region_lignes_regulieres
UT58:ST:11369,CHAUMARD Commune,0.0,0.0,11369,1,,0,region,region_lignes_regulieres
UT58:ST:11370,MONTIGNY EN MORVAN Commune,0.0,0.0,11370,1,,0,region,region_lignes_regulieres
UT58:ST:11371,BLISMES Commune,0.0,0.0,11371,1,,0,region,region_lignes_regulieres
UT58:ST:11372,ONLAY Commune,0.0,0.0,11372,1,,0,region,region_lignes_regulieres
UT58:ST:11373,SERMAGES Commune,0.0,0.0,11373,1,,0,region,region_lignes_regulieres
UT58:ST:11374,MAUX  Commune,0.0,0.0,11374,1,,0,region,region_lignes_regulieres
UT58:ST:11375,LIMANTON Commune,0.0,0.0,11375,1,,0,region,region_lignes_regulieres
UT58:ST:11376,MONTARON Mairie,0.0,0.0,11376,1,,0,region,region_lignes_regulieres
UT58:ST:11377,ISENAY Commune,0.0,0.0,11377,1,,0,region,region_lignes_regulieres
UT58:ST:11378,VANDENESSE Commune,0.0,0.0,11378,1,,0,region,region_lignes_regulieres
UT58:ST:11379,ST HONORE LES BAINS Commune,0.0,0.0,11379,1,,0,region,region_lignes_regulieres
UT58:ST:11380,PREPORCHE  Commune,0.0,0.0,11380,1,,0,region,region_lignes_regulieres
UT58:ST:11381,LAROCHEMILLAY Commune,0.0,0.0,11381,1,,0,region,region_lignes_regulieres
UT58:ST:11382,POIL Commune,0.0,0.0,11382,1,,0,region,region_lignes_regulieres
UT58:ST:11383,MILLAY Commune,0.0,0.0,11383,1,,0,region,region_lignes_regulieres
UT58:ST:11384,SEMELAY Commune,0.0,0.0,11384,1,,0,region,region_lignes_regulieres
UT58:ST:11385,CHIDDES Commune,0.0,0.0,11385,1,,0,region,region_lignes_regulieres
UT58:ST:11386,FOURS Commune,0.0,0.0,11386,1,,0,region,region_lignes_regulieres
UT58:ST:11387,REMILLY Commune,0.0,0.0,11387,1,,0,region,region_lignes_regulieres
UT58:ST:11388,AVREE Commune,0.0,0.0,11388,1,,0,region,region_lignes_regulieres
UT58:ST:11389,LANTY Commune,0.0,0.0,11389,1,,0,region,region_lignes_regulieres
UT58:ST:11390,SAVIGNY POIL FOL Commune,0.0,0.0,11390,1,,0,region,region_lignes_regulieres
UT58:ST:11391,FLETY Commune,0.0,0.0,11391,1,,0,region,region_lignes_regulieres
UT58:ST:11392,LA NOCLE MAULAIX Commune,0.0,0.0,11392,1,,0,region,region_lignes_regulieres
UT58:ST:11393,ST SEINE Commune,0.0,0.0,11393,1,,0,region,region_lignes_regulieres
UT58:ST:11394,TERNANT Commune,0.0,0.0,11394,1,,0,region,region_lignes_regulieres
UT58:ST:11395,TAZILLY Commune,0.0,0.0,11395,1,,0,region,region_lignes_regulieres
UT58:ST:11396,NEUVILLE LES DECIZE Commune,0.0,0.0,11396,1,,0,region,region_lignes_regulieres
UT58:ST:11397,ST GERMAIN CHASSENAY Commune,0.0,0.0,11397,1,,0,region,region_lignes_regulieres
UT58:ST:11398,ST PARIZE EN VIRY Commune,0.0,0.0,11398,1,,0,region,region_lignes_regulieres
UT58:ST:11399,TOURY LURCY Commune,0.0,0.0,11399,1,,0,region,region_lignes_regulieres
UT58:ST:11400,DORNES Place de la Mairie,0.0,0.0,11400,1,,0,region,region_lignes_regulieres
UT58:ST:11401,DORNES Supermarché,0.0,0.0,11401,1,,0,region,region_lignes_regulieres
UT58:ST:11402,AVRIL SUR LOIRE Commune,0.0,0.0,11402,1,,0,region,region_lignes_regulieres
UT58:ST:11403,FLEURY S/LOIRE Commune,0.0,0.0,11403,1,,0,region,region_lignes_regulieres
UT58:ST:11404,MONTAPAS Commune,0.0,0.0,11404,1,,0,region,region_lignes_regulieres
UT58:ST:11405,MONT ET MARRE Commune,0.0,0.0,11405,1,,0,region,region_lignes_regulieres
UT58:ST:11406,ACHUN Commune,0.0,0.0,11406,1,,0,region,region_lignes_regulieres
UT58:ST:11407,BAZOLLES Commune,0.0,0.0,11407,1,,0,region,region_lignes_regulieres
UT58:ST:11408,AUNAY EN BAZOIS Commune,0.0,0.0,11408,1,,0,region,region_lignes_regulieres
UT58:ST:11409,DUN SUR GRANDRY Commune,0.0,0.0,11409,1,,0,region,region_lignes_regulieres
UT58:ST:11410,CHOUGNY Commune,0.0,0.0,11410,1,,0,region,region_lignes_regulieres
UT58:ST:11411,BRINAY Commune,0.0,0.0,11411,1,,0,region,region_lignes_regulieres
UT58:ST:11412,MONTIGNY SUR CANNE Commune,0.0,0.0,11412,1,,0,region,region_lignes_regulieres
UT58:ST:11413,TINTURY Commune,0.0,0.0,11413,1,,0,region,region_lignes_regulieres
UT58:ST:11414,ALLUY Commune,0.0,0.0,11414,1,,0,region,region_lignes_regulieres
UT58:ST:11415,BICHES Commune,0.0,0.0,11415,1,,0,region,region_lignes_regulieres
UT58:ST:11416,ENTRAINS S/NOHAIN Commune,0.0,0.0,11416,1,,0,region,region_lignes_regulieres
UT58:ST:11417,ETAIS LA SAUVIN Commune,0.0,0.0,11417,1,,0,region,region_lignes_regulieres
UT58:ST:11418,BILLY SUR OISY Commune,0.0,0.0,11418,1,,0,region,region_lignes_regulieres
UT58:ST:11419,OISY  Commune,0.0,0.0,11419,1,,0,region,region_lignes_regulieres
UT58:ST:11420,LORMES Commune,0.0,0.0,11420,1,,0,region,region_lignes_regulieres
UT58:ST:11421,CERVON Commune,0.0,0.0,11421,1,,0,region,region_lignes_regulieres
UT58:ST:11422,LA COLLANCELLE Commune,0.0,0.0,11422,1,,0,region,region_lignes_regulieres
UT58:ST:11423,ST MAURICE Commune,0.0,0.0,11423,1,,0,region,region_lignes_regulieres
UT58:ST:11424,CHITRY LES MINES Commune,0.0,0.0,11424,1,,0,region,region_lignes_regulieres
UT58:ST:11425,CHAUMOT Commune,0.0,0.0,11425,1,,0,region,region_lignes_regulieres
UT58:ST:11426,PAZY Commune,0.0,0.0,11426,1,,0,region,region_lignes_regulieres
UT58:ST:11427,GUIPY Commune,0.0,0.0,11427,1,,0,region,region_lignes_regulieres
UT58:ST:11428,ST REVERIEN Commune,0.0,0.0,11428,1,,0,region,region_lignes_regulieres
UT58:ST:11429,CRUX LA VILLE Commune,0.0,0.0,11429,1,,0,region,region_lignes_regulieres
UT58:ST:11430,CORBIGNY Commune,0.0,0.0,11430,1,,0,region,region_lignes_regulieres
UT58:ST:11431,CHATILLON EN BAZOIS Commune,0.0,0.0,11431,1,,0,region,region_lignes_regulieres
UT58:ST:11432,EPIRY Commune,0.0,0.0,11432,1,,0,region,region_lignes_regulieres
UT58:ST:11433,SARDY LES EPIRY Commune,0.0,0.0,11433,1,,0,region,region_lignes_regulieres
UT58:ST:11443,BRASSY Commune,0.0,0.0,11443,1,,0,region,region_lignes_regulieres
UT58:ST:11444,DUN LES PLACES Commune,0.0,0.0,11444,1,,0,region,region_lignes_regulieres
UT58:ST:11445,MARIGNY L'EGLISE Commune,0.0,0.0,11445,1,,0,region,region_lignes_regulieres
UT58:ST:11446,CHALAUX Commune,0.0,0.0,11446,1,,0,region,region_lignes_regulieres
UT58:ST:11447,ST MARTIN DU PUY Commune,0.0,0.0,11447,1,,0,region,region_lignes_regulieres
UT58:ST:11448,EMPURY Commune,0.0,0.0,11448,1,,0,region,region_lignes_regulieres
UT58:ST:11449,POUQUES LORMES Commune,0.0,0.0,11449,1,,0,region,region_lignes_regulieres
UT58:ST:11451,BAZOCHES Commune,0.0,0.0,11451,1,,0,region,region_lignes_regulieres
UT58:ST:11452,ST ANDRE EN MORVAN Commune,0.0,0.0,11452,1,,0,region,region_lignes_regulieres
UT58:ST:11456,VARZY Commune,0.0,0.0,11456,1,,0,region,region_lignes_regulieres
UT58:ST:11457,CHEVANNES CHANGY Commune,0.0,0.0,11457,1,,0,region,region_lignes_regulieres
UT58:ST:11458,CHAPELLE ST ANDRE Commune,0.0,0.0,11458,1,,0,region,region_lignes_regulieres
UT58:ST:11459,VITRY LACHE Commune,0.0,0.0,11459,1,,0,region,region_lignes_regulieres
UT58:ST:11460,MENOU Commune,0.0,0.0,11460,1,,0,region,region_lignes_regulieres
UT58:ST:11461,OUDAN Commune,0.0,0.0,11461,1,,0,region,region_lignes_regulieres
UT58:ST:11462,PARIGNY LA ROSE Commune,0.0,0.0,11462,1,,0,region,region_lignes_regulieres
UT58:ST:11463,RUAGES Commune,0.0,0.0,11463,1,,0,region,region_lignes_regulieres
UT58:ST:11464,GERMENAY Commune,0.0,0.0,11464,1,,0,region,region_lignes_regulieres
UT58:ST:11466,ST PIERRE DU MONT Commune,0.0,0.0,11466,1,,0,region,region_lignes_regulieres
UT58:ST:11467,VILLIERS LE SEC Commune,0.0,0.0,11467,1,,0,region,region_lignes_regulieres
UT58:ST:11473,ALLIGNY EN MORVAN Commune,0.0,0.0,11473,1,,0,region,region_lignes_regulieres
UT58:ST:11474,MOUX EN MORVAN Commune,0.0,0.0,11474,1,,0,region,region_lignes_regulieres
UT58:ST:11475,GIEN S/CURE Commune,0.0,0.0,11475,1,,0,region,region_lignes_regulieres
UT58:ST:11478,ST BRISSON Commune,0.0,0.0,11478,1,,0,region,region_lignes_regulieres
UT58:ST:11479,ST AGNAN  Commune,0.0,0.0,11479,1,,0,region,region_lignes_regulieres
UT58:ST:11480,SAULIEU Bourg,0.0,0.0,11480,1,,0,region,region_lignes_regulieres
UT58:ST:11481,CHATEAUNEUF V DE B Commune,0.0,0.0,11481,1,,0,region,region_lignes_regulieres
UT58:ST:11490,MARIGNY SUR YONNE Commune,0.0,0.0,11490,1,,0,region,region_lignes_regulieres
UT58:ST:11491,STE COLOMBE DES BOIS Commune,0.0,0.0,11491,1,,0,region,region_lignes_regulieres
UT58:ST:11492,ST MALO EN DONZIOIS Commune,0.0,0.0,11492,1,,0,region,region_lignes_regulieres
UT58:ST:11493,CESSY LES BOIS Commune,0.0,0.0,11493,1,,0,region,region_lignes_regulieres
UT58:ST:11494,COLMERY Commune,0.0,0.0,11494,1,,0,region,region_lignes_regulieres
UT58:ST:11495,MENESTREAU Commune,0.0,0.0,11495,1,,0,region,region_lignes_regulieres
UT58:ST:11496,CIEZ Commune,0.0,0.0,11496,1,,0,region,region_lignes_regulieres
UT58:ST:11532,RAVEAU Ecole,0.0,0.0,11532,1,,0,region,region_lignes_regulieres
UT58:ST:11588,NEVERS Le Banlay - Gare SNCF,0.0,0.0,11588,1,,0,region,region_lignes_regulieres
UT58:ST:11607,MOULINS ENGIL- Office tourisme,0.0,0.0,11607,1,,0,region,region_lignes_regulieres
UT58:ST:11617,CORBIGNY Gare SNCF,0.0,0.0,11617,1,,0,region,region_lignes_regulieres
UT58:ST:11620,ROUY Eglise,0.0,0.0,11620,1,,0,region,region_lignes_regulieres
UT58:ST:11621,BILLY CHEVANNES RD978/RD188,0.0,0.0,11621,1,,0,region,region_lignes_regulieres
UT58:ST:11622,SAUVIGNY LES BOIS La Turlurette,0.0,0.0,11622,1,,0,region,region_lignes_regulieres
UT58:ST:11628,TRUCY L'ORGUEILLEUX  Mairie,0.0,0.0,11628,1,,0,region,region_lignes_regulieres
UT58:ST:11629,COURCELLES RD 977,0.0,0.0,11629,1,,0,region,region_lignes_regulieres
UT58:ST:11630,CHAMPLEMY Eglise,0.0,0.0,11630,1,,0,region,region_lignes_regulieres
UT58:ST:11631,ARZEMBOUY RD 977,0.0,0.0,11631,1,,0,region,region_lignes_regulieres
UT58:ST:11633,GIRY RD 977,0.0,0.0,11633,1,,0,region,region_lignes_regulieres
UT58:ST:11634,SICHAMPS RD 977,0.0,0.0,11634,1,,0,region,region_lignes_regulieres
UT58:ST:11638,PREMERY La Tuilerie,0.0,0.0,11638,1,,0,region,region_lignes_regulieres
UT58:ST:11642,SAINT PERE (89) Place de la Mairi,0.0,0.0,11642,1,,0,region,region_lignes_regulieres
UT58:ST:11643,ST AMAND EN PUISAYE Eglise,0.0,0.0,11643,1,,0,region,region_lignes_regulieres
UT58:ST:11644,ANNAY car. Rd 957/Rd142,0.0,0.0,11644,1,,0,region,region_lignes_regulieres
UT58:ST:11645,LA CELLE S/LOIRE Eglise,0.0,0.0,11645,1,,0,region,region_lignes_regulieres
UT58:ST:11651,COSNE/LOIRE Gare SNCF,0.0,0.0,11651,1,,0,region,region_lignes_regulieres
UT58:ST:11652,SERMIZELLES  Gare SNCF,0.0,0.0,11652,1,,0,region,region_lignes_regulieres
UT58:ST:11822,CHATEAU CH CAMP Commune,0.0,0.0,11822,1,,0,region,region_lignes_regulieres
UT58:ST:11825,LA FERMETE Place de la Mairie,0.0,0.0,11825,1,,0,region,region_lignes_regulieres
UT58:ST:11826,SAUVIGNY LES BOIS Salle Polyvalen,0.0,0.0,11826,1,,0,region,region_lignes_regulieres
UT58:ST:11827,ST HILAIRE FONTAINE Eglise,0.0,0.0,11827,1,,0,region,region_lignes_regulieres
UT58:ST:11828,DEVAY RD 979,0.0,0.0,11828,1,,0,region,region_lignes_regulieres
UT58:ST:11829,POUGNY Mairie,0.0,0.0,11829,1,,0,region,region_lignes_regulieres
UT58:ST:11831,DONZY Place de l'Hôtel de Ville,0.0,0.0,11831,1,,0,region,region_lignes_regulieres
UT58:ST:11833,ST PERE Eglise,0.0,0.0,11833,1,,0,region,region_lignes_regulieres
UT58:ST:11834,ASQUINS Abri 17 rte Nationale,0.0,0.0,11834,1,,0,region,region_lignes_regulieres
UT58:ST:11838,VARZY Migny RD977,0.0,0.0,11838,1,,0,region,region_lignes_regulieres
UT58:ST:11839,ARZEMBOUY Les Ombreaux RD 977,0.0,0.0,11839,1,,0,region,region_lignes_regulieres
UT58:ST:11840,CHAMPLEMY Thouez RD 977,0.0,0.0,11840,1,,0,region,region_lignes_regulieres
UT58:ST:11850,MONTREUILLON Commune,0.0,0.0,11850,1,,0,region,region_lignes_regulieres
UT58:ST:11851,MOURON SUR YONNE  Commune,0.0,0.0,11851,1,,0,region,region_lignes_regulieres
UT58:ST:11855,ST SAULGE Hameaux,0.0,0.0,11855,1,,0,region,region_lignes_regulieres
UT58:ST:11858,CERVON Marcilly,0.0,0.0,11858,1,,0,region,region_lignes_regulieres
UT58:ST:11860,GACOGNE  commune,0.0,0.0,11860,1,,0,region,region_lignes_regulieres
UT58:ST:11861,MHERE Commune,0.0,0.0,11861,1,,0,region,region_lignes_regulieres
UT58:ST:11862,VAUCLAIX commune,0.0,0.0,11862,1,,0,region,region_lignes_regulieres
UT58:ST:11867,OUGNY Commune,0.0,0.0,11867,1,,0,region,region_lignes_regulieres
UT58:ST:11868,TAMNAY EN BAZOIS Commune,0.0,0.0,11868,1,,0,region,region_lignes_regulieres
UT58:ST:11893,LANTY Grande Brosse RD 981,0.0,0.0,11893,1,,0,region,region_lignes_regulieres
UT58:ST:11905,CORBIGNY Eglise,0.0,0.0,11905,1,,0,region,region_lignes_regulieres
UT58:ST:11981,ST SULPICE Eglise,0.0,0.0,11981,1,,0,region,region_lignes_regulieres
UT58:ST:12002,LA MACHINE Place des Fusillés,0.0,0.0,12002,1,,0,region,region_lignes_regulieres
UT58:ST:12020,ARMES Mairie,0.0,0.0,12020,1,,0,region,region_lignes_regulieres
UT58:ST:12022,METZ LE COMTE Mairie,0.0,0.0,12022,1,,0,region,region_lignes_regulieres
UT58:ST:12064,VANDENESSE - Rte Moulins Engilber,0.0,0.0,12064,1,,0,region,region_lignes_regulieres
UT58:ST:12065,POISEUX Eglise RD 977,0.0,0.0,12065,1,,0,region,region_lignes_regulieres
UT58:ST:12072,CHATILLON EN BAZOIS Supermarché,0.0,0.0,12072,1,,0,region,region_lignes_regulieres
UT58:ST:12075,MOULINS ENGILBERT Pont Cottion 37,0.0,0.0,12075,1,,0,region,region_lignes_regulieres
UT58:ST:12096,VANDENESSE - Eglise,0.0,0.0,12096,1,,0,region,region_lignes_regulieres
UT58:ST:12101,COURCELLES - Chivres RD 977,0.0,0.0,12101,1,,0,region,region_lignes_regulieres
UT58:ST:12111,ARQUIAN Eglise RD 957,0.0,0.0,12111,1,,0,region,region_lignes_regulieres
UT58:ST:12112,BOUHY Eglise RD957,0.0,0.0,12112,1,,0,region,region_lignes_regulieres
UT58:ST:12113,DAMPIERRE SOUS BOUHY Ecole,0.0,0.0,12113,1,,0,region,region_lignes_regulieres
UT58:ST:12114,ENTRAINS SUR NOHAIN Place St Cyr,0.0,0.0,12114,1,,0,region,region_lignes_regulieres
UT58:ST:12115,MYENNES Abri RD907,0.0,0.0,12115,1,,0,region,region_lignes_regulieres
UT58:ST:12116,NEUVY/LOIRE 40 rue J. Jaurès,0.0,0.0,12116,1,,0,region,region_lignes_regulieres
UT58:ST:12118,LA MAISON DIEU Rte Metz-le-Comte,0.0,0.0,12118,1,,0,region,region_lignes_regulieres
UT58:ST:12119,DORNECY Pl. des Fontaines,0.0,0.0,12119,1,,0,region,region_lignes_regulieres
UT58:ST:12120,BREVES Sardy-les-Forges RD 42,0.0,0.0,12120,1,,0,region,region_lignes_regulieres
UT58:ST:12121,BONA Champ de la Vigne,0.0,0.0,12121,1,,0,region,region_lignes_regulieres
UT58:ST:12122,ST JEAN/AMOGNES Abri RD26,0.0,0.0,12122,1,,0,region,region_lignes_regulieres
UT58:ST:12125,MONTIGNY/AMOGNES Place RD255,0.0,0.0,12125,1,,0,region,region_lignes_regulieres
UT58:ST:12126,CHAULGNES Rue J. Frémillon,0.0,0.0,12126,1,,0,region,region_lignes_regulieres
UT58:ST:12127,LIMON Rue Général Frébault,0.0,0.0,12127,1,,0,region,region_lignes_regulieres
UT58:ST:12128,LIMON Eglise,0.0,0.0,12128,1,,0,region,region_lignes_regulieres
UT58:ST:12129,TROIS VEVRES Abri RD9,0.0,0.0,12129,1,,0,region,region_lignes_regulieres
UT58:ST:12130,CHARRIN Les Arbelats Lotissement,0.0,0.0,12130,1,,0,region,region_lignes_regulieres
UT58:ST:12131,CHARRIN  Rue du Quart,0.0,0.0,12131,1,,0,region,region_lignes_regulieres
UT58:ST:12132,DRUY PARIGNY Ecole,0.0,0.0,12132,1,,0,region,region_lignes_regulieres
UT58:ST:12133,SOUGY/LOIRE Pl. du Marronnier,0.0,0.0,12133,1,,0,region,region_lignes_regulieres
UT58:ST:12215,ST ELOI Le Cholet RD 981,0.0,0.0,12215,1,,0,region,region_lignes_regulieres
UT58:ST:12238,VARZY - rue du 8 mai 1945,0.0,0.0,12238,1,,0,region,region_lignes_regulieres
UT58:ST:12341,SAUVIGNY LES BOIS  Parc Aventure,0.0,0.0,12341,1,,0,region,region_lignes_regulieres
UT58:ST:12422,TRACY SUR LOIRE  Pl. 8 mai 1945,0.0,0.0,12422,1,,0,region,region_lignes_regulieres
UT58:ST:12423,TRACY SUR LOIRE Petit Boisgibaut,0.0,0.0,12423,1,,0,region,region_lignes_regulieres
UT58:ST:12431,MARCY - Coeurs RD 977,0.0,0.0,12431,1,,0,region,region_lignes_regulieres
UT58:ST:12432,CLAMECY Pl. des Promenades,0.0,0.0,12432,1,,0,region,region_lignes_regulieres
UT58:ST:12436,CORBIGNY - Hameaux Sud,0.0,0.0,12436,1,,0,region,region_lignes_regulieres
UT58:ST:12437,CORBIGNY - Hameaux Nord,0.0,0.0,12437,1,,0,region,region_lignes_regulieres
UT58:ST:12438,LORMES - Supermarché,0.0,0.0,12438,1,,0,region,region_lignes_regulieres
UT58:ST:12439,LORMES Place de la Mairie,0.0,0.0,12439,1,,0,region,region_lignes_regulieres
UT58:ST:12443,VARZY -Supermarché,0.0,0.0,12443,1,,0,region,region_lignes_regulieres
UT58:ST:39022,CORBIGNY Abbaye,0.0,0.0,39022,1,,0,region,region_lignes_regulieres
UT70:ST:00007,ABONCOURT - Aboncourt Village,0.0,0.0,00007,1,,0,region,region_lignes_regulieres
UT70:ST:00014,VELLECLAIRE - Carr Route de Vantoux,0.0,0.0,00014,1,,0,region,region_lignes_regulieres
UT70:ST:00044,Mairie,0.0,0.0,00044,1,,0,region,region_lignes_regulieres
UT70:ST:00046,Le Magny,0.0,0.0,00046,1,,0,region,region_lignes_regulieres
UT70:ST:00047,Port d'Atel. abribus gar,0.0,0.0,00047,1,,0,region,region_lignes_regulieres
UT70:ST:00048,Port d'Atel. Beauregard,0.0,0.0,00048,1,,0,region,region_lignes_regulieres
UT70:ST:00072,Saussots,0.0,0.0,00072,1,,0,region,region_lignes_regulieres
UT70:ST:00084,ARC LES GRAY - Bourgeons,0.0,0.0,00084,1,,0,region,region_lignes_regulieres
UT70:ST:00086,ARC LES GRAY - Croisée John Deere,0.0,0.0,00086,1,,0,region,region_lignes_regulieres
UT70:ST:00106,Village,0.0,0.0,00106,1,,0,region,region_lignes_regulieres
UT70:ST:00147,Village,0.0,0.0,00147,1,,0,region,region_lignes_regulieres
UT70:ST:00152,BEAUJEU - St Vallier,0.0,0.0,00152,1,,0,region,region_lignes_regulieres
UT70:ST:00153,BEAUJEU - Pierrejux,0.0,0.0,00153,1,,0,region,region_lignes_regulieres
UT70:ST:00154,BEAUJEU - Quitteur école,0.0,0.0,00154,1,,0,region,region_lignes_regulieres
UT70:ST:00157,BEAUMOTTE - Mairie,0.0,0.0,00157,1,,0,region,region_lignes_regulieres
UT70:ST:00158,BEAUMOTTE - Aubertans,0.0,0.0,00158,1,,0,region,region_lignes_regulieres
UT70:ST:00184,BONNEVENT - Place de l'église,0.0,0.0,00184,1,,0,region,region_lignes_regulieres
UT70:ST:00185,BONNEVENT - Velloreille,0.0,0.0,00185,1,,0,region,region_lignes_regulieres
UT70:ST:00201,Place Napoléon,0.0,0.0,00201,1,,0,region,region_lignes_regulieres
UT70:ST:00244,BUCEY LES GY - Salon de coiffure,0.0,0.0,00244,1,,0,region,region_lignes_regulieres
UT70:ST:00254,Abri bus,0.0,0.0,00254,1,,0,region,region_lignes_regulieres
UT70:ST:00263,Fontaine,0.0,0.0,00263,1,,0,region,region_lignes_regulieres
UT70:ST:00265,Auberge Fleurie,0.0,0.0,00265,1,,0,region,region_lignes_regulieres
UT70:ST:00269,CHAMPAGNEY Gare,0.0,0.0,00269,1,,0,region,region_lignes_regulieres
UT70:ST:00270,Place,0.0,0.0,00270,1,,0,region,region_lignes_regulieres
UT70:ST:00272,Pharmacie,0.0,0.0,00272,1,,0,region,region_lignes_regulieres
UT70:ST:00277,La Piotnaz,0.0,0.0,00277,1,,0,region,region_lignes_regulieres
UT70:ST:00288,Leffond,0.0,0.0,00288,1,,0,region,region_lignes_regulieres
UT70:ST:00294,Neuvelle les Ch.,0.0,0.0,00294,1,,0,region,region_lignes_regulieres
UT70:ST:00295,Chateau,0.0,0.0,00295,1,,0,region,region_lignes_regulieres
UT70:ST:00305,LA CHAPELLE L. LUX. - Lotissement,0.0,0.0,00305,1,,0,region,region_lignes_regulieres
UT70:ST:00353,Pont,0.0,0.0,00353,1,,0,region,region_lignes_regulieres
UT70:ST:00354,Eglise,0.0,0.0,00354,1,,0,region,region_lignes_regulieres
UT70:ST:00375,COMBEAUFTNE - Rue du Moulin,0.0,0.0,00375,1,,0,region,region_lignes_regulieres
UT70:ST:00377,COMBEAUFTNE - La Vierge,0.0,0.0,00377,1,,0,region,region_lignes_regulieres
UT70:ST:00445,DAMPIERRE/LIN - Grande rue Eglise,0.0,0.0,00445,1,,0,region,region_lignes_regulieres
UT70:ST:00448,DAMPIERRE/LIN - Grillardes,0.0,0.0,00448,1,,0,region,region_lignes_regulieres
UT70:ST:00484,ECUELLE,0.0,0.0,00484,1,,0,region,region_lignes_regulieres
UT70:ST:00548,FONTAINE - Centre,0.0,0.0,00548,1,,0,region,region_lignes_regulieres
UT70:ST:00549,FONTAINE - Pont SNCF,0.0,0.0,00549,1,,0,region,region_lignes_regulieres
UT70:ST:00550,FONTAINE - Baraques Chardin,0.0,0.0,00550,1,,0,region,region_lignes_regulieres
UT70:ST:00557,FONTENOIS - Village abri bus,0.0,0.0,00557,1,,0,region,region_lignes_regulieres
UT70:ST:00558,FONTENOIS - Gare,0.0,0.0,00558,1,,0,region,region_lignes_regulieres
UT70:ST:00562,Place De Gaulle,0.0,0.0,00562,1,,0,region,region_lignes_regulieres
UT70:ST:00563,Croix Daillot,0.0,0.0,00563,1,,0,region,region_lignes_regulieres
UT70:ST:00568,Le Château,0.0,0.0,00568,1,,0,region,region_lignes_regulieres
UT70:ST:00601,FRAHIER - Les Barres,0.0,0.0,00601,1,,0,region,region_lignes_regulieres
UT70:ST:00621,FRESNE ST MAMES - Village,0.0,0.0,00621,1,,0,region,region_lignes_regulieres
UT70:ST:00638,FRETIGNEY - Velloreille,0.0,0.0,00638,1,,0,region,region_lignes_regulieres
UT70:ST:00668,GEVIGNEY - Gevigney village,0.0,0.0,00668,1,,0,region,region_lignes_regulieres
UT70:ST:00681,GRANDVELLE - Village,0.0,0.0,00681,1,,0,region,region_lignes_regulieres
UT70:ST:00689,Ruz de Vellemoz,0.0,0.0,00689,1,,0,region,region_lignes_regulieres
UT70:ST:00720,Ville,0.0,0.0,00720,1,,0,region,region_lignes_regulieres
UT70:ST:00748,LOULANS - Gare,0.0,0.0,00748,1,,0,region,region_lignes_regulieres
UT70:ST:00782,MAILLEY - Centre,0.0,0.0,00782,1,,0,region,region_lignes_regulieres
UT70:ST:00810,Carrefour,0.0,0.0,00810,1,,0,region,region_lignes_regulieres
UT70:ST:00837,Mairie abribus,0.0,0.0,00837,1,,0,region,region_lignes_regulieres
UT70:ST:00862,MONTUREUX ET P - Haut Fourneau,0.0,0.0,00862,1,,0,region,region_lignes_regulieres
UT70:ST:00863,MONTUREUX - Prantigny,0.0,0.0,00863,1,,0,region,region_lignes_regulieres
UT70:ST:00921,Village,0.0,0.0,00921,1,,0,region,region_lignes_regulieres
UT70:ST:00950,PLANCHER BAS - Croisée Belfort,0.0,0.0,00950,1,,0,region,region_lignes_regulieres
UT70:ST:00955,PLANCHER BAS - Les Onchères,0.0,0.0,00955,1,,0,region,region_lignes_regulieres
UT70:ST:00956,PLANCHER BAS - Le Rapois,0.0,0.0,00956,1,,0,region,region_lignes_regulieres
UT70:ST:00957,PLANCHER BAS - La Rue,0.0,0.0,00957,1,,0,region,region_lignes_regulieres
UT70:ST:00959,PLANCHER BAS - Les Pierres,0.0,0.0,00959,1,,0,region,region_lignes_regulieres
UT70:ST:00960,PLANCHER BAS - Poierie-Malbazin,0.0,0.0,00960,1,,0,region,region_lignes_regulieres
UT70:ST:00962,PLANCHER BAS - La Chaillée,0.0,0.0,00962,1,,0,region,region_lignes_regulieres
UT70:ST:00963,PLANCHER BAS - Centre,0.0,0.0,00963,1,,0,region,region_lignes_regulieres
UT70:ST:00966,PLANCHER MINES - Lavoir,0.0,0.0,00966,1,,0,region,region_lignes_regulieres
UT70:ST:00967,PLANCHER MINES - Place Mairie,0.0,0.0,00967,1,,0,region,region_lignes_regulieres
UT70:ST:00968,PLANCHER MINES - Rue de France,0.0,0.0,00968,1,,0,region,region_lignes_regulieres
UT70:ST:00969,PLANCHER MINES - Rue des Vosges,0.0,0.0,00969,1,,0,region,region_lignes_regulieres
UT70:ST:00973,POLAINCOURT - Clairefontaine,0.0,0.0,00973,1,,0,region,region_lignes_regulieres
UT70:ST:00989,PORT/SAONE - Place Libération,0.0,0.0,00989,1,,0,region,region_lignes_regulieres
UT70:ST:00990,PORT/SAONE - Mairie,0.0,0.0,00990,1,,0,region,region_lignes_regulieres
UT70:ST:01009,Centre,0.0,0.0,01009,1,,0,region,region_lignes_regulieres
UT70:ST:01010,Faubourg,0.0,0.0,01010,1,,0,region,region_lignes_regulieres
UT70:ST:01027,Village,0.0,0.0,01027,1,,0,region,region_lignes_regulieres
UT70:ST:01043,Mairie,0.0,0.0,01043,1,,0,region,region_lignes_regulieres
UT70:ST:01044,Cerisiers,0.0,0.0,01044,1,,0,region,region_lignes_regulieres
UT70:ST:01045,Sablière,0.0,0.0,01045,1,,0,region,region_lignes_regulieres
UT70:ST:01064,Eglise,0.0,0.0,01064,1,,0,region,region_lignes_regulieres
UT70:ST:01067,Le Plain,0.0,0.0,01067,1,,0,region,region_lignes_regulieres
UT70:ST:01084,La Verrerie,0.0,0.0,01084,1,,0,region,region_lignes_regulieres
UT70:ST:01130,ST LOUP/SEM - Place Jacquez,0.0,0.0,01130,1,,0,region,region_lignes_regulieres
UT70:ST:01132,SAINT-LOUP-SUR-SEMOUSE ST LOUP/SEM Gare,0.0,0.0,01132,1,,0,region,region_lignes_regulieres
UT70:ST:01143,ST REMY EN COMTE - Mairie,0.0,0.0,01143,1,,0,region,region_lignes_regulieres
UT70:ST:01164,Centre,0.0,0.0,01164,1,,0,region,region_lignes_regulieres
UT70:ST:01165,La Montoillotte,0.0,0.0,01165,1,,0,region,region_lignes_regulieres
UT70:ST:01173,Village,0.0,0.0,01173,1,,0,region,region_lignes_regulieres
UT70:ST:01176,SCEY/SAONE - Mairie,0.0,0.0,01176,1,,0,region,region_lignes_regulieres
UT70:ST:01178,SCEY/SAONE - Eglise,0.0,0.0,01178,1,,0,region,region_lignes_regulieres
UT70:ST:01203,SEVEUX-MOTEY - Seveux Village,0.0,0.0,01203,1,,0,region,region_lignes_regulieres
UT70:ST:01233,Carrefour,0.0,0.0,01233,1,,0,region,region_lignes_regulieres
UT70:ST:01291,VELESMES - Centre,0.0,0.0,01291,1,,0,region,region_lignes_regulieres
UT70:ST:01313,Abribus RD13,0.0,0.0,01313,1,,0,region,region_lignes_regulieres
UT70:ST:01314,VELLE LE CHATEL - Garage,0.0,0.0,01314,1,,0,region,region_lignes_regulieres
UT70:ST:01320,VELLEXON - Village,0.0,0.0,01320,1,,0,region,region_lignes_regulieres
UT70:ST:01321,VELLEXON - Queutrey,0.0,0.0,01321,1,,0,region,region_lignes_regulieres
UT70:ST:01329,RD70,0.0,0.0,01329,1,,0,region,region_lignes_regulieres
UT70:ST:01356,VILLERS LE SEC - Village Place,0.0,0.0,01356,1,,0,region,region_lignes_regulieres
UT70:ST:01358,VILLERS LE SEC - Marcassins,0.0,0.0,01358,1,,0,region,region_lignes_regulieres
UT70:ST:01375,VITREY/MANCE - Pharmacie,0.0,0.0,01375,1,,0,region,region_lignes_regulieres
UT70:ST:01552,LE VAL D'AJOL - 6 place de l'Hotel de Ville,0.0,0.0,01552,1,,0,region,region_lignes_regulieres
UT70:ST:01553,LE VAL D'AJOL - Larrière,0.0,0.0,01553,1,,0,region,region_lignes_regulieres
UT70:ST:01593,LURE Gare,0.0,0.0,01593,1,,0,region,region_lignes_regulieres
UT70:ST:01597,Station service,0.0,0.0,01597,1,,0,region,region_lignes_regulieres
UT70:ST:01598,Collège,0.0,0.0,01598,1,,0,region,region_lignes_regulieres
UT70:ST:01661,CHOYE Village,0.0,0.0,01661,1,,0,region,region_lignes_regulieres
UT70:ST:01669,BEAUJEU - Beaujeu école prim,0.0,0.0,01669,1,,0,region,region_lignes_regulieres
UT70:ST:01717,Collège Delaunay,0.0,0.0,01717,1,,0,region,region_lignes_regulieres
UT70:ST:01730,ST LOUP/SEM - Collège,0.0,0.0,01730,1,,0,region,region_lignes_regulieres
UT70:ST:01734,Gare Routière,0.0,0.0,01734,1,,0,region,region_lignes_regulieres
UT70:ST:01749,LUXEUIL - Collège des Thermes,0.0,0.0,01749,1,,0,region,region_lignes_regulieres
UT70:ST:01750,LUXEUIL - Hôpital,0.0,0.0,01750,1,,0,region,region_lignes_regulieres
UT70:ST:01751,LUXEUIL - Lycée Lumière,0.0,0.0,01751,1,,0,region,region_lignes_regulieres
UT70:ST:01757,Les Sources,0.0,0.0,01757,1,,0,region,region_lignes_regulieres
UT70:ST:01777,Lycée Haberges,0.0,0.0,01777,1,,0,region,region_lignes_regulieres
UT70:ST:01779,Lycée Belin,0.0,0.0,01779,1,,0,region,region_lignes_regulieres
UT70:ST:01780,Collège Macé,0.0,0.0,01780,1,,0,region,region_lignes_regulieres
UT70:ST:01785,VESOUL PEM gare,0.0,0.0,01785,1,,0,region,region_lignes_regulieres
UT70:ST:01798,Groupe scolaire,0.0,0.0,01798,1,,0,region,region_lignes_regulieres
UT70:ST:01841,VILLERS LE SEC - Gare,0.0,0.0,01841,1,,0,region,region_lignes_regulieres
UT70:ST:01861,Les Petits Prés,0.0,0.0,01861,1,,0,region,region_lignes_regulieres
UT70:ST:01873,POLAINCOURT - Centre,0.0,0.0,01873,1,,0,region,region_lignes_regulieres
UT70:ST:01892,COLOMBE  - Essernay,0.0,0.0,01892,1,,0,region,region_lignes_regulieres
UT70:ST:01893,COLOMBE  - Village abri bus,0.0,0.0,01893,1,,0,region,region_lignes_regulieres
UT70:ST:01928,Gambetta,0.0,0.0,01928,1,,0,region,region_lignes_regulieres
UT70:ST:01940,Lycée Follereau,0.0,0.0,01940,1,,0,region,region_lignes_regulieres
UT70:ST:01946,Monument,0.0,0.0,01946,1,,0,region,region_lignes_regulieres
UT70:ST:01950,Avenue Pasteur,0.0,0.0,01950,1,,0,region,region_lignes_regulieres
UT70:ST:01982,BESANCON PEM Viotte,0.0,0.0,01982,1,,0,region,region_lignes_regulieres
UT70:ST:02000,Gare routière,0.0,0.0,02000,1,,0,region,region_lignes_regulieres
UT70:ST:02001,ARC LES GRAY - Croisée RD70,0.0,0.0,02001,1,,0,region,region_lignes_regulieres
UT70:ST:02002,ARC LES GRAY - Alouettes,0.0,0.0,02002,1,,0,region,region_lignes_regulieres
UT70:ST:02091,Centre,0.0,0.0,02091,1,,0,region,region_lignes_regulieres
UT70:ST:02262,Marceau,0.0,0.0,02262,1,,0,region,region_lignes_regulieres
UT70:ST:02263,Verdun,0.0,0.0,02263,1,,0,region,region_lignes_regulieres
UT70:ST:02264,République,0.0,0.0,02264,1,,0,region,region_lignes_regulieres
UT70:ST:02265,Village,0.0,0.0,02265,1,,0,region,region_lignes_regulieres
UT70:ST:02266,Place,0.0,0.0,02266,1,,0,region,region_lignes_regulieres
UT70:ST:02267,SEVEUX-MOTEY - Belle Ante,0.0,0.0,02267,1,,0,region,region_lignes_regulieres
UT70:ST:02268,NOIDANS LE FERROUX - Le Verjoulot,0.0,0.0,02268,1,,0,region,region_lignes_regulieres
UT70:ST:02270,Transformateur,0.0,0.0,02270,1,,0,region,region_lignes_regulieres
UT70:ST:02271,LUXEUIL - Gare SNCF,0.0,0.0,02271,1,,0,region,region_lignes_regulieres
UT70:ST:02295,Gare SNCF,0.0,0.0,02295,1,,0,region,region_lignes_regulieres
UT70:ST:02296,Foyer rural,0.0,0.0,02296,1,,0,region,region_lignes_regulieres
UT70:ST:02342,FRETIGNEY - Gymnase,0.0,0.0,02342,1,,0,region,region_lignes_regulieres
UT70:ST:02352,ARC LES GRAY - Zône industrielle,0.0,0.0,02352,1,,0,region,region_lignes_regulieres
UT70:ST:02360,Place,0.0,0.0,02360,1,,0,region,region_lignes_regulieres
UT70:ST:02370,Mairie,0.0,0.0,02370,1,,0,region,region_lignes_regulieres
UT70:ST:02497,Centre,0.0,0.0,02497,1,,0,region,region_lignes_regulieres
UT70:ST:02693,GINKO Temis,0.0,0.0,02693,1,,0,region,region_lignes_regulieres
UT70:ST:02699,OISELAY - Mairie,0.0,0.0,02699,1,,0,region,region_lignes_regulieres
UT70:ST:02724,Carrefour,0.0,0.0,02724,1,,0,region,region_lignes_regulieres
UT70:ST:02726,VILLERS CHEMIN - Croisée routes,0.0,0.0,02726,1,,0,region,region_lignes_regulieres
UT70:ST:02727,OISELAY - Grachaux,0.0,0.0,02727,1,,0,region,region_lignes_regulieres
UT70:ST:02823,Carrefour,0.0,0.0,02823,1,,0,region,region_lignes_regulieres
UT70:ST:02847,VILLEFRANCON Carrefour,0.0,0.0,02847,1,,0,region,region_lignes_regulieres
UT70:ST:02850,SAINT SAUVEUR - Herriot,0.0,0.0,02850,1,,0,region,region_lignes_regulieres
UT70:ST:02861,MONTUREUX LES B - Rue Sacquelle,0.0,0.0,02861,1,,0,region,region_lignes_regulieres
UT70:ST:02928,CHAUX LES PORT - Village,0.0,0.0,02928,1,,0,region,region_lignes_regulieres
UT70:ST:02933,LA NEUVELLE  - Centre abribus,0.0,0.0,02933,1,,0,region,region_lignes_regulieres
UT70:ST:02942,Centre,0.0,0.0,02942,1,,0,region,region_lignes_regulieres
UT70:ST:02945,ETUZ - Pôle Educatif,0.0,0.0,02945,1,,0,region,region_lignes_regulieres
UT70:ST:02966,Place de la Mairie,0.0,0.0,02966,1,,0,region,region_lignes_regulieres
UT70:ST:02982,Village,0.0,0.0,02982,1,,0,region,region_lignes_regulieres
UT70:ST:02983,Village,0.0,0.0,02983,1,,0,region,region_lignes_regulieres
UT70:ST:02998,Eglise,0.0,0.0,02998,1,,0,region,region_lignes_regulieres
UT70:ST:03000,Village,0.0,0.0,03000,1,,0,region,region_lignes_regulieres
UT70:ST:03007,VERNOIS/MANCE - Eglise,0.0,0.0,03007,1,,0,region,region_lignes_regulieres
UT70:ST:03093,CHARGEY - Village,0.0,0.0,03093,1,,0,region,region_lignes_regulieres
UT70:ST:03096,DAMPIERRE/S - Pharmacie,0.0,0.0,03096,1,,0,region,region_lignes_regulieres
UT70:ST:03103,Place,0.0,0.0,03103,1,,0,region,region_lignes_regulieres
UT70:ST:03107,CHAMBORNAY L PIN - Mairie école,0.0,0.0,03107,1,,0,region,region_lignes_regulieres
UT70:ST:03123,Brel,0.0,0.0,03123,1,,0,region,region_lignes_regulieres
UT70:ST:03128,Abribus,0.0,0.0,03128,1,,0,region,region_lignes_regulieres
UT70:ST:03133,Place,0.0,0.0,03133,1,,0,region,region_lignes_regulieres
UT70:ST:03147,Place des Tilleuls,0.0,0.0,03147,1,,0,region,region_lignes_regulieres
UT70:ST:03162,LUXEUIL - Rue Jules Adler,0.0,0.0,03162,1,,0,region,region_lignes_regulieres
UT70:ST:03163,Abribus,0.0,0.0,03163,1,,0,region,region_lignes_regulieres
UT70:ST:03170,MAILLERONCOURT ST P. - Monument,0.0,0.0,03170,1,,0,region,region_lignes_regulieres
UT70:ST:03172,FONTAINE - Rue du Vay,0.0,0.0,03172,1,,0,region,region_lignes_regulieres
UT70:ST:03189,Abri bus,0.0,0.0,03189,1,,0,region,region_lignes_regulieres
UT70:ST:03260,Faubourg de Lyon,0.0,0.0,03260,1,,0,region,region_lignes_regulieres
UT70:ST:03266,PLANCHER BAS - Chauffe-cul,0.0,0.0,03266,1,,0,region,region_lignes_regulieres
UT70:ST:03289,Hôpital,0.0,0.0,03289,1,,0,region,region_lignes_regulieres
UT70:ST:03333,Place Boichu,0.0,0.0,03333,1,,0,region,region_lignes_regulieres
UT70:ST:03348,Les Cloies,0.0,0.0,03348,1,,0,region,region_lignes_regulieres
UT70:ST:03349,D 619,0.0,0.0,03349,1,,0,region,region_lignes_regulieres
UT70:ST:03541,FONTENOIS - Rue des Bruyères,0.0,0.0,03541,1,,0,region,region_lignes_regulieres
UT70:ST:03558,Rue petits graviers,0.0,0.0,03558,1,,0,region,region_lignes_regulieres
UT70:ST:03567,République,0.0,0.0,03567,1,,0,region,region_lignes_regulieres
UT70:ST:03575,FRAHIER - Poste,0.0,0.0,03575,1,,0,region,region_lignes_regulieres
UT70:ST:03632,ARC LES GRAY - Gare de GRAY,0.0,0.0,03632,1,,0,region,region_lignes_regulieres
UT70:ST:03634,Colly,0.0,0.0,03634,1,,0,region,region_lignes_regulieres
UT70:ST:03636,CULMONT CHALINDREY SNCF,0.0,0.0,03636,1,,0,region,region_lignes_regulieres
UT70:ST:03639,FAYL BILLOT - Place de la Barre,0.0,0.0,03639,1,,0,region,region_lignes_regulieres
UT70:ST:03640,LA PAILLY - La Pailly,0.0,0.0,03640,1,,0,region,region_lignes_regulieres
UT70:ST:03641,RIVIERES LE BOIS - Rivières le bo,0.0,0.0,03641,1,,0,region,region_lignes_regulieres
UT70:ST:03642,Grandchamp,0.0,0.0,03642,1,,0,region,region_lignes_regulieres
UT70:ST:03646,FRESNE SAINT MAMES - Soing,0.0,0.0,03646,1,,0,region,region_lignes_regulieres
UT70:ST:03648,Chaudenay,0.0,0.0,03648,1,,0,region,region_lignes_regulieres
UT70:ST:03650,Jarges,0.0,0.0,03650,1,,0,region,region_lignes_regulieres
UT70:ST:03651,PORT/SAONE - Centre,0.0,0.0,03651,1,,0,region,region_lignes_regulieres
UT70:ST:03652,PORT/SAONE - La Mognotte,0.0,0.0,03652,1,,0,region,region_lignes_regulieres
UT70:ST:03654,NOIDANS LE FERROUX - Village,0.0,0.0,03654,1,,0,region,region_lignes_regulieres
UT70:ST:03655,Torcenay,0.0,0.0,03655,1,,0,region,region_lignes_regulieres
UT70:ST:03665,VERNOIS/MANCE - Gare SNCF,0.0,0.0,03665,1,,0,region,region_lignes_regulieres
UT70:ST:03675,VAUCONCOURT - Carf  D70XD43,0.0,0.0,03675,1,,0,region,region_lignes_regulieres
UT70:ST:03712,SUPER U,0.0,0.0,03712,1,,0,region,region_lignes_regulieres
UT70:ST:03775,Abris bus monument,0.0,0.0,03775,1,,0,region,region_lignes_regulieres
UT70:ST:03776,Rue de Londres,0.0,0.0,03776,1,,0,region,region_lignes_regulieres
UT70:ST:03777,James Long,0.0,0.0,03777,1,,0,region,region_lignes_regulieres
UT70:ST:03786,LOULANS - Abribus rue des vignes,0.0,0.0,03786,1,,0,region,region_lignes_regulieres
UT70:ST:03802,CHAUX LES PORT - La Louviere,0.0,0.0,03802,1,,0,region,region_lignes_regulieres
UT70:ST:03815,DAMPIERRE/S- rue Carnot,0.0,0.0,03815,1,,0,region,region_lignes_regulieres
UT70:ST:08863,RONCHAMP RECOLOGNE D619,0.0,0.0,08863,1,,0,region,region_lignes_regulieres
UT71:ST:10019,LONS-LE-SAUNIER Gare SNCF,0.0,0.0,10019,1,,0,region,region_lignes_regulieres
UT71:ST:10049,Mairie,0.0,0.0,10049,1,,0,region,region_lignes_regulieres
UT71:ST:10052,L.E.P.,0.0,0.0,10052,1,,0,region,region_lignes_regulieres
UT71:ST:10053,Place Notre Dame,0.0,0.0,10053,1,,0,region,region_lignes_regulieres
UT71:ST:10100,Montagny,0.0,0.0,10100,1,,0,region,region_lignes_regulieres
UT71:ST:10103,Le Port,0.0,0.0,10103,1,,0,region,region_lignes_regulieres
UT71:ST:10105,Rue sur les Etangs,0.0,0.0,10105,1,,0,region,region_lignes_regulieres
UT71:ST:10110,Bourg,0.0,0.0,10110,1,,0,region,region_lignes_regulieres
UT71:ST:10120,Corcelles bourg,0.0,0.0,10120,1,,0,region,region_lignes_regulieres
UT71:ST:10126,Les Baumes,0.0,0.0,10126,1,,0,region,region_lignes_regulieres
UT71:ST:10141,AUTUN Gare SNCF,0.0,0.0,10141,1,,0,region,region_lignes_regulieres
UT71:ST:10142,Place Champ de Mars,0.0,0.0,10142,1,,0,region,region_lignes_regulieres
UT71:ST:10143,Pont l'Evêque,0.0,0.0,10143,1,,0,region,region_lignes_regulieres
UT71:ST:10144,Base du vallon,0.0,0.0,10144,1,,0,region,region_lignes_regulieres
UT71:ST:10148,Les Moreaux,0.0,0.0,10148,1,,0,region,region_lignes_regulieres
UT71:ST:10149,Pierrefitte,0.0,0.0,10149,1,,0,region,region_lignes_regulieres
UT71:ST:10156,St Jean,0.0,0.0,10156,1,,0,region,region_lignes_regulieres
UT71:ST:10161,La Celle d'en Bas,0.0,0.0,10161,1,,0,region,region_lignes_regulieres
UT71:ST:10165,La Celle d'en Haut,0.0,0.0,10165,1,,0,region,region_lignes_regulieres
UT71:ST:10180,Les Petits Bois,0.0,0.0,10180,1,,0,region,region_lignes_regulieres
UT71:ST:10208,Gare,0.0,0.0,10208,1,,0,region,region_lignes_regulieres
UT71:ST:10210,R.N. 6,0.0,0.0,10210,1,,0,region,region_lignes_regulieres
UT71:ST:10231,Place de la Liberté,0.0,0.0,10231,1,,0,region,region_lignes_regulieres
UT71:ST:10246,Mairie,0.0,0.0,10246,1,,0,region,region_lignes_regulieres
UT71:ST:10284,Venières,0.0,0.0,10284,1,,0,region,region_lignes_regulieres
UT71:ST:10285,Le Jonchet,0.0,0.0,10285,1,,0,region,region_lignes_regulieres
UT71:ST:10292,Le Bourg,0.0,0.0,10292,1,,0,region,region_lignes_regulieres
UT71:ST:10293,Le Pré du Vernay,0.0,0.0,10293,1,,0,region,region_lignes_regulieres
UT71:ST:10294,Le Châtelet,0.0,0.0,10294,1,,0,region,region_lignes_regulieres
UT71:ST:10364,Collège La Varandain,0.0,0.0,10364,1,,0,region,region_lignes_regulieres
UT71:ST:10367,Gare,0.0,0.0,10367,1,,0,region,region_lignes_regulieres
UT71:ST:10369,Centre,0.0,0.0,10369,1,,0,region,region_lignes_regulieres
UT71:ST:10378,CHAGNY Gare,0.0,0.0,10378,1,,0,region,region_lignes_regulieres
UT71:ST:10395,CHALON-SUR-SAONE Gare Routière,0.0,0.0,10395,1,,0,region,region_lignes_regulieres
UT71:ST:10402,Place Mathias,0.0,0.0,10402,1,,0,region,region_lignes_regulieres
UT71:ST:10509,CHARNAY - Gare,0.0,0.0,10509,1,,0,region,region_lignes_regulieres
UT71:ST:10525,Rue de Champagny,0.0,0.0,10525,1,,0,region,region_lignes_regulieres
UT71:ST:10526,Bel Air,0.0,0.0,10526,1,,0,region,region_lignes_regulieres
UT71:ST:10559,Vessey,0.0,0.0,10559,1,,0,region,region_lignes_regulieres
UT71:ST:10560,Château d'eau,0.0,0.0,10560,1,,0,region,region_lignes_regulieres
UT71:ST:10586,Les Filletières,0.0,0.0,10586,1,,0,region,region_lignes_regulieres
UT71:ST:10607,Platière,0.0,0.0,10607,1,,0,region,region_lignes_regulieres
UT71:ST:10651,Gare,0.0,0.0,10651,1,,0,region,region_lignes_regulieres
UT71:ST:10653,Ville,0.0,0.0,10653,1,,0,region,region_lignes_regulieres
UT71:ST:10682,Centre,0.0,0.0,10682,1,,0,region,region_lignes_regulieres
UT71:ST:10683,Bois Dernier,0.0,0.0,10683,1,,0,region,region_lignes_regulieres
UT71:ST:10699,Le Château,0.0,0.0,10699,1,,0,region,region_lignes_regulieres
UT71:ST:10700,République,0.0,0.0,10700,1,,0,region,region_lignes_regulieres
UT71:ST:10701,Varenne,0.0,0.0,10701,1,,0,region,region_lignes_regulieres
UT71:ST:10718,4 Chemins,0.0,0.0,10718,1,,0,region,region_lignes_regulieres
UT71:ST:10724,Hôtel Dieu,0.0,0.0,10724,1,,0,region,region_lignes_regulieres
UT71:ST:10751,Place St Benoit,0.0,0.0,10751,1,,0,region,region_lignes_regulieres
UT71:ST:10810,Le Bourg,0.0,0.0,10810,1,,0,region,region_lignes_regulieres
UT71:ST:10818,Le Bourg,0.0,0.0,10818,1,,0,region,region_lignes_regulieres
UT71:ST:10819,Rue Bartoli,0.0,0.0,10819,1,,0,region,region_lignes_regulieres
UT71:ST:10822,Brierette Mal - Lecl,0.0,0.0,10822,1,,0,region,region_lignes_regulieres
UT71:ST:10824,DIGOIN Gare SNCF,0.0,0.0,10824,1,,0,region,region_lignes_regulieres
UT71:ST:10826,Cité Scolaire,0.0,0.0,10826,1,,0,region,region_lignes_regulieres
UT71:ST:10887,Quart Dinay,0.0,0.0,10887,1,,0,region,region_lignes_regulieres
UT71:ST:10890,La Garenne,0.0,0.0,10890,1,,0,region,region_lignes_regulieres
UT71:ST:10892,Place Mairie,0.0,0.0,10892,1,,0,region,region_lignes_regulieres
UT71:ST:10916,Mairie,0.0,0.0,10916,1,,0,region,region_lignes_regulieres
UT71:ST:11024,Centre,0.0,0.0,11024,1,,0,region,region_lignes_regulieres
UT71:ST:11025,Mortières,0.0,0.0,11025,1,,0,region,region_lignes_regulieres
UT71:ST:11031,Les Perrons,0.0,0.0,11031,1,,0,region,region_lignes_regulieres
UT71:ST:11033,Le Bourg,0.0,0.0,11033,1,,0,region,region_lignes_regulieres
UT71:ST:11064,Place Gal de Gaulle,0.0,0.0,11064,1,,0,region,region_lignes_regulieres
UT71:ST:11066,Guide,0.0,0.0,11066,1,,0,region,region_lignes_regulieres
UT71:ST:11069,Chazey,0.0,0.0,11069,1,,0,region,region_lignes_regulieres
UT71:ST:11070,Route de Digoin,0.0,0.0,11070,1,,0,region,region_lignes_regulieres
UT71:ST:11138,Le Bourg,0.0,0.0,11138,1,,0,region,region_lignes_regulieres
UT71:ST:11139,Layer,0.0,0.0,11139,1,,0,region,region_lignes_regulieres
UT71:ST:11143,Le Bourg,0.0,0.0,11143,1,,0,region,region_lignes_regulieres
UT71:ST:11147,V 5,0.0,0.0,11147,1,,0,region,region_lignes_regulieres
UT71:ST:11148,V 3,0.0,0.0,11148,1,,0,region,region_lignes_regulieres
UT71:ST:11152,Le Bourg,0.0,0.0,11152,1,,0,region,region_lignes_regulieres
UT71:ST:11205,Rue d'Alsace,0.0,0.0,11205,1,,0,region,region_lignes_regulieres
UT71:ST:11209,Bram,0.0,0.0,11209,1,,0,region,region_lignes_regulieres
UT71:ST:11214,LOUHANS Gare SNCF,0.0,0.0,11214,1,,0,region,region_lignes_regulieres
UT71:ST:11218,Pont de Cotte,0.0,0.0,11218,1,,0,region,region_lignes_regulieres
UT71:ST:11243,Loche Gare TGV,0.0,0.0,11243,1,,0,region,region_lignes_regulieres
UT71:ST:11247,Place de la Barre,0.0,0.0,11247,1,,0,region,region_lignes_regulieres
UT71:ST:11254,Théâtre,0.0,0.0,11254,1,,0,region,region_lignes_regulieres
UT71:ST:11256,Gare Routière,0.0,0.0,11256,1,,0,region,region_lignes_regulieres
UT71:ST:11259,Place,0.0,0.0,11259,1,,0,region,region_lignes_regulieres
UT71:ST:11260,(Bif. ),0.0,0.0,11260,1,,0,region,region_lignes_regulieres
UT71:ST:11283,Les Baudots,0.0,0.0,11283,1,,0,region,region_lignes_regulieres
UT71:ST:11303,La Palissade,0.0,0.0,11303,1,,0,region,region_lignes_regulieres
UT71:ST:11309,MARMAGNE Gare SNCF,0.0,0.0,11309,1,,0,region,region_lignes_regulieres
UT71:ST:11321,Les Brosses Tillots,0.0,0.0,11321,1,,0,region,region_lignes_regulieres
UT71:ST:11358,Place du Marché,0.0,0.0,11358,1,,0,region,region_lignes_regulieres
UT71:ST:11360,Glairans,0.0,0.0,11360,1,,0,region,region_lignes_regulieres
UT71:ST:11409,MONTCEAU-LES-MINES Gare SNCF,0.0,0.0,11409,1,,0,region,region_lignes_regulieres
UT71:ST:11432,Jeanne-Rose,0.0,0.0,11432,1,,0,region,region_lignes_regulieres
UT71:ST:11433,MONTCHANIN Gare SNCF,0.0,0.0,11433,1,,0,region,region_lignes_regulieres
UT71:ST:11434,Poste,0.0,0.0,11434,1,,0,region,region_lignes_regulieres
UT71:ST:11442,Les 5 chemins,0.0,0.0,11442,1,,0,region,region_lignes_regulieres
UT71:ST:11483,Le Bourg,0.0,0.0,11483,1,,0,region,region_lignes_regulieres
UT71:ST:11484,La Croix,0.0,0.0,11484,1,,0,region,region_lignes_regulieres
UT71:ST:11487,Le Bourg,0.0,0.0,11487,1,,0,region,region_lignes_regulieres
UT71:ST:11560,Les Boileaux,0.0,0.0,11560,1,,0,region,region_lignes_regulieres
UT71:ST:11562,La Croix de Velard,0.0,0.0,11562,1,,0,region,region_lignes_regulieres
UT71:ST:11563,Route de Louhans,0.0,0.0,11563,1,,0,region,region_lignes_regulieres
UT71:ST:11567,Grand Mont,0.0,0.0,11567,1,,0,region,region_lignes_regulieres
UT71:ST:11609,PARAY-LE-MONIAL Gare SNCF,0.0,0.0,11609,1,,0,region,region_lignes_regulieres
UT71:ST:11611,L.SacréCoeur/Jd'Arc,0.0,0.0,11611,1,,0,region,region_lignes_regulieres
UT71:ST:11637,Le Bourg,0.0,0.0,11637,1,,0,region,region_lignes_regulieres
UT71:ST:11676,Château,0.0,0.0,11676,1,,0,region,region_lignes_regulieres
UT71:ST:11677,Terrans,0.0,0.0,11677,1,,0,region,region_lignes_regulieres
UT71:ST:11726,Le Bourg,0.0,0.0,11726,1,,0,region,region_lignes_regulieres
UT71:ST:11735,Le Bourg,0.0,0.0,11735,1,,0,region,region_lignes_regulieres
UT71:ST:11741,La Vesvre,0.0,0.0,11741,1,,0,region,region_lignes_regulieres
UT71:ST:11749,Le Bourg,0.0,0.0,11749,1,,0,region,region_lignes_regulieres
UT71:ST:11783,Les Marguerons,0.0,0.0,11783,1,,0,region,region_lignes_regulieres
UT71:ST:11791,Le Pommoy,0.0,0.0,11791,1,,0,region,region_lignes_regulieres
UT71:ST:11795,Le Bourg,0.0,0.0,11795,1,,0,region,region_lignes_regulieres
UT71:ST:11798,Les Viollots,0.0,0.0,11798,1,,0,region,region_lignes_regulieres
UT71:ST:11828,R.N 6 Les Ongerons,0.0,0.0,11828,1,,0,region,region_lignes_regulieres
UT71:ST:11834,Mairie-Ecole,0.0,0.0,11834,1,,0,region,region_lignes_regulieres
UT71:ST:11882,Le Bourg,0.0,0.0,11882,1,,0,region,region_lignes_regulieres
UT71:ST:11883,Etiveau,0.0,0.0,11883,1,,0,region,region_lignes_regulieres
UT71:ST:11913,La Valouze,0.0,0.0,11913,1,,0,region,region_lignes_regulieres
UT71:ST:11945,Cimetière,0.0,0.0,11945,1,,0,region,region_lignes_regulieres
UT71:ST:11969,Mairie,0.0,0.0,11969,1,,0,region,region_lignes_regulieres
UT71:ST:11972,La Madeleine,0.0,0.0,11972,1,,0,region,region_lignes_regulieres
UT71:ST:11975,Le Bourg,0.0,0.0,11975,1,,0,region,region_lignes_regulieres
UT71:ST:12017,Cimetière,0.0,0.0,12017,1,,0,region,region_lignes_regulieres
UT71:ST:12022,Le Bourg,0.0,0.0,12022,1,,0,region,region_lignes_regulieres
UT71:ST:12023,La Fosse,0.0,0.0,12023,1,,0,region,region_lignes_regulieres
UT71:ST:12035,Le Grand Limon,0.0,0.0,12035,1,,0,region,region_lignes_regulieres
UT71:ST:12037,Le Bourg,0.0,0.0,12037,1,,0,region,region_lignes_regulieres
UT71:ST:12059,Le Bourg,0.0,0.0,12059,1,,0,region,region_lignes_regulieres
UT71:ST:12060,Maisons Rouges,0.0,0.0,12060,1,,0,region,region_lignes_regulieres
UT71:ST:12062,Vallerat,0.0,0.0,12062,1,,0,region,region_lignes_regulieres
UT71:ST:12130,Rue Lt Chauveau,0.0,0.0,12130,1,,0,region,region_lignes_regulieres
UT71:ST:12131,SAINT-LEGER-SUR-DHEUNE Gare,0.0,0.0,12131,1,,0,region,region_lignes_regulieres
UT71:ST:12143,La Croisée de Cray,0.0,0.0,12143,1,,0,region,region_lignes_regulieres
UT71:ST:12185,Collège Olivier de l,0.0,0.0,12185,1,,0,region,region_lignes_regulieres
UT71:ST:12186,Perrigny Bif D35-D13,0.0,0.0,12186,1,,0,region,region_lignes_regulieres
UT71:ST:12202,Chevrey,0.0,0.0,12202,1,,0,region,region_lignes_regulieres
UT71:ST:12203,Le Bourg,0.0,0.0,12203,1,,0,region,region_lignes_regulieres
UT71:ST:12261,Pont Paron,0.0,0.0,12261,1,,0,region,region_lignes_regulieres
UT71:ST:12378,Place de la Clochett,0.0,0.0,12378,1,,0,region,region_lignes_regulieres
UT71:ST:12383,(Bif. ),0.0,0.0,12383,1,,0,region,region_lignes_regulieres
UT71:ST:12396,Le Bourg,0.0,0.0,12396,1,,0,region,region_lignes_regulieres
UT71:ST:12410,Bellevue,0.0,0.0,12410,1,,0,region,region_lignes_regulieres
UT71:ST:12412,Le Bourg,0.0,0.0,12412,1,,0,region,region_lignes_regulieres
UT71:ST:12413,Le Changarnier,0.0,0.0,12413,1,,0,region,region_lignes_regulieres
UT71:ST:12426,La Farge,0.0,0.0,12426,1,,0,region,region_lignes_regulieres
UT71:ST:12428,Vieil Moulin,0.0,0.0,12428,1,,0,region,region_lignes_regulieres
UT71:ST:12457,Bif. RD 970,0.0,0.0,12457,1,,0,region,region_lignes_regulieres
UT71:ST:12473,Les Bons Amis,0.0,0.0,12473,1,,0,region,region_lignes_regulieres
UT71:ST:12480,La Poste,0.0,0.0,12480,1,,0,region,region_lignes_regulieres
UT71:ST:12499,Mare aux Prêtres RG,0.0,0.0,12499,1,,0,region,region_lignes_regulieres
UT71:ST:12531,Communauté,0.0,0.0,12531,1,,0,region,region_lignes_regulieres
UT71:ST:12532,Gare,0.0,0.0,12532,1,,0,region,region_lignes_regulieres
UT71:ST:12537,Pré Charmoy,0.0,0.0,12537,1,,0,region,region_lignes_regulieres
UT71:ST:12538,La Feurtaine,0.0,0.0,12538,1,,0,region,region_lignes_regulieres
UT71:ST:12539,La Croix Jean Naudin,0.0,0.0,12539,1,,0,region,region_lignes_regulieres
UT71:ST:12561,Mairie,0.0,0.0,12561,1,,0,region,region_lignes_regulieres
UT71:ST:12577,TOURNUS Gare SNCF,0.0,0.0,12577,1,,0,region,region_lignes_regulieres
UT71:ST:12609,Le Bourg,0.0,0.0,12609,1,,0,region,region_lignes_regulieres
UT71:ST:12667,Le Bourg,0.0,0.0,12667,1,,0,region,region_lignes_regulieres
UT71:ST:12682,Place de la Halle,0.0,0.0,12682,1,,0,region,region_lignes_regulieres
UT71:ST:12714,Les Quatre Routes,0.0,0.0,12714,1,,0,region,region_lignes_regulieres
UT71:ST:12735,LA VINEUSE Sassy,0.0,0.0,12735,1,,0,region,region_lignes_regulieres
UT71:ST:12759,VITRY-LES-CLUNY Le Bourg,0.0,0.0,12759,1,,0,region,region_lignes_regulieres
UT71:ST:12782,La Beluze,0.0,0.0,12782,1,,0,region,region_lignes_regulieres
UT71:ST:12795,La Poste,0.0,0.0,12795,1,,0,region,region_lignes_regulieres
UT71:ST:12804,La Croix de Bois,0.0,0.0,12804,1,,0,region,region_lignes_regulieres
UT71:ST:12807,Place Lucien Ferré,0.0,0.0,12807,1,,0,region,region_lignes_regulieres
UT71:ST:12842,Les Girards,0.0,0.0,12842,1,,0,region,region_lignes_regulieres
UT71:ST:12862,Gare TGV,0.0,0.0,12862,1,,0,region,region_lignes_regulieres
UT71:ST:12986,Lycée militaire,0.0,0.0,12986,1,,0,region,region_lignes_regulieres
UT71:ST:13128,Mairie Ecole,0.0,0.0,13128,1,,0,region,region_lignes_regulieres
UT71:ST:13136,Mairie,0.0,0.0,13136,1,,0,region,region_lignes_regulieres
UT71:ST:13138,Mairie,0.0,0.0,13138,1,,0,region,region_lignes_regulieres
UT71:ST:13147,Montée Saint Martin,0.0,0.0,13147,1,,0,region,region_lignes_regulieres
UT71:ST:13162,Les Quarts,0.0,0.0,13162,1,,0,region,region_lignes_regulieres
UT71:ST:13233,Les Grillots,0.0,0.0,13233,1,,0,region,region_lignes_regulieres
UT71:ST:13243,Rue du Jura,0.0,0.0,13243,1,,0,region,region_lignes_regulieres
UT71:ST:13718,Rue de la Croix,0.0,0.0,13718,1,,0,region,region_lignes_regulieres
UT71:ST:13913,Vieille Ferme,0.0,0.0,13913,1,,0,region,region_lignes_regulieres
UT71:ST:13972,MASSY Le Bourg,0.0,0.0,13972,1,,0,region,region_lignes_regulieres
UT71:ST:14020,Le Relais,0.0,0.0,14020,1,,0,region,region_lignes_regulieres
UT71:ST:14105,Les Cours Perrault,0.0,0.0,14105,1,,0,region,region_lignes_regulieres
UT71:ST:14230,Haut des Champs,0.0,0.0,14230,1,,0,region,region_lignes_regulieres
UT71:ST:14244,Jean Jaurès,0.0,0.0,14244,1,,0,region,region_lignes_regulieres
UT71:ST:14946,Mairie,0.0,0.0,14946,1,,0,region,region_lignes_regulieres
UT71:ST:15014,Salle des Fêtes,0.0,0.0,15014,1,,0,region,region_lignes_regulieres
UT71:ST:15032,Oyen RN6,0.0,0.0,15032,1,,0,region,region_lignes_regulieres
UT71:ST:15045,Neuzy  La Bourbince,0.0,0.0,15045,1,,0,region,region_lignes_regulieres
UT71:ST:15049,ETANG-SUR-ARROUX Gare SNCF,0.0,0.0,15049,1,,0,region,region_lignes_regulieres
UT71:ST:15090,Salle des fêtes,0.0,0.0,15090,1,,0,region,region_lignes_regulieres
UT71:ST:15091,Hôpital,0.0,0.0,15091,1,,0,region,region_lignes_regulieres
UT71:ST:15148,Les Rompois,0.0,0.0,15148,1,,0,region,region_lignes_regulieres
UT71:ST:15186,LE CREUSOT Gare SNCF,0.0,0.0,15186,1,,0,region,region_lignes_regulieres
UT71:ST:15192,Prondevaux,0.0,0.0,15192,1,,0,region,region_lignes_regulieres
UT71:ST:15251,La Motte Seigneurial,0.0,0.0,15251,1,,0,region,region_lignes_regulieres
UT71:ST:15252,Le Guidon,0.0,0.0,15252,1,,0,region,region_lignes_regulieres
UT71:ST:15293,Poste,0.0,0.0,15293,1,,0,region,region_lignes_regulieres
UT71:ST:15294,Cifa,0.0,0.0,15294,1,,0,region,region_lignes_regulieres
UT71:ST:15310,La Grosse Grange,0.0,0.0,15310,1,,0,region,region_lignes_regulieres
UT71:ST:15311,Les Moutrets,0.0,0.0,15311,1,,0,region,region_lignes_regulieres
UT71:ST:15313,Le Guidon,0.0,0.0,15313,1,,0,region,region_lignes_regulieres
UT71:ST:15424,Parc Relais,0.0,0.0,15424,1,,0,region,region_lignes_regulieres
UT71:ST:15430,Le Bourg,0.0,0.0,15430,1,,0,region,region_lignes_regulieres
UT71:ST:15439,Mairie,0.0,0.0,15439,1,,0,region,region_lignes_regulieres
UT71:ST:15451,Maison retraite,0.0,0.0,15451,1,,0,region,region_lignes_regulieres
UT71:ST:15454,Mairie,0.0,0.0,15454,1,,0,region,region_lignes_regulieres
UT71:ST:15455,Parc Relais Jeanne R,0.0,0.0,15455,1,,0,region,region_lignes_regulieres
UT71:ST:15493,Le Bourg,0.0,0.0,15493,1,,0,region,region_lignes_regulieres
UT71:ST:15624,Raymond Dorey,0.0,0.0,15624,1,,0,region,region_lignes_regulieres
UT71:ST:15627,Rue Jean Bouveri,0.0,0.0,15627,1,,0,region,region_lignes_regulieres
UT71:ST:15628,Blanchisserie,0.0,0.0,15628,1,,0,region,region_lignes_regulieres
UT71:ST:15678,Couronne,0.0,0.0,15678,1,,0,region,region_lignes_regulieres
UT71:ST:15735,Bibliotheque municip,0.0,0.0,15735,1,,0,region,region_lignes_regulieres
UT71:ST:15736,Mairie,0.0,0.0,15736,1,,0,region,region_lignes_regulieres
UT71:ST:15737,Centre hospitalier,0.0,0.0,15737,1,,0,region,region_lignes_regulieres
UT71:ST:15754,Site Industriel,0.0,0.0,15754,1,,0,region,region_lignes_regulieres
UT71:ST:15864,MASSILLY,0.0,0.0,15864,1,,0,region,region_lignes_regulieres
UT71:ST:15865,Tennis,0.0,0.0,15865,1,,0,region,region_lignes_regulieres
UT71:ST:15941,BROYE Gare,0.0,0.0,15941,1,,0,region,region_lignes_regulieres
UT71:ST:15942,CHANGE Gare,0.0,0.0,15942,1,,0,region,region_lignes_regulieres
UT71:ST:15953,MESVRES Gare,0.0,0.0,15953,1,,0,region,region_lignes_regulieres
UT71:ST:15955,REMIGNY Gare,0.0,0.0,15955,1,,0,region,region_lignes_regulieres
UT71:ST:15957,SAISY Gare,0.0,0.0,15957,1,,0,region,region_lignes_regulieres
UT71:ST:15960,SULLY Gare,0.0,0.0,15960,1,,0,region,region_lignes_regulieres
UT71:ST:16108,SANTENAY Gare,0.0,0.0,16108,1,,0,region,region_lignes_regulieres
UT71:ST:16109,DEZIZE-LES-MARANGES Gare,0.0,0.0,16109,1,,0,region,region_lignes_regulieres
UT71:ST:16133,Port Villiers,0.0,0.0,16133,1,,0,region,region_lignes_regulieres
UT71:ST:16134,Parc des Expositions,0.0,0.0,16134,1,,0,region,region_lignes_regulieres
UT71:ST:16137,Parc des Expositions,0.0,0.0,16137,1,,0,region,region_lignes_regulieres
UT71:ST:16232,SAINT-SYMPHORIEN-DE-MARMAGNE Gare,0.0,0.0,16232,1,,0,region,region_lignes_regulieres
UT71:ST:16233,Lycée technique,0.0,0.0,16233,1,,0,region,region_lignes_regulieres
UT71:ST:16234,Mairie,0.0,0.0,16234,1,,0,region,region_lignes_regulieres
UT71:ST:16235,Place Carnot,0.0,0.0,16235,1,,0,region,region_lignes_regulieres
UT71:ST:16236,Haut,0.0,0.0,16236,1,,0,region,region_lignes_regulieres
UT71:ST:16341,Pré de la Tour,0.0,0.0,16341,1,,0,region,region_lignes_regulieres
UT71:ST:16388,LTE,0.0,0.0,16388,1,,0,region,region_lignes_regulieres
UT71:ST:16478,V3,0.0,0.0,16478,1,,0,region,region_lignes_regulieres
UT89:ST:00017,AILLANT/THOLON-PLACE EGLISE,0.0,0.0,00017,1,,0,region,region_lignes_regulieres
UT89:ST:00057,ANNAY LA COTE-ABRI PLACE EGLISE,0.0,0.0,00057,1,,0,region,region_lignes_regulieres
UT89:ST:00088,ARCES DILO-ABRI PLACE LAVOIR,0.0,0.0,00088,1,,0,region,region_lignes_regulieres
UT89:ST:00106,ARMEAU-MAIRIE ABRI,0.0,0.0,00106,1,,0,region,region_lignes_regulieres
UT89:ST:00140,AUXERRE-POLE ECHANGE MULTIMODAL,0.0,0.0,00140,1,,0,region,region_lignes_regulieres
UT89:ST:00157,AUXERRE-C.I.F.A.,0.0,0.0,00157,1,,0,region,region_lignes_regulieres
UT89:ST:00196,BAZARNES-ECOLE ELEMENTAIRE,0.0,0.0,00196,1,,0,region,region_lignes_regulieres
UT89:ST:00202,BEAUMONT-EGLISE ABRI,0.0,0.0,00202,1,,0,region,region_lignes_regulieres
UT89:ST:00226,BELLECHAUME-ABRI PLACE LIBERTE,0.0,0.0,00226,1,,0,region,region_lignes_regulieres
UT89:ST:00235,LA BELLIOLE-ABRI GRANDE RUE,0.0,0.0,00235,1,,0,region,region_lignes_regulieres
UT89:ST:00428,CERISIERS-PLACE MAIRIE,0.0,0.0,00428,1,,0,region,region_lignes_regulieres
UT89:ST:00515,CHAMPIGNY-MAIRIE ABRI,0.0,0.0,00515,1,,0,region,region_lignes_regulieres
UT89:ST:00533,CHAMPLOST-VACHY,0.0,0.0,00533,1,,0,region,region_lignes_regulieres
UT89:ST:00568,LA CHAPELLE/OREUSE-ABRI MAIRIE,0.0,0.0,00568,1,,0,region,region_lignes_regulieres
UT89:ST:00897,CUY-ABRI PLACE L.POTHIER,0.0,0.0,00897,1,,0,region,region_lignes_regulieres
UT89:ST:00917,DIGES-VOLVENT,0.0,0.0,00917,1,,0,region,region_lignes_regulieres
UT89:ST:01003,DOMATS-LES BESNARDS,0.0,0.0,01003,1,,0,region,region_lignes_regulieres
UT89:ST:01120,ESNON-MAIRIE,0.0,0.0,01120,1,,0,region,region_lignes_regulieres
UT89:ST:01146,ETAULES-ABRI RUE DU CRAI,0.0,0.0,01146,1,,0,region,region_lignes_regulieres
UT89:ST:01164,EVRY-RUE EGLISE,0.0,0.0,01164,1,,0,region,region_lignes_regulieres
UT89:ST:01182,LA FERTE LOUPIERE-PLACE MAIRIE,0.0,0.0,01182,1,,0,region,region_lignes_regulieres
UT89:ST:01198,FLEURY LA VALLEE-FACE 71 GDE RUE,0.0,0.0,01198,1,,0,region,region_lignes_regulieres
UT89:ST:01206,FLEYS-PLACE EGLISE,0.0,0.0,01206,1,,0,region,region_lignes_regulieres
UT89:ST:01380,GRANDCHAMP-MONUMENT AUX MORTS,0.0,0.0,01380,1,,0,region,region_lignes_regulieres
UT89:ST:01494,JOUX LA VILLE-PLACE MAIRIE,0.0,0.0,01494,1,,0,region,region_lignes_regulieres
UT89:ST:01561,LAROCHE ST CYDROINE-PLACE MAIRIE,0.0,0.0,01561,1,,0,region,region_lignes_regulieres
UT89:ST:01612,LIGNY/CHATEL-ABRI AUBERGE DU BIEF,0.0,0.0,01612,1,,0,region,region_lignes_regulieres
UT89:ST:01646,LUCY LE BOIS-ARRET CARS RD944,0.0,0.0,01646,1,,0,region,region_lignes_regulieres
UT89:ST:01673,MAILLY LA VILLE-EGLISE,0.0,0.0,01673,1,,0,region,region_lignes_regulieres
UT89:ST:01828,MIGENNES-PARKING LUXEMBOURG ABRI,0.0,0.0,01828,1,,0,region,region_lignes_regulieres
UT89:ST:01834,MIGENNES-HLM RUE LAFAYETTE ABRI,0.0,0.0,01834,1,,0,region,region_lignes_regulieres
UT89:ST:01846,MIGENNES-PLACE DU 1ER MAI ABRI,0.0,0.0,01846,1,,0,region,region_lignes_regulieres
UT89:ST:01970,NITRY-ABRI 40 RUE REPUBLIQUE,0.0,0.0,01970,1,,0,region,region_lignes_regulieres
UT89:ST:02171,POURRAIN-LA CHAPELLE ABRI,0.0,0.0,02171,1,,0,region,region_lignes_regulieres
UT89:ST:02374,ST AUBIN/YONNE-CIMETIERE,0.0,0.0,02374,1,,0,region,region_lignes_regulieres
UT89:ST:02375,ST AUBIN/YONNE-3 ROUTE NATIONALE,0.0,0.0,02375,1,,0,region,region_lignes_regulieres
UT89:ST:02465,ST FLORENTIN-HLM,0.0,0.0,02465,1,,0,region,region_lignes_regulieres
UT89:ST:02472,ST FLORENTIN-MAIRIE,0.0,0.0,02472,1,,0,region,region_lignes_regulieres
UT89:ST:02580,ST MARTIN/OREUSE-LAUNAY ABRI,0.0,0.0,02580,1,,0,region,region_lignes_regulieres
UT89:ST:02629,SAINT MORE-PLACE DE LA MAIRIE,0.0,0.0,02629,1,,0,region,region_lignes_regulieres
UT89:ST:02642,ST PRIVE-ABRI (X) RD90/RD221,0.0,0.0,02642,1,,0,region,region_lignes_regulieres
UT89:ST:02738,ST VALERIEN-FERRIERES,0.0,0.0,02738,1,,0,region,region_lignes_regulieres
UT89:ST:02740,SAINTE VERTU-PLACE CARON,0.0,0.0,02740,1,,0,region,region_lignes_regulieres
UT89:ST:02783,SAVIGNY/CLAIRIS-LES DORNETS,0.0,0.0,02783,1,,0,region,region_lignes_regulieres
UT89:ST:02793,SEIGNELAY-PLACE COLBERT ABRI,0.0,0.0,02793,1,,0,region,region_lignes_regulieres
UT89:ST:02820,SENS- BD FOCH PLACE DES HEROS,0.0,0.0,02820,1,,0,region,region_lignes_regulieres
UT89:ST:02822,SENS-LYCEES / PLACE WALESA,0.0,0.0,02822,1,,0,region,region_lignes_regulieres
UT89:ST:02826,SENS-PLACE JEAN JAURES,0.0,0.0,02826,1,,0,region,region_lignes_regulieres
UT89:ST:02865,SERGINES-GENDARMERIE ABRI,0.0,0.0,02865,1,,0,region,region_lignes_regulieres
UT89:ST:02875,SERMIZELLES-EGLISE,0.0,0.0,02875,1,,0,region,region_lignes_regulieres
UT89:ST:02991,THAROT- ABRI EGLISE,0.0,0.0,02991,1,,0,region,region_lignes_regulieres
UT89:ST:03114,TRUCY/YONNE-EGLISE ABRI,0.0,0.0,03114,1,,0,region,region_lignes_regulieres
UT89:ST:03295,VEZELAY-ARRET DES CARS,0.0,0.0,03295,1,,0,region,region_lignes_regulieres
UT89:ST:03403,VVE/YONNE-POSTE 94 RUE CARNOT,0.0,0.0,03403,1,,0,region,region_lignes_regulieres
UT89:ST:03457,VILLEVALLIER-ARRET DES CARS,0.0,0.0,03457,1,,0,region,region_lignes_regulieres
UT89:ST:03526,VINNEUF-EGLISE,0.0,0.0,03526,1,,0,region,region_lignes_regulieres
UT89:ST:03527,VINNEUF-90 RUE VICTOR HUGO,0.0,0.0,03527,1,,0,region,region_lignes_regulieres
UT89:ST:03528,VINNEUF-PLACE SAINT REMY,0.0,0.0,03528,1,,0,region,region_lignes_regulieres
UT89:ST:03550,VOUTENAY/CURE-ABRI PLACE MAIRIE,0.0,0.0,03550,1,,0,region,region_lignes_regulieres
UT89:ST:03554,YROUERRE-RUE ORANGERIE ABRI,0.0,0.0,03554,1,,0,region,region_lignes_regulieres
UT89:ST:03634,MONT SAINT SULPICE-ABRI MAIRIE,0.0,0.0,03634,1,,0,region,region_lignes_regulieres
UT89:ST:03635,HAUTERIVE-CORNETS PARKING PL,0.0,0.0,03635,1,,0,region,region_lignes_regulieres
UT89:ST:03827,COURLON/YONNE-CENTRE,0.0,0.0,03827,1,,0,region,region_lignes_regulieres
UT89:ST:03831,VILLEFRANCHE-PLACE DE L'EGLISE,0.0,0.0,03831,1,,0,region,region_lignes_regulieres
UT89:ST:03919,SAINTE PALLAYE-EGLISE,0.0,0.0,03919,1,,0,region,region_lignes_regulieres
UT89:ST:04003,AUXERRE-ARQUEBUSE,0.0,0.0,04003,1,,0,region,region_lignes_regulieres
UT89:ST:04011,MIGENNES-LES 3 VENEURS,0.0,0.0,04011,1,,0,region,region_lignes_regulieres
UT89:ST:04013,LAROCHE-SAINT CYDROINE ABRI D943,0.0,0.0,04013,1,,0,region,region_lignes_regulieres
UT89:ST:04016,ST AUBIN/YONNE-SOUS VILLIERS,0.0,0.0,04016,1,,0,region,region_lignes_regulieres
UT89:ST:04020,SENS-Rue J. Verne (salle polyv),0.0,0.0,04020,1,,0,region,region_lignes_regulieres
UT89:ST:04021,SENS GARIBALDI (Côté théâtre),0.0,0.0,04021,1,,0,region,region_lignes_regulieres
UT89:ST:04022,SENS-17 AVENUE DE LA GARE,0.0,0.0,04022,1,,0,region,region_lignes_regulieres
UT89:ST:04027,COURSON LES CARRIERES-EGLISE,0.0,0.0,04027,1,,0,region,region_lignes_regulieres
UT89:ST:04052,TONNERRE-58 BIS RUE VAUCORBE,0.0,0.0,04052,1,,0,region,region_lignes_regulieres
UT89:ST:04056,POINCHY RD  965,0.0,0.0,04056,1,,0,region,region_lignes_regulieres
UT89:ST:04057,BEINE-26 RTE NATIONALE ABRI,0.0,0.0,04057,1,,0,region,region_lignes_regulieres
UT89:ST:04074,LA CHAPELLE ABRI RUE DU VERDEAU,0.0,0.0,04074,1,,0,region,region_lignes_regulieres
UT89:ST:04078,MALIGNY-ABRI 58 GRANDE RUE,0.0,0.0,04078,1,,0,region,region_lignes_regulieres
UT89:ST:04090,SAVIGNY/CLAIRIS-DOMAINE,0.0,0.0,04090,1,,0,region,region_lignes_regulieres
UT89:ST:04100,PONT/YONNE-ABRI QUAI REPUBLIQUE,0.0,0.0,04100,1,,0,region,region_lignes_regulieres
UT89:ST:04110,VVE L'ARCHEVEQUE-46 RUE BREARD,0.0,0.0,04110,1,,0,region,region_lignes_regulieres
UT89:ST:04115,PONT/VANNE-ABRI RUE ADAM,0.0,0.0,04115,1,,0,region,region_lignes_regulieres
UT89:ST:04130,TOUCY-PLACE DES FRERES GENETS,0.0,0.0,04130,1,,0,region,region_lignes_regulieres
UT89:ST:04140,CHARNY-PLACE VICTOR HUGO ABRI,0.0,0.0,04140,1,,0,region,region_lignes_regulieres
UT89:ST:04141,ST MARTIN/OUANNE-ABRI PL GARE,0.0,0.0,04141,1,,0,region,region_lignes_regulieres
UT89:ST:04146,ST SAUVEUR-GERBAUDE,0.0,0.0,04146,1,,0,region,region_lignes_regulieres
UT89:ST:04147,SAINTS-ARRET DES CARS EGLISE,0.0,0.0,04147,1,,0,region,region_lignes_regulieres
UT89:ST:04149,LEVIS-PARKING ABRI,0.0,0.0,04149,1,,0,region,region_lignes_regulieres
UT89:ST:04150,LEUGNY-ARRET DES CARS,0.0,0.0,04150,1,,0,region,region_lignes_regulieres
UT89:ST:04170,SAVIGNY/CLAIRIS-EGLISE,0.0,0.0,04170,1,,0,region,region_lignes_regulieres
UT89:ST:04205,ST FARGEAU-PROMENADE DU GRILLON,0.0,0.0,04205,1,,0,region,region_lignes_regulieres
UT89:ST:04231,CHEROY-4 RUE JEAN MOULIN ECOLE ABRI,0.0,0.0,04231,1,,0,region,region_lignes_regulieres
UT89:ST:04273,LORDONNOIS ABRI PLACE,0.0,0.0,04273,1,,0,region,region_lignes_regulieres
UT89:ST:04275,MAILLY LE CHATEAU-ABRI BD DU NORD,0.0,0.0,04275,1,,0,region,region_lignes_regulieres
UT89:ST:04309,ETAULE-VASSY MAIRIE,0.0,0.0,04309,1,,0,region,region_lignes_regulieres
UT89:ST:04515,ROSOY-15 ROUTE DE VERON,0.0,0.0,04515,1,,0,region,region_lignes_regulieres
UT89:ST:04518,CHABLIS-ECOLE MAIRIE,0.0,0.0,04518,1,,0,region,region_lignes_regulieres
UT89:ST:04523,BRIENON SUR ARMANCON-MAIRIE,0.0,0.0,04523,1,,0,region,region_lignes_regulieres
UT89:ST:04543,MAILLY LA VILLE-PLACE JOUBLOT,0.0,0.0,04543,1,,0,region,region_lignes_regulieres
UT89:ST:04553,CLAMECY-PLACE DES JEUX,0.0,0.0,04553,1,,0,region,region_lignes_regulieres
UT89:ST:04555,CLAMECY-LYCEE,0.0,0.0,04555,1,,0,region,region_lignes_regulieres
UT89:ST:04559,PRUNOY-PLACE ABRI,0.0,0.0,04559,1,,0,region,region_lignes_regulieres
UT89:ST:04683,VERON-EGLISE,0.0,0.0,04683,1,,0,region,region_lignes_regulieres
UT89:ST:04742,JOIGNY-ROND POINT DE LA RESISTANC,0.0,0.0,04742,1,,0,region,region_lignes_regulieres
UT89:ST:04799,MIGENNES-MARCHE COUVERT,0.0,0.0,04799,1,,0,region,region_lignes_regulieres
UT89:ST:04872,FOUCHERES-EGLISE ABRI,0.0,0.0,04872,1,,0,region,region_lignes_regulieres
UT89:ST:04980,NOYERS/SEREIN-PLACE MAIRIE,0.0,0.0,04980,1,,0,region,region_lignes_regulieres
UT89:ST:04990,THEIL/VANNE-ABRI 2 RTE DU MIROIR,0.0,0.0,04990,1,,0,region,region_lignes_regulieres
UT89:ST:05016,COURLON/YONNE-R.QUAI DE LA FORGE,0.0,0.0,05016,1,,0,region,region_lignes_regulieres
UT89:ST:05017,COURLON/YONNE-SALLE DES FETES,0.0,0.0,05017,1,,0,region,region_lignes_regulieres
UT89:ST:05018,SERBONNES-EGLISE,0.0,0.0,05018,1,,0,region,region_lignes_regulieres
UT89:ST:05020,ST MARTIN/OREUSE-ABRI EGLISE,0.0,0.0,05020,1,,0,region,region_lignes_regulieres
UT89:ST:05021,FLEURIGNY/OREUSE-ABRI,0.0,0.0,05021,1,,0,region,region_lignes_regulieres
UT89:ST:05022,THORIGNY/OREUSE-ARRET SCO+RES JA,0.0,0.0,05022,1,,0,region,region_lignes_regulieres
UT89:ST:05028,MERCY-MONUMENT ABRI,0.0,0.0,05028,1,,0,region,region_lignes_regulieres
UT89:ST:05090,VAUMORT-ABRI ROUTE DE COLLATE X,0.0,0.0,05090,1,,0,region,region_lignes_regulieres
UT89:ST:05109,BLENEAU-PLACE DE LA LIBERATION,0.0,0.0,05109,1,,0,region,region_lignes_regulieres
UT89:ST:05157,MICHERY-PLACE EGLISE,0.0,0.0,05157,1,,0,region,region_lignes_regulieres
UT89:ST:05401,AVROLLES ABRI EGLISE,0.0,0.0,05401,1,,0,region,region_lignes_regulieres
UT89:ST:05406,MOUTIERS EN PUISAYE-PLACE,0.0,0.0,05406,1,,0,region,region_lignes_regulieres
UT89:ST:05468,FONTENOY-MAIRIE,0.0,0.0,05468,1,,0,region,region_lignes_regulieres
UT89:ST:05488,VILLECIEN-ABRI CIMETIERE,0.0,0.0,05488,1,,0,region,region_lignes_regulieres
UT89:ST:05549,ORMOY-EGLISE ABRI,0.0,0.0,05549,1,,0,region,region_lignes_regulieres
UT89:ST:05567,SAINT DENIS LES SENS-C.C. LECLERC,0.0,0.0,05567,1,,0,region,region_lignes_regulieres
UT89:ST:05592,MIGE-ABRI RTE DE COURSON,0.0,0.0,05592,1,,0,region,region_lignes_regulieres
UT89:ST:05681,POILLY SUR THOLON-MAIRIE,0.0,0.0,05681,1,,0,region,region_lignes_regulieres
UT89:ST:05686,ROSOY-58 ROUTE DE VERON,0.0,0.0,05686,1,,0,region,region_lignes_regulieres
UT89:ST:05742,FOISSY/VANNE-RD660 X RUE E. PIEDE,0.0,0.0,05742,1,,0,region,region_lignes_regulieres
UT89:ST:05794,VILLIERS SAINT BENOIT-MAIRIE,0.0,0.0,05794,1,,0,region,region_lignes_regulieres
UT89:ST:05821,PREGILBERT-ABRI RUE LA TUILERIE,0.0,0.0,05821,1,,0,region,region_lignes_regulieres
UT89:ST:05852,APPOIGNY-FEU RD606 ARRET CAR,0.0,0.0,05852,1,,0,region,region_lignes_regulieres
UT89:ST:05889,AUXERRE - LECLERC,0.0,0.0,05889,1,,0,region,region_lignes_regulieres
UT89:ST:05890,AVALLON-CENTRE COMMERCIAL,0.0,0.0,05890,1,,0,region,region_lignes_regulieres
UT89:ST:05892,GIROLLES-PLACE DES TILLEULS,0.0,0.0,05892,1,,0,region,region_lignes_regulieres
UT89:ST:05938,VVE LA GUYARD-PARKING ST EXUPERY,0.0,0.0,05938,1,,0,region,region_lignes_regulieres
UT89:ST:05947,VAUDEURS -MAIRIE,0.0,0.0,05947,1,,0,region,region_lignes_regulieres
UT89:ST:05948,VILLEROY-ABRI RD81,0.0,0.0,05948,1,,0,region,region_lignes_regulieres
UT89:ST:05949,ST VALERIEN -25 RUE REPUBLIQUE,0.0,0.0,05949,1,,0,region,region_lignes_regulieres
UT89:ST:05974,SENS - 5 BD MAIL GASTON MARNOT,0.0,0.0,05974,1,,0,region,region_lignes_regulieres
UT89:ST:05991,CUSSY LES FORGES-CENTRE,0.0,0.0,05991,1,,0,region,region_lignes_regulieres
UT89:ST:05992,TOUTRY-CENTRE,0.0,0.0,05992,1,,0,region,region_lignes_regulieres
UT89:ST:05994,SENAILLY-CENTRE,0.0,0.0,05994,1,,0,region,region_lignes_regulieres
UT89:ST:06013,ARCY SUR CURE-1 AVENUE DE LA GARE,0.0,0.0,06013,1,,0,region,region_lignes_regulieres
UT89:ST:06092,DOMATS-ABRI PLACE MAIRIE,0.0,0.0,06092,1,,0,region,region_lignes_regulieres
UT89:ST:06098,MEZILLES-5 ROUTE DE TOUCY,0.0,0.0,06098,1,,0,region,region_lignes_regulieres
UT89:ST:06099,MEZILLES-7 ROUTE DE TOUCY,0.0,0.0,06099,1,,0,region,region_lignes_regulieres
UT89:ST:06154,FLOGNY-X RUE DE LA  POSTE / RD905,0.0,0.0,06154,1,,0,region,region_lignes_regulieres
UT89:ST:06155,GISY LES NOBLES-EGLISE MAIRIE,0.0,0.0,06155,1,,0,region,region_lignes_regulieres
UT89:ST:06209,CHAMPIGNY-POURPRISES AV G.LECLERC,0.0,0.0,06209,1,,0,region,region_lignes_regulieres
UT89:ST:06243,SAINT AMAND EN PUISAYE-EGLISE,0.0,0.0,06243,1,,0,region,region_lignes_regulieres
UT89:ST:06288,AVALLON-RUE MARECHAL FOCH,0.0,0.0,06288,1,,0,region,region_lignes_regulieres
UT89:ST:06310,SENS-HOPITAL,0.0,0.0,06310,1,,0,region,region_lignes_regulieres
UT89:ST:06343,VERON-CIMETIERE,0.0,0.0,06343,1,,0,region,region_lignes_regulieres
UT89:ST:06344,VVE/YONNE-55 RUE CARNOT,0.0,0.0,06344,1,,0,region,region_lignes_regulieres
UT89:ST:06345,VENOY-AIRE DE COVOITURAGE PEAGE,0.0,0.0,06345,1,,0,region,region_lignes_regulieres
UT89:ST:06350,AUXERRE - PEM QUAI 13,0.0,0.0,06350,1,,0,region,region_lignes_regulieres
UT89:ST:06351,AUXERRE - PEM QUAI 14,0.0,0.0,06351,1,,0,region,region_lignes_regulieres
UT89:ST:06352,AUXERRE - PEM QUAI 15,0.0,0.0,06352,1,,0,region,region_lignes_regulieres
UT89:ST:06353,AUXERRE - PEM QUAI 16,0.0,0.0,06353,1,,0,region,region_lignes_regulieres
UT89:ST:06354,AUXERRE - PEM QUAI 17,0.0,0.0,06354,1,,0,region,region_lignes_regulieres
UT89:ST:06355,AUXERRE - PEM QUAI 18,0.0,0.0,06355,1,,0,region,region_lignes_regulieres
UT89:ST:06356,AUXERRE - PEM QUAI CDG,0.0,0.0,06356,1,,0,region,region_lignes_regulieres
UT89:ST:06369,JOIGNY - PEM QUAI 13,0.0,0.0,06369,1,,0,region,region_lignes_regulieres
UT89:ST:06370,JOIGNY - PEM QUAI 14,0.0,0.0,06370,1,,0,region,region_lignes_regulieres
UT89:ST:06371,JOIGNY - PEM QUAI 15,0.0,0.0,06371,1,,0,region,region_lignes_regulieres
UT89:ST:06379,JOIGNY - PEM QUAI 23,0.0,0.0,06379,1,,0,region,region_lignes_regulieres
UT89:ST:06385,AUXERRE - 6 RUE PAUL DOUMER,0.0,0.0,06385,1,,0,region,region_lignes_regulieres
UT89:ST:06386,SENS-24 BOULEVARD DU MAIL,0.0,0.0,06386,1,,0,region,region_lignes_regulieres
UT89:ST:06387,TONNERRE-2 AVENUE DE LA GARE,0.0,0.0,06387,1,,0,region,region_lignes_regulieres
UT89:ST:06388,SAINT FLORENTIN-VERGIGNY 3 RUE DE LA GARE,0.0,0.0,06388,1,,0,region,region_lignes_regulieres
UT89:ST:06389,COULANGES SUR YONNE-X RUE DU NIVERNAIS ET RUE DE LA GARE,0.0,0.0,06389,1,,0,region,region_lignes_regulieres
UT89:ST:06390,AVALLON-3 PLACE DE LA GARE,0.0,0.0,06390,1,,0,region,region_lignes_regulieres
UT89:ST:06391,JOIGNY-3 RUE DE LA GARE,0.0,0.0,06391,1,,0,region,region_lignes_regulieres
UT89:ST:06392,CLAMECY - 46 AVENUE DE LA GARE,0.0,0.0,06392,1,,0,region,region_lignes_regulieres
UT89:ST:06393,GIVRY-RUE DE LA GARE,0.0,0.0,06393,1,,0,region,region_lignes_regulieres
UT89:ST:06394,MONTBARD-1 PLACE DE LA GARE,0.0,0.0,06394,1,,0,region,region_lignes_regulieres
UT89:ST:06395,EPOISSES-CENTRE,0.0,0.0,06395,1,,0,region,region_lignes_regulieres
UT89:ST:06419,AUXERRE - ARRET JEAN MONNET,0.0,0.0,06419,1,,0,region,region_lignes_regulieres
UT89:ST:06424,SENS - 39 BOULEVARD DU MAIL,0.0,0.0,06424,1,,0,region,region_lignes_regulieres
UT89:ST:06473,PONTIGNY - ABRI 24 BIS RUE PAUL DESJARDINS,0.0,0.0,06473,1,,0,region,region_lignes_regulieres
UT89:ST:06474,PONTIGNY - 37 BIS RUE PAUL DESJARDINS,0.0,0.0,06474,1,,0,region,region_lignes_regulieres
UT21:01662,Vesvrotte -,47.418153,5.20514,,0,UT21:ST:01662,0,region,region_lignes_regulieres
UT21:01664,Centre -,47.412091,5.205239,,0,UT21:ST:01661,0,region,region_lignes_regulieres
UT21:01669,Arçon -,47.354659,5.282051,,0,UT21:ST:01669,0,region,region_lignes_regulieres
UT21:01675,Village Place -,47.692456,4.94271,,0,UT21:ST:01675,0,region,region_lignes_regulieres
UT21:01681,Centre -,47.09778,4.613719,,0,UT21:ST:01681,0,region,region_lignes_regulieres
UT21:01695,Les tranchées -,47.460227,5.271684,,0,UT21:ST:01695,0,region,region_lignes_regulieres
UT21:01705,Ecole -,47.912828,4.709541,,0,UT21:ST:01705,0,region,region_lignes_regulieres
UT21:01774,Fouchanges -,47.396855,5.195756,,0,UT21:ST:01774,0,region,region_lignes_regulieres
UT21:01775,fbg Gallas/Charmes -,47.367424,5.186706,,0,UT21:ST:01775,0,region,region_lignes_regulieres
UT21:01794,Collège -,47.129978,4.488915,,0,UT21:ST:01794,0,region,region_lignes_regulieres
UT21:01804,Ecole -,47.231311,5.370529,,0,UT21:ST:01804,0,region,region_lignes_regulieres
UT21:01809,Ecole Primaire -,47.13141,5.176617,,0,UT21:ST:01809,0,region,region_lignes_regulieres
UT21:01849,Ecole -,47.60235,4.644358,,0,UT21:ST:01849,0,region,region_lignes_regulieres
UT21:01861,Cimetiere,47.615387,4.315664,,0,UT21:ST:01861,1,region,region_lignes_regulieres
UT21:01868,abri bus -,47.373178,5.321889,,0,UT21:ST:01868,0,region,region_lignes_regulieres
UT21:01873,Place -,47.449292,4.927148,,0,UT21:ST:01873,0,region,region_lignes_regulieres
UT21:01903,Collège -,47.108513,4.664413,,0,UT21:ST:01903,1,region,region_lignes_regulieres
UT21:01904,Ecole -,47.107927,4.664249,,0,UT21:ST:01904,1,region,region_lignes_regulieres
UT21:01905,Route de Beaune -,47.101021,4.671974,,0,UT21:ST:01905,0,region,region_lignes_regulieres
UT21:01941,Lotissement Hauterive -,47.400609,5.109629,,0,UT21:ST:01941,0,region,region_lignes_regulieres
UT21:01942,Place de l'Ascension -,47.399973,5.086403,,0,UT21:ST:01942,1,region,region_lignes_regulieres
UT21:01943,Eglise -,47.398659,5.099731,,0,UT21:ST:01943,0,region,region_lignes_regulieres
UT21:01953,Mairie -,47.08002,5.107075,,0,UT21:ST:01953,0,region,region_lignes_regulieres
UT21:01990,Monument -,47.204228,4.355414,,0,UT21:ST:01990,0,region,region_lignes_regulieres
UT21:02002,Grande rue -,47.28137,5.265326,,0,UT21:ST:02002,0,region,region_lignes_regulieres
UT21:02048,abribus -,47.476298,4.444934,,0,UT21:ST:02048,0,region,region_lignes_regulieres
UT21:02054,Pl Marmont jet d'eau -,47.861377,4.574789,,0,UT21:ST:02054,0,region,region_lignes_regulieres
UT21:02091,Cehvigny en Valière Mairie -,46.966514,4.978283,,0,UT21:ST:02091,0,region,region_lignes_regulieres
UT21:02116,Centre -,47.404007,5.122833,,0,UT21:ST:02116,0,region,region_lignes_regulieres
UT21:02117,S.B.M. -,47.403459,5.115374,,0,UT21:ST:02117,0,region,region_lignes_regulieres
UT21:02159,Mairie -,46.990858,4.988318,,0,UT21:ST:02159,0,region,region_lignes_regulieres
UT21:02209,route d' Is sur tille -,47.554456,5.129796,,0,UT21:ST:02209,0,region,region_lignes_regulieres
UT21:02236,Departementale 951 -,47.530714,4.891328,,0,UT21:ST:02236,0,region,region_lignes_regulieres
UT21:02249,Ecole -,47.47682,5.139058,,0,UT21:ST:02249,0,region,region_lignes_regulieres
UT21:02250,Logis De Gemeaux Usine -,47.476689,5.139097,,0,UT21:ST:02250,0,region,region_lignes_regulieres
UT21:02252,Ecole,47.524813,4.298025,,0,UT21:ST:02252,0,region,region_lignes_regulieres
UT21:02255,Gare SNCF -,47.244143,5.223533,,0,UT21:ST:02255,1,region,region_lignes_regulieres
UT21:02269,Mairie -,47.987139,4.778352,,0,UT21:ST:02269,0,region,region_lignes_regulieres
UT21:02277,La Raquette -,47.317785,4.503005,,0,UT21:ST:02277,1,region,region_lignes_regulieres
UT21:02284,Abribus Grande rue -,47.040354,5.107114,,0,UT21:ST:02284,0,region,region_lignes_regulieres
UT21:02317,Ecole A. France -,47.519749,5.112881,,0,UT21:ST:02317,0,region,region_lignes_regulieres
UT21:02346,Collège Clos de Pouilly -,47.342184,5.053457,,0,UT21:ST:02346,1,region,region_lignes_regulieres
UT21:02361,Bourg -,47.708406,4.438047,,0,UT21:ST:02361,0,region,region_lignes_regulieres
UT21:02362,Centre D980 -,47.731584,4.464639,,0,UT21:ST:02362,1,region,region_lignes_regulieres
UT21:02368,Billardon -,47.329692,5.073287,,0,UT21:ST:02368,0,region,region_lignes_regulieres
UT21:02388,Square Darcy Hôtel de La Cloche -,47.324081,5.033713,,0,UT21:ST:02388,0,region,region_lignes_regulieres
UT21:02425,Centre -,47.527036,5.168316,,0,UT21:ST:02425,0,region,region_lignes_regulieres
UT21:02455,Place de l'église -,47.094831,5.216389,,0,UT21:ST:02455,0,region,region_lignes_regulieres
UT21:02468,mairie,47.639688,4.75895,,0,UT21:ST:02468,0,region,region_lignes_regulieres
UT21:02507,Ecole abribus -,47.611073,5.156084,,0,UT21:ST:02507,0,region,region_lignes_regulieres
UT21:02528,Ecole,47.56062,4.22175,,0,UT21:ST:02528,0,region,region_lignes_regulieres
UT21:02575,Collège -,47.840335,4.364892,,0,UT21:ST:02575,1,region,region_lignes_regulieres
UT21:02576,Centre -,47.269668,5.385349,,0,UT21:ST:02576,1,region,region_lignes_regulieres
UT21:02577,route de Poncey -,47.26539,5.386532,,0,UT21:ST:02577,1,region,region_lignes_regulieres
UT21:02600,La Guette Ecole -,47.225121,4.319602,,0,UT21:ST:02600,0,region,region_lignes_regulieres
UT21:02606,Centre -,47.206138,4.281425,,0,UT21:ST:02606,1,region,region_lignes_regulieres
UT21:02608,Huis Renaud abris Bus -,47.199333,4.272078,,0,UT21:ST:02608,0,region,region_lignes_regulieres
UT21:02617,Eglise -,47.260912,5.286684,,0,UT21:ST:02617,1,region,region_lignes_regulieres
UT21:02618,Lycée de la Céramique -,47.259747,5.290418,,0,UT21:ST:02618,0,region,region_lignes_regulieres
UT21:02623,Ancienne Ecole -,47.196773,5.14965,,0,UT21:ST:02623,0,region,region_lignes_regulieres
UT21:02636,Place -,47.097878,5.263037,,0,UT21:ST:02636,0,region,region_lignes_regulieres
UT21:02639,Place -,47.896546,4.75854,,0,UT21:ST:02639,0,region,region_lignes_regulieres
UT21:02650,Place -,47.220962,4.577053,,0,UT21:ST:02650,0,region,region_lignes_regulieres
UT21:02660,Eglise -,47.481945,4.424498,,0,UT21:ST:02660,1,region,region_lignes_regulieres
UT21:02687,Centre -,47.129152,4.342024,,0,UT21:ST:02687,0,region,region_lignes_regulieres
UT21:02708,Pl. Monument -,47.518707,5.130227,,0,UT21:ST:02708,0,region,region_lignes_regulieres
UT21:02723,Ecole -,47.438447,5.097701,,0,UT21:ST:02723,0,region,region_lignes_regulieres
UT21:02742,Route de Pontailler -,47.33393,5.428553,,0,UT21:ST:02742,0,region,region_lignes_regulieres
UT21:02753,Le Bas -,47.553139,4.454516,,0,UT21:ST:02753,0,region,region_lignes_regulieres
UT21:02773,église -,46.991029,4.945475,,0,UT21:ST:02773,0,region,region_lignes_regulieres
UT21:02784,Ménetreux Abri-Bus,47.505894,4.296564,,0,UT21:ST:02784,0,region,region_lignes_regulieres
UT21:02795,Place,47.668958,4.87594,,0,UT21:ST:02795,0,region,region_lignes_regulieres
UT21:02802,Croix De Molphey abribus,47.341739,4.198025,,0,UT21:ST:02802,0,region,region_lignes_regulieres
UT21:02812,Les Bordes Collège Pasteur  -,47.635638,4.341768,,0,UT21:ST:02812,0,region,region_lignes_regulieres
UT21:02814,Corbeton -,47.625591,4.349797,,0,UT21:ST:02814,0,region,region_lignes_regulieres
UT21:02816,St Pierre -,47.629906,4.337634,,0,UT21:ST:02816,0,region,region_lignes_regulieres
UT21:02830,Villiers RD 980 -,47.596918,4.327388,,0,UT21:ST:02830,0,region,region_lignes_regulieres
UT21:02832,Centre -,47.577213,4.344686,,0,UT21:ST:02832,0,region,region_lignes_regulieres
UT21:02838,Abri Bus -,47.95351,4.77929,,0,UT21:ST:02838,0,region,region_lignes_regulieres
UT21:02870,Place -,47.424654,4.104617,,0,UT21:ST:02870,0,region,region_lignes_regulieres
UT21:02885,RD905 -,47.369622,4.56447,,0,UT21:ST:02885,0,region,region_lignes_regulieres
UT21:02899,Place,47.697872,4.842369,,0,UT21:ST:02899,0,region,region_lignes_regulieres
UT21:02902,Monument -,47.870423,4.542293,,0,UT21:ST:02902,0,region,region_lignes_regulieres
UT21:02904,Chavognier -,47.866308,4.551961,,0,UT21:ST:02904,0,region,region_lignes_regulieres
UT21:02909,Chanteau -,47.316419,4.200434,,0,UT21:ST:02909,0,region,region_lignes_regulieres
UT21:02915,Place -,47.477547,4.380207,,0,UT21:ST:02915,0,region,region_lignes_regulieres
UT21:02928,Mairie -,47.401751,5.144382,,0,UT21:ST:02928,0,region,region_lignes_regulieres
UT21:02929,Cimetière -,47.400074,5.134207,,0,UT21:ST:02929,0,region,region_lignes_regulieres
UT21:02930,Lotissement -,47.402385,5.129646,,0,UT21:ST:02930,0,region,region_lignes_regulieres
UT21:02943,abribus -,47.240451,4.245442,,0,UT21:ST:02943,0,region,region_lignes_regulieres
UT21:02977,Sivry Ouche Billot -,47.122641,4.50132,,0,UT21:ST:02977,0,region,region_lignes_regulieres
UT21:02980,La Blancharde Place,47.635458,4.303313,,0,UT21:ST:02980,0,region,region_lignes_regulieres
UT21:02987,Place,47.191222,4.623991,,0,UT21:ST:02987,0,region,region_lignes_regulieres
UT21:03008,Charmes -,47.404617,5.084783,,0,UT21:ST:03008,0,region,region_lignes_regulieres
UT21:03024,RD 960/ rue Assomption -,47.360025,5.15375,,0,UT21:ST:03024,0,region,region_lignes_regulieres
UT21:03048,Village -,47.310938,5.447861,,0,UT21:ST:03048,0,region,region_lignes_regulieres
UT21:03066,Croisement RD971 -,47.473994,4.748214,,0,UT21:ST:03066,0,region,region_lignes_regulieres
UT21:03068,Monument -,47.30484,5.415025,,0,UT21:ST:03068,0,region,region_lignes_regulieres
UT21:03071,Saint Jean -,47.30186,5.410995,,0,UT21:ST:03071,0,region,region_lignes_regulieres
UT21:03074,Pont -,47.470919,4.35519,,0,UT21:ST:03074,0,region,region_lignes_regulieres
UT21:03087,Le Guidon -,47.01287,5.121709,,0,UT21:ST:03087,0,region,region_lignes_regulieres
UT21:03109,Cosne Parking Scierie -,47.678174,4.669787,,0,UT21:ST:03109,0,region,region_lignes_regulieres
UT21:03114,Abri Bus,47.607358,4.257136,,0,UT21:ST:03114,0,region,region_lignes_regulieres
UT21:03144,Place Du Marché -,47.382257,4.17787,,0,UT21:ST:03144,0,region,region_lignes_regulieres
UT21:03168,Ecole -,47.554687,4.307151,,0,UT21:ST:03168,0,region,region_lignes_regulieres
UT21:03172,Goix -,47.259734,4.303772,,0,UT21:ST:03172,0,region,region_lignes_regulieres
UT21:03175,Villars Abri Bus -,47.512453,4.377817,,0,UT21:ST:03175,0,region,region_lignes_regulieres
UT21:03222,Place -,47.372648,4.471603,,0,UT21:ST:03222,0,region,region_lignes_regulieres
UT21:03253,Saulx La Ville -,47.544564,5.024045,,0,UT21:ST:03253,0,region,region_lignes_regulieres
UT21:03261,Lotissement -,47.43445,5.053388,,0,UT21:ST:03261,0,region,region_lignes_regulieres
UT21:03262,rue de la Mare -,47.43336,5.048432,,0,UT21:ST:03262,0,region,region_lignes_regulieres
UT21:03263,Mairie -,47.430349,5.052483,,0,UT21:ST:03263,0,region,region_lignes_regulieres
UT21:03276,Abri Bus,47.57197,4.430047,,0,UT21:ST:03276,0,region,region_lignes_regulieres
UT21:03296,Liberté -,47.491935,4.338106,,0,UT21:ST:03296,1,region,region_lignes_regulieres
UT21:03300,Place,47.585748,4.267116,,0,UT21:ST:03300,0,region,region_lignes_regulieres
UT21:03323,Ecole -,47.258969,5.454775,,0,UT21:ST:03323,0,region,region_lignes_regulieres
UT21:03330,Lavoir,47.484905,4.417513,,0,UT21:ST:03330,0,region,region_lignes_regulieres
UT21:03370,Centre -,47.262064,4.343691,,0,UT21:ST:03370,0,region,region_lignes_regulieres
UT21:03387,Ecole -,47.518688,5.178353,,0,UT21:ST:03387,1,region,region_lignes_regulieres
UT21:03389,Poste -,47.51872,5.178338,,0,UT21:ST:03389,0,region,region_lignes_regulieres
UT21:03414,Mairie -,47.344456,5.305447,,0,UT21:ST:03414,0,region,region_lignes_regulieres
UT21:03439,Mairie - Abribus -,47.230086,5.195358,,0,UT21:ST:03439,0,region,region_lignes_regulieres
UT21:03440A,Gare de Dijon-Ville (Tram),47.3237,5.027721,,0,UT21:ST:03440,1,region,region_lignes_regulieres
UT21:03441,Mairie Ecole -,47.35051,5.130598,,0,UT21:ST:03441,1,region,region_lignes_regulieres
UT21:03442,Bas -,47.34809,5.125427,,0,UT21:ST:03442,1,region,region_lignes_regulieres
UT21:03448,Château d'eau -,47.124753,4.600224,,0,UT21:ST:03448,0,region,region_lignes_regulieres
UT21:03450,Abri Bus,47.126832,4.598861,,0,UT21:ST:03450,0,region,region_lignes_regulieres
UT21:03459,Collège -,47.540905,4.464777,,0,UT21:ST:03459,0,region,region_lignes_regulieres
UT21:03468,Ecole -,47.528457,5.233987,,0,UT21:ST:03468,0,region,region_lignes_regulieres
UT21:03514,Mairie -,47.406817,4.945066,,0,UT21:ST:03514,0,region,region_lignes_regulieres
UT21:03516,Pringole -,47.232821,5.061599,,0,UT21:ST:03516,0,region,region_lignes_regulieres
UT21:03517,Château -,47.526286,5.368633,,0,UT21:ST:02211,0,region,region_lignes_regulieres
UT21:03518,La Croix -,47.524796,5.363018,,0,UT21:ST:03518,0,region,region_lignes_regulieres
UT21:03519,Maladière -,47.528407,5.376221,,0,UT21:ST:03519,1,region,region_lignes_regulieres
UT21:03520,Fixey -,47.248316,4.974681,,0,UT21:ST:03520,0,region,region_lignes_regulieres
UT21:03521,Noisot -,47.245283,4.973169,,0,UT21:ST:03521,0,region,region_lignes_regulieres
UT21:03522,Croisement D974 -,47.244524,4.988046,,0,UT21:ST:03522,0,region,region_lignes_regulieres
UT21:03523,Centre -,47.312246,4.859192,,0,UT21:ST:03523,1,region,region_lignes_regulieres
UT21:03524,Commerces -,47.30863,4.858834,,0,UT21:ST:03524,0,region,region_lignes_regulieres
UT21:03526,La Forgeotte-D996 -,47.147997,5.093201,,0,UT21:ST:03526,0,region,region_lignes_regulieres
UT21:03527,Fouchanges -,47.396855,5.195756,,0,UT21:ST:01774,0,region,region_lignes_regulieres
UT21:03532,Collège -,47.228997,4.983185,,0,UT21:ST:03532,1,region,region_lignes_regulieres
UT21:03534,Croix des Champs -,47.223454,4.977589,,0,UT21:ST:03534,0,region,region_lignes_regulieres
UT21:03536,Barraques -,47.229388,4.980349,,0,UT21:ST:03536,1,region,region_lignes_regulieres
UT21:03537,Gare -,47.228755,4.998967,,0,UT21:ST:03537,0,region,region_lignes_regulieres
UT21:03538,Justice -,47.228761,4.992261,,0,UT21:ST:03538,0,region,region_lignes_regulieres
UT21:03539,Lavaux -,47.227827,4.967629,,0,UT21:ST:03539,1,region,region_lignes_regulieres
UT21:03540,Maladière -,47.229315,4.97126,,0,UT21:ST:03540,1,region,region_lignes_regulieres
UT21:03541,Marronniers -,47.228276,4.977425,,0,UT21:ST:03541,1,region,region_lignes_regulieres
UT21:03544,Spy -,47.228806,4.995599,,0,UT21:ST:03544,1,region,region_lignes_regulieres
UT21:03546,Centre -,47.319597,4.596471,,0,UT21:ST:03546,0,region,region_lignes_regulieres
UT21:03547,Aire de loisirs -,47.314841,4.606116,,0,UT21:ST:03547,0,region,region_lignes_regulieres
UT21:03549,Gendarmerie -,47.516838,5.109489,,0,UT21:ST:03549,1,region,region_lignes_regulieres
UT21:03550,Mairie -,47.520919,5.110936,,0,UT21:ST:03550,0,region,region_lignes_regulieres
UT21:03551,CHU Hopitaux,47.319134,5.065375,,0,UT21:ST:03551,0,region,region_lignes_regulieres
UT21:03552,Rue du Bas -,46.991791,5.093394,,0,UT21:ST:03552,0,region,region_lignes_regulieres
UT21:03553,Boutonnière -,47.002734,5.094463,,0,UT21:ST:03553,0,region,region_lignes_regulieres
UT21:03554,Centre -,47.258509,5.251767,,0,UT21:ST:03554,0,region,region_lignes_regulieres
UT21:03555,Lotissement -,47.255563,5.248543,,0,UT21:ST:03555,0,region,region_lignes_regulieres
UT21:03556,Jossigny -,46.994889,5.081025,,0,UT21:ST:03556,0,region,region_lignes_regulieres
UT21:03557,Mairie -,46.997177,5.092725,,0,UT21:ST:03557,1,region,region_lignes_regulieres
UT21:03558,La Forge -,47.211594,4.725583,,0,UT21:ST:03558,0,region,region_lignes_regulieres
UT21:03559,L'Abbaye -,47.215748,4.724368,,0,UT21:ST:03559,0,region,region_lignes_regulieres
UT21:03560,route de Beaune D974 -,47.073799,4.878827,,0,UT21:ST:03560,0,region,region_lignes_regulieres
UT21:03561,Greuze La Noue (CFA) -,47.291791,5.036014,,0,UT21:ST:03561,0,region,region_lignes_regulieres
UT21:03562,Collège -,47.294659,5.059732,,0,UT21:ST:03562,0,region,region_lignes_regulieres
UT21:03563,ZI Entrée Est -,47.275033,5.060571,,0,UT21:ST:03563,0,region,region_lignes_regulieres
UT21:03565,Marigny Les Reullee -,47.005685,4.949063,,0,UT21:ST:03565,0,region,region_lignes_regulieres
UT21:03568,collège Aymé -,47.28036,5.003088,,0,UT21:ST:03568,0,region,region_lignes_regulieres
UT21:03570,Château -,47.266919,4.98582,,0,UT21:ST:03570,0,region,region_lignes_regulieres
UT21:03574,Mairie -,47.269908,4.987642,,0,UT21:ST:03574,0,region,region_lignes_regulieres
UT21:03576,Rameau -,47.278472,5.00015,,0,UT21:ST:03576,0,region,region_lignes_regulieres
UT21:03579,Saint Vincent -,47.275367,4.992154,,0,UT21:ST:03579,0,region,region_lignes_regulieres
UT21:03580,Champagne Haute -,47.279744,5.007073,,0,UT21:ST:03580,0,region,region_lignes_regulieres
UT21:03581,Champforey -,47.277617,4.997521,,0,UT21:ST:03581,0,region,region_lignes_regulieres
UT21:03585,Gare SNCF -,47.619002,4.336821,,0,UT21:ST:03585,1,region,region_lignes_regulieres
UT21:03586,Montchapet Clomiers (Divia) -,47.334175,5.01687,,0,UT21:ST:03586,0,region,region_lignes_regulieres
UT21:03587,Moulin -,47.342544,5.181901,,0,UT21:ST:03587,0,region,region_lignes_regulieres
UT21:03588,Lycée Charles De Gaulle -,47.349566,5.041887,,0,UT21:ST:03588,0,region,region_lignes_regulieres
UT21:03592,Gare -,47.312394,5.409067,,0,UT21:ST:03592,1,region,region_lignes_regulieres
UT21:03593,Saint Jean -,47.301854,5.411042,,0,UT21:ST:03071,0,region,region_lignes_regulieres
UT21:03594,Monument,47.30484,5.415025,,0,UT21:ST:03068,0,region,region_lignes_regulieres
UT21:03595,Collège -,47.317906,5.108271,,0,UT21:ST:03595,1,region,region_lignes_regulieres
UT21:03596,Collège Rameau -,47.321648,4.997896,,0,UT21:ST:03596,0,region,region_lignes_regulieres
UT21:03597,Hameau Trembloy -,47.287467,4.713893,,0,UT21:ST:03597,1,region,region_lignes_regulieres
UT21:03598,Place de la République -,47.340239,5.044772,,0,UT21:ST:03598,1,region,region_lignes_regulieres
UT21:03601,Le Closeau -,47.237335,5.135417,,0,UT21:ST:03601,0,region,region_lignes_regulieres
UT21:03603,Gare -,47.575465,5.203177,,0,UT21:ST:03603,0,region,region_lignes_regulieres
UT21:03604,route d'Is sur Tille -,47.582175,5.172114,,0,UT21:ST:03604,1,region,region_lignes_regulieres
UT21:03605,Serrigny Buisson -,47.077684,4.88567,,0,UT21:ST:03605,0,region,region_lignes_regulieres
UT21:03606,Champ de Foire -,47.001386,5.148108,,0,UT21:ST:03606,1,region,region_lignes_regulieres
UT21:03607,Gare  -,46.996433,5.150776,,0,UT21:ST:03607,1,region,region_lignes_regulieres
UT21:03608,Cours De Verdun -,46.99735,5.147584,,0,UT21:ST:03608,0,region,region_lignes_regulieres
UT21:03610,Centre -,47.206462,5.011424,,0,UT21:ST:03610,0,region,region_lignes_regulieres
UT21:03612,Europe Avenue Découverte -,47.354653,5.045384,,0,UT21:ST:03612,1,region,region_lignes_regulieres
UT21:03614,Vaux -,47.696489,4.634638,,0,UT21:ST:03614,0,region,region_lignes_regulieres
UT21:03616,Mairie -,47.438283,4.395528,,0,UT21:ST:03616,0,region,region_lignes_regulieres
UT21:03617,Lotissement -,47.817895,4.786469,,0,UT21:ST:03617,0,region,region_lignes_regulieres
UT21:03618,Place Wilson -,47.31539,5.043742,,0,UT21:ST:03618,0,region,region_lignes_regulieres
UT21:03620,Abbaye De Citeaux -,47.131493,5.093204,,0,UT21:ST:03620,0,region,region_lignes_regulieres
UT21:03621,Eglise -,47.28447,4.76352,,0,UT21:ST:03621,1,region,region_lignes_regulieres
UT21:03622,Aignay -,46.982648,4.97243,,0,UT21:ST:03622,0,region,region_lignes_regulieres
UT21:03624,Place mairie -,47.17278,5.162615,,0,UT21:ST:03624,1,region,region_lignes_regulieres
UT21:03632,Bois des Grottes -,47.384212,5.044753,,0,UT21:ST:03632,0,region,region_lignes_regulieres
UT21:03633,Eglise -,47.385108,5.044625,,0,UT21:ST:03633,0,region,region_lignes_regulieres
UT21:03634,Les Crais -,47.386191,5.040542,,0,UT21:ST:03634,0,region,region_lignes_regulieres
UT21:03635,Ecole -,47.231297,5.370435,,0,UT21:ST:01804,0,region,region_lignes_regulieres
UT21:03636,Grande rue -,47.566386,4.255594,,0,UT21:ST:03636,0,region,region_lignes_regulieres
UT21:03638,route de Paris -,47.305429,4.640981,,0,UT21:ST:03638,0,region,region_lignes_regulieres
UT21:03641,centre -,47.599282,4.649658,,0,UT21:ST:03641,1,region,region_lignes_regulieres
UT21:03644,Croisement -,47.864407,4.679786,,0,UT21:ST:03644,0,region,region_lignes_regulieres
UT21:03677,Centre -,47.820371,4.778456,,0,UT21:ST:03677,0,region,region_lignes_regulieres
UT21:03683,Collège A. Malraux -,47.351147,5.036069,,0,UT21:ST:03683,0,region,region_lignes_regulieres
UT21:03694,Pl. du 30 Octobre  Paul Cabet -,47.321728,5.050855,,0,UT21:ST:03694,1,region,region_lignes_regulieres
UT21:03695,Centre -,47.75111,4.581401,,0,UT21:ST:03695,1,region,region_lignes_regulieres
UT21:03696,La Barque-,47.745773,4.586528,,0,UT21:ST:03696,0,region,region_lignes_regulieres
UT21:03701,rue des Planches -,47.336725,5.195221,,0,UT21:ST:03701,0,region,region_lignes_regulieres
UT21:03702,Ecole -,47.342905,5.18943,,0,UT21:ST:03702,0,region,region_lignes_regulieres
UT21:03703,Village -,47.383279,5.189853,,0,UT21:ST:03703,0,region,region_lignes_regulieres
UT21:03708,Gourmerault -,47.345358,5.180221,,0,UT21:ST:03708,1,region,region_lignes_regulieres
UT21:03709,Guillotière -,47.347365,5.186251,,0,UT21:ST:03709,0,region,region_lignes_regulieres
UT21:03712,Rue du 11 nov 1918 -,47.132352,4.490608,,0,UT21:ST:03712,1,region,region_lignes_regulieres
UT21:03715,Centre -,47.193263,5.389682,,0,UT21:ST:03715,1,region,region_lignes_regulieres
UT21:03717,Castelnau -,47.329692,5.073287,,0,UT21:ST:02368,0,region,region_lignes_regulieres
UT21:03718,Buttes  St Nicolas -,47.027921,4.837636,,0,UT21:ST:03718,0,region,region_lignes_regulieres
UT21:03720,Jules Ferry -,47.023476,4.844194,,0,UT21:ST:03720,1,region,region_lignes_regulieres
UT21:03721,Gare SNCF,47.02279,4.847874,,0,UT21:ST:03721,1,region,region_lignes_regulieres
UT21:03722,Lycée Marey -,47.029225,4.851399,,0,UT21:ST:03722,1,region,region_lignes_regulieres
UT21:03723,collège Monge EREA Pasteur -,47.039135,4.83767,,0,UT21:ST:03723,1,region,region_lignes_regulieres
UT21:03724,Pasteur -,47.033986,4.846158,,0,UT21:ST:03724,0,region,region_lignes_regulieres
UT21:03725,Saint Nicolas -,47.027367,4.840562,,0,UT21:ST:03725,0,region,region_lignes_regulieres
UT21:03727,Petit Beire -,47.405552,5.201303,,0,UT21:ST:03727,0,region,region_lignes_regulieres
UT21:03728,Ecole -,47.379676,5.069224,,0,UT21:ST:03728,0,region,region_lignes_regulieres
UT21:03729,Chevreul -,47.361981,5.268351,,0,UT21:ST:03729,0,region,region_lignes_regulieres
UT21:03731,Le Marais -,47.35846,5.259076,,0,UT21:ST:03731,0,region,region_lignes_regulieres
UT21:03732,Centre -,47.697581,4.646521,,0,UT21:ST:03732,0,region,region_lignes_regulieres
UT21:03733,Ecole Centre Commercial -,47.361928,5.26474,,0,UT21:ST:03733,1,region,region_lignes_regulieres
UT21:03737,Centre -,47.468748,5.270486,,0,UT21:ST:03737,0,region,region_lignes_regulieres
UT21:03738,Champ Munier -,47.472472,5.274644,,0,UT21:ST:03738,0,region,region_lignes_regulieres
UT21:03739,Les Tranchées -,47.460227,5.271684,,0,UT21:ST:01695,0,region,region_lignes_regulieres
UT21:03740,Croisement -,47.538068,4.693606,,0,UT21:ST:03740,0,region,region_lignes_regulieres
UT21:03741,Calvaire -,47.331031,5.258778,,0,UT21:ST:03741,0,region,region_lignes_regulieres
UT21:03742,Centre -,47.328804,5.265934,,0,UT21:ST:03742,0,region,region_lignes_regulieres
UT21:03745,Route de Beaune -,47.101021,4.671974,,0,UT21:ST:01905,0,region,region_lignes_regulieres
UT21:03747,Rue D'Amont -,47.089145,5.141297,,0,UT21:ST:03747,0,region,region_lignes_regulieres
UT21:03748,Place -,47.083509,5.147109,,0,UT21:ST:03748,0,region,region_lignes_regulieres
UT21:03749,Centre -,47.500816,5.296866,,0,UT21:ST:03749,0,region,region_lignes_regulieres
UT21:03750,Route de Bèze -,47.497066,5.292767,,0,UT21:ST:03750,0,region,region_lignes_regulieres
UT21:03752,RD 970 -,47.406393,4.416973,,0,UT21:ST:03752,0,region,region_lignes_regulieres
UT21:03753,Brévaille -,47.141096,5.212888,,0,UT21:ST:03753,0,region,region_lignes_regulieres
UT21:03754,Ennevans -,47.1265,5.224663,,0,UT21:ST:03754,0,region,region_lignes_regulieres
UT21:03755,Hôtel de Ville Mairie -,47.133286,5.216093,,0,UT21:ST:03755,1,region,region_lignes_regulieres
UT21:03756,Meix Au Cas,47.129891,5.219385,,0,UT21:ST:03756,0,region,region_lignes_regulieres
UT21:03757,Pont Hémery -,47.147336,5.205334,,0,UT21:ST:03757,0,region,region_lignes_regulieres
UT21:03758,route de Dijon -,47.136302,5.219139,,0,UT21:ST:03758,0,region,region_lignes_regulieres
UT21:03764,Croisement RD974 -,47.234534,4.983299,,0,UT21:ST:03764,0,region,region_lignes_regulieres
UT21:03765,Centre -,47.271344,4.483724,,0,UT21:ST:03765,0,region,region_lignes_regulieres
UT21:03767,Champ de Foire -,47.346896,5.191401,,0,UT21:ST:03767,1,region,region_lignes_regulieres
UT21:03768,Chancenotte -,47.30548,5.047592,,0,UT21:ST:03768,1,region,region_lignes_regulieres
UT21:03770,CHS La Chartreuse -,47.322609,5.011247,,0,UT21:ST:03770,0,region,region_lignes_regulieres
UT21:03771,La Cité -,47.852016,4.57028,,0,UT21:ST:03771,1,region,region_lignes_regulieres
UT21:03772,Château d'eau -,47.337634,5.151488,,0,UT21:ST:03772,0,region,region_lignes_regulieres
UT21:03773,Gare SNCF -,47.870021,4.572061,,0,UT21:ST:03773,1,region,region_lignes_regulieres
UT21:03774,Hopital -,47.861953,4.560624,,0,UT21:ST:03774,1,region,region_lignes_regulieres
UT21:03776,Lycée parking -,47.864288,4.576045,,0,UT21:ST:03776,1,region,region_lignes_regulieres
UT21:03777,Bazin -,47.295609,5.011653,,0,UT21:ST:03777,0,region,region_lignes_regulieres
UT21:03782,Gambetta -,47.298073,5.013871,,0,UT21:ST:03782,0,region,region_lignes_regulieres
UT21:03784,Rue de Longvic -,47.290782,5.007978,,0,UT21:ST:03784,0,region,region_lignes_regulieres
UT21:03785,La Dezerte -,46.969788,4.969263,,0,UT21:ST:03785,0,region,region_lignes_regulieres
UT21:03787,Mairie -,46.966514,4.978283,,0,UT21:ST:02091,0,region,region_lignes_regulieres
UT21:03788,Montchapet -,47.337031,5.019641,,0,UT21:ST:03788,0,region,region_lignes_regulieres
UT21:03789,ESPE -,47.309762,5.038159,,0,UT21:ST:03789,0,region,region_lignes_regulieres
UT21:03791,Balcon -,47.104368,4.922419,,0,UT21:ST:03791,1,region,region_lignes_regulieres
UT21:03792,Guidon -,47.097688,4.913235,,0,UT21:ST:03792,0,region,region_lignes_regulieres
UT21:03793,Solle -,47.246129,4.645404,,0,UT21:ST:03793,0,region,region_lignes_regulieres
UT21:03799,Favières -,47.261103,4.980898,,0,UT21:ST:03799,0,region,region_lignes_regulieres
UT21:03800,Mairie -,47.259881,4.97923,,0,UT21:ST:03800,0,region,region_lignes_regulieres
UT21:03801,Croisement RD974 -,47.258719,4.994158,,0,UT21:ST:03801,0,region,region_lignes_regulieres
UT21:03802,Blés d'Or -,47.330172,5.14815,,0,UT21:ST:03802,0,region,region_lignes_regulieres
UT21:03803,Centre -,47.334275,5.149971,,0,UT21:ST:03803,0,region,region_lignes_regulieres
UT21:03804,zone artisanale -,47.324464,5.142847,,0,UT21:ST:03804,0,region,region_lignes_regulieres
UT21:03809,Collège Champollion -,47.332742,5.073499,,0,UT21:ST:03809,0,region,region_lignes_regulieres
UT21:03810,Gare SNCF Tram -,47.323777,5.02764,,0,UT21:ST:03810,0,region,region_lignes_regulieres
UT21:03812,Château -,47.508544,4.172783,,0,UT21:ST:03812,0,region,region_lignes_regulieres
UT21:03814,HLM -,47.268325,4.548233,,0,UT21:ST:03814,1,region,region_lignes_regulieres
UT21:03816,Centre -,47.017163,5.120447,,0,UT21:ST:03816,0,region,region_lignes_regulieres
UT21:03817,Maroc -,47.020825,5.113253,,0,UT21:ST:03817,0,region,region_lignes_regulieres
UT21:03822,Gendarmerie -,47.391225,4.30754,,0,UT21:ST:03822,1,region,region_lignes_regulieres
UT21:03823,Premières -,47.23288,5.280863,,0,UT21:ST:03823,0,region,region_lignes_regulieres
UT21:03824,Grande rue -,47.871001,4.662191,,0,UT21:ST:03824,1,region,region_lignes_regulieres
UT21:03826,Quemignerot -,47.649592,4.660533,,0,UT21:ST:03826,0,region,region_lignes_regulieres
UT21:03827,Monument -,47.662137,4.667551,,0,UT21:ST:03827,0,region,region_lignes_regulieres
UT21:03828,Cromois (TRAM) -,47.314449,5.112887,,0,UT21:ST:03828,0,region,region_lignes_regulieres
UT21:03831,Centre -,47.780234,4.861386,,0,UT21:ST:03831,0,region,region_lignes_regulieres
UT21:03832,Centre -,47.317504,5.208603,,0,UT21:ST:03832,1,region,region_lignes_regulieres
UT21:03833,Stade -,47.317311,5.206214,,0,UT21:ST:03833,0,region,region_lignes_regulieres
UT21:03834,pont- route de Dijon -,47.402436,5.404903,,0,UT21:ST:03834,0,region,region_lignes_regulieres
UT21:03838,Centre -,47.238753,5.142078,,0,UT21:ST:03838,1,region,region_lignes_regulieres
UT21:03839,Ducs de Bourgogne -,47.238168,5.147974,,0,UT21:ST:03839,0,region,region_lignes_regulieres
UT21:03840,D994 -,47.212101,4.571678,,0,UT21:ST:03840,0,region,region_lignes_regulieres
UT21:03843,Croix Berthe -,47.012464,4.9075,,0,UT21:ST:03843,0,region,region_lignes_regulieres
UT21:03844,Croix Berthe -,47.012464,4.9075,,0,UT21:ST:03843,0,region,region_lignes_regulieres
UT21:03845,Centre -,47.368419,5.083061,,0,UT21:ST:03845,1,region,region_lignes_regulieres
UT21:03846,Echirey -,47.373488,5.086712,,0,UT21:ST:03846,0,region,region_lignes_regulieres
UT21:03847,Place de la charme -,47.590511,5.317795,,0,UT21:ST:03847,0,region,region_lignes_regulieres
UT21:03849,Jacquat -,47.331412,5.084805,,0,UT21:ST:03849,1,region,region_lignes_regulieres
UT21:03853,Saint Just -,47.575498,4.232579,,0,UT21:ST:03853,0,region,region_lignes_regulieres
UT21:03854,Croisement D961 -,47.311022,5.361993,,0,UT21:ST:03854,0,region,region_lignes_regulieres
UT21:03855,Croisement D961 -,47.311022,5.361993,,0,UT21:ST:03854,0,region,region_lignes_regulieres
UT21:03858,Place -,47.813874,4.429095,,0,UT21:ST:03858,0,region,region_lignes_regulieres
UT21:03859,Barbirey Sur Ouche -,47.250354,4.755379,,0,UT21:ST:03859,1,region,region_lignes_regulieres
UT21:03860,Centre  -,47.212418,5.061139,,0,UT21:ST:03860,0,region,region_lignes_regulieres
UT21:03862,monument -,47.678333,4.706339,,0,UT21:ST:03862,0,region,region_lignes_regulieres
UT21:03864,Vesvrotte -,47.418153,5.20514,,0,UT21:ST:01662,0,region,region_lignes_regulieres
UT21:03865,centre -,47.230954,5.25472,,0,UT21:ST:03865,0,region,region_lignes_regulieres
UT21:03866,Clair Vallon -,47.381,5.064622,,0,UT21:ST:03866,0,region,region_lignes_regulieres
UT21:03868,Mairie -,47.080601,4.741913,,0,UT21:ST:03868,0,region,region_lignes_regulieres
UT21:03869,Mairie -,47.155255,5.159255,,0,UT21:ST:03869,0,region,region_lignes_regulieres
UT21:03872,Mairie -,47.911101,4.707891,,0,UT21:ST:01705,0,region,region_lignes_regulieres
UT21:03874,Village -,47.84876,4.425486,,0,UT21:ST:03874,0,region,region_lignes_regulieres
UT21:03876,Grande rue -,47.934879,4.826788,,0,UT21:ST:03876,0,region,region_lignes_regulieres
UT21:03877,RD16-16d -,47.887807,4.483549,,0,UT21:ST:03877,0,region,region_lignes_regulieres
UT21:03880,Eglise Centre -,47.398659,5.099731,,0,UT21:ST:01943,0,region,region_lignes_regulieres
UT21:03881,Pont Ource -,47.916225,4.66466,,0,UT21:ST:03881,0,region,region_lignes_regulieres
UT21:03882,Lycée -,47.238762,4.970332,,0,UT21:ST:03882,0,region,region_lignes_regulieres
UT21:03883,Mairie -,47.404174,5.164584,,0,UT21:ST:03883,0,region,region_lignes_regulieres
UT21:03885,rue de la boise -,47.196757,5.041611,,0,UT21:ST:03885,0,region,region_lignes_regulieres
UT21:03886,centre -,47.821797,4.560982,,0,UT21:ST:03886,1,region,region_lignes_regulieres
UT21:03887,Mairie -,47.737982,4.895066,,0,UT21:ST:01961,0,region,region_lignes_regulieres
UT21:03890,rue du vannois -,47.280332,5.222449,,0,UT21:ST:03890,0,region,region_lignes_regulieres
UT21:03892,Cestre Village,47.43491,4.800405,,0,UT21:ST:03892,0,region,region_lignes_regulieres
UT21:03894,Chaignay -,47.47517,5.072867,,0,UT21:ST:03894,0,region,region_lignes_regulieres
UT21:03899,Croisement Grande de rue -,47.28137,5.265326,,0,UT21:ST:02002,0,region,region_lignes_regulieres
UT21:03902,D971 -,47.788817,4.54472,,0,UT21:ST:03902,1,region,region_lignes_regulieres
UT21:03903,centre -,47.554441,4.346853,,0,UT21:ST:03903,0,region,region_lignes_regulieres
UT21:03905,D971 -,47.456216,4.759019,,0,UT21:ST:03905,0,region,region_lignes_regulieres
UT21:03906,rue du moulin -,47.182369,5.302851,,0,UT21:ST:03906,0,region,region_lignes_regulieres
UT21:03907,grande rue -,47.520269,4.717299,,0,UT21:ST:03907,1,region,region_lignes_regulieres
UT21:03914,rue Arnay -,47.180936,4.581508,,0,UT21:ST:03914,0,region,region_lignes_regulieres
UT21:03915,Chelsey -,47.199974,4.376526,,0,UT21:ST:03915,0,region,region_lignes_regulieres
UT21:03916,P.Curie -,47.286366,5.00376,,0,UT21:ST:03916,0,region,region_lignes_regulieres
UT21:03917,Collège et Lycée -,47.302336,5.128489,,0,UT21:ST:03917,0,region,region_lignes_regulieres
UT21:03919,Maison De Paille -,47.392651,4.426935,,0,UT21:ST:03919,0,region,region_lignes_regulieres
UT21:03920,Pont Royal -,47.392814,4.44397,,0,UT21:ST:03920,0,region,region_lignes_regulieres
UT21:03924,route de Seurre -,47.006751,4.99732,,0,UT21:ST:03924,0,region,region_lignes_regulieres
UT21:03925,D996 -,47.170952,5.080008,,0,UT21:ST:03925,0,region,region_lignes_regulieres
UT21:03926,Mairie -,46.990858,4.988318,,0,UT21:ST:02159,0,region,region_lignes_regulieres
UT21:03930,Cosne -,47.673759,4.669867,,0,UT21:ST:03930,0,region,region_lignes_regulieres
UT21:03932,D965 -,47.91524,4.734552,,0,UT21:ST:03932,0,region,region_lignes_regulieres
UT21:03933,Courceau -,47.531732,4.694869,,0,UT21:ST:03933,0,region,region_lignes_regulieres
UT21:03936,mairie -,47.540433,4.966108,,0,UT21:ST:03936,0,region,region_lignes_regulieres
UT21:03937,rue du Chêne -,47.245726,4.585002,,0,UT21:ST:03937,0,region,region_lignes_regulieres
UT21:03940,Route Is/tille -,47.554504,5.130309,,0,UT21:ST:03940,0,region,region_lignes_regulieres
UT21:03942,Monument -,47.184906,4.674732,,0,UT21:ST:03942,0,region,region_lignes_regulieres
UT21:03943,Curtil Saint Seine -,47.449292,4.927148,,0,UT21:ST:03943,0,region,region_lignes_regulieres
UT21:03944,Abribus -,47.643194,5.078961,,0,UT21:ST:03944,0,region,region_lignes_regulieres
UT21:03945,Mairie -,47.165034,4.58419,,0,UT21:ST:03945,0,region,region_lignes_regulieres
UT21:03949,Mairie -,47.389872,4.938773,,0,UT21:ST:03949,0,region,region_lignes_regulieres
UT21:03950,Grande rue -,47.521184,5.066263,,0,UT21:ST:03950,0,region,region_lignes_regulieres
UT21:03952,Echalot,47.612949,4.837118,,0,UT21:ST:03952,0,region,region_lignes_regulieres
UT21:03953,Eglise -,47.281571,4.675387,,0,UT21:ST:03953,0,region,region_lignes_regulieres
UT21:03954,Mairie -,47.183295,5.195671,,0,UT21:ST:03954,0,region,region_lignes_regulieres
UT21:03955,Ecutigny -,47.084181,4.625437,,0,UT21:ST:03955,0,region,region_lignes_regulieres
UT21:03956,Epagny -,47.447287,5.059902,,0,UT21:ST:03956,0,region,region_lignes_regulieres
UT21:03957,Pl des tilleuls -,47.180892,5.034154,,0,UT21:ST:03957,0,region,region_lignes_regulieres
UT21:03961,RD961 rue de Bourgogne -,47.322719,5.315051,,0,UT21:ST:03961,0,region,region_lignes_regulieres
UT21:03962,rue de l'école -,47.583987,4.212202,,0,UT21:ST:03962,0,region,region_lignes_regulieres
UT21:03963,Centre -,47.254733,5.143921,,0,UT21:ST:03963,0,region,region_lignes_regulieres
UT21:03971,Cimetière -,47.317235,4.858167,,0,UT21:ST:03971,0,region,region_lignes_regulieres
UT21:03972,Mairie -,47.122568,4.562252,,0,UT21:ST:03972,0,region,region_lignes_regulieres
UT21:03973,Eglise -,47.648989,4.544742,,0,UT21:ST:03973,0,region,region_lignes_regulieres
UT21:03977,Prairay -,47.445316,4.834754,,0,UT21:ST:03977,0,region,region_lignes_regulieres
UT21:03978,Mairie -,47.530714,4.891328,,0,UT21:ST:02236,0,region,region_lignes_regulieres
UT21:03982,Geligny -,47.30466,4.679309,,0,UT21:ST:03982,0,region,region_lignes_regulieres
UT21:03987,croisement rue des Ponts -,47.263767,4.768735,,0,UT21:ST:03987,0,region,region_lignes_regulieres
UT21:03995,Collège -,47.526429,5.106333,,0,UT21:ST:03995,1,region,region_lignes_regulieres
UT21:03996,Charles De Gaulle -,47.516996,5.112846,,0,UT21:ST:03996,0,region,region_lignes_regulieres
UT21:03999,Place Villeneuve -,47.519216,5.109217,,0,UT21:ST:03999,0,region,region_lignes_regulieres
UT21:04000,Citröen -,47.522387,5.116319,,0,UT21:ST:04000,0,region,region_lignes_regulieres
UT21:04003,Ecole -,47.169453,5.13712,,0,UT21:ST:02325,0,region,region_lignes_regulieres
UT21:04004,Croisement CDG/rue de la Charme -,47.279955,5.188256,,0,UT21:ST:04004,0,region,region_lignes_regulieres
UT21:04005,Croisement D906 / rue du pont -,47.153168,4.447614,,0,UT21:ST:04005,0,region,region_lignes_regulieres
UT21:04006,Grande rue -,47.629767,4.599619,,0,UT21:ST:04006,0,region,region_lignes_regulieres
UT21:04017,Place Docteur Chauveau -,47.077376,4.561981,,0,UT21:ST:04017,1,region,region_lignes_regulieres
UT21:04018,Mairie -,47.84296,4.36473,,0,UT21:ST:04018,0,region,region_lignes_regulieres
UT21:04019,Centre -,47.269668,5.385349,,0,UT21:ST:02576,1,region,region_lignes_regulieres
UT21:04020,Gare -,47.278097,5.384909,,0,UT21:ST:04020,1,region,region_lignes_regulieres
UT21:04021,route Poncey -,47.26539,5.386532,,0,UT21:ST:02577,1,region,region_lignes_regulieres
UT21:04022,église -,47.533667,4.840071,,0,UT21:ST:04022,0,region,region_lignes_regulieres
UT21:04024,D102 -,47.88124,4.436248,,0,UT21:ST:04024,1,region,region_lignes_regulieres
UT21:04028,abribus -,47.557399,4.83824,,0,UT21:ST:04028,0,region,region_lignes_regulieres
UT21:04030,Le Maupas -,47.213455,4.355111,,0,UT21:ST:04030,0,region,region_lignes_regulieres
UT21:04031,rue Lamy Bret -,47.815592,4.791794,,0,UT21:ST:02597,0,region,region_lignes_regulieres
UT21:04033,Centre -,47.206138,4.281425,,0,UT21:ST:02606,1,region,region_lignes_regulieres
UT21:04034,Eglise -,47.260912,5.286684,,0,UT21:ST:02617,1,region,region_lignes_regulieres
UT21:04036,Lycée de la Céramique -,47.259747,5.290418,,0,UT21:ST:02618,0,region,region_lignes_regulieres
UT21:04037,Longeaut Mairie -,47.220059,5.25146,,0,UT21:ST:04037,0,region,region_lignes_regulieres
UT21:04038,Rte de Dijon -,47.197209,5.147348,,0,UT21:ST:04038,0,region,region_lignes_regulieres
UT21:04039,Bas -,47.159738,4.554788,,0,UT21:ST:04039,0,region,region_lignes_regulieres
UT21:04040,Haut -,47.157164,4.549303,,0,UT21:ST:04040,0,region,region_lignes_regulieres
UT21:04042,Rte de Beaune D970 -,47.091171,4.675136,,0,UT21:ST:04042,1,region,region_lignes_regulieres
UT21:04043,Côté Champ Brulet -,47.490236,5.209075,,0,UT21:ST:04043,0,region,region_lignes_regulieres
UT21:04044,Mâcon -,47.241828,4.242859,,0,UT21:ST:04044,0,region,region_lignes_regulieres
UT21:04045,Place du calvaire -,47.220962,4.577053,,0,UT21:ST:04045,0,region,region_lignes_regulieres
UT21:04047,rue Basse -,47.681539,4.575778,,0,UT21:ST:04047,0,region,region_lignes_regulieres
UT21:04048,D70 Rte de Dijon -,47.380447,5.253683,,0,UT21:ST:04048,0,region,region_lignes_regulieres
UT21:04054,Place Hubert Egeley -,47.86257,4.404743,,0,UT21:ST:04054,0,region,region_lignes_regulieres
UT21:04055,RD70 -,47.393527,4.385118,,0,UT21:ST:04055,0,region,region_lignes_regulieres
UT21:04057,Gare -,47.520634,5.129177,,0,UT21:ST:04057,1,region,region_lignes_regulieres
UT21:04058,Ecole -,47.597026,5.080251,,0,UT21:ST:04058,0,region,region_lignes_regulieres
UT21:04060,Ecole -,47.212117,5.184977,,0,UT21:ST:04060,0,region,region_lignes_regulieres
UT21:04065,Route de Pontailler -,47.33393,5.428553,,0,UT21:ST:02742,0,region,region_lignes_regulieres
UT21:04069,Haut -,47.557181,4.470634,,0,UT21:ST:04069,0,region,region_lignes_regulieres
UT21:04071,Belle Idée -,47.308827,4.737597,,0,UT21:ST:04071,0,region,region_lignes_regulieres
UT21:04072,Centre -,47.406132,5.017424,,0,UT21:ST:04072,0,region,region_lignes_regulieres
UT21:04073,Château -,47.39499,5.020965,,0,UT21:ST:04073,0,region,region_lignes_regulieres
UT21:04075,Mare -,47.411301,5.014656,,0,UT21:ST:04075,0,region,region_lignes_regulieres
UT21:04076,Moulin -,47.403604,5.018059,,0,UT21:ST:04076,0,region,region_lignes_regulieres
UT21:04078,église -,46.991029,4.945475,,0,UT21:ST:02773,0,region,region_lignes_regulieres
UT21:04084,la Tranchée -,47.400203,5.323187,,0,UT21:ST:04084,1,region,region_lignes_regulieres
UT21:04085,Marronniers -,47.397598,5.315557,,0,UT21:ST:04085,1,region,region_lignes_regulieres
UT21:04086,Abri bus,47.676143,4.821366,,0,UT21:ST:04086,0,region,region_lignes_regulieres
UT21:04088,Place grande rue -,47.539885,4.930859,,0,UT21:ST:04088,1,region,region_lignes_regulieres
UT21:04089,Melin -,47.269662,4.415316,,0,UT21:ST:04089,0,region,region_lignes_regulieres
UT21:04094,Les Bordes -,47.637825,4.3369,,0,UT21:ST:04094,0,region,region_lignes_regulieres
UT21:04098,D960 impérial -,47.350384,4.28019,,0,UT21:ST:04098,0,region,region_lignes_regulieres
UT21:04099,D977 bis -,47.268597,4.658026,,0,UT21:ST:04099,0,region,region_lignes_regulieres
UT21:04107,Neuvelle -,47.679121,4.995646,,0,UT21:ST:04107,0,region,region_lignes_regulieres
UT21:04108,Monument la jonction -,47.767701,4.57051,,0,UT21:ST:04108,1,region,region_lignes_regulieres
UT21:04109,Giratoire rte Dijon -,47.195554,5.08203,,0,UT21:ST:04109,0,region,region_lignes_regulieres
UT21:04112,Charmes -,47.404617,5.084783,,0,UT21:ST:03008,0,region,region_lignes_regulieres
UT21:04114,Source -,47.405403,5.076793,,0,UT21:ST:04114,0,region,region_lignes_regulieres
UT21:04115,La Bergerie-,47.40916,5.077112,,0,UT21:ST:04115,0,region,region_lignes_regulieres
UT21:04116,Marché -,47.136394,4.949986,,0,UT21:ST:04116,1,region,region_lignes_regulieres
UT21:04117,Route De Dijon -,47.139823,4.951565,,0,UT21:ST:04117,1,region,region_lignes_regulieres
UT21:04119,RD 960 -,47.360025,5.15375,,0,UT21:ST:03024,0,region,region_lignes_regulieres
UT21:04120,rue de l'Isle -,47.701598,4.639268,,0,UT21:ST:04120,0,region,region_lignes_regulieres
UT21:04127,Rte de Chanceaux -,47.505786,4.779585,,0,UT21:ST:04127,0,region,region_lignes_regulieres
UT21:04129,Le Rocher -,47.26947,5.000906,,0,UT21:ST:04129,0,region,region_lignes_regulieres
UT21:04137,Croix Verte -,47.307666,5.446084,,0,UT21:ST:04137,0,region,region_lignes_regulieres
UT21:04139,Village -,47.310938,5.447861,,0,UT21:ST:03048,0,region,region_lignes_regulieres
UT21:04140,Pichanges -,47.461788,5.149778,,0,UT21:ST:04140,0,region,region_lignes_regulieres
UT21:04141,Pleuvey -,46.986704,4.963954,,0,UT21:ST:04141,0,region,region_lignes_regulieres
UT21:04142,Poste -,47.339046,4.975231,,0,UT21:ST:04142,0,region,region_lignes_regulieres
UT21:04144,rue du Nord -,47.206281,5.266399,,0,UT21:ST:04144,0,region,region_lignes_regulieres
UT21:04146,D16 rue du bas -,47.88112,4.454514,,0,UT21:ST:04146,0,region,region_lignes_regulieres
UT21:04147,mairie -,47.577021,4.805041,,0,UT21:ST:04147,0,region,region_lignes_regulieres
UT21:04148,Croisement Gde rue/D112 -,47.574266,4.992424,,0,UT21:ST:04148,0,region,region_lignes_regulieres
UT21:04150,Croisement RD971 -,47.494474,4.761225,,0,UT21:ST:03066,0,region,region_lignes_regulieres
UT21:04151,Rte Magny Montarlot -,47.240533,5.3838,,0,UT21:ST:04151,0,region,region_lignes_regulieres
UT21:04153,Pont D'Ouche -,47.167269,4.699973,,0,UT21:ST:04153,0,region,region_lignes_regulieres
UT21:04157,Massène -,47.47785,4.366145,,0,UT21:ST:04157,0,region,region_lignes_regulieres
UT21:04158,Potangey -,47.185207,5.159629,,0,UT21:ST:04158,0,region,region_lignes_regulieres
UT21:04159,Les Prés Hauts -,47.512879,4.472995,,0,UT21:ST:04159,1,region,region_lignes_regulieres
UT21:04160,Capitainerie -,47.26878,4.538052,,0,UT21:ST:04160,0,region,region_lignes_regulieres
UT21:04162,Centre -,47.2625,4.556196,,0,UT21:ST:04162,1,region,region_lignes_regulieres
UT21:04171,Place Gibez -,47.620682,4.336795,,0,UT21:ST:04171,0,region,region_lignes_regulieres
UT21:04172,Gare -,47.278097,5.384909,,0,UT21:ST:04020,1,region,region_lignes_regulieres
UT21:04177,Centre D24 -,47.247564,5.346892,,0,UT21:ST:04177,0,region,region_lignes_regulieres
UT21:04178,Centre D24,47.247571,5.346898,,0,UT21:ST:04177,0,region,region_lignes_regulieres
UT21:04181,Pl Niederkirchen -,47.669224,5.028428,,0,UT21:ST:04181,1,region,region_lignes_regulieres
UT21:04187,Boutonnière -,47.002734,5.094463,,0,UT21:ST:03553,0,region,region_lignes_regulieres
UT21:04190,Croisement place de la butte -,47.429293,5.148775,,0,UT21:ST:04190,1,region,region_lignes_regulieres
UT21:04192,Foissy -,47.122568,4.562252,,0,UT21:ST:04192,0,region,region_lignes_regulieres
UT21:04198,Pl. rue de la chaussée -,47.559268,5.270486,,0,UT21:ST:04198,0,region,region_lignes_regulieres
UT21:04199,Centre -,47.404007,5.122833,,0,UT21:ST:02116,0,region,region_lignes_regulieres
UT21:04200,S.B.M -,47.403459,5.115374,,0,UT21:ST:02117,0,region,region_lignes_regulieres
UT21:04211,Marigny -,47.870544,4.615074,,0,UT21:ST:04211,0,region,region_lignes_regulieres
UT21:04212,rue de la Potelle -,47.628162,4.582979,,0,UT21:ST:04212,0,region,region_lignes_regulieres
UT21:04219,Mairie -,47.404174,5.164584,,0,UT21:ST:03883,0,region,region_lignes_regulieres
UT21:04223,Petit Beire -,47.405552,5.201303,,0,UT21:ST:03727,0,region,region_lignes_regulieres
UT21:04230,Lotissement Hauterive -,47.400609,5.109629,,0,UT21:ST:01941,0,region,region_lignes_regulieres
UT21:04235,Gare SNCF -,47.084547,4.916379,,0,UT21:ST:04235,1,region,region_lignes_regulieres
UT21:04244,Nuits St Georges Gare SNCF -,47.131384,4.956459,,0,UT21:ST:04244,1,region,region_lignes_regulieres
UT21:04257,Centre -,47.508409,4.468111,,0,UT21:ST:04257,1,region,region_lignes_regulieres
UT21:04268,Eglise -,47.626784,4.581779,,0,UT21:ST:04268,0,region,region_lignes_regulieres
UT21:04269,Croisement CDG/rue de la charme -,47.279955,5.188256,,0,UT21:ST:04004,0,region,region_lignes_regulieres
UT21:04274,RD 974 -,47.175006,4.964365,,0,UT21:ST:04274,0,region,region_lignes_regulieres
UT21:04286,Mairie,47.462516,4.503432,,0,UT21:ST:04286,0,region,region_lignes_regulieres
UT21:04289,Centre -,47.701732,4.604022,,0,UT21:ST:04289,1,region,region_lignes_regulieres
UT21:04290,Chenecières -,47.712223,4.600116,,0,UT21:ST:04290,0,region,region_lignes_regulieres
UT21:04293,Mairie -,47.639869,4.296354,,0,UT21:ST:04293,0,region,region_lignes_regulieres
UT21:04294,rue Carnot -,47.440049,4.788093,,0,UT21:ST:04294,1,region,region_lignes_regulieres
UT21:04296,Centre -,47.234935,4.741402,,0,UT21:ST:04296,0,region,region_lignes_regulieres
UT21:04297,La Serrée -,47.22411,4.729619,,0,UT21:ST:04297,0,region,region_lignes_regulieres
UT21:04299,Centre -,47.286402,4.797819,,0,UT21:ST:04299,0,region,region_lignes_regulieres
UT21:04300,Noyer des Vignes -,47.292111,4.797257,,0,UT21:ST:04300,0,region,region_lignes_regulieres
UT21:04303,Gare -,47.282848,4.235601,,0,UT21:ST:04303,0,region,region_lignes_regulieres
UT21:04305,Place Charles De Gaulle -,47.281664,4.22938,,0,UT21:ST:04305,1,region,region_lignes_regulieres
UT21:04307,route de Dijon -,47.221582,5.064064,,0,UT21:ST:04307,0,region,region_lignes_regulieres
UT21:04311,rue de Curtil -,47.467949,4.96051,,0,UT21:ST:04311,0,region,region_lignes_regulieres
UT21:04314,Mairie abribus -,47.376214,5.27475,,0,UT21:ST:04314,0,region,region_lignes_regulieres
UT21:04317,Patenée -,47.587902,5.184677,,0,UT21:ST:04317,1,region,region_lignes_regulieres
UT21:04318,Grande rue -,47.717643,4.590897,,0,UT21:ST:04318,0,region,region_lignes_regulieres
UT21:04319,Cité Scolaire -,47.494028,4.337299,,0,UT21:ST:04319,0,region,region_lignes_regulieres
UT21:04320,Impro -,47.488105,4.355221,,0,UT21:ST:04320,1,region,region_lignes_regulieres
UT21:04321,Les Croisettes -,47.492338,4.344328,,0,UT21:ST:04321,1,region,region_lignes_regulieres
UT21:04322,Liberté -,47.491827,4.33682,,0,UT21:ST:03296,1,region,region_lignes_regulieres
UT21:04323,Les Quinconces -,47.493956,4.32537,,0,UT21:ST:04323,1,region,region_lignes_regulieres
UT21:04327,Mairie -,47.206552,5.288053,,0,UT21:ST:04327,0,region,region_lignes_regulieres
UT21:04329,Abreuvoir -,47.306192,4.701869,,0,UT21:ST:04329,0,region,region_lignes_regulieres
UT21:04330,Pavé -,47.309513,4.711692,,0,UT21:ST:04330,0,region,region_lignes_regulieres
UT21:04331,Mairie -,47.484905,4.419412,,0,UT21:ST:04331,0,region,region_lignes_regulieres
UT21:04332,Eglise -,47.446722,5.189571,,0,UT21:ST:04332,0,region,region_lignes_regulieres
UT21:04333,Pont -,47.101252,5.263034,,0,UT21:ST:02925,0,region,region_lignes_regulieres
UT21:04334,Mairie -,47.401751,5.144382,,0,UT21:ST:04334,1,region,region_lignes_regulieres
UT21:04335,Château -,47.52376,5.42868,,0,UT21:ST:03216,0,region,region_lignes_regulieres
UT21:04336,Ecluse -,47.527615,5.413865,,0,UT21:ST:04336,0,region,region_lignes_regulieres
UT21:04337,rte St Jean de Losne -,47.108498,5.262084,,0,UT21:ST:04337,0,region,region_lignes_regulieres
UT21:04340,Collège -,47.340441,4.992214,,0,UT21:ST:04340,1,region,region_lignes_regulieres
UT21:04341,Monument -,47.355379,5.438529,,0,UT21:ST:04341,0,region,region_lignes_regulieres
UT21:04342,rue du Bourg -,47.408088,5.274472,,0,UT21:ST:04342,0,region,region_lignes_regulieres
UT21:04343,Taniot -,47.404398,5.272863,,0,UT21:ST:04343,0,region,region_lignes_regulieres
UT21:04345,Village -,47.532994,4.988468,,0,UT21:ST:04345,0,region,region_lignes_regulieres
UT21:04346,l'abbaye -,47.184993,5.242402,,0,UT21:ST:04346,0,region,region_lignes_regulieres
UT21:04347,Mairie -,47.205258,5.223872,,0,UT21:ST:04347,0,region,region_lignes_regulieres
UT21:04348,Le Haut,47.204351,5.204791,,0,UT21:ST:04348,1,region,region_lignes_regulieres
UT21:04350,Ecole -,47.261973,4.345145,,0,UT21:ST:04350,0,region,region_lignes_regulieres
UT21:04352,Canal -,47.219364,5.132238,,0,UT21:ST:04352,0,region,region_lignes_regulieres
UT21:04353,Centre -,47.216435,5.13511,,0,UT21:ST:04353,0,region,region_lignes_regulieres
UT21:04354,mairie -,47.147358,4.695512,,0,UT21:ST:04354,1,region,region_lignes_regulieres
UT21:04355,RD 974 -,47.514925,5.17537,,0,UT21:ST:04355,1,region,region_lignes_regulieres
UT21:04357,RD954 -,47.502598,4.23971,,0,UT21:ST:04357,0,region,region_lignes_regulieres
UT21:04358,Place de Verdun -,47.499566,4.122134,,0,UT21:ST:04358,0,region,region_lignes_regulieres
UT21:04359,Mairie -,47.191088,5.293111,,0,UT21:ST:04359,0,region,region_lignes_regulieres
UT21:04361,RD905 -,47.344252,4.57868,,0,UT21:ST:04361,0,region,region_lignes_regulieres
UT21:04362,route de Dijon -,47.407763,4.893412,,0,UT21:ST:04362,1,region,region_lignes_regulieres
UT21:04363,Centre -,47.221886,4.615213,,0,UT21:ST:04363,0,region,region_lignes_regulieres
UT21:04364,Les Bordes -,47.222796,4.617676,,0,UT21:ST:04364,0,region,region_lignes_regulieres
UT21:04365,Eglise -,47.834428,4.708191,,0,UT21:ST:04365,0,region,region_lignes_regulieres
UT21:04368,Bas -,47.34809,5.125427,,0,UT21:ST:03442,1,region,region_lignes_regulieres
UT21:04369,Chaignot -,47.353023,5.136745,,0,UT21:ST:04369,0,region,region_lignes_regulieres
UT21:04370,Ecole Mairie -,47.350519,5.130602,,0,UT21:ST:03441,1,region,region_lignes_regulieres
UT21:04371,Vaurois -,47.736572,4.595157,,0,UT21:ST:04371,1,region,region_lignes_regulieres
UT21:04372,Château d'eau -,47.124753,4.600224,,0,UT21:ST:03448,0,region,region_lignes_regulieres
UT21:04373,Centre -,47.318974,4.908403,,0,UT21:ST:04373,0,region,region_lignes_regulieres
UT21:04374,Ecluse -,47.318178,4.910799,,0,UT21:ST:04374,1,region,region_lignes_regulieres
UT21:04375,La Verrerie -,47.322636,4.925263,,0,UT21:ST:04375,0,region,region_lignes_regulieres
UT21:04378,Clos Fleury -,47.535453,4.440102,,0,UT21:ST:04378,1,region,region_lignes_regulieres
UT21:04379,Les Laumes - Alésia Gare SNCF -,47.54279,4.462939,,0,UT21:ST:04379,1,region,region_lignes_regulieres
UT21:04382,Mairie -,47.534369,5.230457,,0,UT21:ST:03467,0,region,region_lignes_regulieres
UT21:04385,Veuvey -,47.183416,4.716199,,0,UT21:ST:04385,1,region,region_lignes_regulieres
UT21:04386,Château -,47.947112,4.795138,,0,UT21:ST:04386,0,region,region_lignes_regulieres
UT21:04387,Village -,47.945055,4.802041,,0,UT21:ST:04387,0,region,region_lignes_regulieres
UT21:04389,Poste -,47.270505,5.451702,,0,UT21:ST:04389,0,region,region_lignes_regulieres
UT21:04390,Relais -,47.265578,5.451634,,0,UT21:ST:04390,0,region,region_lignes_regulieres
UT21:04391,Route de Bèze -,47.435965,5.230425,,0,UT21:ST:04391,0,region,region_lignes_regulieres
UT21:04392,Centre -,47.681227,4.524026,,0,UT21:ST:04392,0,region,region_lignes_regulieres
UT21:04397,rue Grangier -,47.511404,5.034321,,0,UT21:ST:04397,0,region,region_lignes_regulieres
UT21:04401,rte de Chatillon -,47.563476,5.115836,,0,UT21:ST:04401,1,region,region_lignes_regulieres
UT21:04404,rue des Bottiens -,47.559739,4.27823,,0,UT21:ST:04404,0,region,region_lignes_regulieres
UT21:04405,Centre -,47.396167,4.543377,,0,UT21:ST:04405,1,region,region_lignes_regulieres
UT21:04406,Monument -,47.398222,4.536965,,0,UT21:ST:04406,1,region,region_lignes_regulieres
UT21:04408,Lotissement -,47.297921,5.390048,,0,UT21:ST:04408,0,region,region_lignes_regulieres
UT21:04409,Centre -,47.293384,5.400492,,0,UT21:ST:04409,0,region,region_lignes_regulieres
UT21:04410,Lotissement -,47.297921,5.390048,,0,UT21:ST:04408,0,region,region_lignes_regulieres
UT21:04411,Nord -,47.162914,4.961219,,0,UT21:ST:04411,1,region,region_lignes_regulieres
UT21:04412,Petite Auberge -,47.154796,4.959193,,0,UT21:ST:04412,0,region,region_lignes_regulieres
UT21:04415,Centre -,47.820375,4.778498,,0,UT21:ST:03677,0,region,region_lignes_regulieres
UT21:04418,Poste -,47.270505,5.451702,,0,UT21:ST:04389,0,region,region_lignes_regulieres
UT21:04419,Relais -,47.265578,5.451634,,0,UT21:ST:04390,0,region,region_lignes_regulieres
UT21:04420,route de Bèze -,47.435965,5.230425,,0,UT21:ST:04391,0,region,region_lignes_regulieres
UT21:04425,Centre -,47.293384,5.400492,,0,UT21:ST:04409,0,region,region_lignes_regulieres
UT21:04430,Les Laumes Gare Alesia -,47.54279,4.462939,,0,UT21:ST:04430,1,region,region_lignes_regulieres
UT21:04434,Mairie -,47.376225,5.274751,,0,UT21:ST:04434,0,region,region_lignes_regulieres
UT21:04435,Gare -,47.575465,5.203177,,0,UT21:ST:03603,0,region,region_lignes_regulieres
UT21:04436,Les Croisettes -,47.492338,4.344328,,0,UT21:ST:04321,1,region,region_lignes_regulieres
UT21:04439,Cimetière -,47.400074,5.134207,,0,UT21:ST:02929,0,region,region_lignes_regulieres
UT21:04448,D108 la ruotte -,47.290738,4.735546,,0,UT21:ST:04448,0,region,region_lignes_regulieres
UT21:04450,Centre -,47.368419,5.083061,,0,UT21:ST:03845,1,region,region_lignes_regulieres
UT21:04451,Arrêt Transco,47.595238,4.272214,,0,UT21:ST:04451,0,region,region_lignes_regulieres
UT21:04452,Croix Verte -,47.307666,5.446084,,0,UT21:ST:04137,0,region,region_lignes_regulieres
UT21:04454,Laperriere D971 -,47.577895,4.680075,,0,UT21:ST:04454,0,region,region_lignes_regulieres
UT21:04459,Source -,47.405403,5.076793,,0,UT21:ST:04114,0,region,region_lignes_regulieres
UT21:04462,Mairie -,47.564522,5.213129,,0,UT21:ST:04462,0,region,region_lignes_regulieres
UT21:04464,Stade -,47.317311,5.206214,,0,UT21:ST:03833,0,region,region_lignes_regulieres
UT21:04495,D 974 -,47.111292,4.931326,,0,UT21:ST:04495,1,region,region_lignes_regulieres
UT21:04497,Côté Champ Brulet -,47.490236,5.209075,,0,UT21:ST:04043,0,region,region_lignes_regulieres
UT21:04501,Toison d'Or Churchill Divia -,47.353178,5.053593,,0,UT21:ST:04501,1,region,region_lignes_regulieres
UT21:04503,Parc des Sports Strasbourg Tram -,47.322246,5.065659,,0,UT21:ST:04503,1,region,region_lignes_regulieres
UT21:04511,Chalvosson -,47.675317,4.565137,,0,UT21:ST:04511,0,region,region_lignes_regulieres
UT21:04513,Lycée La Barotte -,47.859082,4.615289,,0,UT21:ST:04513,0,region,region_lignes_regulieres
UT21:04530,Bourg -,47.815418,4.533313,,0,UT21:ST:04530,1,region,region_lignes_regulieres
UT21:04531,Bourg -,47.750065,4.493105,,0,UT21:ST:04531,1,region,region_lignes_regulieres
UT21:04532,Joffre -,47.856489,4.569991,,0,UT21:ST:04532,0,region,region_lignes_regulieres
UT21:04549,Bordot -,47.31291,5.040109,,0,UT21:ST:04549,0,region,region_lignes_regulieres
UT21:04550,Le Parc -,47.051003,4.772648,,0,UT21:ST:04550,0,region,region_lignes_regulieres
UT21:04551,Village -,47.454679,4.880921,,0,UT21:ST:04551,0,region,region_lignes_regulieres
UT21:04561,Croisement D906/ rue du pont -,47.153168,4.447614,,0,UT21:ST:04005,0,region,region_lignes_regulieres
UT21:04634,Echirey -,47.373488,5.086712,,0,UT21:ST:04634,0,region,region_lignes_regulieres
UT21:04635,Lotissement -,47.402385,5.129646,,0,UT21:ST:02930,0,region,region_lignes_regulieres
UT21:04638,Centre -,47.507187,4.170542,,0,UT21:ST:04638,0,region,region_lignes_regulieres
UT21:04668,Reullée -,47.005685,4.949063,,0,UT21:ST:04668,0,region,region_lignes_regulieres
UT21:04669,Pleuvey -,46.986704,4.963954,,0,UT21:ST:04141,0,region,region_lignes_regulieres
UT21:04670,Aignay -,46.982648,4.97243,,0,UT21:ST:03622,0,region,region_lignes_regulieres
UT21:04671,La dezerte -,46.969788,4.969263,,0,UT21:ST:03785,0,region,region_lignes_regulieres
UT21:04673,Route de Seurre -,47.006751,4.99732,,0,UT21:ST:03924,0,region,region_lignes_regulieres
UT21:04693,Jossigny -,46.994889,5.081025,,0,UT21:ST:03556,0,region,region_lignes_regulieres
UT21:04694,Rue du Bas -,46.991791,5.093394,,0,UT21:ST:03552,0,region,region_lignes_regulieres
UT21:04699,Mairie -,46.997177,5.092725,,0,UT21:ST:03557,1,region,region_lignes_regulieres
UT21:04711,Le Guidon -,47.01287,5.121709,,0,UT21:ST:03087,0,region,region_lignes_regulieres
UT21:04712,Cours de Verdun -,46.99735,5.147584,,0,UT21:ST:03608,0,region,region_lignes_regulieres
UT21:04724,Rue du 11 nov 1918 -,47.132275,4.490739,,0,UT21:ST:04724,1,region,region_lignes_regulieres
UT21:04729,Ecole Marmont -,47.862095,4.573328,,0,UT21:ST:04729,0,region,region_lignes_regulieres
UT21:04730,Village -,47.945228,4.801958,,0,UT21:ST:04387,0,region,region_lignes_regulieres
UT21:04775,Toison d'Or Churchill Divia -,47.353178,5.053593,,0,UT21:ST:04501,1,region,region_lignes_regulieres
UT21:04789,Lot. Meix du Château -,47.360154,5.152249,,0,UT21:ST:04789,0,region,region_lignes_regulieres
UT21:04790,Meursauge -,47.660166,4.626216,,0,UT21:ST:04790,0,region,region_lignes_regulieres
UT21:04792,Centre -,47.256799,4.648519,,0,UT21:ST:04792,0,region,region_lignes_regulieres
UT21:04794,Poste,47.52171,5.1152,,0,UT21:ST:04794,0,region,region_lignes_regulieres
UT21:04800,Croisement D4  D103 -,47.609532,4.264276,,0,UT21:ST:04800,0,region,region_lignes_regulieres
UT21:04802,Route de Bèze -,47.497066,5.292767,,0,UT21:ST:03750,0,region,region_lignes_regulieres
UT21:04807,Centre -,47.421962,5.531086,,0,UT21:ST:04807,0,region,region_lignes_regulieres
UT21:04810,Europe -  (Av. Découverte) -,47.354653,5.045384,,0,UT21:ST:03612,1,region,region_lignes_regulieres
UT21:04822,Place des tilleuls -,47.442249,5.590504,,0,UT21:ST:04822,0,region,region_lignes_regulieres
UT21:04826,Mariller -,47.351821,5.122332,,0,UT21:ST:04826,0,region,region_lignes_regulieres
UT21:04839,mairie -,47.577021,4.805041,,0,UT21:ST:04147,0,region,region_lignes_regulieres
UT21:04906,Maison Moine RD70,47.392272,4.476812,,0,UT21:ST:04906,0,region,region_lignes_regulieres
UT21:04925,Gare routière -,47.447847,5.596151,,0,UT21:ST:04925,0,region,region_lignes_regulieres
UT21:05027,mairie -,47.485692,5.492696,,0,UT21:ST:05027,0,region,region_lignes_regulieres
UT21:05028,rue de Dijon -,47.45659,5.583137,,0,UT21:ST:05028,0,region,region_lignes_regulieres
UT21:05029,Maison Dieu -,47.453848,5.575439,,0,UT21:ST:05029,0,region,region_lignes_regulieres
UT21:05030,Port du Poirier -,47.451074,5.567571,,0,UT21:ST:05030,0,region,region_lignes_regulieres
UT21:05032,Bouhans -,47.478191,5.506639,,0,UT21:ST:05032,0,region,region_lignes_regulieres
UT21:05033,Feurg -,47.466187,5.514533,,0,UT21:ST:05033,0,region,region_lignes_regulieres
UT21:05034,route de Feurg -,47.461492,5.525915,,0,UT21:ST:05034,0,region,region_lignes_regulieres
UT21:05037,route de Savigny -,47.511926,4.091718,,0,UT21:ST:05037,0,region,region_lignes_regulieres
UT21:05038,St André en terre plaine Centre -,47.480918,4.060095,,0,UT21:ST:05038,0,region,region_lignes_regulieres
UT21:05039,Centre -,47.496532,4.08743,,0,UT21:ST:05039,0,region,region_lignes_regulieres
UT21:05040,Eglise -,47.471406,4.026964,,0,UT21:ST:05040,0,region,region_lignes_regulieres
UT21:05053,La Bergerie -,47.40916,5.077112,,0,UT21:ST:04115,0,region,region_lignes_regulieres
UT21:05073,Mairie -,47.418518,4.524376,,0,UT21:ST:05073,1,region,region_lignes_regulieres
UT21:05077,Cimetière -,47.866466,4.495961,,0,UT21:ST:05077,0,region,region_lignes_regulieres
UT21:05097,Salle du Pré au Roy -,47.791178,4.542591,,0,UT21:ST:05097,1,region,region_lignes_regulieres
UT21:05141,Colombière -,47.19252,5.40783,,0,UT21:ST:05141,1,region,region_lignes_regulieres
UT21:05203,RD117 -,47.171817,4.286822,,0,UT21:ST:05203,0,region,region_lignes_regulieres
UT21:05216,Pavillon les Grancey -,47.638807,5.040124,,0,UT21:ST:05216,0,region,region_lignes_regulieres
UT21:05257,Village -,47.383279,5.189853,,0,UT21:ST:03703,0,region,region_lignes_regulieres
UT21:05276,Route d'Epagny -,47.440949,5.091351,,0,UT21:ST:05276,0,region,region_lignes_regulieres
UT21:05353,Perdrixière-,47.514367,5.176369,,0,UT21:ST:05353,0,region,region_lignes_regulieres
UT21:05356,lotissement -,47.142491,4.955647,,0,UT21:ST:05356,0,region,region_lignes_regulieres
UT21:05379,Château -,47.947083,4.794796,,0,UT21:ST:04386,0,region,region_lignes_regulieres
UT21:05382,Centre Giratoire 3 fontaines -,47.241392,5.22305,,0,UT21:ST:05382,0,region,region_lignes_regulieres
UT21:05383,Centre giratoire 3 fontaines-,47.241392,5.22305,,0,UT21:ST:05383,0,region,region_lignes_regulieres
UT21:05385,Mairie -,47.564522,5.213129,,0,UT21:ST:04462,0,region,region_lignes_regulieres
UT21:05386,église -,47.446722,5.189571,,0,UT21:ST:04332,0,region,region_lignes_regulieres
UT21:05387,Mairie -,47.461788,5.149778,,0,UT21:ST:05387,0,region,region_lignes_regulieres
UT21:05389,Gare Arc les Gray -,47.451488,5.578304,,0,UT21:ST:05389,0,region,region_lignes_regulieres
UT21:05390,Mairie -,47.37857,5.252988,,0,UT21:ST:05390,0,region,region_lignes_regulieres
UT21:05394,Gare -,47.49533,3.911271,,0,UT21:ST:05394,1,region,region_lignes_regulieres
UT21:05395,Centre commercial -,47.496406,3.9079,,0,UT21:ST:05395,1,region,region_lignes_regulieres
UT21:05396,Centre -,47.407963,4.426962,,0,UT21:ST:05396,0,region,region_lignes_regulieres
UT21:05397,Muséoparc alésia -,47.536189,4.466554,,0,UT21:ST:05397,1,region,region_lignes_regulieres
UT21:05399,Place Gal De Gaulle -,47.665632,4.730285,,0,UT21:ST:05399,1,region,region_lignes_regulieres
UT21:05403,Sévigné -,47.326759,5.044152,,0,UT21:ST:05403,0,region,region_lignes_regulieres
UT21:05409,Wilson Févret -,47.316057,5.042431,,0,UT21:ST:03618,0,region,region_lignes_regulieres
UT21:05410,Chancenotte -,47.30548,5.047592,,0,UT21:ST:03768,1,region,region_lignes_regulieres
UT21:05412,Delauney -,47.44844,5.579941,,0,UT21:ST:05412,0,region,region_lignes_regulieres
UT21:05413,RD 974 -,47.088172,4.905722,,0,UT21:ST:05413,1,region,region_lignes_regulieres
UT21:05414,Cestres -,47.445316,4.834754,,0,UT21:ST:05414,1,region,region_lignes_regulieres
UT21:05424,Eglise -,47.834525,4.708175,,0,UT21:ST:04365,0,region,region_lignes_regulieres
UT21:05426,Lotissement -,47.817794,4.786255,,0,UT21:ST:03617,0,region,region_lignes_regulieres
UT21:05429,Village place -,47.692474,4.942736,,0,UT21:ST:01675,0,region,region_lignes_regulieres
UT21:05432,Neuvelle -,47.679202,4.995753,,0,UT21:ST:04107,0,region,region_lignes_regulieres
UT21:05435,rue du vannois -,47.280332,5.222449,,0,UT21:ST:03890,0,region,region_lignes_regulieres
UT21:05437,Rte Magny Montarlot -,47.240533,5.3838,,0,UT21:ST:04151,0,region,region_lignes_regulieres
UT21:05443,abribus -,47.463673,4.459113,,0,UT21:ST:05443,1,region,region_lignes_regulieres
UT21:05445,rue Maillard -,47.491922,4.398682,,0,UT21:ST:05445,0,region,region_lignes_regulieres
UT21:05446,Impro -,47.488105,4.355221,,0,UT21:ST:04320,1,region,region_lignes_regulieres
UT21:05447,Rte de Chanceaux -,47.505786,4.779585,,0,UT21:ST:04127,0,region,region_lignes_regulieres
UT21:05448,Courceau -,47.531732,4.694869,,0,UT21:ST:03933,0,region,region_lignes_regulieres
UT21:05449,église -,47.533667,4.840071,,0,UT21:ST:04022,0,region,region_lignes_regulieres
UT21:05450,Place Gde rue -,47.539885,4.930859,,0,UT21:ST:04088,1,region,region_lignes_regulieres
UT21:05451,mairie -,47.540433,4.966108,,0,UT21:ST:03936,0,region,region_lignes_regulieres
UT21:05452,Calvaire abribus -,47.539757,5.019424,,0,UT21:ST:05452,0,region,region_lignes_regulieres
UT21:05453,rue Grangier -,47.511404,5.034321,,0,UT21:ST:04397,0,region,region_lignes_regulieres
UT21:05454,Grande rue -,47.521184,5.066263,,0,UT21:ST:03950,0,region,region_lignes_regulieres
UT21:05455,Gendarmerie -,47.516838,5.109489,,0,UT21:ST:03549,1,region,region_lignes_regulieres
UT21:05457,Abribus -,47.557399,4.83824,,0,UT21:ST:04028,0,region,region_lignes_regulieres
UT21:05465,Gare -,47.312394,5.409067,,0,UT21:ST:03592,1,region,region_lignes_regulieres
UT21:05466,Eglise -,47.329526,5.454013,,0,UT21:ST:02315,0,region,region_lignes_regulieres
UT21:05468,Centre -,47.329349,5.267094,,0,UT21:ST:03742,0,region,region_lignes_regulieres
UT21:05469,Calvaire -,47.331031,5.258778,,0,UT21:ST:03741,0,region,region_lignes_regulieres
UT21:05474,Gourmerault -,47.345358,5.180221,,0,UT21:ST:03708,1,region,region_lignes_regulieres
UT21:05475,Moulin -,47.342544,5.181901,,0,UT21:ST:03587,0,region,region_lignes_regulieres
UT21:05477,Chaignot -,47.353023,5.136745,,0,UT21:ST:04369,0,region,region_lignes_regulieres
UT21:05478,Blés d'Or -,47.330172,5.14815,,0,UT21:ST:03802,0,region,region_lignes_regulieres
UT21:05479,Centre -,47.334275,5.149971,,0,UT21:ST:03803,0,region,region_lignes_regulieres
UT21:05480,Château d'eau -,47.337634,5.151488,,0,UT21:ST:03772,0,region,region_lignes_regulieres
UT21:05483,Maupertuis -,47.516489,5.103555,,0,UT21:ST:05483,0,region,region_lignes_regulieres
UT21:05485,Charles de Gaulle -,47.516996,5.112846,,0,UT21:ST:03996,0,region,region_lignes_regulieres
UT21:05493,Route de Dijon -,47.065574,5.097015,,0,UT21:ST:05493,0,region,region_lignes_regulieres
UT21:05494,Centre -,47.183297,5.061171,,0,UT21:ST:05494,0,region,region_lignes_regulieres
UT21:05495,Eglise -,47.215224,5.087958,,0,UT21:ST:05495,0,region,region_lignes_regulieres
UT21:05500,Centre -,47.412091,5.205239,,0,UT21:ST:01661,0,region,region_lignes_regulieres
UT21:05501,Maladière -,47.528407,5.376221,,0,UT21:ST:03519,1,region,region_lignes_regulieres
UT21:05502,Centre -,47.500712,5.2968,,0,UT21:ST:03749,0,region,region_lignes_regulieres
UT21:05503,Centre -,47.468748,5.270486,,0,UT21:ST:03737,0,region,region_lignes_regulieres
UT21:05504,Champ Munier -,47.472472,5.274644,,0,UT21:ST:03738,0,region,region_lignes_regulieres
UT21:05509,RD906 -,47.118975,4.502944,,0,UT21:ST:05509,0,region,region_lignes_regulieres
UT21:05511,rte de Beaune -,47.091171,4.675136,,0,UT21:ST:04042,1,region,region_lignes_regulieres
UT21:05512,Clair Vallon -,47.381,5.064622,,0,UT21:ST:03866,0,region,region_lignes_regulieres
UT21:05513,Ecole -,47.379676,5.069224,,0,UT21:ST:03728,0,region,region_lignes_regulieres
UT21:05516,Mairey -,47.300863,5.017283,,0,UT21:ST:05516,0,region,region_lignes_regulieres
UT21:05517,Route de Beaune -,47.287774,5.012543,,0,UT21:ST:05517,0,region,region_lignes_regulieres
UT21:05518,D974 -,47.193905,4.968945,,0,UT21:ST:05518,1,region,region_lignes_regulieres
UT21:05519,Calvaire -,47.186449,4.960595,,0,UT21:ST:05519,0,region,region_lignes_regulieres
UT21:05521,Croix de mission -,47.10837,4.669616,,0,UT21:ST:05521,0,region,region_lignes_regulieres
UT21:05522,Oucherotte -,47.12206,4.671884,,0,UT21:ST:05522,0,region,region_lignes_regulieres
UT21:05523,Pont de Pany Gare -,47.297707,4.815431,,0,UT21:ST:05523,0,region,region_lignes_regulieres
UT21:05524,Pont de Pany Centre,47.296839,4.808571,,0,UT21:ST:05524,0,region,region_lignes_regulieres
UT21:05525,Cercey -,47.267094,4.52484,,0,UT21:ST:05525,0,region,region_lignes_regulieres
UT21:05526,Reine de Dijon -,47.306565,4.85083,,0,UT21:ST:05526,0,region,region_lignes_regulieres
UT21:05527,Parc de l' Auxois -,47.451699,4.505069,,0,UT21:ST:05527,1,region,region_lignes_regulieres
UT21:05536,Place -,47.17278,5.162615,,0,UT21:ST:05536,1,region,region_lignes_regulieres
UT21:05537,Collège Monge -,47.04061,4.837944,,0,UT21:ST:05537,1,region,region_lignes_regulieres
UT21:05548,Jouvence -,47.411549,5.009502,,0,UT21:ST:05548,0,region,region_lignes_regulieres
UT21:06792,Actipôle -,47.877339,4.564943,,0,UT21:ST:06792,1,region,region_lignes_regulieres
UT21:06793,Eglise,47.820848,4.706241,,0,UT21:ST:06793,0,region,region_lignes_regulieres
UT21:06794,Route de Langres -,47.846728,4.67764,,0,UT21:ST:06794,0,region,region_lignes_regulieres
UT21:06796,Essertenne et Cessey -,47.397301,5.478028,,0,UT21:ST:06796,0,region,region_lignes_regulieres
UT21:06798,Toison d'or -,47.352926,5.0534,,0,UT21:ST:06798,1,region,region_lignes_regulieres
UT21:06799,Wilson Sisley -,47.316189,5.042401,,0,UT21:ST:06799,1,region,region_lignes_regulieres
UT21:06806,Zone commerciale Savigny -,47.041347,4.843014,,0,UT21:ST:06806,1,region,region_lignes_regulieres
UT21:06807,Monument aux morts -,47.027967,4.836967,,0,UT21:ST:06807,0,region,region_lignes_regulieres
UT21:06808,Hôpital -,47.032089,4.834498,,0,UT21:ST:06808,0,region,region_lignes_regulieres
UT21:06812,Saint Mesmin -,47.332536,5.018156,,0,UT21:ST:06812,0,region,region_lignes_regulieres
UT21:06813,Auxonne Gare -,47.193275,5.377224,,0,UT21:ST:06813,1,region,region_lignes_regulieres
UT21:06823,Source Seine -,47.473994,4.748214,,0,UT21:ST:06823,0,region,region_lignes_regulieres
UT21:06839,Lycée Eiffel -,47.334199,5.066884,,0,UT21:ST:06839,0,region,region_lignes_regulieres
UT21:06840,République (Tram) -,47.326713,5.044892,,0,UT21:ST:06840,1,region,region_lignes_regulieres
UT21:06841,Wilson Allées du Parc,47.316154,5.04243,,0,UT21:ST:06841,1,region,region_lignes_regulieres
UT21:06843,Silo -,47.018557,4.863096,,0,UT21:ST:06843,0,region,region_lignes_regulieres
UT21:06844,Poste -,47.020542,4.838373,,0,UT21:ST:06844,1,region,region_lignes_regulieres
UT21:06845,Piscine -,47.131163,4.947564,,0,UT21:ST:06845,0,region,region_lignes_regulieres
UT21:06846,Langevin -,47.284694,5.010395,,0,UT21:ST:06846,0,region,region_lignes_regulieres
UT21:06847,Bourroches Tram -,47.304725,5.023097,,0,UT21:ST:06847,1,region,region_lignes_regulieres
UT21:06848,Monge Tram -,47.316548,5.031056,,0,UT21:ST:06848,1,region,region_lignes_regulieres
UT21:06850,Bois Guillaume -,47.3345,5.097053,,0,UT21:ST:06850,0,region,region_lignes_regulieres
UT21:06852,Wilson Eglise St Pierre -,47.316148,5.042425,,0,UT21:ST:06852,1,region,region_lignes_regulieres
UT21:06853,Parc des sports  De Lattre Tass -,47.322208,5.064211,,0,UT21:ST:06853,1,region,region_lignes_regulieres
UT21:06855,Bd  de la Marne -,47.329811,5.048745,,0,UT21:ST:06855,0,region,region_lignes_regulieres
UT21:06856,Joffre St Exupéry -,47.337264,5.055723,,0,UT21:ST:06856,0,region,region_lignes_regulieres
UT21:06857,rue de le Forge -,47.645803,5.144709,,0,UT21:ST:06857,0,region,region_lignes_regulieres
UT21:06860,Darcy Devosges -,47.324167,5.034335,,0,UT21:ST:06860,0,region,region_lignes_regulieres
UT21:06861,rue du 8 Mai -,47.494588,4.343558,,0,UT21:ST:06861,1,region,region_lignes_regulieres
UT21:06868,Theatre -,47.3222,5.04361,,0,UT21:ST:06868,0,region,region_lignes_regulieres
UT21:06869,Transvaal -,47.315383,5.038081,,0,UT21:ST:06869,0,region,region_lignes_regulieres
UT21:06871,Wilson Carnot -,47.316465,5.04423,,0,UT21:ST:06871,0,region,region_lignes_regulieres
UT21:06872,Lycée Castel -,47.312012,5.032893,,0,UT21:ST:06872,0,region,region_lignes_regulieres
UT21:06873,Bourroches Machureau -,47.305391,5.022593,,0,UT21:ST:06873,1,region,region_lignes_regulieres
UT21:06880,D4 rte de Saulieu -,47.08727,4.338092,,0,UT21:ST:06880,0,region,region_lignes_regulieres
UT21:06895,Pasquier Place -,47.14768,4.613672,,0,UT21:ST:06895,0,region,region_lignes_regulieres
UT21:06907,Pasteur Centre commerciale -,47.034619,4.844897,,0,UT21:ST:06907,0,region,region_lignes_regulieres
UT21:06908,Carraz (Clinique),47.300746,5.021165,,0,UT21:ST:06908,0,region,region_lignes_regulieres
UT21:06910,3 Faisans -,47.106947,4.667757,,0,UT21:ST:06910,0,region,region_lignes_regulieres
UT21:06912,Aviation -,47.386366,4.940892,,0,UT21:ST:06912,1,region,region_lignes_regulieres
UT21:06948,Base nautique -,47.000164,5.13679,,0,UT21:ST:06948,0,region,region_lignes_regulieres
UT21:06976,Canzio -,47.339599,4.998106,,0,UT21:ST:06976,0,region,region_lignes_regulieres
UT21:06979,Eglise -,47.46768,4.961084,,0,UT21:ST:06979,0,region,region_lignes_regulieres
UT21:06981,Clairval -,47.523773,5.134781,,0,UT21:ST:06981,0,region,region_lignes_regulieres
UT21:06985,Valmy Giroud,47.365273,5.04944,,0,UT21:ST:06985,0,region,region_lignes_regulieres
UT21:06986,Valmy Matoub,47.362586,5.05052,,0,UT21:ST:06986,0,region,region_lignes_regulieres
UT21:07010,Lavoir -,47.495065,4.760612,,0,UT21:ST:07010,0,region,region_lignes_regulieres
UT21:07019,Intermarché -,47.623957,4.352042,,0,UT21:ST:07019,0,region,region_lignes_regulieres
UT21:07020,Maison de santé,47.624019,4.340121,,0,UT21:ST:07020,0,region,region_lignes_regulieres
UT21:07021,Piscine -,47.632229,4.332418,,0,UT21:ST:07021,0,region,region_lignes_regulieres
UT21:07023,D14 -,47.100708,4.559031,,0,UT21:ST:07023,0,region,region_lignes_regulieres
UT21:07026,Gare SNCF Tram -,47.323549,5.028139,,0,UT21:ST:07026,0,region,region_lignes_regulieres
UT21:07030,Lycée -,47.622953,4.340111,,0,UT21:ST:07030,0,region,region_lignes_regulieres
UT21:07070,Mairie -,47.677882,5.294049,,0,UT21:ST:07070,0,region,region_lignes_regulieres
UT21:07071,Mobigo -,47.657164,5.288331,,0,UT21:ST:07071,0,region,region_lignes_regulieres
UT21:07073,Poste -,47.765787,5.309916,,0,UT21:ST:07073,0,region,region_lignes_regulieres
UT21:07075,Chalindrey Gare -,47.81003,5.44409,,0,UT21:ST:07075,0,region,region_lignes_regulieres
UT21:07076,Gare -,46.954305,4.302136,,0,UT21:ST:07076,0,region,region_lignes_regulieres
UT21:07077,St Jean -,46.957968,4.300653,,0,UT21:ST:07077,0,region,region_lignes_regulieres
UT21:07078,L'Orme St Pantaléon -,46.987412,4.313682,,0,UT21:ST:07078,0,region,region_lignes_regulieres
UT21:07079,Centre -,47.037861,4.339918,,0,UT21:ST:07079,0,region,region_lignes_regulieres
UT21:07080,Igornay Gare -,47.05186,4.34412,,0,UT21:ST:07080,0,region,region_lignes_regulieres
UT21:07082,Crois. rte d'Autun D15/Tilleul  -,47.143917,4.313483,,0,UT21:ST:07082,0,region,region_lignes_regulieres
UT21:07084,centre -,47.014367,4.336929,,0,UT21:ST:07084,0,region,region_lignes_regulieres
UT21:07085,Surmoulin -,47.008059,4.321049,,0,UT21:ST:07085,0,region,region_lignes_regulieres
UT21:07109,Chaugey gare SNCF,47.088068,5.256754,,0,UT21:ST:07109,0,region,region_lignes_regulieres
UT21:07128,Pluvault Eglise -,47.2128,5.25354,,0,UT21:ST:07128,0,region,region_lignes_regulieres
UT21:07193,Clomiers DIVIA,47.333595,5.016365,,0,UT21:ST:07193,0,region,region_lignes_regulieres
UT21:07200,Place de la résistance -,47.860393,4.573315,,0,UT21:ST:07200,1,region,region_lignes_regulieres
UT21:07201,Fac des sciences,47.322349,5.069377,,0,UT21:ST:07201,0,region,region_lignes_regulieres
UT21:07202,Chèvre Morte,47.330935,5.013957,,0,UT21:ST:07202,0,region,region_lignes_regulieres
UT21:07249,Echangeur A38,47.252111,4.56705,,0,UT21:ST:07249,0,region,region_lignes_regulieres
UT21:07252,Pétasse -,47.023524,4.831851,,0,UT21:ST:07252,0,region,region_lignes_regulieres
UT21:07253,jardin des brunette-,47.063935,4.860473,,0,UT21:ST:07253,0,region,region_lignes_regulieres
UT21:07293,Place du 30 octobre - Bd Voltaire,47.321001,5.052113,,0,UT21:ST:07293,0,region,region_lignes_regulieres
UT21:07294,Place du 30 octobre - Bd Carnot,47.321259,5.051474,,0,UT21:ST:07294,0,region,region_lignes_regulieres
UT21:07295,Place du 30 octobre - rue de Gray,47.322548,5.052453,,0,UT21:ST:07295,0,region,region_lignes_regulieres
UT21:07296,Place du 30 octobre - Porte Neuve,47.321628,5.053518,,0,UT21:ST:07296,0,region,region_lignes_regulieres
UT21:73349,Guillotière -,47.347365,5.186251,,0,UT21:ST:03709,0,region,region_lignes_regulieres
UT21:73350,République (Tram) -,47.326713,5.044892,,0,UT21:ST:06840,1,region,region_lignes_regulieres
UT21:7346,Château,47.314699,5.10587,,0,UT21:ST:7346,0,region,region_lignes_regulieres
UT21:73469,Place du 30 octobre - Bd Carnot,47.321259,5.051474,,0,UT21:ST:07294,0,region,region_lignes_regulieres
UT21:7347,Base de loisirs,47.348683,5.16776,,0,UT21:ST:7347,0,region,region_lignes_regulieres
UT21:7348,Monument aux Morts,47.073284,4.878188,,0,UT21:ST:7348,0,region,region_lignes_regulieres
UT25:00142,Nadam,47.325307,6.785694,,0,UT25:ST:00142,0,region,region_lignes_regulieres
UT25:00298,La Vrine,46.979729,6.337753,,0,UT25:ST:00298,0,region,region_lignes_regulieres
UT25:00433,Bas,46.991978,6.460116,,0,UT25:ST:00433,0,region,region_lignes_regulieres
UT25:00437,Acropole Quai 8,47.508561,6.801544,,0,UT25:ST:00437,0,region,region_lignes_regulieres
UT25:00446,COMBES Remonot Grotte,47.035187,6.514237,,0,UT25:ST:00446,0,region,region_lignes_regulieres
UT25:00459,Rivotte,47.230661,6.036638,,0,UT25:ST:00459,0,region,region_lignes_regulieres
UT25:00460,Restaur. Perce Neige,47.184685,6.727569,,0,UT25:ST:00460,0,region,region_lignes_regulieres
UT25:00467,Beauquier,47.252944,6.015084,,0,UT25:ST:00467,0,region,region_lignes_regulieres
UT25:00478,PONT-DE-R. Ranceuse,47.39397,6.769977,,0,UT25:ST:00478,0,region,region_lignes_regulieres
UT25:00481,L'Escale,47.2094,6.000442,,0,UT25:ST:00481,0,region,region_lignes_regulieres
UT25:00482,RUSSEY Maison des Services,47.162404,6.728805,,0,UT25:ST:00482,0,region,region_lignes_regulieres
UT25:00529,GRAND'COMBE-C. Pont De La Roche,47.037866,6.576785,,0,UT25:ST:00529,0,region,region_lignes_regulieres
UT25:00555,CHENALOTTE Rd437/Rue Eglise,47.109839,6.684374,,0,UT25:ST:00555,0,region,region_lignes_regulieres
UT25:00570,PEM - Gare,46.901178,6.352169,,0,UT25:ST:00570,0,region,region_lignes_regulieres
UT25:00586,Centre St-Pierre,47.240296,6.028757,,0,UT25:ST:00586,0,region,region_lignes_regulieres
UT25:00603,TARCENAY Abribus,47.157536,6.11421,,0,UT25:ST:00603,0,region,region_lignes_regulieres
UT25:00667,Centre,47.082084,6.189011,,0,UT25:ST:00667,0,region,region_lignes_regulieres
UT25:00702,BRESEUX Abribus Rn 437,47.27389,6.814765,,0,UT25:ST:00702,0,region,region_lignes_regulieres
UT25:00704,Fromagerie,46.925849,6.342575,,0,UT25:ST:00704,0,region,region_lignes_regulieres
UT25:00745,Abribus,46.947242,6.384498,,0,UT25:ST:00745,0,region,region_lignes_regulieres
UT25:00769,Gaz Et Eau,47.04502,6.24186,,0,UT25:ST:00769,0,region,region_lignes_regulieres
UT25:00771,1ERS SAPINS Nods covoiturage,47.097578,6.34317,,0,UT25:ST:00771,0,region,region_lignes_regulieres
UT25:00788,Les Maisonnettes,47.124953,6.698699,,0,UT25:ST:00788,0,region,region_lignes_regulieres
UT25:00812,Anc. Station,47.346852,6.761468,,0,UT25:ST:00812,0,region,region_lignes_regulieres
UT25:00814,Hotel De France,47.043801,6.249761,,0,UT25:ST:00814,0,region,region_lignes_regulieres
UT25:00821,Passage A Niveau,47.054039,6.600969,,0,UT25:ST:00821,0,region,region_lignes_regulieres
UT25:00934,Mairie,46.927736,6.34916,,0,UT25:ST:00934,0,region,region_lignes_regulieres
UT25:01066,Rue De La Gare,47.436806,6.781681,,0,UT25:ST:01066,0,region,region_lignes_regulieres
UT25:01097,PONT-DE-R. Parking Cimetiere,47.387071,6.766625,,0,UT25:ST:01097,0,region,region_lignes_regulieres
UT25:01125,La Main,47.017543,6.322175,,0,UT25:ST:01125,0,region,region_lignes_regulieres
UT25:01259,Le CAL,47.107467,6.139188,,0,UT25:ST:01259,0,region,region_lignes_regulieres
UT25:01281,Les Tilleuls,47.064696,6.216004,,0,UT25:ST:01281,0,region,region_lignes_regulieres
UT25:01286,La Plaine,47.433115,6.784502,,0,UT25:ST:01286,0,region,region_lignes_regulieres
UT25:01298,Longennes,46.9171,6.344171,,0,UT25:ST:01298,0,region,region_lignes_regulieres
UT25:01300,Centre Commercial,47.327218,6.012789,,0,UT25:ST:01300,0,region,region_lignes_regulieres
UT25:01317,Abribus,47.039416,6.277461,,0,UT25:ST:01317,0,region,region_lignes_regulieres
UT25:01366,Temis,47.25365,5.996568,,0,UT25:ST:01366,0,region,region_lignes_regulieres
UT25:01409,Micropolis,47.221752,5.978612,,0,UT25:ST:01409,0,region,region_lignes_regulieres
UT25:01563,PEM Viotte,47.246646,6.022796,,0,UT25:ST:01563,0,region,region_lignes_regulieres
UT25:01739,Eglise,47.272859,5.827781,,0,UT25:ST:01739,0,region,region_lignes_regulieres
UT25:01773,SAINT-HIP. La Poste,47.319018,6.813105,,0,UT25:ST:01773,0,region,region_lignes_regulieres
UT25:01881,Chamars,47.23338,6.020065,,0,UT25:ST:01881,0,region,region_lignes_regulieres
UT25:01894,Abribus Rd 437,47.102448,6.663255,,0,UT25:ST:01894,0,region,region_lignes_regulieres
UT25:01953,Gare,47.149545,6.342579,,0,UT25:ST:01953,0,region,region_lignes_regulieres
UT25:02064,poteau RD437,47.219695,6.767294,,0,UT25:ST:02064,0,region,region_lignes_regulieres
UT25:02284,Saint Pierre,46.905006,6.351479,,0,UT25:ST:02284,0,region,region_lignes_regulieres
UT25:02285,Zi,46.90747,6.343609,,0,UT25:ST:02285,0,region,region_lignes_regulieres
UT25:02286,Paix,46.912266,6.347107,,0,UT25:ST:02286,0,region,region_lignes_regulieres
UT25:02287,Rond Point De La Truite,47.10832,6.127067,,0,UT25:ST:02287,0,region,region_lignes_regulieres
UT25:02292,Gde Rue (Place D'Armes),47.103058,5.883278,,0,UT25:ST:02292,0,region,region_lignes_regulieres
UT25:02293,Mairie,47.106553,5.89309,,0,UT25:ST:02293,0,region,region_lignes_regulieres
UT25:02295,Gare,47.183961,5.963343,,0,UT25:ST:02295,0,region,region_lignes_regulieres
UT25:02296,Stade,47.205915,5.998525,,0,UT25:ST:02296,0,region,region_lignes_regulieres
UT25:02297,Croix De Pierre,47.160985,6.255016,,0,UT25:ST:02297,0,region,region_lignes_regulieres
UT25:02298,MAISONS-DBL Abribus De L Atelier,46.965307,6.421553,,0,UT25:ST:02298,0,region,region_lignes_regulieres
UT25:02299,Gare Sncf,47.053973,6.604922,,0,UT25:ST:02299,0,region,region_lignes_regulieres
UT25:02300,Lycee Chaufferie,47.060541,6.607644,,0,UT25:ST:02300,0,region,region_lignes_regulieres
UT25:02301,Rd437/Rd225,47.29428,6.815281,,0,UT25:ST:02301,0,region,region_lignes_regulieres
UT25:02302,La Gare,47.328012,6.769717,,0,UT25:ST:02302,0,region,region_lignes_regulieres
UT25:02303,Le Poset,47.339907,6.760951,,0,UT25:ST:02303,0,region,region_lignes_regulieres
UT25:02304,Warembourg,47.414176,6.77673,,0,UT25:ST:02304,0,region,region_lignes_regulieres
UT25:12238,Place,47.290075,5.76955,,0,UT25:ST:12238,0,region,region_lignes_regulieres
UT25:12239,Lotissement,47.295624,5.764685,,0,UT25:ST:12239,0,region,region_lignes_regulieres
UT25:12240,D 67,47.316245,5.741709,,0,UT25:ST:12240,0,region,region_lignes_regulieres
UT25:12241,D 67,47.36033,5.674914,,0,UT25:ST:12241,0,region,region_lignes_regulieres
UT25:12242,Restaurant,47.390766,5.652849,,0,UT25:ST:12242,0,region,region_lignes_regulieres
UT25:12243,Zone Commerciale,47.440337,5.599992,,0,UT25:ST:12243,0,region,region_lignes_regulieres
UT25:12244,Gare Routiere,47.447959,5.596191,,0,UT25:ST:12244,0,region,region_lignes_regulieres
UT25:12245,Tilleuls,47.441921,5.590797,,0,UT25:ST:12245,0,region,region_lignes_regulieres
UT25:12246,Pôle Multimodal,47.618084,6.15053,,0,UT25:ST:12246,0,region,region_lignes_regulieres
UT25:12247,Za Charrière,47.432344,6.06756,,0,UT25:ST:12247,0,region,region_lignes_regulieres
UT25:12248,Collège,47.426374,6.069855,,0,UT25:ST:12248,0,region,region_lignes_regulieres
UT25:12249,Centre,47.423155,6.070313,,0,UT25:ST:12249,0,region,region_lignes_regulieres
UT25:12254,BESANCON Gare TGV,47.307305,5.953325,,0,UT25:ST:12254,0,region,region_lignes_regulieres
UT25:12277,Poste,47.395351,6.075776,,0,UT25:ST:12277,0,region,region_lignes_regulieres
UT25:12279,Fontaine,47.361846,6.076767,,0,UT25:ST:12279,0,region,region_lignes_regulieres
UT25:12280,Fontaine,47.365339,6.049691,,0,UT25:ST:12280,0,region,region_lignes_regulieres
UT25:12281,Abribus,47.348709,6.030862,,0,UT25:ST:12281,0,region,region_lignes_regulieres
UT25:12282,VORAY Mairie,47.339458,6.01846,,0,UT25:ST:12282,0,region,region_lignes_regulieres
UT25:12283,VORAY Gymnase,47.346254,6.020187,,0,UT25:ST:12283,0,region,region_lignes_regulieres
UT25:12284,Valentin,47.277535,5.99355,,0,UT25:ST:12284,0,region,region_lignes_regulieres
UT25:12285,RUFFEY-LE-CH. Oratoire,47.283919,5.793511,,0,UT25:ST:12285,0,region,region_lignes_regulieres
UT25:12286,Campus - Crous,47.248563,5.986144,,0,UT25:ST:12286,0,region,region_lignes_regulieres
UT25:12287,Voirin,47.242272,6.013742,,0,UT25:ST:12287,0,region,region_lignes_regulieres
UT25:12331,Rond-point,47.340387,5.701552,,0,UT25:ST:12331,0,region,region_lignes_regulieres
UT25:12367,La Blanchotte,47.10323,5.87753,,0,UT25:ST:12367,0,region,region_lignes_regulieres
UT25:12368,PONT-DE-R. Parvis,47.383449,6.769204,,0,UT25:ST:12368,0,region,region_lignes_regulieres
UT25:12369,FINS Route de Maîche,47.083369,6.635796,,0,UT25:ST:12369,0,region,region_lignes_regulieres
UT25:12370,FONTENELLES Poteau Arrêt Bus,47.199934,6.744321,,0,UT25:ST:12370,0,region,region_lignes_regulieres
UT25:12384,Aire de covoiturage,47.471916,6.097249,,0,UT25:ST:12384,0,region,region_lignes_regulieres
UT25:12412,VILLE-DU-P. RD437,47.003002,6.477892,,0,UT25:ST:12412,0,region,region_lignes_regulieres
UT25:12414,Cimetière,47.2488,6.791407,,0,UT25:ST:12414,0,region,region_lignes_regulieres
UT25:12420,La Visitation,47.104401,6.155347,,0,UT25:ST:12420,0,region,region_lignes_regulieres
UT25:12421,La Plante,47.107168,6.147775,,0,UT25:ST:12421,0,region,region_lignes_regulieres
UT25:12435,PEM Gare,47.209087,6.101355,,0,UT25:ST:12435,0,region,region_lignes_regulieres
UT25:12437,PONT-DE-R. Eglise,47.383531,6.769146,,0,UT25:ST:12437,0,region,region_lignes_regulieres
UT25:12439,Maison de Santé,47.1013,5.886106,,0,UT25:ST:12439,0,region,region_lignes_regulieres
UT39:00007,Gare S.N.C.F,46.198806,5.215562,,0,UT39:ST:00007,0,region,region_lignes_regulieres
UT39:00029,Village,46.367231,5.994941,,0,UT39:ST:00029,0,region,region_lignes_regulieres
UT39:00036,Village,46.289479,5.295291,,0,UT39:ST:00036,0,region,region_lignes_regulieres
UT39:00038,CarfRD28/RD1083,46.329392,5.313326,,0,UT39:ST:00038,0,region,region_lignes_regulieres
UT39:00039,Ecole,46.345863,5.320709,,0,UT39:ST:00039,0,region,region_lignes_regulieres
UT39:00070,Abribus,46.852632,5.932593,,0,UT39:ST:00070,0,region,region_lignes_regulieres
UT39:00082,Rte Dole,46.913979,5.757661,,0,UT39:ST:00082,0,region,region_lignes_regulieres
UT39:00084,La Foule,46.904578,5.772046,,0,UT39:ST:00084,0,region,region_lignes_regulieres
UT39:00128,ASNANS Chemin de la Croze,46.946657,5.414164,,0,UT39:ST:00128,0,region,region_lignes_regulieres
UT39:00144,RD1083,46.555392,5.406375,,0,UT39:ST:00144,0,region,region_lignes_regulieres
UT39:00147,Place,47.017237,5.582976,,0,UT39:ST:00147,0,region,region_lignes_regulieres
UT39:00150,RD905,46.910641,5.632228,,0,UT39:ST:00150,0,region,region_lignes_regulieres
UT39:00167,RD1083,46.458443,5.354528,,0,UT39:ST:00167,0,region,region_lignes_regulieres
UT39:00169,Rue des Tilleuls,46.984534,5.584609,,0,UT39:ST:00169,0,region,region_lignes_regulieres
UT39:00170,Mairie,46.981122,5.58083,,0,UT39:ST:00170,0,region,region_lignes_regulieres
UT39:00185,BEAUFORT Place du Souvenir,46.574849,5.436217,,0,UT39:ST:00185,0,region,region_lignes_regulieres
UT39:00198,Rue du Val d'Amour,47.015547,5.594162,,0,UT39:ST:00198,0,region,region_lignes_regulieres
UT39:00214,Champ de Foire,46.746128,5.456859,,0,UT39:ST:00214,1,region,region_lignes_regulieres
UT39:00215,Collège,46.7436,5.457362,,0,UT39:ST:00215,0,region,region_lignes_regulieres
UT39:00223,Frontière,46.545957,6.155463,,0,UT39:ST:00223,0,region,region_lignes_regulieres
UT39:00224,L'Auvergne,46.522363,6.124892,,0,UT39:ST:00224,0,region,region_lignes_regulieres
UT39:00226,Le Renouveau,46.539577,6.138175,,0,UT39:ST:00226,0,region,region_lignes_regulieres
UT39:00227,Le Vivier,46.522388,6.109967,,0,UT39:ST:00227,0,region,region_lignes_regulieres
UT39:00228,Meuniers,46.52917,6.133291,,0,UT39:ST:00228,0,region,region_lignes_regulieres
UT39:00229,Salle Polyvalente,46.537599,6.137248,,0,UT39:ST:00229,0,region,region_lignes_regulieres
UT39:00230,Ski Vandel,46.538882,6.145832,,0,UT39:ST:00230,0,region,region_lignes_regulieres
UT39:00231,1132 Rue Franche-Com,46.525642,6.128807,,0,UT39:ST:00231,0,region,region_lignes_regulieres
UT39:00237,3593 Rue Franche-Com,46.54272,6.151112,,0,UT39:ST:00237,0,region,region_lignes_regulieres
UT39:00241,Carrefour RD678,46.589152,5.730162,,0,UT39:ST:00241,0,region,region_lignes_regulieres
UT39:00246,Village,46.600483,5.854081,,0,UT39:ST:00246,0,region,region_lignes_regulieres
UT39:00264,Cote Belettes,46.916495,5.88683,,0,UT39:ST:00264,0,region,region_lignes_regulieres
UT39:00297,RD1083,46.625439,5.488028,,0,UT39:ST:00297,0,region,region_lignes_regulieres
UT39:00299,(LA) Grande Ru,46.926102,5.442497,,0,UT39:ST:00299,0,region,region_lignes_regulieres
UT39:00321,Collège Louataux,46.73296,5.926755,,0,UT39:ST:00321,1,region,region_lignes_regulieres
UT39:00326,Gare,46.749089,5.910165,,0,UT39:ST:00326,1,region,region_lignes_regulieres
UT39:00332,Lycée P. E. Victor,46.743562,5.922821,,0,UT39:ST:00332,1,region,region_lignes_regulieres
UT39:00333,Place Prost Chalet,46.746958,5.909139,,0,UT39:ST:00333,1,region,region_lignes_regulieres
UT39:00338,Oppidum,46.747091,5.910576,,0,UT39:ST:00338,1,region,region_lignes_regulieres
UT39:00358,Ecole,46.802424,5.377551,,0,UT39:ST:00358,0,region,region_lignes_regulieres
UT39:00379,Mairie,46.465836,5.713395,,0,UT39:ST:00379,0,region,region_lignes_regulieres
UT39:00390,CHASSAGNE (LA) RD468,46.863561,5.450189,,0,UT39:ST:00390,0,region,region_lignes_regulieres
UT39:00411,Ecole,46.846531,5.477889,,0,UT39:ST:00411,0,region,region_lignes_regulieres
UT39:00412,Pompiers,46.84694,5.478144,,0,UT39:ST:00412,0,region,region_lignes_regulieres
UT39:00427,Place Gare,46.966803,5.415037,,0,UT39:ST:00427,0,region,region_lignes_regulieres
UT39:00428,Gendarmerie,46.968457,5.40784,,0,UT39:ST:00428,1,region,region_lignes_regulieres
UT39:00431,Framboisy,46.958873,5.406316,,0,UT39:ST:00431,0,region,region_lignes_regulieres
UT39:00432,La Villeneuve,46.970414,5.400219,,0,UT39:ST:00432,0,region,region_lignes_regulieres
UT39:00443,CHAUX DU DOMBIEF (LA) RD678,46.604916,5.903368,,0,UT39:ST:00443,0,region,region_lignes_regulieres
UT39:00448,Val D'Héry,46.901413,5.890339,,0,UT39:ST:00448,0,region,region_lignes_regulieres
UT39:00494,CLAIRVAUX Gendarmerie,46.581053,5.747232,,0,UT39:ST:00494,0,region,region_lignes_regulieres
UT39:00495,CLAIRVAUX Mairie,46.576164,5.751118,,0,UT39:ST:00495,0,region,region_lignes_regulieres
UT39:00498,Place,46.581103,5.758332,,0,UT39:ST:00498,0,region,region_lignes_regulieres
UT39:00510,Car. De la Potière,46.818532,5.453578,,0,UT39:ST:00510,0,region,region_lignes_regulieres
UT39:00511,Rue des Combes,46.802333,5.451586,,0,UT39:ST:00511,0,region,region_lignes_regulieres
UT39:00520,Le Villarnier,46.787391,5.446973,,0,UT39:ST:00520,0,region,region_lignes_regulieres
UT39:00527,Village,46.654591,5.59837,,0,UT39:ST:00527,0,region,region_lignes_regulieres
UT39:00562,La Grenette,46.53294,5.391928,,0,UT39:ST:00562,1,region,region_lignes_regulieres
UT39:00564,Abribus,46.510283,5.704581,,0,UT39:ST:00564,0,region,region_lignes_regulieres
UT39:00571,CRANCOT Village,46.68777,5.660274,,0,UT39:ST:00571,1,region,region_lignes_regulieres
UT39:00587,Mairie,46.75112,5.813831,,0,UT39:ST:00587,0,region,region_lignes_regulieres
UT39:00636,DESCHAUX (LE) Salle des Fêtes,46.950115,5.502164,,0,UT39:ST:00636,0,region,region_lignes_regulieres
UT39:00647A,Av. de Lahr,47.090476,5.496935,,0,UT39:ST:00647,0,region,region_lignes_regulieres
UT39:00647R,Av. de Lahr,47.090632,5.497001,,0,UT39:ST:00647,0,region,region_lignes_regulieres
UT39:00648,CES Bastié,47.083623,5.470769,,0,UT39:ST:00648,0,region,region_lignes_regulieres
UT39:00653,Gare Routière,47.096476,5.490328,,0,UT39:ST:00653,0,region,region_lignes_regulieres
UT39:00660,Duhamel,47.081821,5.473115,,0,UT39:ST:00660,0,region,region_lignes_regulieres
UT39:00670,Théatre,47.091335,5.488186,,0,UT39:ST:00670,0,region,region_lignes_regulieres
UT39:00679,DOMPIERRE/MONT Place Eglise,46.559761,5.610466,,0,UT39:ST:00679,0,region,region_lignes_regulieres
UT39:00707,ESSARDS TAIGNEVAUX (LES) Mairie,46.911052,5.418761,,0,UT39:ST:00707,0,region,region_lignes_regulieres
UT39:00730,FERTE (LA) Chalet,46.943325,5.65733,,0,UT39:ST:00730,0,region,region_lignes_regulieres
UT39:00800,CFA,46.642529,5.502185,,0,UT39:ST:00800,0,region,region_lignes_regulieres
UT39:00876,Ecole,46.374879,5.972402,,0,UT39:ST:00876,0,region,region_lignes_regulieres
UT39:00878,Combe du Lac,46.401164,5.985953,,0,UT39:ST:00878,0,region,region_lignes_regulieres
UT39:00890,Village,46.394436,5.967777,,0,UT39:ST:00890,0,region,region_lignes_regulieres
UT39:00895,Rue de la Gare,46.71697,5.473442,,0,UT39:ST:00895,0,region,region_lignes_regulieres
UT39:00901,Village,46.710084,5.467694,,0,UT39:ST:00901,0,region,region_lignes_regulieres
UT39:00910,LAVANS-ST-CLAUDE Bourg Dessus,46.385447,5.779921,,0,UT39:ST:00910,0,region,region_lignes_regulieres
UT39:00914,LAVANS-ST-CLAUDE Eglise,46.384084,5.781859,,0,UT39:ST:00914,1,region,region_lignes_regulieres
UT39:00952,LONGWY Eglise,46.95762,5.372115,,0,UT39:ST:00952,0,region,region_lignes_regulieres
UT39:00958,LONS Avenue Jean Moulin,46.673123,5.558232,,0,UT39:ST:00958,0,region,region_lignes_regulieres
UT39:00959,LONS Avenue de la Marseillaise,46.6725,5.555493,,0,UT39:ST:00959,0,region,region_lignes_regulieres
UT39:00960,LONS Avenue Thurel,46.672773,5.553163,,0,UT39:ST:00960,0,region,region_lignes_regulieres
UT39:00962,LONS Collège Briand,46.669924,5.551513,,0,UT39:ST:00962,0,region,region_lignes_regulieres
UT39:00968,LONS Gare,46.66883,5.552423,,0,UT39:ST:00968,1,region,region_lignes_regulieres
UT39:00970,LONS Lycée Montciel,46.672802,5.541643,,0,UT39:ST:00970,0,region,region_lignes_regulieres
UT39:00972,LONS Piscine,46.6846,5.566479,,0,UT39:ST:00972,0,region,region_lignes_regulieres
UT39:00988,LOYE (LA) Place,47.026373,5.558037,,0,UT39:ST:00988,0,region,region_lignes_regulieres
UT39:01022,Molamboz,46.931664,5.677891,,0,UT39:ST:01022,0,region,region_lignes_regulieres
UT39:01024,RD1083,46.566136,5.416773,,0,UT39:ST:01024,0,region,region_lignes_regulieres
UT39:01037,Thuron,46.591762,5.679614,,0,UT39:ST:01037,0,region,region_lignes_regulieres
UT39:01042,MESSIA/SORNE Salle des Fêtes,46.66316,5.522151,,0,UT39:ST:01042,0,region,region_lignes_regulieres
UT39:01043,MESSIA/SORNE Z.I.,46.663234,5.522211,,0,UT39:ST:01043,0,region,region_lignes_regulieres
UT39:01044,Mairie Ecole,46.498831,5.726618,,0,UT39:ST:01044,0,region,region_lignes_regulieres
UT39:01060,Village,46.696381,5.726663,,0,UT39:ST:01060,1,region,region_lignes_regulieres
UT39:01061,Cité Scolaire,46.436251,5.722635,,0,UT39:ST:01061,0,region,region_lignes_regulieres
UT39:01064,Gendarmerie,46.434605,5.725375,,0,UT39:ST:01064,0,region,region_lignes_regulieres
UT39:01065A,Poste,46.428899,5.726077,,0,UT39:ST:01065,1,region,region_lignes_regulieres
UT39:01065R,Poste,46.428797,5.725205,,0,UT39:ST:01065,1,region,region_lignes_regulieres
UT39:01066,Rte Crenans,46.438532,5.722323,,0,UT39:ST:01066,0,region,region_lignes_regulieres
UT39:01114,RD905,46.89664,5.645813,,0,UT39:ST:01114,0,region,region_lignes_regulieres
UT39:01132,Pré de la Tour,46.676669,5.522836,,0,UT39:ST:01132,0,region,region_lignes_regulieres
UT39:01136,Grand Sugny,46.686362,5.506111,,0,UT39:ST:01136,0,region,region_lignes_regulieres
UT39:01139,Pont,46.672969,5.529163,,0,UT39:ST:01139,0,region,region_lignes_regulieres
UT39:01145,MONT S/S VAUDREY Car. Gare,46.982521,5.597874,,0,UT39:ST:01145,0,region,region_lignes_regulieres
UT39:01148,MONT S/S VAUDREY Eglise,46.979068,5.602465,,0,UT39:ST:01148,0,region,region_lignes_regulieres
UT39:01169,Mairie-Eglise,46.5363,6.015862,,0,UT39:ST:01169,0,region,region_lignes_regulieres
UT39:01170,Pont Godard,46.541581,6.017085,,0,UT39:ST:01170,0,region,region_lignes_regulieres
UT39:01179,MOREZ Gare,46.526482,6.023743,,0,UT39:ST:01179,1,region,region_lignes_regulieres
UT39:01180,MOREZ Place Eglise,46.519967,6.023628,,0,UT39:ST:01180,0,region,region_lignes_regulieres
UT39:01182,MOREZ Place LISSAC,46.518039,6.024071,,0,UT39:ST:01182,0,region,region_lignes_regulieres
UT39:01185,Bel Air,46.977934,5.806542,,0,UT39:ST:01185,0,region,region_lignes_regulieres
UT39:01186,Gare,46.97623,5.801104,,0,UT39:ST:01186,0,region,region_lignes_regulieres
UT39:01187,Gymnase Lycée Bois,46.969591,5.795352,,0,UT39:ST:01187,0,region,region_lignes_regulieres
UT39:01207,NANC-ST-AMOUR RD3,46.423457,5.349473,,0,UT39:ST:01207,0,region,region_lignes_regulieres
UT39:01219,NEUBLANS Bas,46.91462,5.328676,,0,UT39:ST:01219,0,region,region_lignes_regulieres
UT39:01222,NEUBLANS Haut,46.907535,5.330646,,0,UT39:ST:01222,0,region,region_lignes_regulieres
UT39:01230A,Place Bascule,47.00235,5.519584,,0,UT39:ST:01230,0,region,region_lignes_regulieres
UT39:01230R,Place Bascule,47.001977,5.52019,,0,UT39:ST:01230,0,region,region_lignes_regulieres
UT39:01250,RD1083,46.581887,5.442675,,0,UT39:ST:01250,0,region,region_lignes_regulieres
UT39:01258,Salle Polyvalente,46.519667,5.610109,,0,UT39:ST:01258,0,region,region_lignes_regulieres
UT39:01266,Eglise,46.994709,5.666316,,0,UT39:ST:01266,0,region,region_lignes_regulieres
UT39:01272,Village,46.970583,5.817632,,0,UT39:ST:01272,0,region,region_lignes_regulieres
UT39:01279A,RD471,46.692842,5.5963,,0,UT39:ST:01279,0,region,region_lignes_regulieres
UT39:01279R,RD471,46.693117,5.596678,,0,UT39:ST:01279,0,region,region_lignes_regulieres
UT39:01283,PASQUIER (LE) Abribus,46.793894,5.901998,,0,UT39:ST:01283,0,region,region_lignes_regulieres
UT39:01284,PASQUIER (LE) Mairie,46.800446,5.904871,,0,UT39:ST:01284,0,region,region_lignes_regulieres
UT39:01288,RD678,46.586659,5.704442,,0,UT39:ST:01288,0,region,region_lignes_regulieres
UT39:01291,Condamine,46.669217,5.574303,,0,UT39:ST:01291,0,region,region_lignes_regulieres
UT39:01295,Centre Commercial,46.670158,5.575827,,0,UT39:ST:01295,0,region,region_lignes_regulieres
UT39:01296,Scierie,46.665836,5.581287,,0,UT39:ST:01296,0,region,region_lignes_regulieres
UT39:01298,Vatagna (Orlong),46.659984,5.590183,,0,UT39:ST:01298,0,region,region_lignes_regulieres
UT39:01309,Eglise,46.935884,5.343148,,0,UT39:ST:01309,0,region,region_lignes_regulieres
UT39:01313,Lavigne,46.939746,5.328865,,0,UT39:ST:01313,0,region,region_lignes_regulieres
UT39:01339,Calvaire,46.918336,5.452173,,0,UT39:ST:01339,0,region,region_lignes_regulieres
UT39:01347,Village,46.595694,5.629531,,0,UT39:ST:01347,0,region,region_lignes_regulieres
UT39:01349,Champ de Foire,46.834428,5.704053,,0,UT39:ST:01349,0,region,region_lignes_regulieres
UT39:01350,Charmilles,46.848047,5.697858,,0,UT39:ST:01350,1,region,region_lignes_regulieres
UT39:01355,Gare,46.844118,5.700316,,0,UT39:ST:01355,1,region,region_lignes_regulieres
UT39:01362,Place,46.585419,5.698253,,0,UT39:ST:01362,0,region,region_lignes_regulieres
UT39:01367,Moutaine,46.898341,5.892693,,0,UT39:ST:01367,0,region,region_lignes_regulieres
UT39:01369,Mairie,46.725167,5.778334,,0,UT39:ST:01369,0,region,region_lignes_regulieres
UT39:01375,Abribus,46.376388,5.76092,,0,UT39:ST:01375,0,region,region_lignes_regulieres
UT39:01427,Salle des Fêtes,46.76218,5.447893,,0,UT39:ST:01427,0,region,region_lignes_regulieres
UT39:01430,Grande Rue,46.761903,5.447832,,0,UT39:ST:01427,0,region,region_lignes_regulieres
UT39:01435,Village,46.635208,5.605158,,0,UT39:ST:01435,0,region,region_lignes_regulieres
UT39:01459,ROUSSES (LES) Collège,46.489489,6.069668,,0,UT39:ST:01459,0,region,region_lignes_regulieres
UT39:01461,ROUSSES (LES) Gouland,46.494461,6.035734,,0,UT39:ST:01461,0,region,region_lignes_regulieres
UT39:01463,ROUSSES (LES) La Cure,46.463538,6.072652,,0,UT39:ST:01463,0,region,region_lignes_regulieres
UT39:01464,ROUSSES (LES) La Cure Douane,46.463564,6.062599,,0,UT39:ST:01464,0,region,region_lignes_regulieres
UT39:01468,ROUSSES (LES) Le Gravier Vandelle,46.50471,6.10403,,0,UT39:ST:01468,0,region,region_lignes_regulieres
UT39:01469,ROUSSES (LES) Le Gravier Lacroix,46.499719,6.099648,,0,UT39:ST:01469,0,region,region_lignes_regulieres
UT39:01471,ROUSSES (LES) Le Noirmont,46.492197,6.092991,,0,UT39:ST:01471,0,region,region_lignes_regulieres
UT39:01477,ROUSSES (LES) Syndic d'Initiative,46.482965,6.061034,,0,UT39:ST:01477,0,region,region_lignes_regulieres
UT39:01485,Place de la Mairie,46.871218,5.429919,,0,UT39:ST:01485,0,region,region_lignes_regulieres
UT39:01488,RD1083,46.610027,5.47333,,0,UT39:ST:01488,0,region,region_lignes_regulieres
UT39:01503,ST AMOUR Av.Gare ,46.434704,5.335105,,0,UT39:ST:01503,0,region,region_lignes_regulieres
UT39:01511,ZI,46.437752,5.33425,,0,UT39:ST:01511,0,region,region_lignes_regulieres
UT39:01522A,Cathédrale,46.386813,5.866371,,0,UT39:ST:01522,0,region,region_lignes_regulieres
UT39:01522R,Cathédrale,46.386972,5.865369,,0,UT39:ST:01522,0,region,region_lignes_regulieres
UT39:01528,Aiglon,46.380338,5.823611,,0,UT39:ST:01528,0,region,region_lignes_regulieres
UT39:01529,Faubourg école,46.385632,5.86235,,0,UT39:ST:01529,0,region,region_lignes_regulieres
UT39:01534,Cité scolaire Pré St Sauveur,46.38072,5.869272,,0,UT39:ST:01534,0,region,region_lignes_regulieres
UT39:01538,Pont Cimetière,46.384637,5.863707,,0,UT39:ST:01538,0,region,region_lignes_regulieres
UT39:01540,Rochefort,46.377203,5.872823,,0,UT39:ST:01540,0,region,region_lignes_regulieres
UT39:01541,Rue Carnot,46.380932,5.857228,,0,UT39:ST:01541,0,region,region_lignes_regulieres
UT39:01542,Saint Hubert,46.383786,5.87031,,0,UT39:ST:01542,0,region,region_lignes_regulieres
UT39:01543,Gare,46.389862,5.860909,,0,UT39:ST:01543,0,region,region_lignes_regulieres
UT39:01547,Place du 9 avril,46.391358,5.864299,,0,UT39:ST:01547,0,region,region_lignes_regulieres
UT39:01571,SAINT-LAURENT-EN-GDX Gare,46.574908,5.951636,,0,UT39:ST:01571,0,region,region_lignes_regulieres
UT39:01574,SAINT LAURENT EN GDX Ville,46.57613,5.955703,,0,UT39:ST:01574,0,region,region_lignes_regulieres
UT39:01585,SAINT LUPICIN Gertem,46.394727,5.79459,,0,UT39:ST:01585,0,region,region_lignes_regulieres
UT39:01588,SAINT LUPICIN Place Mairie,46.397836,5.793338,,0,UT39:ST:01588,0,region,region_lignes_regulieres
UT39:01602,RD678,46.580156,5.929144,,0,UT39:ST:01602,0,region,region_lignes_regulieres
UT39:01617,Casino,46.938627,5.87748,,0,UT39:ST:01617,0,region,region_lignes_regulieres
UT39:01619,SALINS Faienceries,46.949311,5.872699,,0,UT39:ST:01619,0,region,region_lignes_regulieres
UT39:01622,SALINS Lycée,46.949079,5.882901,,0,UT39:ST:01622,0,region,region_lignes_regulieres
UT39:01624,SALINS Olivet,46.947286,5.877408,,0,UT39:ST:01624,0,region,region_lignes_regulieres
UT39:01625,SALINS Pl. Aubarède,46.932927,5.878559,,0,UT39:ST:01625,0,region,region_lignes_regulieres
UT39:01626,SALINS Pl. Ste Marie,46.929098,5.886987,,0,UT39:ST:01626,0,region,region_lignes_regulieres
UT39:01628,SALINS Ancienne Gare,46.947122,5.878055,,0,UT39:ST:01628,0,region,region_lignes_regulieres
UT39:01657,Poste,46.827464,5.565303,,0,UT39:ST:01657,1,region,region_lignes_regulieres
UT39:01659,SEPTMONCEL Bellecombe,46.378983,5.924376,,0,UT39:ST:01659,0,region,region_lignes_regulieres
UT39:01661,SEPTMONCEL Clavières,46.386855,5.939575,,0,UT39:ST:01661,0,region,region_lignes_regulieres
UT39:01666,SEPTMONCEL L'Evalide,46.359623,5.907915,,0,UT39:ST:01666,0,region,region_lignes_regulieres
UT39:01667,SEPTMONCEL Montépile,46.362864,5.908305,,0,UT39:ST:01667,0,region,region_lignes_regulieres
UT39:01668,SEPTMONCEL Place,46.371248,5.914351,,0,UT39:ST:01668,0,region,region_lignes_regulieres
UT39:01686,RN 63,46.991434,5.558586,,0,UT39:ST:01686,0,region,region_lignes_regulieres
UT39:01687,Poste,46.994351,5.550748,,0,UT39:ST:01687,0,region,region_lignes_regulieres
UT39:01728,TOUR DU MEIX (LA) Ecole-Mairie,46.526666,5.661147,,0,UT39:ST:01728,0,region,region_lignes_regulieres
UT39:01730,TOUR DU MEIX (LA) RD470,46.524947,5.659585,,0,UT39:ST:01730,0,region,region_lignes_regulieres
UT39:01732,Village Parking,46.859956,5.683942,,0,UT39:ST:01732,0,region,region_lignes_regulieres
UT39:01737A,Carf. RD469,46.922676,5.701181,,0,UT39:ST:01737,0,region,region_lignes_regulieres
UT39:01757,Eglise,46.980288,5.621882,,0,UT39:ST:01757,0,region,region_lignes_regulieres
UT39:01759,Pont,46.976938,5.619611,,0,UT39:ST:01759,0,region,region_lignes_regulieres
UT39:01766,Paisia,46.598403,5.459141,,0,UT39:ST:01766,0,region,region_lignes_regulieres
UT39:01767,RD1083,46.59388,5.454064,,0,UT39:ST:01767,0,region,region_lignes_regulieres
UT39:01777,Mairie,46.815341,5.915917,,0,UT39:ST:01777,0,region,region_lignes_regulieres
UT39:01787,VIEILLE LOYE (LA) Mairie,47.04163,5.632191,,0,UT39:ST:01787,0,region,region_lignes_regulieres
UT39:01794A,VILLARD ST SAUVEUR L'Essard,46.370764,5.8752,,0,UT39:ST:01794,0,region,region_lignes_regulieres
UT39:01797,VILLARD ST SAUVEUR Montbrillant Bas,46.368946,5.878199,,0,UT39:ST:01797,0,region,region_lignes_regulieres
UT39:01801,Mairie,46.415445,5.730666,,0,UT39:ST:01801,0,region,region_lignes_regulieres
UT39:01802,Ecole,46.415253,5.734903,,0,UT39:ST:01802,0,region,region_lignes_regulieres
UT39:01830,Eglise,46.736845,5.464433,,0,UT39:ST:01830,0,region,region_lignes_regulieres
UT39:01836,VINCELLES RD1083,46.604566,5.4667,,0,UT39:ST:01836,0,region,region_lignes_regulieres
UT39:01872,Village,46.890951,5.302698,,0,UT39:ST:01872,0,region,region_lignes_regulieres
UT39:01876,Brouchy,46.481993,5.365659,,0,UT39:ST:01876,0,region,region_lignes_regulieres
UT39:01879,Collège,46.498824,5.389443,,0,UT39:ST:01879,0,region,region_lignes_regulieres
UT39:01889,RD1083,46.46944,5.359392,,0,UT39:ST:01889,0,region,region_lignes_regulieres
UT39:01896,Château d'Eau,46.88367,5.267268,,0,UT39:ST:01896,0,region,region_lignes_regulieres
UT39:01915,Bretelle RD1083,46.516623,5.388059,,0,UT39:ST:01915,0,region,region_lignes_regulieres
UT39:01938,Salines,46.936985,5.876186,,0,UT39:ST:01938,0,region,region_lignes_regulieres
UT39:01964,RD 475,46.92238,5.515668,,0,UT39:ST:01964,0,region,region_lignes_regulieres
UT39:03129,Atelier Communal,46.846525,5.479005,,0,UT39:ST:03129,0,region,region_lignes_regulieres
UT39:03174,Av Bad Kreuznach,46.214631,5.242949,,0,UT39:ST:03174,0,region,region_lignes_regulieres
UT39:03179,RD 905,47.023458,5.494643,,0,UT39:ST:03179,0,region,region_lignes_regulieres
UT39:03184,Boulangerie,46.802909,5.451666,,0,UT39:ST:00511,0,region,region_lignes_regulieres
UT39:03186,Avenue Maillot,46.675602,5.529921,,0,UT39:ST:01134,0,region,region_lignes_regulieres
UT39:03188,Pl de la Résistance,46.736977,5.464287,,0,UT39:ST:01830,0,region,region_lignes_regulieres
UT39:03190,Rivoire,46.673583,5.532811,,0,UT39:ST:01139,0,region,region_lignes_regulieres
UT39:03191,MESSIA/SORNE Salle des Fêtes,46.662917,5.521789,,0,UT39:ST:01042,0,region,region_lignes_regulieres
UT39:03192,MESSIA/SORNE Z.I.,46.662909,5.521788,,0,UT39:ST:01043,0,region,region_lignes_regulieres
UT39:03193,CFA,46.641804,5.501612,,0,UT39:ST:00800,0,region,region_lignes_regulieres
UT39:03194,RD1083,46.626021,5.488882,,0,UT39:ST:00297,0,region,region_lignes_regulieres
UT39:03195,RD1083,46.609863,5.473626,,0,UT39:ST:01488,0,region,region_lignes_regulieres
UT39:03196,VINCELLES  RD1083,46.604553,5.467002,,0,UT39:ST:01836,0,region,region_lignes_regulieres
UT39:03197,Paisia,46.598754,5.459808,,0,UT39:ST:01766,0,region,region_lignes_regulieres
UT39:03198,RD 1083,46.594279,5.454719,,0,UT39:ST:01767,0,region,region_lignes_regulieres
UT39:03199,RD1083,46.582231,5.443113,,0,UT39:ST:01250,0,region,region_lignes_regulieres
UT39:03200,BEAUFORT Place du Souvenir,46.574648,5.436218,,0,UT39:ST:00185,0,region,region_lignes_regulieres
UT39:03201,RD1083,46.565952,5.416746,,0,UT39:ST:01024,0,region,region_lignes_regulieres
UT39:03202,RD1083 ,46.555397,5.406936,,0,UT39:ST:00144,0,region,region_lignes_regulieres
UT39:03203,La Grenette,46.532922,5.392016,,0,UT39:ST:00562,1,region,region_lignes_regulieres
UT39:03204,Carr. RD178,46.517138,5.389505,,0,UT39:ST:01915,0,region,region_lignes_regulieres
UT39:03207,Goz,46.481209,5.367117,,0,UT39:ST:01876,0,region,region_lignes_regulieres
UT39:03208,RD1083,46.468392,5.359363,,0,UT39:ST:01889,0,region,region_lignes_regulieres
UT39:03209,RD1083,46.458222,5.354624,,0,UT39:ST:00167,0,region,region_lignes_regulieres
UT39:03210,ST AMOUR Av.Gare,46.434769,5.335377,,0,UT39:ST:01503,0,region,region_lignes_regulieres
UT39:03211,Parking Bolard,46.437756,5.334442,,0,UT39:ST:03211,0,region,region_lignes_regulieres
UT39:03212,Gendarmerie,46.437472,5.343398,,0,UT39:ST:03212,1,region,region_lignes_regulieres
UT39:03213,NANC-ST-AMOUR RD3,46.423317,5.34921,,0,UT39:ST:01207,0,region,region_lignes_regulieres
UT39:03215,Mairie,46.382607,5.345165,,0,UT39:ST:00020,0,region,region_lignes_regulieres
UT39:03217,Eglise,46.345837,5.320695,,0,UT39:ST:03217,0,region,region_lignes_regulieres
UT39:03218,Moulin des Ponts,46.3322,5.314566,,0,UT39:ST:03218,0,region,region_lignes_regulieres
UT39:03220,Alimentec TUB,46.215308,5.243946,,0,UT39:ST:03220,0,region,region_lignes_regulieres
UT39:03227A,Bretelle RD1083,46.539668,5.398222,,0,UT39:ST:03227,0,region,region_lignes_regulieres
UT39:03227R,Bretelle RD1083,46.539779,5.396256,,0,UT39:ST:03227,0,region,region_lignes_regulieres
UT39:03228,Place de Verdun,46.673881,5.559442,,0,UT39:ST:03228,0,region,region_lignes_regulieres
UT39:03267,Mairie,46.871124,5.900008,,0,UT39:ST:03267,0,region,region_lignes_regulieres
UT39:03272,Champ de Foire,46.494276,5.386807,,0,UT39:ST:03272,0,region,region_lignes_regulieres
UT39:03273,Chemin de Ronde,46.493889,5.38639,,0,UT39:ST:03272,0,region,region_lignes_regulieres
UT39:03283,Salle des Fêtes,46.598293,5.643512,,0,UT39:ST:01238,0,region,region_lignes_regulieres
UT39:03287,RD33/D1,46.82761,5.461248,,0,UT39:ST:03287,0,region,region_lignes_regulieres
UT39:03288,Franche Comté,46.438188,5.72275,,0,UT39:ST:01066,0,region,region_lignes_regulieres
UT39:03289,MOIRANS EN MTGNE Voltaire,46.433612,5.724916,,0,UT39:ST:01064,0,region,region_lignes_regulieres
UT39:03291,Mairie,46.724689,5.778043,,0,UT39:ST:01369,0,region,region_lignes_regulieres
UT39:03296,Cité Chabod,46.381043,5.856561,,0,UT39:ST:03296,0,region,region_lignes_regulieres
UT39:03299,MT/VAUDREY Rte Poligny,46.972223,5.604444,,0,UT39:ST:03299,0,region,region_lignes_regulieres
UT39:03301,Carré Amiot,46.207543,5.22793,,0,UT39:ST:03301,0,region,region_lignes_regulieres
UT39:03302,Barges,46.95977,5.836008,,0,UT39:ST:03302,0,region,region_lignes_regulieres
UT39:03337,TOUR-DU-MEIX (LA) Lac de Vouglans,46.519698,5.671232,,0,UT39:ST:03337,0,region,region_lignes_regulieres
UT39:03349,2982 Rue du Vivier,46.519303,6.105909,,0,UT39:ST:03349,0,region,region_lignes_regulieres
UT39:03350,Route de Lyon,46.381027,5.830026,,0,UT39:ST:03350,0,region,region_lignes_regulieres
UT39:03382,Labalme,46.199798,5.225994,,0,UT39:ST:03382,0,region,region_lignes_regulieres
UT39:03405,République,47.326792,5.044192,,0,UT39:ST:03405,0,region,region_lignes_regulieres
UT39:03425,MIGAILLE,46.992146,5.557543,,0,UT39:ST:03425,0,region,region_lignes_regulieres
UT39:03434A,Fac des Sciences,47.315728,5.064753,,0,UT39:ST:03434,0,region,region_lignes_regulieres
UT39:03434R,Fac des Sciences,47.31494,5.064015,,0,UT39:ST:03434,0,region,region_lignes_regulieres
UT39:03439A,VILLARD ST SAUVEUR Montbrillant Haut,46.367906,5.88163,,0,UT39:ST:03439,0,region,region_lignes_regulieres
UT39:03440A,Gare de Dijon-Ville (Tram),47.3237,5.027721,,0,UT39:ST:03440,1,region,region_lignes_regulieres
UT58:00567,L'Huy Moreau,47.041953,3.596607,,0,UT58:ST:00567,0,region,region_lignes_regulieres
UT58:00731,La Chapelle,47.536607,3.034646,,0,UT58:ST:00731,0,region,region_lignes_regulieres
UT58:01036,Petit Lugues,46.954152,3.406167,,0,UT58:ST:01036,0,region,region_lignes_regulieres
UT58:01192,Agland RD,47.06485,3.4344,,0,UT58:ST:01192,0,region,region_lignes_regulieres
UT58:01218,Forges,47.482695,3.202235,,0,UT58:ST:01218,0,region,region_lignes_regulieres
UT58:01323,LA CELLE S/LOIRE Le Carroué,47.48894,2.930387,,0,UT58:ST:01323,0,region,region_lignes_regulieres
UT58:01337,LA CELLE S/LOIRE La Girafe,47.487096,2.922487,,0,UT58:ST:01337,0,region,region_lignes_regulieres
UT58:01544,Mairie,46.840966,3.510875,,0,UT58:ST:01544,1,region,region_lignes_regulieres
UT58:01558,La Copine,46.841014,3.487301,,0,UT58:ST:01558,0,region,region_lignes_regulieres
UT58:01605,Le Grand Soury,47.155021,3.086681,,0,UT58:ST:01605,0,region,region_lignes_regulieres
UT58:01915,Frasnay,47.057847,3.677959,,0,UT58:ST:01915,0,region,region_lignes_regulieres
UT58:01956,Le Chazeau,47.112528,3.099544,,0,UT58:ST:01956,0,region,region_lignes_regulieres
UT58:02219,Moulot,47.453567,3.470729,,0,UT58:ST:02219,0,region,region_lignes_regulieres
UT58:02222,Pressures,47.448165,3.491466,,0,UT58:ST:02222,0,region,region_lignes_regulieres
UT58:02378,COSNE/LOIRE Les Sajots,47.358382,2.907316,,0,UT58:ST:02378,0,region,region_lignes_regulieres
UT58:02382,COSNE/LOIRE Villefroide,47.350153,2.893121,,0,UT58:ST:02382,0,region,region_lignes_regulieres
UT58:02429,COSNE/LOIRE Le Chat,47.372417,2.901949,,0,UT58:ST:02429,0,region,region_lignes_regulieres
UT58:02530,COULANGES LES N. Chaume Cul Rond,47.015826,3.205906,,0,UT58:ST:02530,0,region,region_lignes_regulieres
UT58:02548,COULANGES LES N. Pont St Ours,47.019545,3.209274,,0,UT58:ST:02548,0,region,region_lignes_regulieres
UT58:03043,Rte de Dardault,46.856208,3.365949,,0,UT58:ST:03043,0,region,region_lignes_regulieres
UT58:03146,ENTRAINS S/NOHAIN place St Cyr,47.463913,3.258296,,0,UT58:ST:03146,0,region,region_lignes_regulieres
UT58:03257,Prye,46.947865,3.310619,,0,UT58:ST:03257,0,region,region_lignes_regulieres
UT58:03266,Thiernay,46.956803,3.342873,,0,UT58:ST:03266,0,region,region_lignes_regulieres
UT58:03270,Le Champ Billard,46.961472,3.327548,,0,UT58:ST:03270,0,region,region_lignes_regulieres
UT58:03316,Pont Boudot,46.798735,3.913673,,0,UT58:ST:03316,0,region,region_lignes_regulieres
UT58:03502,Mairie,47.263299,3.07028,,0,UT58:ST:03502,0,region,region_lignes_regulieres
UT58:03509,Maizières,47.294712,3.036174,,0,UT58:ST:03509,0,region,region_lignes_regulieres
UT58:03515,Vesvres,47.269656,3.059691,,0,UT58:ST:03515,0,region,region_lignes_regulieres
UT58:03586,Gipy,47.203139,3.358266,,0,UT58:ST:03586,0,region,region_lignes_regulieres
UT58:03592,Montigny,47.229291,3.36232,,0,UT58:ST:03592,0,region,region_lignes_regulieres
UT58:03665,Gare,47.091766,3.195483,,0,UT58:ST:03665,0,region,region_lignes_regulieres
UT58:03939,Pannecot,46.956122,3.748106,,0,UT58:ST:03939,0,region,region_lignes_regulieres
UT58:04393,Bailly,47.295009,3.739494,,0,UT58:ST:04393,0,region,region_lignes_regulieres
UT58:04509,Sauvigny,47.291815,3.647972,,0,UT58:ST:04509,0,region,region_lignes_regulieres
UT58:04574,le Grand Massé,47.061617,3.756875,,0,UT58:ST:04574,0,region,region_lignes_regulieres
UT58:04818,Pouligny,46.893473,3.720412,,0,UT58:ST:04818,0,region,region_lignes_regulieres
UT58:04867,MONTIGNY/AMOGNES Meulot,47.028059,3.271591,,0,UT58:ST:04867,0,region,region_lignes_regulieres
UT58:04868,MONTIGNY/AMOGNES Petit Noilles,47.019967,3.306818,,0,UT58:ST:04868,0,region,region_lignes_regulieres
UT58:05281,Bourg,47.361181,3.747381,,0,UT58:ST:05281,0,region,region_lignes_regulieres
UT58:05352,NEUVY/LOIRE Les Pelus,47.51177,2.893605,,0,UT58:ST:05352,0,region,region_lignes_regulieres
UT58:05367,Banlay,47.003554,3.159226,,0,UT58:ST:05367,1,region,region_lignes_regulieres
UT58:05368,Gares,46.988634,3.15049,,0,UT58:ST:05368,1,region,region_lignes_regulieres
UT58:05377,Blaise Pascal,46.998995,3.159756,,0,UT58:ST:05377,0,region,region_lignes_regulieres
UT58:05385,Saint Fiacre,46.985923,3.199311,,0,UT58:ST:05385,0,region,region_lignes_regulieres
UT58:05461,Bourg,47.383276,3.69227,,0,UT58:ST:05461,0,region,region_lignes_regulieres
UT58:05706,Les Champs Martins,47.103639,3.205705,,0,UT58:ST:05706,0,region,region_lignes_regulieres
UT58:05726,Thou,47.125989,3.239796,,0,UT58:ST:05726,0,region,region_lignes_regulieres
UT58:05810,Le Chaillou,47.158844,3.299857,,0,UT58:ST:05810,0,region,region_lignes_regulieres
UT58:05817,Doudoye,47.185861,3.353712,,0,UT58:ST:05817,0,region,region_lignes_regulieres
UT58:05910,Pète-loup,47.170869,3.094733,,0,UT58:ST:05910,0,region,region_lignes_regulieres
UT58:06141,ST ANDELAIN  Mairie,47.307473,2.960703,,0,UT58:ST:06141,0,region,region_lignes_regulieres
UT58:06142,ST ANDELAIN Les Berthiers,47.307492,2.948706,,0,UT58:ST:06142,0,region,region_lignes_regulieres
UT58:06145,ST ANDELAIN Bouchot,47.289839,2.972303,,0,UT58:ST:06145,0,region,region_lignes_regulieres
UT58:06148,ST ANDELAIN Chambeau,47.311946,2.99832,,0,UT58:ST:06148,0,region,region_lignes_regulieres
UT58:06208,ST BENIN D'AZY Gendarmerie,47.000022,3.39439,,0,UT58:ST:06208,1,region,region_lignes_regulieres
UT58:06476,ST HILAIRE/MORVAN Croix Chaligny,47.064137,3.887953,,0,UT58:ST:06476,0,region,region_lignes_regulieres
UT58:06477,ST HILAIRE EN MORVAN La Détorbe,47.068456,3.901909,,0,UT58:ST:06477,0,region,region_lignes_regulieres
UT58:06586,ST JEAN/AMOGNES Cougny,47.00338,3.353561,,0,UT58:ST:06586,0,region,region_lignes_regulieres
UT58:06602,ST JEAN/AMOGNES St Péraville,47.002365,3.329235,,0,UT58:ST:06602,0,region,region_lignes_regulieres
UT58:06606,ST LAURENT L'ABBAYE Mairie,47.343098,2.990019,,0,UT58:ST:06606,0,region,region_lignes_regulieres
UT58:06746,ST MARTIN D'HEUILLE Gué dHeuillon,47.044787,3.213823,,0,UT58:ST:06746,0,region,region_lignes_regulieres
UT58:06771,ST MARTIN/NOHAIN Breuillard,47.354115,2.964942,,0,UT58:ST:06771,0,region,region_lignes_regulieres
UT58:06778,ST MARTIN/NOHAIN Moussard,47.345569,2.964407,,0,UT58:ST:06778,0,region,region_lignes_regulieres
UT58:06950,ST PERE Moulin L'Eveque,47.399672,2.954156,,0,UT58:ST:06950,0,region,region_lignes_regulieres
UT58:06966,ST PEREUSE Bucherolles,47.060221,3.788115,,0,UT58:ST:06966,0,region,region_lignes_regulieres
UT58:06973,ST PEREUSE Le Chemin,47.055352,3.816013,,0,UT58:ST:06973,0,region,region_lignes_regulieres
UT58:06974,ST PEREUSE Coeurty,47.059717,3.804267,,0,UT58:ST:06974,0,region,region_lignes_regulieres
UT58:07086,ST QUENTIN SUR NOHAIN Chaume,47.31348,3.027492,,0,UT58:ST:07086,0,region,region_lignes_regulieres
UT58:07199,ST SULPICE Mantelet,47.045399,3.365549,,0,UT58:ST:07199,0,region,region_lignes_regulieres
UT58:07294,Forges,46.983678,3.238024,,0,UT58:ST:07294,0,region,region_lignes_regulieres
UT58:07506,Le Petit Sichamps,47.158141,3.289658,,0,UT58:ST:07506,0,region,region_lignes_regulieres
UT58:07530,SOUGY/LOIRE La Mouillé,46.847502,3.403937,,0,UT58:ST:07530,0,region,region_lignes_regulieres
UT58:07538,SOUGY/LOIRE L'Usage,46.853181,3.397738,,0,UT58:ST:07538,0,region,region_lignes_regulieres
UT58:07613,Bourg,47.054976,3.720391,,0,UT58:ST:07613,0,region,region_lignes_regulieres
UT58:07894,Boisfleury,47.333764,2.952521,,0,UT58:ST:07894,0,region,region_lignes_regulieres
UT58:07901,Fontenille,47.344286,2.937558,,0,UT58:ST:07901,0,region,region_lignes_regulieres
UT58:07907,Maltaverne,47.334602,2.925474,,0,UT58:ST:07907,0,region,region_lignes_regulieres
UT58:07911,La Roche,47.340574,2.884421,,0,UT58:ST:07911,0,region,region_lignes_regulieres
UT58:07991,Le Champaul,47.077747,3.195455,,0,UT58:ST:07991,0,region,region_lignes_regulieres
UT58:07995,Demeurs,47.072909,3.196978,,0,UT58:ST:07995,0,region,region_lignes_regulieres
UT58:08001,Le Greux,47.061084,3.204594,,0,UT58:ST:08001,0,region,region_lignes_regulieres
UT58:08041,La Gare,46.905223,3.735192,,0,UT58:ST:08041,0,region,region_lignes_regulieres
UT58:08217,Les Barbiers,46.873332,3.584935,,0,UT58:ST:08217,0,region,region_lignes_regulieres
UT58:08330,VILLAPOURCON L'Haut de l'Arche,46.913981,3.978703,,0,UT58:ST:08330,0,region,region_lignes_regulieres
UT58:08884,Mairie,47.052187,3.655605,,0,UT58:ST:08884,0,region,region_lignes_regulieres
UT58:08933,COULANGES LES N. Jean Macé,47.004109,3.185823,,0,UT58:ST:08933,1,region,region_lignes_regulieres
UT58:08955,ST ELOI Place de l'Eglise,46.97365,3.22145,,0,UT58:ST:08955,0,region,region_lignes_regulieres
UT58:09179,Petits Champs,46.92258,3.26882,,0,UT58:ST:09179,0,region,region_lignes_regulieres
UT58:09212,CHATEAU CH VILLE Collège,47.057585,3.931683,,0,UT58:ST:09212,0,region,region_lignes_regulieres
UT58:09306,Criens RD 978,47.00968,3.481577,,0,UT58:ST:09306,0,region,region_lignes_regulieres
UT58:09308,Eglise,46.861053,3.557606,,0,UT58:ST:09308,0,region,region_lignes_regulieres
UT58:09328,Gare,47.433838,3.413778,,0,UT58:ST:09328,0,region,region_lignes_regulieres
UT58:09356,Gare SNCF,47.466704,3.521017,,0,UT58:ST:09356,1,region,region_lignes_regulieres
UT58:09357,Champ de Foire,46.830269,3.461939,,0,UT58:ST:09357,0,region,region_lignes_regulieres
UT58:09358,Cité Scolaire,46.828496,3.447195,,0,UT58:ST:09358,0,region,region_lignes_regulieres
UT58:09359,Hôpital,46.822943,3.452244,,0,UT58:ST:09359,0,region,region_lignes_regulieres
UT58:09360,CHATEAU CH VILLE Place Notre Dame,47.063091,3.933863,,0,UT58:ST:09360,0,region,region_lignes_regulieres
UT58:09374,Grand Champ,47.04168,3.571003,,0,UT58:ST:09374,0,region,region_lignes_regulieres
UT58:09375,Résistance,46.992523,3.160004,,0,UT58:ST:09375,0,region,region_lignes_regulieres
UT58:09376,Place de Verdun,46.991479,3.156544,,0,UT58:ST:09376,1,region,region_lignes_regulieres
UT58:09380,Champ de Foire,47.254468,3.6825,,0,UT58:ST:09380,0,region,region_lignes_regulieres
UT58:09383,Conseuille,47.016117,3.508607,,0,UT58:ST:09383,0,region,region_lignes_regulieres
UT58:09388,Petit Canal,46.989342,3.187021,,0,UT58:ST:09388,1,region,region_lignes_regulieres
UT58:09400,Gare SNCF,46.858778,3.648109,,0,UT58:ST:09400,0,region,region_lignes_regulieres
UT58:09402,Place Vallendar,46.869723,3.642804,,0,UT58:ST:09402,0,region,region_lignes_regulieres
UT58:09404,L'Usage,46.866545,3.569861,,0,UT58:ST:09404,0,region,region_lignes_regulieres
UT58:09408,Centre commercial,46.835605,3.47073,,0,UT58:ST:09408,0,region,region_lignes_regulieres
UT58:09427,COULANGES LES N. Grands Prés,47.000802,3.177459,,0,UT58:ST:09427,1,region,region_lignes_regulieres
UT58:09431,Bourg,47.362328,3.67274,,0,UT58:ST:09431,0,region,region_lignes_regulieres
UT58:09432,Bourg,47.382753,3.669211,,0,UT58:ST:09432,0,region,region_lignes_regulieres
UT58:09438,Collège,47.455961,3.529333,,0,UT58:ST:09438,0,region,region_lignes_regulieres
UT58:09443,Boule Blanche,46.886869,3.463979,,0,UT58:ST:09443,0,region,region_lignes_regulieres
UT58:09445,ST LEGER DES VIGNES Château,46.841718,3.454618,,0,UT58:ST:09445,0,region,region_lignes_regulieres
UT58:09446,ST LEGER DES VIGNES Mairie,46.83854,3.451091,,0,UT58:ST:09446,0,region,region_lignes_regulieres
UT58:09457,Square Lamartine,46.92601,3.264426,,0,UT58:ST:09457,0,region,region_lignes_regulieres
UT58:09461,Gare,47.354637,3.384753,,0,UT58:ST:09461,0,region,region_lignes_regulieres
UT58:09463,College Victor Hugo,46.994393,3.153522,,0,UT58:ST:09463,1,region,region_lignes_regulieres
UT58:09468,Cimetière,47.179606,3.337045,,0,UT58:ST:09468,0,region,region_lignes_regulieres
UT58:09469,Le Royal,47.172861,3.328121,,0,UT58:ST:09469,0,region,region_lignes_regulieres
UT58:09472,Eglise,47.176721,3.330997,,0,UT58:ST:09472,0,region,region_lignes_regulieres
UT58:09474,Les Boirats,47.096118,3.199018,,0,UT58:ST:09474,0,region,region_lignes_regulieres
UT58:09481,Place des Charmilles,46.996931,3.164073,,0,UT58:ST:09481,0,region,region_lignes_regulieres
UT58:09502,Place du Mouesse,46.9889,3.175124,,0,UT58:ST:09502,1,region,region_lignes_regulieres
UT58:09577,CHARITE S/LOIRE Gare SNCF,47.17961,3.023317,,0,UT58:ST:09577,0,region,region_lignes_regulieres
UT58:09585,Gare,46.793968,3.969217,,0,UT58:ST:09585,0,region,region_lignes_regulieres
UT58:09591,Gare SNCF,46.933387,3.260017,,0,UT58:ST:09591,1,region,region_lignes_regulieres
UT58:09878,Place Pouyat,46.817121,3.721047,,0,UT58:ST:09878,0,region,region_lignes_regulieres
UT58:09923,ST SAULGE LP Coeur de Nièvre,47.104798,3.514343,,0,UT58:ST:09923,0,region,region_lignes_regulieres
UT58:09928,Pl. des Jeux,47.459565,3.52083,,0,UT58:ST:09928,0,region,region_lignes_regulieres
UT58:09929,Hôpital,47.452742,3.509792,,0,UT58:ST:09929,0,region,region_lignes_regulieres
UT58:10164,ST BENIN D'AZY Maison de retraite,47.001906,3.396961,,0,UT58:ST:10164,0,region,region_lignes_regulieres
UT58:10346,ST BENIN D'AZY Gambetta,47.003395,3.391311,,0,UT58:ST:10346,0,region,region_lignes_regulieres
UT58:10382,CHATEAU CH VILLE Lycées,47.059602,3.937718,,0,UT58:ST:10382,0,region,region_lignes_regulieres
UT58:10389,Place Gambetta,47.371121,3.128483,,0,UT58:ST:10389,0,region,region_lignes_regulieres
UT58:10390,Supermarché,47.370103,3.115324,,0,UT58:ST:10390,0,region,region_lignes_regulieres
UT58:10568,Pourcelanges,47.163282,3.307547,,0,UT58:ST:10568,0,region,region_lignes_regulieres
UT58:10610,Edouard Vaillant,46.937565,3.257864,,0,UT58:ST:10610,0,region,region_lignes_regulieres
UT58:10685,College,46.986521,3.806605,,0,UT58:ST:10685,0,region,region_lignes_regulieres
UT58:10710,ST SAULGE Pl. de l'Hotel de Ville,47.103338,3.512164,,0,UT58:ST:10710,0,region,region_lignes_regulieres
UT58:10719,Foyers des Marizys,46.892148,3.473574,,0,UT58:ST:10719,0,region,region_lignes_regulieres
UT58:10720,Les Baraques,46.894296,3.461018,,0,UT58:ST:10720,0,region,region_lignes_regulieres
UT58:10728,Misset,47.4572,3.516178,,0,UT58:ST:10728,0,region,region_lignes_regulieres
UT58:10729,Route de Vilaine,47.365664,3.384978,,0,UT58:ST:10729,0,region,region_lignes_regulieres
UT58:10732,Carrefour du Mouësse,46.98974,3.168845,,0,UT58:ST:10732,1,region,region_lignes_regulieres
UT58:10733,Eperon,46.989508,3.178494,,0,UT58:ST:10733,1,region,region_lignes_regulieres
UT58:10734,Chapelle,46.989921,3.183739,,0,UT58:ST:10734,1,region,region_lignes_regulieres
UT58:10735,La Baratte,46.98817,3.191195,,0,UT58:ST:10735,0,region,region_lignes_regulieres
UT58:10736,Les Sablons,46.986961,3.19561,,0,UT58:ST:10736,0,region,region_lignes_regulieres
UT58:10737,Centre de vie,46.918689,3.275689,,0,UT58:ST:10737,0,region,region_lignes_regulieres
UT58:10739,Grands Champs,46.924596,3.273729,,0,UT58:ST:10739,0,region,region_lignes_regulieres
UT58:10740,Résidence Bérégovoy,46.926102,3.27213,,0,UT58:ST:10740,0,region,region_lignes_regulieres
UT58:10741,Collège Louis Aragon,46.930252,3.26695,,0,UT58:ST:10741,0,region,region_lignes_regulieres
UT58:10746,Square PV Couturier,46.891195,3.459112,,0,UT58:ST:10746,0,region,region_lignes_regulieres
UT58:10747,La Meule,46.893317,3.451369,,0,UT58:ST:10747,0,region,region_lignes_regulieres
UT58:10798,Pont Bulvin,46.805452,3.807077,,0,UT58:ST:10798,0,region,region_lignes_regulieres
UT58:10848,COULANGES LES N. Rue des Filles,47.001802,3.180258,,0,UT58:ST:10848,1,region,region_lignes_regulieres
UT58:10850,St Exupéry,47.004222,3.155991,,0,UT58:ST:10850,1,region,region_lignes_regulieres
UT58:10903,Auchan,47.457092,3.509084,,0,UT58:ST:10903,0,region,region_lignes_regulieres
UT58:10905,Leclerc,47.472833,3.52072,,0,UT58:ST:10905,0,region,region_lignes_regulieres
UT58:10924,Champ de la Croix,47.083458,3.192732,,0,UT58:ST:10924,0,region,region_lignes_regulieres
UT58:10945,Gustave Flaubert,46.9989,3.164618,,0,UT58:ST:10945,0,region,region_lignes_regulieres
UT58:11009,COSNE/LOIRE Hotel de Ville,47.410197,2.924564,,0,UT58:ST:11009,0,region,region_lignes_regulieres
UT58:11033,Tonkin,46.991503,3.170432,,0,UT58:ST:11033,0,region,region_lignes_regulieres
UT58:11034,Roger Salengro,46.992218,3.153297,,0,UT58:ST:11034,1,region,region_lignes_regulieres
UT58:11038,Colbert,46.995363,3.157833,,0,UT58:ST:11038,1,region,region_lignes_regulieres
UT58:11055,ST ANDELAIN Soumard,47.322956,2.979763,,0,UT58:ST:11055,0,region,region_lignes_regulieres
UT58:11095,Croix de Chailloux,46.928375,3.270046,,0,UT58:ST:11095,0,region,region_lignes_regulieres
UT58:11115,Monument,47.055362,3.659103,,0,UT58:ST:11115,0,region,region_lignes_regulieres
UT58:11138,SOUGY/LOIRE Tinte,46.833091,3.390818,,0,UT58:ST:11138,0,region,region_lignes_regulieres
UT58:11184,RD978/RD291,47.06577,3.846866,,0,UT58:ST:11184,0,region,region_lignes_regulieres
UT58:11246,Place du Champ de Foire,46.790214,3.968981,,0,UT58:ST:11246,0,region,region_lignes_regulieres
UT58:11266,Place du Marché,47.086717,3.193565,,0,UT58:ST:11266,0,region,region_lignes_regulieres
UT58:11267,Mairie,47.08759,3.193788,,0,UT58:ST:11267,0,region,region_lignes_regulieres
UT58:11268,Gare SNCF,46.837254,3.46734,,0,UT58:ST:11268,0,region,region_lignes_regulieres
UT58:11269,Caserne Pompiers,46.894548,3.467894,,0,UT58:ST:11269,0,region,region_lignes_regulieres
UT58:11277,La Poste,47.377246,3.784423,,0,UT58:ST:11277,0,region,region_lignes_regulieres
UT58:11278,Champ de foire / RD951,47.463534,3.741675,,0,UT58:ST:11278,0,region,region_lignes_regulieres
UT58:11341,CHATEAU CH VILLE Lidl,47.055476,3.935671,,0,UT58:ST:11341,0,region,region_lignes_regulieres
UT58:11347,Route Buissonniere,47.417513,3.606915,,0,UT58:ST:11347,0,region,region_lignes_regulieres
UT58:11353,Commune,47.096252,3.873247,,0,UT58:ST:11353,0,region,region_lignes_regulieres
UT58:11354,ST HILAIRE EN MORVAN Commune,47.07712,3.888036,,0,UT58:ST:11354,0,region,region_lignes_regulieres
UT58:11355,ST PEREUSE Commune,47.068873,3.804019,,0,UT58:ST:11355,0,region,region_lignes_regulieres
UT58:11356,Commune,47.069519,3.844756,,0,UT58:ST:11356,0,region,region_lignes_regulieres
UT58:11357,ST LEGER DE FOUGERET Commune,47.021623,3.898057,,0,UT58:ST:11357,0,region,region_lignes_regulieres
UT58:11358,Commune,46.949326,3.959748,,0,UT58:ST:11358,0,region,region_lignes_regulieres
UT58:11359,Commune,46.955624,4.031695,,0,UT58:ST:11359,0,region,region_lignes_regulieres
UT58:11360,Commune,47.005296,3.968352,,0,UT58:ST:11360,0,region,region_lignes_regulieres
UT58:11361,Commune,47.044694,4.021889,,0,UT58:ST:11361,0,region,region_lignes_regulieres
UT58:11362,Commune,47.239026,4.07584,,0,UT58:ST:11362,0,region,region_lignes_regulieres
UT58:11363,Commune,47.215875,4.024455,,0,UT58:ST:11363,0,region,region_lignes_regulieres
UT58:11364,Commune,47.185965,3.945586,,0,UT58:ST:11364,0,region,region_lignes_regulieres
UT58:11365,Commune,47.136368,4.016599,,0,UT58:ST:11365,0,region,region_lignes_regulieres
UT58:11366,Commune,47.106035,4.012362,,0,UT58:ST:11366,0,region,region_lignes_regulieres
UT58:11367,Commune,47.102209,3.948398,,0,UT58:ST:11367,0,region,region_lignes_regulieres
UT58:11369,Commune,47.144321,3.91208,,0,UT58:ST:11369,0,region,region_lignes_regulieres
UT58:11370,Commune,47.144591,3.854412,,0,UT58:ST:11370,0,region,region_lignes_regulieres
UT58:11371,Commune,47.131237,3.82023,,0,UT58:ST:11371,0,region,region_lignes_regulieres
UT58:11372,Commune,46.964194,3.895061,,0,UT58:ST:11372,0,region,region_lignes_regulieres
UT58:11373,Commune,47.023955,3.843494,,0,UT58:ST:11373,0,region,region_lignes_regulieres
UT58:11374,Commune,47.048395,3.782346,,0,UT58:ST:11374,0,region,region_lignes_regulieres
UT58:11375,Commune,46.988499,3.737749,,0,UT58:ST:11375,0,region,region_lignes_regulieres
UT58:11376,Mairie,46.88637,3.746231,,0,UT58:ST:11376,0,region,region_lignes_regulieres
UT58:11377,Commune,46.90169,3.705259,,0,UT58:ST:11377,0,region,region_lignes_regulieres
UT58:11378,Commune,46.91292,3.760812,,0,UT58:ST:11378,0,region,region_lignes_regulieres
UT58:11379,ST HONORE LES BAINS Commune,46.907116,3.835164,,0,UT58:ST:11379,0,region,region_lignes_regulieres
UT58:11380,Commune,46.92199,3.851636,,0,UT58:ST:11380,0,region,region_lignes_regulieres
UT58:11381,Commune,46.877809,4.001705,,0,UT58:ST:11381,0,region,region_lignes_regulieres
UT58:11382,Commune,46.868069,4.070215,,0,UT58:ST:11382,0,region,region_lignes_regulieres
UT58:11383,Commune,46.841773,4.000743,,0,UT58:ST:11383,0,region,region_lignes_regulieres
UT58:11384,Commune,46.851564,3.850807,,0,UT58:ST:11384,0,region,region_lignes_regulieres
UT58:11385,Commune,46.861541,3.94153,,0,UT58:ST:11385,0,region,region_lignes_regulieres
UT58:11386,Commune,46.816741,3.720465,,0,UT58:ST:11386,0,region,region_lignes_regulieres
UT58:11387,Commune,46.818954,3.814211,,0,UT58:ST:11387,0,region,region_lignes_regulieres
UT58:11388,Commune,46.818346,3.869674,,0,UT58:ST:11388,0,region,region_lignes_regulieres
UT58:11389,Commune,46.809759,3.840328,,0,UT58:ST:11389,0,region,region_lignes_regulieres
UT58:11390,Commune,46.781901,3.857863,,0,UT58:ST:11390,0,region,region_lignes_regulieres
UT58:11391,Commune,46.790072,3.902703,,0,UT58:ST:11391,0,region,region_lignes_regulieres
UT58:11392,Commune,46.763552,3.781301,,0,UT58:ST:11392,0,region,region_lignes_regulieres
UT58:11393,ST SEINE Commune,46.733816,3.823878,,0,UT58:ST:11393,0,region,region_lignes_regulieres
UT58:11394,Commune,46.750492,3.838297,,0,UT58:ST:11394,0,region,region_lignes_regulieres
UT58:11395,Commune,46.765892,3.912959,,0,UT58:ST:11395,0,region,region_lignes_regulieres
UT58:11396,Commune,46.769734,3.315132,,0,UT58:ST:11396,0,region,region_lignes_regulieres
UT58:11397,ST GERMAIN CHASSENAY Commune,46.774862,3.39262,,0,UT58:ST:11397,0,region,region_lignes_regulieres
UT58:11398,ST PARIZE EN VIRY Commune,46.752267,3.35518,,0,UT58:ST:11398,0,region,region_lignes_regulieres
UT58:11399,Commune,46.738406,3.4262,,0,UT58:ST:11399,0,region,region_lignes_regulieres
UT58:11400,Place de la Mairie,46.715034,3.352334,,0,UT58:ST:11400,0,region,region_lignes_regulieres
UT58:11401,Supermarché,46.707409,3.353301,,0,UT58:ST:11401,0,region,region_lignes_regulieres
UT58:11402,Commune,46.820232,3.357445,,0,UT58:ST:11402,0,region,region_lignes_regulieres
UT58:11403,FLEURY S/LOIRE Commune,46.836243,3.320168,,0,UT58:ST:11403,0,region,region_lignes_regulieres
UT58:11404,Commune,47.081539,3.600423,,0,UT58:ST:11404,0,region,region_lignes_regulieres
UT58:11405,Commune,47.089644,3.640308,,0,UT58:ST:11405,0,region,region_lignes_regulieres
UT58:11406,Commune,47.124553,3.679858,,0,UT58:ST:11406,0,region,region_lignes_regulieres
UT58:11407,Commune,47.143618,3.617994,,0,UT58:ST:11407,0,region,region_lignes_regulieres
UT58:11408,Commune,47.114354,3.697774,,0,UT58:ST:11408,0,region,region_lignes_regulieres
UT58:11409,Commune,47.085219,3.789865,,0,UT58:ST:11409,0,region,region_lignes_regulieres
UT58:11410,CHOUGNY Commune,47.075096,3.708935,,0,UT58:ST:11410,0,region,region_lignes_regulieres
UT58:11411,Commune,47.006536,3.695126,,0,UT58:ST:11411,0,region,region_lignes_regulieres
UT58:11412,Commune,46.932446,3.654765,,0,UT58:ST:11412,0,region,region_lignes_regulieres
UT58:11413,Commune,46.998387,3.581473,,0,UT58:ST:11413,0,region,region_lignes_regulieres
UT58:11414,Commune,47.034027,3.639771,,0,UT58:ST:11414,0,region,region_lignes_regulieres
UT58:11415,Commune,47.005172,3.652227,,0,UT58:ST:11415,0,region,region_lignes_regulieres
UT58:11416,ENTRAINS S/NOHAIN Commune,47.466282,3.258401,,0,UT58:ST:11416,0,region,region_lignes_regulieres
UT58:11417,Commune,47.503773,3.343108,,0,UT58:ST:11417,0,region,region_lignes_regulieres
UT58:11418,Commune,47.480159,3.413335,,0,UT58:ST:11418,0,region,region_lignes_regulieres
UT58:11419,Commune,47.475273,3.447132,,0,UT58:ST:11419,0,region,region_lignes_regulieres
UT58:11420,Commune,47.289093,3.818509,,0,UT58:ST:11420,0,region,region_lignes_regulieres
UT58:11421,Commune,47.24091,3.756307,,0,UT58:ST:11421,0,region,region_lignes_regulieres
UT58:11422,Commune,47.174732,3.640468,,0,UT58:ST:11422,0,region,region_lignes_regulieres
UT58:11423,ST MAURICE Commune,47.106171,3.568306,,0,UT58:ST:11423,0,region,region_lignes_regulieres
UT58:11424,Commune,47.260563,3.650718,,0,UT58:ST:11424,0,region,region_lignes_regulieres
UT58:11425,Commune,47.257305,3.646492,,0,UT58:ST:11425,0,region,region_lignes_regulieres
UT58:11426,Commune,47.232849,3.627335,,0,UT58:ST:11426,0,region,region_lignes_regulieres
UT58:11427,Commune,47.229151,3.578578,,0,UT58:ST:11427,0,region,region_lignes_regulieres
UT58:11428,ST REVERIEN Commune,47.211468,3.503399,,0,UT58:ST:11428,0,region,region_lignes_regulieres
UT58:11429,Commune,47.161235,3.520547,,0,UT58:ST:11429,0,region,region_lignes_regulieres
UT58:11430,Commune,47.257422,3.684429,,0,UT58:ST:11430,0,region,region_lignes_regulieres
UT58:11431,Commune,47.052389,3.655721,,0,UT58:ST:11431,0,region,region_lignes_regulieres
UT58:11432,Commune,47.183977,3.723387,,0,UT58:ST:11432,0,region,region_lignes_regulieres
UT58:11433,Commune,47.192194,3.70011,,0,UT58:ST:11433,0,region,region_lignes_regulieres
UT58:11443,Commune,47.261791,3.936847,,0,UT58:ST:11443,0,region,region_lignes_regulieres
UT58:11444,Commune,47.28594,4.015602,,0,UT58:ST:11444,0,region,region_lignes_regulieres
UT58:11445,MARIGNY L'EGLISE Commune,47.334708,3.869347,,0,UT58:ST:11445,0,region,region_lignes_regulieres
UT58:11446,Commune,47.338648,3.91194,,0,UT58:ST:11446,0,region,region_lignes_regulieres
UT58:11447,ST MARTIN DU PUY Commune,47.33487,3.868029,,0,UT58:ST:11447,0,region,region_lignes_regulieres
UT58:11448,Commune,47.352007,3.819323,,0,UT58:ST:11448,0,region,region_lignes_regulieres
UT58:11449,Commune,47.32235,3.778318,,0,UT58:ST:11449,0,region,region_lignes_regulieres
UT58:11451,Commune,47.378516,3.785946,,0,UT58:ST:11451,0,region,region_lignes_regulieres
UT58:11452,ST ANDRE EN MORVAN Commune,47.392776,3.857475,,0,UT58:ST:11452,0,region,region_lignes_regulieres
UT58:11456,Commune,47.358901,3.387944,,0,UT58:ST:11456,0,region,region_lignes_regulieres
UT58:11457,Commune,47.288711,3.451303,,0,UT58:ST:11457,0,region,region_lignes_regulieres
UT58:11458,CHAPELLE ST ANDRE Commune,47.394262,3.34417,,0,UT58:ST:11458,0,region,region_lignes_regulieres
UT58:11459,Commune,47.202469,3.563899,,0,UT58:ST:11459,0,region,region_lignes_regulieres
UT58:11460,Commune,47.368683,3.279769,,0,UT58:ST:11460,0,region,region_lignes_regulieres
UT58:11461,Commune,47.347172,3.349871,,0,UT58:ST:11461,0,region,region_lignes_regulieres
UT58:11462,Commune,47.328116,3.441529,,0,UT58:ST:11462,0,region,region_lignes_regulieres
UT58:11463,Commune,47.316949,3.682659,,0,UT58:ST:11463,0,region,region_lignes_regulieres
UT58:11464,Commune,47.283326,3.594054,,0,UT58:ST:11464,0,region,region_lignes_regulieres
UT58:11466,ST PIERRE DU MONT Commune,47.394638,3.431837,,0,UT58:ST:11466,0,region,region_lignes_regulieres
UT58:11467,Commune,47.377185,3.429269,,0,UT58:ST:11467,0,region,region_lignes_regulieres
UT58:11473,Commune,47.198471,4.177006,,0,UT58:ST:11473,0,region,region_lignes_regulieres
UT58:11474,Commune,47.171578,4.153433,,0,UT58:ST:11474,0,region,region_lignes_regulieres
UT58:11475,GIEN S/CURE Commune,47.137142,4.100124,,0,UT58:ST:11475,0,region,region_lignes_regulieres
UT58:11478,ST BRISSON Commune,47.271626,4.090176,,0,UT58:ST:11478,0,region,region_lignes_regulieres
UT58:11479,ST AGNAN  Commune,47.317984,4.094809,,0,UT58:ST:11479,0,region,region_lignes_regulieres
UT58:11480,Bourg,47.27972,4.229955,,0,UT58:ST:11480,0,region,region_lignes_regulieres
UT58:11481,CHATEAUNEUF V DE B Commune,47.281968,3.226173,,0,UT58:ST:11481,0,region,region_lignes_regulieres
UT58:11490,Commune,47.283093,3.650561,,0,UT58:ST:11490,0,region,region_lignes_regulieres
UT58:11491,STE COLOMBE DES BOIS Commune,47.321795,3.142535,,0,UT58:ST:11491,0,region,region_lignes_regulieres
UT58:11492,ST MALO EN DONZIOIS Commune,47.312018,3.268017,,0,UT58:ST:11492,0,region,region_lignes_regulieres
UT58:11493,Commune,47.336554,3.205689,,0,UT58:ST:11493,0,region,region_lignes_regulieres
UT58:11494,Commune,47.349346,3.257444,,0,UT58:ST:11494,0,region,region_lignes_regulieres
UT58:11495,Commune,47.415282,3.25555,,0,UT58:ST:11495,0,region,region_lignes_regulieres
UT58:11496,Commune,47.440964,3.162681,,0,UT58:ST:11496,0,region,region_lignes_regulieres
UT58:11532,Ecole,47.185686,3.07736,,0,UT58:ST:11532,0,region,region_lignes_regulieres
UT58:11588,Le Banlay - Gare SNCF,47.006761,3.163961,,0,UT58:ST:11588,0,region,region_lignes_regulieres
UT58:11607,MOULINS ENGIL- Office tourisme,46.987082,3.812482,,0,UT58:ST:11607,0,region,region_lignes_regulieres
UT58:11617,Gare SNCF,47.254708,3.677601,,0,UT58:ST:11617,0,region,region_lignes_regulieres
UT58:11620,Eglise,47.02661,3.534172,,0,UT58:ST:11620,0,region,region_lignes_regulieres
UT58:11621,RD978/RD188,47.011858,3.454323,,0,UT58:ST:11621,0,region,region_lignes_regulieres
UT58:11622,La Turlurette,46.939873,3.257852,,0,UT58:ST:11622,0,region,region_lignes_regulieres
UT58:11628,Mairie,47.446861,3.414113,,0,UT58:ST:11628,0,region,region_lignes_regulieres
UT58:11629,RD 977,47.396253,3.401687,,0,UT58:ST:11629,0,region,region_lignes_regulieres
UT58:11630,Eglise,47.285753,3.350704,,0,UT58:ST:11630,0,region,region_lignes_regulieres
UT58:11631,RD 977,47.245511,3.364408,,0,UT58:ST:11631,0,region,region_lignes_regulieres
UT58:11633,RD 977,47.219227,3.362253,,0,UT58:ST:11633,0,region,region_lignes_regulieres
UT58:11634,RD 977,47.156404,3.279683,,0,UT58:ST:11634,0,region,region_lignes_regulieres
UT58:11638,La Tuilerie,47.172905,3.321736,,0,UT58:ST:11638,0,region,region_lignes_regulieres
UT58:11642,(89) Place de la Mairi,47.459273,3.764976,,0,UT58:ST:11642,0,region,region_lignes_regulieres
UT58:11643,ST AMAND EN PUISAYE Eglise,47.529115,3.073927,,0,UT58:ST:11643,0,region,region_lignes_regulieres
UT58:11644,car. Rd 957/Rd142,47.538054,2.929652,,0,UT58:ST:11644,0,region,region_lignes_regulieres
UT58:11645,LA CELLE S/LOIRE Eglise,47.471706,2.929373,,0,UT58:ST:11645,0,region,region_lignes_regulieres
UT58:11651,COSNE/LOIRE Gare SNCF,47.413871,2.931278,,0,UT58:ST:11651,0,region,region_lignes_regulieres
UT58:11652,Gare SNCF,47.528916,3.792421,,0,UT58:ST:11652,0,region,region_lignes_regulieres
UT58:11822,CHATEAU CH CAMP Commune,47.055368,3.912852,,0,UT58:ST:11822,0,region,region_lignes_regulieres
UT58:11825,Place de la Mairie,46.966475,3.333445,,0,UT58:ST:11825,0,region,region_lignes_regulieres
UT58:11826,Salle Polyvalen,46.968097,3.272509,,0,UT58:ST:11826,0,region,region_lignes_regulieres
UT58:11827,ST HILAIRE FONTAINE Eglise,46.765139,3.626485,,0,UT58:ST:11827,0,region,region_lignes_regulieres
UT58:11828,RD 979,46.808811,3.550778,,0,UT58:ST:11828,0,region,region_lignes_regulieres
UT58:11829,Mairie,47.383946,3.0028,,0,UT58:ST:11829,0,region,region_lignes_regulieres
UT58:11831,Place de l'Hôtel de Ville,47.371216,3.122126,,0,UT58:ST:11831,0,region,region_lignes_regulieres
UT58:11833,ST PERE Eglise,47.411764,2.960438,,0,UT58:ST:11833,0,region,region_lignes_regulieres
UT58:11834,Abri 17 rte Nationale,47.481566,3.755637,,0,UT58:ST:11834,0,region,region_lignes_regulieres
UT58:11838,Migny RD977,47.33588,3.377447,,0,UT58:ST:11838,0,region,region_lignes_regulieres
UT58:11839,Les Ombreaux RD 977,47.254036,3.362233,,0,UT58:ST:11839,0,region,region_lignes_regulieres
UT58:11840,Thouez RD 977,47.272342,3.357377,,0,UT58:ST:11840,0,region,region_lignes_regulieres
UT58:11850,Commune,47.173561,3.788206,,0,UT58:ST:11850,0,region,region_lignes_regulieres
UT58:11851,Commune,47.190041,3.740098,,0,UT58:ST:11851,0,region,region_lignes_regulieres
UT58:11855,ST SAULGE Hameaux,47.11466,3.501865,,0,UT58:ST:11855,0,region,region_lignes_regulieres
UT58:11858,Marcilly,47.215042,3.702546,,0,UT58:ST:11858,0,region,region_lignes_regulieres
UT58:11860,commune,47.230778,3.86797,,0,UT58:ST:11860,0,region,region_lignes_regulieres
UT58:11861,Commune,47.206891,3.857166,,0,UT58:ST:11861,0,region,region_lignes_regulieres
UT58:11862,commune,47.232481,3.823546,,0,UT58:ST:11862,0,region,region_lignes_regulieres
UT58:11867,Commune,47.075531,3.71174,,0,UT58:ST:11867,0,region,region_lignes_regulieres
UT58:11868,Commune,47.054522,3.719779,,0,UT58:ST:11868,0,region,region_lignes_regulieres
UT58:11893,Grande Brosse RD 981,46.80943,3.858633,,0,UT58:ST:11893,0,region,region_lignes_regulieres
UT58:11905,Eglise,47.257104,3.684623,,0,UT58:ST:11905,0,region,region_lignes_regulieres
UT58:11981,ST SULPICE Eglise,47.055213,3.350505,,0,UT58:ST:11981,0,region,region_lignes_regulieres
UT58:12002,Place des Fusillés,46.891119,3.465459,,0,UT58:ST:12002,0,region,region_lignes_regulieres
UT58:12020,Mairie,47.458358,3.547558,,0,UT58:ST:12020,0,region,region_lignes_regulieres
UT58:12022,Mairie,47.392002,3.63864,,0,UT58:ST:12022,0,region,region_lignes_regulieres
UT58:12064,Rte Moulins Engilber,46.913676,3.761331,,0,UT58:ST:12064,0,region,region_lignes_regulieres
UT58:12065,Eglise RD 977,47.12027,3.231991,,0,UT58:ST:12065,0,region,region_lignes_regulieres
UT58:12072,Supermarché,47.045476,3.644368,,0,UT58:ST:12072,0,region,region_lignes_regulieres
UT58:12075,Pont Cottion 37,46.978376,3.800554,,0,UT58:ST:12075,0,region,region_lignes_regulieres
UT58:12096,Eglise,46.912817,3.761184,,0,UT58:ST:12096,0,region,region_lignes_regulieres
UT58:12101,Chivres RD 977,47.410335,3.408314,,0,UT58:ST:12101,0,region,region_lignes_regulieres
UT58:12111,Eglise RD 957,47.541616,2.9884,,0,UT58:ST:12111,0,region,region_lignes_regulieres
UT58:12112,Eglise RD957,47.485579,3.165794,,0,UT58:ST:12112,0,region,region_lignes_regulieres
UT58:12113,Ecole,47.498682,3.135081,,0,UT58:ST:12113,0,region,region_lignes_regulieres
UT58:12114,Place St Cyr,47.4642,3.25804,,0,UT58:ST:12114,0,region,region_lignes_regulieres
UT58:12115,Abri RD907,47.445159,2.932965,,0,UT58:ST:12115,0,region,region_lignes_regulieres
UT58:12116,NEUVY/LOIRE 40 rue J. Jaurès,47.521356,2.881699,,0,UT58:ST:12116,0,region,region_lignes_regulieres
UT58:12118,Rte Metz-le-Comte,47.412729,3.6457,,0,UT58:ST:12118,0,region,region_lignes_regulieres
UT58:12119,Pl. des Fontaines,47.434997,3.585537,,0,UT58:ST:12119,0,region,region_lignes_regulieres
UT58:12120,Sardy-les-Forges RD 42,47.421704,3.629174,,0,UT58:ST:12120,0,region,region_lignes_regulieres
UT58:12121,Champ de la Vigne,47.061863,3.421861,,0,UT58:ST:12121,0,region,region_lignes_regulieres
UT58:12122,ST JEAN/AMOGNES Abri RD26,47.014657,3.335704,,0,UT58:ST:12122,0,region,region_lignes_regulieres
UT58:12125,MONTIGNY/AMOGNES Place RD255,47.027423,3.290398,,0,UT58:ST:12125,0,region,region_lignes_regulieres
UT58:12126,Rue J. Frémillon,47.129251,3.103088,,0,UT58:ST:12126,0,region,region_lignes_regulieres
UT58:12127,Rue Général Frébault,46.968421,3.37984,,0,UT58:ST:12127,0,region,region_lignes_regulieres
UT58:12128,Eglise,46.969454,3.378263,,0,UT58:ST:12128,0,region,region_lignes_regulieres
UT58:12129,Abri RD9,46.915043,3.419723,,0,UT58:ST:12129,0,region,region_lignes_regulieres
UT58:12130,Les Arbelats Lotissement,46.807127,3.587126,,0,UT58:ST:12130,0,region,region_lignes_regulieres
UT58:12131,Rue du Quart,46.788131,3.59874,,0,UT58:ST:12131,0,region,region_lignes_regulieres
UT58:12132,Ecole,46.869611,3.367081,,0,UT58:ST:12132,0,region,region_lignes_regulieres
UT58:12133,SOUGY/LOIRE Pl. du Marronnier,46.856649,3.39095,,0,UT58:ST:12133,0,region,region_lignes_regulieres
UT58:12215,ST ELOI Le Cholet RD 981,46.970748,3.225363,,0,UT58:ST:12215,0,region,region_lignes_regulieres
UT58:12215B,ST ELOI Le Cholet RD 981,46.970783,3.225111,,0,UT58:ST:12215,0,region,region_lignes_regulieres
UT58:12238,rue du 8 mai 1945,47.360942,3.386042,,0,UT58:ST:12238,0,region,region_lignes_regulieres
UT58:12341,Parc Aventure,46.960641,3.241883,,0,UT58:ST:12341,0,region,region_lignes_regulieres
UT58:12422,Pl. 8 mai 1945,47.31945,2.908658,,0,UT58:ST:12422,0,region,region_lignes_regulieres
UT58:12423,Petit Boisgibaut,47.322488,2.905554,,0,UT58:ST:12423,0,region,region_lignes_regulieres
UT58:12431,Coeurs RD 977,47.316383,3.37352,,0,UT58:ST:12431,0,region,region_lignes_regulieres
UT58:12432,Pl. des Promenades,47.459538,3.52084,,0,UT58:ST:12432,0,region,region_lignes_regulieres
UT58:12436,Hameaux Sud,47.226924,3.677097,,0,UT58:ST:12436,0,region,region_lignes_regulieres
UT58:12437,Hameaux Nord,47.278906,3.706632,,0,UT58:ST:12437,0,region,region_lignes_regulieres
UT58:12438,Supermarché,47.285985,3.818775,,0,UT58:ST:12438,0,region,region_lignes_regulieres
UT58:12439,Place de la Mairie,47.289035,3.818442,,0,UT58:ST:12439,0,region,region_lignes_regulieres
UT58:12443,Supermarché,47.355603,3.387297,,0,UT58:ST:12443,0,region,region_lignes_regulieres
UT58:39022,Abbaye,47.259619,3.681534,,0,UT58:ST:39022,0,region,region_lignes_regulieres
UT70:00007,ABONCOURT - Aboncourt Village,47.771809,5.983528,,0,UT70:ST:00007,0,region,region_lignes_regulieres
UT70:00044,Mairie,47.800331,6.058463,,0,UT70:ST:00044,0,region,region_lignes_regulieres
UT70:00046,Le Magny,47.79399,6.057069,,0,UT70:ST:00046,0,region,region_lignes_regulieres
UT70:00047,Port d'Atel. abribus gar,47.763994,6.037646,,0,UT70:ST:00047,0,region,region_lignes_regulieres
UT70:00048,Port d'Atel. Beauregard,47.771037,6.031602,,0,UT70:ST:00048,0,region,region_lignes_regulieres
UT70:00072,Saussots,47.445109,5.626849,,0,UT70:ST:00072,0,region,region_lignes_regulieres
UT70:00084,Bourgeons,47.465967,5.582126,,0,UT70:ST:00084,0,region,region_lignes_regulieres
UT70:00086,Croisée John Deere,47.456847,5.587765,,0,UT70:ST:00086,0,region,region_lignes_regulieres
UT70:00106,Village,47.541923,5.694031,,0,UT70:ST:00106,0,region,region_lignes_regulieres
UT70:0014,Carr Route de Vantoux,47.431247,5.86016,,0,UT70:ST:00014,0,region,region_lignes_regulieres
UT70:00147,Village,47.786765,6.009276,,0,UT70:ST:00147,0,region,region_lignes_regulieres
UT70:00152,BEAUJEU - St Vallier,47.498671,5.676257,,0,UT70:ST:00152,0,region,region_lignes_regulieres
UT70:00153,BEAUJEU - Pierrejux,47.514593,5.671632,,0,UT70:ST:00153,0,region,region_lignes_regulieres
UT70:00154,BEAUJEU - Quitteur école,47.528268,5.675487,,0,UT70:ST:00154,0,region,region_lignes_regulieres
UT70:00157,BEAUMOTTE - Mairie,47.419641,6.179555,,0,UT70:ST:00157,0,region,region_lignes_regulieres
UT70:00158,BEAUMOTTE - Aubertans,47.453732,6.164933,,0,UT70:ST:00158,0,region,region_lignes_regulieres
UT70:00184,BONNEVENT - Place de l'église,47.391568,5.933019,,0,UT70:ST:00184,0,region,region_lignes_regulieres
UT70:00185,BONNEVENT - Velloreille,47.398266,5.936093,,0,UT70:ST:00185,0,region,region_lignes_regulieres
UT70:00201,Place Napoléon,47.894448,6.24148,,0,UT70:ST:00201,0,region,region_lignes_regulieres
UT70:00244,Salon de coiffure,47.422607,5.840744,,0,UT70:ST:00244,0,region,region_lignes_regulieres
UT70:00254,Abri bus,47.430917,6.194868,,0,UT70:ST:00254,0,region,region_lignes_regulieres
UT70:00263,Fontaine,47.639361,6.786151,,0,UT70:ST:00263,0,region,region_lignes_regulieres
UT70:00265,Auberge Fleurie,47.641748,6.792133,,0,UT70:ST:00265,0,region,region_lignes_regulieres
UT70:00269,Gare,47.702772,6.701021,,0,UT70:ST:00269,0,region,region_lignes_regulieres
UT70:00270,Place,47.705479,6.684537,,0,UT70:ST:00270,0,region,region_lignes_regulieres
UT70:00272,Pharmacie,47.703508,6.681055,,0,UT70:ST:00272,0,region,region_lignes_regulieres
UT70:00277,La Piotnaz,47.694039,6.654681,,0,UT70:ST:00277,0,region,region_lignes_regulieres
UT70:00288,Leffond,47.662645,5.463595,,0,UT70:ST:00288,0,region,region_lignes_regulieres
UT70:00294,Neuvelle les Ch.,47.585644,5.54537,,0,UT70:ST:00294,0,region,region_lignes_regulieres
UT70:00295,Chateau,47.617195,5.512447,,0,UT70:ST:00295,0,region,region_lignes_regulieres
UT70:00305,LA CHAPELLE L. LUX. - Lotissement,47.775656,6.372795,,0,UT70:ST:00305,0,region,region_lignes_regulieres
UT70:00353,Pont,47.750506,6.420451,,0,UT70:ST:00353,0,region,region_lignes_regulieres
UT70:00354,Eglise,47.742948,6.410426,,0,UT70:ST:00354,0,region,region_lignes_regulieres
UT70:00375,COMBEAUFTNE - Rue du Moulin,47.709456,5.886087,,0,UT70:ST:00375,0,region,region_lignes_regulieres
UT70:00377,COMBEAUFTNE - La Vierge,47.708746,5.893484,,0,UT70:ST:00377,0,region,region_lignes_regulieres
UT70:00445,DAMPIERRE/LIN - Grande rue Eglise,47.511405,6.232997,,0,UT70:ST:00445,0,region,region_lignes_regulieres
UT70:00448,DAMPIERRE/LIN - Grillardes,47.554388,6.230272,,0,UT70:ST:00448,0,region,region_lignes_regulieres
UT70:00484,ECUELLE,47.551668,5.555457,,0,UT70:ST:00484,0,region,region_lignes_regulieres
UT70:00548,FONTAINE - Centre,47.856959,6.334065,,0,UT70:ST:00548,0,region,region_lignes_regulieres
UT70:00549,FONTAINE - Pont SNCF,47.851213,6.342101,,0,UT70:ST:00549,0,region,region_lignes_regulieres
UT70:00550,FONTAINE - Baraques Chardin,47.877982,6.310493,,0,UT70:ST:00550,0,region,region_lignes_regulieres
UT70:00557,FONTENOIS - Village abri bus,47.484975,6.235196,,0,UT70:ST:00557,0,region,region_lignes_regulieres
UT70:00558,FONTENOIS - Gare,47.475868,6.236882,,0,UT70:ST:00558,0,region,region_lignes_regulieres
UT70:00562,Place De Gaulle,47.886199,6.403615,,0,UT70:ST:00562,0,region,region_lignes_regulieres
UT70:00563,Croix Daillot,47.875205,6.390748,,0,UT70:ST:00563,0,region,region_lignes_regulieres
UT70:00568,Le Château,47.894394,6.427946,,0,UT70:ST:00568,0,region,region_lignes_regulieres
UT70:00601,FRAHIER - Les Barres,47.66249,6.736931,,0,UT70:ST:00601,0,region,region_lignes_regulieres
UT70:00621,FRESNE ST MAMES - Village,47.548579,5.859738,,0,UT70:ST:00621,0,region,region_lignes_regulieres
UT70:00638,FRETIGNEY - Velloreille,47.482452,5.939016,,0,UT70:ST:00638,0,region,region_lignes_regulieres
UT70:00668,GEVIGNEY - Gevigney village,47.798795,5.931457,,0,UT70:ST:00668,0,region,region_lignes_regulieres
UT70:00681,GRANDVELLE - Village,47.508341,5.995735,,0,UT70:ST:00681,0,region,region_lignes_regulieres
UT70:00689,Ruz de Vellemoz,47.680924,6.082786,,0,UT70:ST:00689,0,region,region_lignes_regulieres
UT70:00720,Ville,47.827756,5.901651,,0,UT70:ST:00720,0,region,region_lignes_regulieres
UT70:00748,LOULANS - Gare,47.438095,6.210902,,0,UT70:ST:00748,0,region,region_lignes_regulieres
UT70:00782,MAILLEY - Centre,47.537598,6.052006,,0,UT70:ST:00782,0,region,region_lignes_regulieres
UT70:00810,Carrefour,47.593891,5.738381,,0,UT70:ST:00810,0,region,region_lignes_regulieres
UT70:00837,Mairie abribus,47.466741,6.258344,,0,UT70:ST:00837,0,region,region_lignes_regulieres
UT70:00862,MONTUREUX ET P - Haut Fourneau,47.50746,5.637691,,0,UT70:ST:00862,0,region,region_lignes_regulieres
UT70:00862B,MONTUREUX ET P - Haut Fourneau,47.507525,5.637459,,0,UT70:ST:00862,0,region,region_lignes_regulieres
UT70:00863,MONTUREUX - Prantigny,47.492795,5.657354,,0,UT70:ST:00863,0,region,region_lignes_regulieres
UT70:00921,Village,47.53214,5.564046,,0,UT70:ST:00921,0,region,region_lignes_regulieres
UT70:00950,Croisée Belfort,47.71771,6.736107,,0,UT70:ST:00950,0,region,region_lignes_regulieres
UT70:00955,Les Onchères,47.7464,6.729262,,0,UT70:ST:00955,0,region,region_lignes_regulieres
UT70:00956,Le Rapois,47.736859,6.728463,,0,UT70:ST:00956,0,region,region_lignes_regulieres
UT70:00957,La Rue,47.730979,6.730497,,0,UT70:ST:00957,0,region,region_lignes_regulieres
UT70:00959,Les Pierres,47.713637,6.734232,,0,UT70:ST:00959,0,region,region_lignes_regulieres
UT70:00960,Poierie-Malbazin,47.726831,6.732165,,0,UT70:ST:00960,0,region,region_lignes_regulieres
UT70:00962,La Chaillée,47.69769,6.735139,,0,UT70:ST:00962,0,region,region_lignes_regulieres
UT70:00963,Centre,47.720043,6.731816,,0,UT70:ST:00963,0,region,region_lignes_regulieres
UT70:00966,PLANCHER MINES - Lavoir,47.770373,6.74257,,0,UT70:ST:00966,0,region,region_lignes_regulieres
UT70:00967,PLANCHER MINES - Place Mairie,47.760851,6.741583,,0,UT70:ST:00967,0,region,region_lignes_regulieres
UT70:00968,PLANCHER MINES - Rue de France,47.758293,6.739499,,0,UT70:ST:00968,0,region,region_lignes_regulieres
UT70:00969,PLANCHER MINES - Rue des Vosges,47.763837,6.741945,,0,UT70:ST:00969,0,region,region_lignes_regulieres
UT70:00973,POLAINCOURT - Clairefontaine,47.85743,6.081735,,0,UT70:ST:00973,0,region,region_lignes_regulieres
UT70:00989,PORT/SAONE - Place Libération,47.687931,6.048818,,0,UT70:ST:00989,0,region,region_lignes_regulieres
UT70:00990,PORT/SAONE - Mairie,47.688942,6.043018,,0,UT70:ST:00990,0,region,region_lignes_regulieres
UT70:01009,Centre,47.734257,6.426663,,0,UT70:ST:01009,0,region,region_lignes_regulieres
UT70:01010,Faubourg,47.732212,6.432312,,0,UT70:ST:01010,0,region,region_lignes_regulieres
UT70:01027,Village,47.582835,6.011172,,0,UT70:ST:01027,0,region,region_lignes_regulieres
UT70:01043,Mairie,47.471358,5.630983,,0,UT70:ST:01043,0,region,region_lignes_regulieres
UT70:01044,Cerisiers,47.473625,5.641241,,0,UT70:ST:01044,0,region,region_lignes_regulieres
UT70:01045,Sablière,47.469082,5.618075,,0,UT70:ST:01045,0,region,region_lignes_regulieres
UT70:01064,Eglise,47.700229,6.631204,,0,UT70:ST:01064,0,region,region_lignes_regulieres
UT70:01067,Le Plain,47.698747,6.654752,,0,UT70:ST:01067,0,region,region_lignes_regulieres
UT70:01084,La Verrerie,47.67725,6.534232,,0,UT70:ST:01084,0,region,region_lignes_regulieres
UT70:01130,ST LOUP/SEM - Place Jacquez,47.885553,6.275816,,0,UT70:ST:01130,0,region,region_lignes_regulieres
UT70:01132,ST LOUP/SEM - Gare,47.882059,6.290553,,0,UT70:ST:01132,0,region,region_lignes_regulieres
UT70:01143,ST REMY EN COMTE - Mairie,47.83454,6.093866,,0,UT70:ST:01143,0,region,region_lignes_regulieres
UT70:01164,Centre,47.695432,6.278754,,0,UT70:ST:01164,0,region,region_lignes_regulieres
UT70:01165,La Montoillotte,47.680242,6.253174,,0,UT70:ST:01165,0,region,region_lignes_regulieres
UT70:01173,Village,47.546803,5.745051,,0,UT70:ST:01173,0,region,region_lignes_regulieres
UT70:01176,SCEY/SAONE - Mairie,47.665447,5.967362,,0,UT70:ST:01176,0,region,region_lignes_regulieres
UT70:01178,SCEY/SAONE - Eglise,47.669798,5.963968,,0,UT70:ST:01178,0,region,region_lignes_regulieres
UT70:01203,Seveux Village,47.556538,5.748878,,0,UT70:ST:01203,0,region,region_lignes_regulieres
UT70:01233,Carrefour,47.626932,5.795083,,0,UT70:ST:01233,0,region,region_lignes_regulieres
UT70:01291,VELESMES - Centre,47.418517,5.703383,,0,UT70:ST:01291,0,region,region_lignes_regulieres
UT70:01313,Abribus RD13,47.600947,6.045038,,0,UT70:ST:01313,0,region,region_lignes_regulieres
UT70:01314,Garage,47.607206,6.045979,,0,UT70:ST:01314,0,region,region_lignes_regulieres
UT70:01320,VELLEXON - Village,47.562063,5.80608,,0,UT70:ST:01320,0,region,region_lignes_regulieres
UT70:01321,VELLEXON - Queutrey,47.566246,5.81491,,0,UT70:ST:01321,0,region,region_lignes_regulieres
UT70:01329,RD70,47.521111,5.647042,,0,UT70:ST:01329,0,region,region_lignes_regulieres
UT70:01356,Village Place,47.59984,6.219551,,0,UT70:ST:01356,0,region,region_lignes_regulieres
UT70:01358,Marcassins,47.570397,6.236282,,0,UT70:ST:01358,0,region,region_lignes_regulieres
UT70:01375,VITREY/MANCE - Pharmacie,47.813738,5.759786,,0,UT70:ST:01375,0,region,region_lignes_regulieres
UT70:01552,6 place de l'Hotel de Ville,47.926385,6.484425,,0,UT70:ST:01552,0,region,region_lignes_regulieres
UT70:01553,Larrière,47.909843,6.461631,,0,UT70:ST:01553,0,region,region_lignes_regulieres
UT70:01593,Gare,47.683282,6.492349,,0,UT70:ST:01593,0,region,region_lignes_regulieres
UT70:01597,Station service,47.92041,6.100611,,0,UT70:ST:01597,0,region,region_lignes_regulieres
UT70:01598,Collège,47.924497,6.100851,,0,UT70:ST:01598,0,region,region_lignes_regulieres
UT70:01661,Village,47.393004,5.759397,,0,UT70:ST:01661,0,region,region_lignes_regulieres
UT70:01669,BEAUJEU - Beaujeu école prim,47.505269,5.675299,,0,UT70:ST:01669,0,region,region_lignes_regulieres
UT70:01717,Collège Delaunay,47.448115,5.579012,,0,UT70:ST:01717,0,region,region_lignes_regulieres
UT70:01730,ST LOUP/SEM - Collège,47.885124,6.280067,,0,UT70:ST:01730,0,region,region_lignes_regulieres
UT70:01734,Gare Routière,47.573716,6.763782,,0,UT70:ST:01734,0,region,region_lignes_regulieres
UT70:01749,LUXEUIL - Collège des Thermes,47.821074,6.363966,,0,UT70:ST:01749,0,region,region_lignes_regulieres
UT70:01750,LUXEUIL - Hôpital,47.822101,6.377627,,0,UT70:ST:01750,0,region,region_lignes_regulieres
UT70:01751,LUXEUIL - Lycée Lumière,47.825287,6.375095,,0,UT70:ST:01751,0,region,region_lignes_regulieres
UT70:01757,Les Sources,47.689636,6.498975,,0,UT70:ST:01757,0,region,region_lignes_regulieres
UT70:01777,Lycée Haberges,47.62923,6.139264,,0,UT70:ST:01777,0,region,region_lignes_regulieres
UT70:01779,Lycée Belin,47.633877,6.164815,,0,UT70:ST:01779,0,region,region_lignes_regulieres
UT70:01780,Collège Macé,47.61936,6.158775,,0,UT70:ST:01780,0,region,region_lignes_regulieres
UT70:01785,Pôle multimodal,47.618074,6.149661,,0,UT70:ST:01785,0,region,region_lignes_regulieres
UT70:01798,Groupe scolaire,47.624416,5.781866,,0,UT70:ST:01798,0,region,region_lignes_regulieres
UT70:01841,Gare,47.590449,6.230063,,0,UT70:ST:01841,0,region,region_lignes_regulieres
UT70:01861,Les Petits Prés,47.612996,5.5164,,0,UT70:ST:01861,0,region,region_lignes_regulieres
UT70:01873,POLAINCOURT - Centre,47.883229,6.071287,,0,UT70:ST:01873,0,region,region_lignes_regulieres
UT70:01892,COLOMBE  - Essernay,47.606599,6.219206,,0,UT70:ST:01892,0,region,region_lignes_regulieres
UT70:01893,COLOMBE  - Village abri bus,47.612946,6.211577,,0,UT70:ST:01893,0,region,region_lignes_regulieres
UT70:01928,Gambetta,47.633683,6.857194,,0,UT70:ST:01928,0,region,region_lignes_regulieres
UT70:01940,Lycée Follereau rue L.MARCHAL,47.63707,6.845925,,0,UT70:ST:01940,0,region,region_lignes_regulieres
UT70:01946,Monument,47.322305,5.864812,,0,UT70:ST:01946,0,region,region_lignes_regulieres
UT70:01950,Avenue Pasteur,47.697308,6.640849,,0,UT70:ST:01950,0,region,region_lignes_regulieres
UT70:01982,PEM Viotte,47.246931,6.022751,,0,UT70:ST:01982,0,region,region_lignes_regulieres
UT70:02000,Gare routière,47.447801,5.596128,,0,UT70:ST:02000,0,region,region_lignes_regulieres
UT70:02001,Croisée RD70,47.456073,5.589283,,0,UT70:ST:02001,0,region,region_lignes_regulieres
UT70:02002,Alouettes,47.460011,5.596839,,0,UT70:ST:02002,0,region,region_lignes_regulieres
UT70:02091,Centre,47.319947,5.892449,,0,UT70:ST:02091,0,region,region_lignes_regulieres
UT70:02262,Marceau,47.801645,5.42619,,0,UT70:ST:02262,0,region,region_lignes_regulieres
UT70:02263,Verdun,47.804463,5.434443,,0,UT70:ST:02263,0,region,region_lignes_regulieres
UT70:02264,République,47.80749,5.445351,,0,UT70:ST:02264,0,region,region_lignes_regulieres
UT70:02265,Village,47.691414,5.46002,,0,UT70:ST:02265,0,region,region_lignes_regulieres
UT70:02266,Place,47.702051,5.449114,,0,UT70:ST:02266,0,region,region_lignes_regulieres
UT70:02267,Belle Ante,47.551171,5.760371,,0,UT70:ST:02267,0,region,region_lignes_regulieres
UT70:02268,Le Verjoulot,47.569902,5.959628,,0,UT70:ST:02268,0,region,region_lignes_regulieres
UT70:02270,Transformateur,47.777594,6.346463,,0,UT70:ST:02270,0,region,region_lignes_regulieres
UT70:02271,LUXEUIL - Gare SNCF,47.815158,6.372688,,0,UT70:ST:02271,0,region,region_lignes_regulieres
UT70:02295,Gare SNCF,47.836776,5.903227,,0,UT70:ST:02295,0,region,region_lignes_regulieres
UT70:02296,Foyer rural,47.821286,5.910309,,0,UT70:ST:02296,0,region,region_lignes_regulieres
UT70:02342,FRETIGNEY - Gymnase,47.487619,5.944191,,0,UT70:ST:02342,0,region,region_lignes_regulieres
UT70:02352,Zône industrielle,47.45436,5.593711,,0,UT70:ST:02352,0,region,region_lignes_regulieres
UT70:02360,Place,47.591253,5.728071,,0,UT70:ST:02360,0,region,region_lignes_regulieres
UT70:02370,Mairie,47.877683,5.867052,,0,UT70:ST:02370,0,region,region_lignes_regulieres
UT70:02497,Centre,47.922092,6.097582,,0,UT70:ST:02497,0,region,region_lignes_regulieres
UT70:02693,GINKO Temis,47.253157,5.997338,,0,UT70:ST:02693,0,region,region_lignes_regulieres
UT70:02699,OISELAY - Mairie,47.420707,5.932143,,0,UT70:ST:02699,0,region,region_lignes_regulieres
UT70:02724,Carrefour,47.317067,5.866268,,0,UT70:ST:02724,0,region,region_lignes_regulieres
UT70:02726,VILLERS CHEMIN - Croisée routes,47.4409,5.874883,,0,UT70:ST:02726,0,region,region_lignes_regulieres
UT70:02727,OISELAY - Grachaux,47.437501,5.903581,,0,UT70:ST:02727,0,region,region_lignes_regulieres
UT70:02823,Carrefour,47.828038,6.063022,,0,UT70:ST:02823,0,region,region_lignes_regulieres
UT70:02847,Carrefour,47.400643,5.742781,,0,UT70:ST:02847,0,region,region_lignes_regulieres
UT70:02850,Herriot,47.804049,6.383676,,0,UT70:ST:02850,0,region,region_lignes_regulieres
UT70:02861,MONTUREUX LES B - Rue Sacquelle,47.814152,5.985007,,0,UT70:ST:02861,0,region,region_lignes_regulieres
UT70:02928,Village,47.715652,6.035806,,0,UT70:ST:02928,0,region,region_lignes_regulieres
UT70:02933,LA NEUVELLE  - Centre abribus,47.69425,5.933946,,0,UT70:ST:02933,0,region,region_lignes_regulieres
UT70:02942,Centre,47.371502,5.776271,,0,UT70:ST:02942,0,region,region_lignes_regulieres
UT70:02945,Pôle Educatif,47.348065,5.938635,,0,UT70:ST:02945,0,region,region_lignes_regulieres
UT70:02966,Place de la Mairie,47.862671,5.846902,,0,UT70:ST:02966,0,region,region_lignes_regulieres
UT70:02982,Village,47.584999,6.05063,,0,UT70:ST:02982,0,region,region_lignes_regulieres
UT70:02983,Village,47.565097,6.027817,,0,UT70:ST:02983,0,region,region_lignes_regulieres
UT70:02998,Eglise,47.796524,5.703826,,0,UT70:ST:02998,0,region,region_lignes_regulieres
UT70:03000,Village,47.85988,5.885922,,0,UT70:ST:03000,0,region,region_lignes_regulieres
UT70:03007,VERNOIS/MANCE - Eglise,47.845737,5.785569,,0,UT70:ST:03007,0,region,region_lignes_regulieres
UT70:03093,CHARGEY - Village,47.487338,5.575344,,0,UT70:ST:03093,0,region,region_lignes_regulieres
UT70:03096,DAMPIERRE/S - Pharmacie,47.555482,5.678274,,0,UT70:ST:03096,0,region,region_lignes_regulieres
UT70:03103,Place,47.406632,5.814773,,0,UT70:ST:03103,0,region,region_lignes_regulieres
UT70:03107,CHAMBORNAY L PIN - Mairie école,47.337244,5.907294,,0,UT70:ST:03107,0,region,region_lignes_regulieres
UT70:03123,Brel,47.633779,6.17045,,0,UT70:ST:03123,0,region,region_lignes_regulieres
UT70:03128,Abribus,47.692456,6.108018,,0,UT70:ST:03128,0,region,region_lignes_regulieres
UT70:03133,Place,47.766216,6.102243,,0,UT70:ST:03133,0,region,region_lignes_regulieres
UT70:03147,Place des Tilleuls,47.441872,5.590467,,0,UT70:ST:03147,0,region,region_lignes_regulieres
UT70:03162,LUXEUIL - Rue Jules Adler,47.812972,6.380223,,0,UT70:ST:03162,0,region,region_lignes_regulieres
UT70:03163,Abribus,47.373004,5.926619,,0,UT70:ST:03163,0,region,region_lignes_regulieres
UT70:03170,MAILLERONCOURT ST P. - Monument,47.916346,6.132788,,0,UT70:ST:03170,0,region,region_lignes_regulieres
UT70:03172,FONTAINE - Rue du Vay,47.862152,6.33015,,0,UT70:ST:03172,0,region,region_lignes_regulieres
UT70:03189,Abri bus,47.897896,6.22287,,0,UT70:ST:03189,0,region,region_lignes_regulieres
UT70:03260,Faubourg de Lyon,47.6323,6.849388,,0,UT70:ST:03260,0,region,region_lignes_regulieres
UT70:03266,Chauffe-cul,47.686651,6.736492,,0,UT70:ST:03266,0,region,region_lignes_regulieres
UT70:03289,Hôpital,47.643078,6.853358,,0,UT70:ST:03289,0,region,region_lignes_regulieres
UT70:03333,Place Boichu,47.443476,5.59586,,0,UT70:ST:03333,0,region,region_lignes_regulieres
UT70:03348,Les Cloies,47.678669,6.502585,,0,UT70:ST:03348,0,region,region_lignes_regulieres
UT70:03349,D619,47.689932,6.569274,,0,UT70:ST:03349,0,region,region_lignes_regulieres
UT70:03541,FONTENOIS - Rue des Bruyères,47.489548,6.226775,,0,UT70:ST:03541,0,region,region_lignes_regulieres
UT70:03558,Rue petits graviers,47.735751,6.059765,,0,UT70:ST:03558,0,region,region_lignes_regulieres
UT70:03567A,République ,47.622524,6.160174,,0,UT70:ST:03567,0,region,region_lignes_regulieres
UT70:03575,FRAHIER - Poste,47.658926,6.747792,,0,UT70:ST:03575,0,region,region_lignes_regulieres
UT70:03632,ARC LES GRAY- Gare  de Gray,47.451479,5.578388,,0,UT70:ST:03632,0,region,region_lignes_regulieres
UT70:03634,Colly,47.542183,5.69946,,0,UT70:ST:03634,0,region,region_lignes_regulieres
UT70:03636,CHALINDREY  SNCF,47.810319,5.443305,,0,UT70:ST:03636,0,region,region_lignes_regulieres
UT70:03639,Place de la Barre,47.781854,5.603268,,0,UT70:ST:03639,0,region,region_lignes_regulieres
UT70:03640,LA PAILLY - La Pailly,47.791616,5.414784,,0,UT70:ST:03640,0,region,region_lignes_regulieres
UT70:03641,Rivières le bo,47.737644,5.441632,,0,UT70:ST:03641,0,region,region_lignes_regulieres
UT70:03642,Grandchamp,47.723502,5.450967,,0,UT70:ST:03642,0,region,region_lignes_regulieres
UT70:03646,Soing,47.554535,5.850534,,0,UT70:ST:03646,0,region,region_lignes_regulieres
UT70:03648,Chaudenay,47.824595,5.500707,,0,UT70:ST:03648,0,region,region_lignes_regulieres
UT70:03650,Jarges,47.730104,6.055072,,0,UT70:ST:03650,0,region,region_lignes_regulieres
UT70:03651,PORT/SAONE - Centre,47.688344,6.044973,,0,UT70:ST:03651,0,region,region_lignes_regulieres
UT70:03652,PORT/SAONE - La Mognotte,47.687604,6.053569,,0,UT70:ST:03652,0,region,region_lignes_regulieres
UT70:03654,Village,47.57067,5.953703,,0,UT70:ST:03654,0,region,region_lignes_regulieres
UT70:03655,Torcenay,47.815568,5.463128,,0,UT70:ST:03655,0,region,region_lignes_regulieres
UT70:03665,VERNOIS/MANCE - Gare SNCF,47.832738,5.781056,,0,UT70:ST:03665,0,region,region_lignes_regulieres
UT70:03675,VAUCONCOURT - Carf  D70XD43,47.659261,5.827472,,0,UT70:ST:03675,0,region,region_lignes_regulieres
UT70:03712,SUPER U,47.630544,6.168953,,0,UT70:ST:03712,0,region,region_lignes_regulieres
UT70:03775,Abris bus monument,47.312271,5.867922,,0,UT70:ST:03775,0,region,region_lignes_regulieres
UT70:03776,Rue de Londres,47.630732,6.844108,,0,UT70:ST:03776,0,region,region_lignes_regulieres
UT70:03777,James Long,47.641829,6.85636,,0,UT70:ST:03777,0,region,region_lignes_regulieres
UT70:03786,LOULANS - Abribus rue des vignes,47.445035,6.206725,,0,UT70:ST:03786,0,region,region_lignes_regulieres
UT70:03802,La Louviere,47.712916,6.038895,,0,UT70:ST:03802,0,region,region_lignes_regulieres
UT70:03815,DAMPIERRE/S- rue Carnot,47.557009,5.680967,,0,UT70:ST:03815,0,region,region_lignes_regulieres
UT70:08863,RECOLOGNE D619,47.699979,6.603665,,0,UT70:ST:08863,0,region,region_lignes_regulieres
UT70:12850,Herriot,47.804818,6.383574,,0,UT70:ST:02850,0,region,region_lignes_regulieres
UT70:13815,DAMPIERRE/S- rue Carnot,47.55716,5.681045,,0,UT70:ST:03815,0,region,region_lignes_regulieres
UT71:10019,Gare SNCF,46.668748,5.55163,,0,UT71:ST:10019,0,region,region_lignes_regulieres
UT71:10049,Mairie,47.04463,4.021782,,0,UT71:ST:10049,0,region,region_lignes_regulieres
UT71:10052,L.E.P.,47.059598,3.937989,,0,UT71:ST:10052,0,region,region_lignes_regulieres
UT71:10053,Place Notre Dame,47.062946,3.934099,,0,UT71:ST:10053,0,region,region_lignes_regulieres
UT71:10100,Montagny,46.797742,4.97422,,0,UT71:ST:10100,0,region,region_lignes_regulieres
UT71:10103,Le Port,46.814935,4.93932,,0,UT71:ST:10103,0,region,region_lignes_regulieres
UT71:10105,Rue sur les Etangs,46.803634,4.940194,,0,UT71:ST:10105,0,region,region_lignes_regulieres
UT71:10110,Bourg,46.523433,4.677691,,0,UT71:ST:10110,0,region,region_lignes_regulieres
UT71:10120,Corcelles bourg,47.040965,4.077828,,0,UT71:ST:10120,0,region,region_lignes_regulieres
UT71:10126,Les Baumes,46.894014,4.386979,,0,UT71:ST:10126,0,region,region_lignes_regulieres
UT71:10141,Gare SNCF,46.954211,4.292502,,0,UT71:ST:10141,0,region,region_lignes_regulieres
UT71:10142,Place Champ de Mars,46.949884,4.299123,,0,UT71:ST:10142,0,region,region_lignes_regulieres
UT71:10143,Pont l'Evêque,46.956014,4.314234,,0,UT71:ST:10143,0,region,region_lignes_regulieres
UT71:10144,Base du vallon,46.955007,4.319014,,0,UT71:ST:10144,0,region,region_lignes_regulieres
UT71:10148,Les Moreaux,46.966186,4.276461,,0,UT71:ST:10148,0,region,region_lignes_regulieres
UT71:10149,Pierrefitte,46.961765,4.281537,,0,UT71:ST:10149,0,region,region_lignes_regulieres
UT71:10156,St Jean,46.957948,4.300651,,0,UT71:ST:10156,0,region,region_lignes_regulieres
UT71:10161,La Celle d'en Bas,46.925193,4.425521,,0,UT71:ST:10161,0,region,region_lignes_regulieres
UT71:10165,La Celle d'en Haut,46.930107,4.418561,,0,UT71:ST:10165,0,region,region_lignes_regulieres
UT71:10180,Les Petits Bois,46.61639,5.12884,,0,UT71:ST:10180,0,region,region_lignes_regulieres
UT71:10208,Gare,46.428478,4.408423,,0,UT71:ST:10208,0,region,region_lignes_regulieres
UT71:10210,R.N. 6,46.66323,4.866028,,0,UT71:ST:10210,0,region,region_lignes_regulieres
UT71:10231,Place de la Liberté,46.732201,4.684798,,0,UT71:ST:10231,0,region,region_lignes_regulieres
UT71:10246,Mairie,46.698378,4.390193,,0,UT71:ST:10246,0,region,region_lignes_regulieres
UT71:10284,Venières,46.598872,4.901389,,0,UT71:ST:10284,0,region,region_lignes_regulieres
UT71:10285,Le Jonchet,46.601747,4.895605,,0,UT71:ST:10285,0,region,region_lignes_regulieres
UT71:10292,Le Bourg,46.643323,5.180487,,0,UT71:ST:10292,0,region,region_lignes_regulieres
UT71:10293,Le Pré du Vernay,46.648786,5.167188,,0,UT71:ST:10293,0,region,region_lignes_regulieres
UT71:10294,Le Châtelet,46.654986,5.146065,,0,UT71:ST:10294,0,region,region_lignes_regulieres
UT71:10364,Collège La Varandain,46.712734,4.698941,,0,UT71:ST:10364,0,region,region_lignes_regulieres
UT71:10367,Gare,46.713118,4.700945,,0,UT71:ST:10367,0,region,region_lignes_regulieres
UT71:10369,Centre,46.712692,4.694556,,0,UT71:ST:10369,0,region,region_lignes_regulieres
UT71:10378,Gare,46.906529,4.750717,,0,UT71:ST:10378,0,region,region_lignes_regulieres
UT71:10395,Gare Routière,46.780877,4.844459,,0,UT71:ST:10395,0,region,region_lignes_regulieres
UT71:10402,Place Mathias,46.786229,4.858635,,0,UT71:ST:10402,0,region,region_lignes_regulieres
UT71:10509,CHARNAY - Gare,46.29887,4.776269,,0,UT71:ST:10509,0,region,region_lignes_regulieres
UT71:10525,Rue de Champagny,46.435416,4.273183,,0,UT71:ST:10525,0,region,region_lignes_regulieres
UT71:10526,Bel Air,46.839015,4.659321,,0,UT71:ST:10526,0,region,region_lignes_regulieres
UT71:10559,Vessey,46.778482,4.804741,,0,UT71:ST:10559,0,region,region_lignes_regulieres
UT71:10560,Château d'eau,46.796882,4.807359,,0,UT71:ST:10560,0,region,region_lignes_regulieres
UT71:10586,Les Filletières,46.666653,4.683424,,0,UT71:ST:10586,0,region,region_lignes_regulieres
UT71:10607,Platière,46.872764,5.045004,,0,UT71:ST:10607,0,region,region_lignes_regulieres
UT71:10651,Gare,46.424604,4.665376,,0,UT71:ST:10651,0,region,region_lignes_regulieres
UT71:10653,Ville,46.433732,4.66246,,0,UT71:ST:10653,0,region,region_lignes_regulieres
UT71:10682,Centre,46.543684,4.686928,,0,UT71:ST:10682,0,region,region_lignes_regulieres
UT71:10683,Bois Dernier,46.53579,4.682671,,0,UT71:ST:10683,0,region,region_lignes_regulieres
UT71:10699,Le Château,46.862059,4.586765,,0,UT71:ST:10699,0,region,region_lignes_regulieres
UT71:10700,République,46.868778,4.573537,,0,UT71:ST:10700,0,region,region_lignes_regulieres
UT71:10701,Varenne,46.875727,4.563643,,0,UT71:ST:10701,0,region,region_lignes_regulieres
UT71:10718,4 Chemins,46.796957,4.424075,,0,UT71:ST:10718,0,region,region_lignes_regulieres
UT71:10724,Hôtel Dieu,46.803035,4.447437,,0,UT71:ST:10724,0,region,region_lignes_regulieres
UT71:10751,Place St Benoit,46.557981,4.997703,,0,UT71:ST:10751,0,region,region_lignes_regulieres
UT71:10753,Place St Benoit,46.558251,4.998672,,0,UT71:ST:10751,0,region,region_lignes_regulieres
UT71:10810,Le Bourg,46.762862,5.156667,,0,UT71:ST:10810,0,region,region_lignes_regulieres
UT71:10818,Le Bourg,46.775597,5.133891,,0,UT71:ST:10818,0,region,region_lignes_regulieres
UT71:10819,Rue Bartoli,46.47965,3.983017,,0,UT71:ST:10819,0,region,region_lignes_regulieres
UT71:10822,Brierette Mal - Lecl,46.490381,3.997411,,0,UT71:ST:10822,0,region,region_lignes_regulieres
UT71:10824,Gare SNCF,46.48483,3.987922,,0,UT71:ST:10824,0,region,region_lignes_regulieres
UT71:10826,Cité Scolaire,46.477258,3.992064,,0,UT71:ST:10826,0,region,region_lignes_regulieres
UT71:10887,Quart Dinay,46.994718,4.504924,,0,UT71:ST:10887,0,region,region_lignes_regulieres
UT71:10890,La Garenne,46.985311,4.533097,,0,UT71:ST:10890,0,region,region_lignes_regulieres
UT71:10892,Place Mairie,46.990892,4.514003,,0,UT71:ST:10892,0,region,region_lignes_regulieres
UT71:10916,Mairie,46.512075,4.898348,,0,UT71:ST:10916,0,region,region_lignes_regulieres
UT71:11024,Centre,46.781827,4.747419,,0,UT71:ST:11024,0,region,region_lignes_regulieres
UT71:11025,Mortières,46.774685,4.738081,,0,UT71:ST:11025,0,region,region_lignes_regulieres
UT71:11031,Les Perrons,46.626107,4.463735,,0,UT71:ST:11031,0,region,region_lignes_regulieres
UT71:11033,Le Bourg,46.641516,4.447597,,0,UT71:ST:11033,0,region,region_lignes_regulieres
UT71:11064,Place Gal de Gaulle,46.60225,4.05573,,0,UT71:ST:11064,0,region,region_lignes_regulieres
UT71:11066,Guide,46.601333,4.069827,,0,UT71:ST:11066,0,region,region_lignes_regulieres
UT71:11069,Chazey,46.570529,4.057363,,0,UT71:ST:11069,0,region,region_lignes_regulieres
UT71:11070,Route de Digoin,46.597909,4.067743,,0,UT71:ST:11070,0,region,region_lignes_regulieres
UT71:11138,Le Bourg,46.574596,5.056163,,0,UT71:ST:11138,0,region,region_lignes_regulieres
UT71:11139,Layer,46.568713,5.043575,,0,UT71:ST:11139,0,region,region_lignes_regulieres
UT71:11143,Le Bourg,46.6805,5.159693,,0,UT71:ST:11143,0,region,region_lignes_regulieres
UT71:11147,V 5,46.699231,4.690646,,0,UT71:ST:11147,0,region,region_lignes_regulieres
UT71:11148,V 3,46.687211,4.681177,,0,UT71:ST:11148,0,region,region_lignes_regulieres
UT71:11152,Le Bourg,46.556951,4.930347,,0,UT71:ST:11152,0,region,region_lignes_regulieres
UT71:11205,Rue d'Alsace,46.629949,5.226122,,0,UT71:ST:11205,0,region,region_lignes_regulieres
UT71:11209,Bram,46.625975,5.214255,,0,UT71:ST:11209,0,region,region_lignes_regulieres
UT71:11214,Gare SNCF,46.631199,5.217882,,0,UT71:ST:11214,0,region,region_lignes_regulieres
UT71:11218,Pont de Cotte,46.459898,4.668164,,0,UT71:ST:11218,0,region,region_lignes_regulieres
UT71:11243,Loche Gare TGV,46.282971,4.779036,,0,UT71:ST:11243,0,region,region_lignes_regulieres
UT71:11247,Place de la Barre,46.306401,4.829199,,0,UT71:ST:11247,0,region,region_lignes_regulieres
UT71:11254,Théâtre,46.314774,4.836294,,0,UT71:ST:11254,0,region,region_lignes_regulieres
UT71:11256,Gare Routière,46.302346,4.82498,,0,UT71:ST:11256,0,region,region_lignes_regulieres
UT71:11259,Place,46.576082,4.694687,,0,UT71:ST:11259,0,region,region_lignes_regulieres
UT71:11260,Bif. ,46.559971,4.681902,,0,UT71:ST:11260,0,region,region_lignes_regulieres
UT71:11283,Les Baudots,46.736928,4.560016,,0,UT71:ST:11283,0,region,region_lignes_regulieres
UT71:11303,La Palissade,46.598728,4.130441,,0,UT71:ST:11303,0,region,region_lignes_regulieres
UT71:11309,Gare SNCF,46.83377,4.360016,,0,UT71:ST:11309,0,region,region_lignes_regulieres
UT71:11321,Les Brosses Tillots,46.600215,4.47213,,0,UT71:ST:11321,0,region,region_lignes_regulieres
UT71:11358,Place du Marché,46.8,5.185068,,0,UT71:ST:11358,0,region,region_lignes_regulieres
UT71:11360,Glairans,46.805213,5.153935,,0,UT71:ST:11360,0,region,region_lignes_regulieres
UT71:11409,Gare SNCF,46.67167,4.36217,,0,UT71:ST:11409,0,region,region_lignes_regulieres
UT71:11432,Jeanne-Rose,46.751076,4.492975,,0,UT71:ST:11432,0,region,region_lignes_regulieres
UT71:11433,Gare SNCF,46.759027,4.481119,,0,UT71:ST:11433,0,region,region_lignes_regulieres
UT71:11434,Poste,46.749686,4.470267,,0,UT71:ST:11434,0,region,region_lignes_regulieres
UT71:11442,Les 5 chemins,46.802076,4.993298,,0,UT71:ST:11442,0,region,region_lignes_regulieres
UT71:11483,Le Bourg,46.67714,5.11217,,0,UT71:ST:11483,0,region,region_lignes_regulieres
UT71:11484,La Croix,46.681365,5.114324,,0,UT71:ST:11484,0,region,region_lignes_regulieres
UT71:11487,Le Bourg,46.630021,4.477517,,0,UT71:ST:11487,0,region,region_lignes_regulieres
UT71:11560,Les Boileaux,46.597877,4.134487,,0,UT71:ST:11560,0,region,region_lignes_regulieres
UT71:11562,La Croix de Velard,46.710223,4.960755,,0,UT71:ST:11562,0,region,region_lignes_regulieres
UT71:11563,Route de Louhans,46.717656,4.951725,,0,UT71:ST:11563,0,region,region_lignes_regulieres
UT71:11567,Grand Mont,46.731507,4.924354,,0,UT71:ST:11567,0,region,region_lignes_regulieres
UT71:11609,Gare SNCF,46.447652,4.113823,,0,UT71:ST:11609,0,region,region_lignes_regulieres
UT71:11611,L.SacréCoeur/Jd'Arc,46.450943,4.125481,,0,UT71:ST:11611,0,region,region_lignes_regulieres
UT71:11637,Le Bourg,46.913707,4.635744,,0,UT71:ST:11637,0,region,region_lignes_regulieres
UT71:11676,Château,46.883606,5.267397,,0,UT71:ST:11676,0,region,region_lignes_regulieres
UT71:11677,Terrans,46.884568,5.223122,,0,UT71:ST:11677,0,region,region_lignes_regulieres
UT71:11726,Le Bourg,46.597281,5.090783,,0,UT71:ST:11726,0,region,region_lignes_regulieres
UT71:11735,Le Bourg,46.64487,5.302633,,0,UT71:ST:11735,0,region,region_lignes_regulieres
UT71:11741,La Vesvre,46.536229,4.042116,,0,UT71:ST:11741,0,region,region_lignes_regulieres
UT71:11749,Le Bourg,46.533184,4.027886,,0,UT71:ST:11749,0,region,region_lignes_regulieres
UT71:11783,Les Marguerons,46.741348,4.712465,,0,UT71:ST:11783,0,region,region_lignes_regulieres
UT71:11791,Le Pommoy,47.028837,4.093695,,0,UT71:ST:11791,0,region,region_lignes_regulieres
UT71:11795,Le Bourg,47.02628,4.119186,,0,UT71:ST:11795,0,region,region_lignes_regulieres
UT71:11798,Les Viollots,47.021611,4.140044,,0,UT71:ST:11798,0,region,region_lignes_regulieres
UT71:11828,R.N 6 Les Ongerons,46.425826,4.87736,,0,UT71:ST:11828,0,region,region_lignes_regulieres
UT71:11834,Mairie-Ecole,46.691501,4.861764,,0,UT71:ST:11834,0,region,region_lignes_regulieres
UT71:11882,Le Bourg,46.654062,4.684021,,0,UT71:ST:11882,0,region,region_lignes_regulieres
UT71:11883,Etiveau,46.637015,4.685837,,0,UT71:ST:11883,0,region,region_lignes_regulieres
UT71:11913,La Valouze,46.391528,4.638998,,0,UT71:ST:11913,0,region,region_lignes_regulieres
UT71:11945,Cimetière,46.754928,4.718627,,0,UT71:ST:11945,0,region,region_lignes_regulieres
UT71:11969,Mairie,46.904291,4.483538,,0,UT71:ST:11969,0,region,region_lignes_regulieres
UT71:11972,La Madeleine,46.907955,4.468765,,0,UT71:ST:11972,0,region,region_lignes_regulieres
UT71:11975,Le Bourg,46.705995,5.052667,,0,UT71:ST:11975,0,region,region_lignes_regulieres
UT71:12017,Cimetière,46.61187,4.666815,,0,UT71:ST:12017,0,region,region_lignes_regulieres
UT71:12022,Le Bourg,46.752859,5.242175,,0,UT71:ST:12022,0,region,region_lignes_regulieres
UT71:12023,La Fosse,46.747729,5.214644,,0,UT71:ST:12023,0,region,region_lignes_regulieres
UT71:12035,Le Grand Limon,46.705742,5.022634,,0,UT71:ST:12035,0,region,region_lignes_regulieres
UT71:12037,Le Bourg,46.703261,4.982481,,0,UT71:ST:12037,0,region,region_lignes_regulieres
UT71:12059,Le Bourg,46.755449,4.643491,,0,UT71:ST:12059,0,region,region_lignes_regulieres
UT71:12060,Maisons Rouges,46.743458,4.633309,,0,UT71:ST:12060,0,region,region_lignes_regulieres
UT71:12062,Vallerat,46.75013,4.64025,,0,UT71:ST:12062,0,region,region_lignes_regulieres
UT71:12130,Rue Lt Chauveau,46.845455,4.636103,,0,UT71:ST:12130,0,region,region_lignes_regulieres
UT71:12131,Gare,46.848926,4.628771,,0,UT71:ST:12131,0,region,region_lignes_regulieres
UT71:12143,La Croisée de Cray,46.57757,4.53407,,0,UT71:ST:12143,0,region,region_lignes_regulieres
UT71:12185,Collège Olivier de l,46.815669,5.059572,,0,UT71:ST:12185,0,region,region_lignes_regulieres
UT71:12186,Perrigny Bif D35-D13,46.809273,5.02847,,0,UT71:ST:12186,0,region,region_lignes_regulieres
UT71:12202,Chevrey,46.85644,5.017783,,0,UT71:ST:12202,0,region,region_lignes_regulieres
UT71:12203,Le Bourg,46.846549,5.00683,,0,UT71:ST:12203,0,region,region_lignes_regulieres
UT71:12261,Pont Paron,46.77383,4.834252,,0,UT71:ST:12261,0,region,region_lignes_regulieres
UT71:12378,Place de la Clochett,46.518301,4.597605,,0,UT71:ST:12378,0,region,region_lignes_regulieres
UT71:12383,Bif. ,46.615802,4.681186,,0,UT71:ST:12383,0,region,region_lignes_regulieres
UT71:12396,Le Bourg,46.903913,5.083007,,0,UT71:ST:12396,0,region,region_lignes_regulieres
UT71:12410,Bellevue,47.011936,4.183067,,0,UT71:ST:12410,0,region,region_lignes_regulieres
UT71:12412,Le Bourg,47.011375,4.170315,,0,UT71:ST:12412,0,region,region_lignes_regulieres
UT71:12413,Le Changarnier,46.994281,4.204352,,0,UT71:ST:12413,0,region,region_lignes_regulieres
UT71:12426,La Farge,46.627624,4.877331,,0,UT71:ST:12426,0,region,region_lignes_regulieres
UT71:12428,Vieil Moulin,46.645526,4.871629,,0,UT71:ST:12428,0,region,region_lignes_regulieres
UT71:12457,Bif. RD 970,46.811276,5.113702,,0,UT71:ST:12457,0,region,region_lignes_regulieres
UT71:12473,Les Bons Amis,46.722609,5.172428,,0,UT71:ST:12473,0,region,region_lignes_regulieres
UT71:12480,La Poste,46.721525,5.180387,,0,UT71:ST:12480,0,region,region_lignes_regulieres
UT71:12499,Mare aux Prêtres RG,46.626216,5.177428,,0,UT71:ST:12499,0,region,region_lignes_regulieres
UT71:12500,Mare du Prêtre,46.626294,5.180879,,0,UT71:ST:12499,0,region,region_lignes_regulieres
UT71:12531,Communauté,46.514209,4.677052,,0,UT71:ST:12531,0,region,region_lignes_regulieres
UT71:12532,Gare,46.511491,4.680874,,0,UT71:ST:12532,0,region,region_lignes_regulieres
UT71:12537,Pré Charmoy,46.985375,4.251577,,0,UT71:ST:12537,0,region,region_lignes_regulieres
UT71:12538,La Feurtaine,46.993292,4.240218,,0,UT71:ST:12538,0,region,region_lignes_regulieres
UT71:12539,La Croix Jean Naudin,46.996127,4.236545,,0,UT71:ST:12539,0,region,region_lignes_regulieres
UT71:12561,Mairie,46.783514,4.434733,,0,UT71:ST:12561,0,region,region_lignes_regulieres
UT71:12577,Gare SNCF,46.567004,4.907469,,0,UT71:ST:12577,0,region,region_lignes_regulieres
UT71:12609,Le Bourg,46.50413,4.885362,,0,UT71:ST:12609,0,region,region_lignes_regulieres
UT71:12667,Le Bourg,46.443922,4.335998,,0,UT71:ST:12667,0,region,region_lignes_regulieres
UT71:12682,Place de la Halle,46.894695,5.023917,,0,UT71:ST:12682,0,region,region_lignes_regulieres
UT71:12714,Les Quatre Routes,46.812049,5.099976,,0,UT71:ST:12714,0,region,region_lignes_regulieres
UT71:12735,LA VINEUSE Sassy,46.478506,4.615814,,0,UT71:ST:12735,0,region,region_lignes_regulieres
UT71:12759,Le Bourg,46.490687,4.587491,,0,UT71:ST:12759,0,region,region_lignes_regulieres
UT71:12782,La Beluze,46.451669,4.152776,,0,UT71:ST:12782,0,region,region_lignes_regulieres
UT71:12795,La Poste,46.449459,4.884156,,0,UT71:ST:12795,0,region,region_lignes_regulieres
UT71:12804,La Croix de Bois,46.752431,4.672109,,0,UT71:ST:12804,0,region,region_lignes_regulieres
UT71:12807,Place Lucien Ferré,46.838413,4.669223,,0,UT71:ST:12807,0,region,region_lignes_regulieres
UT71:12842,Les Girards,47.040869,4.071949,,0,UT71:ST:12842,0,region,region_lignes_regulieres
UT71:12862,Gare TGV,46.764719,4.499344,,0,UT71:ST:12862,0,region,region_lignes_regulieres
UT71:12986,Lycée militaire,46.951149,4.305233,,0,UT71:ST:12986,0,region,region_lignes_regulieres
UT71:13128,Mairie Ecole,46.743265,5.121372,,0,UT71:ST:13128,0,region,region_lignes_regulieres
UT71:13136,Mairie,46.512014,4.679531,,0,UT71:ST:13136,0,region,region_lignes_regulieres
UT71:13138,Mairie,46.53469,4.569357,,0,UT71:ST:13138,0,region,region_lignes_regulieres
UT71:13147,Montée Saint Martin,46.913683,5.159064,,0,UT71:ST:13147,0,region,region_lignes_regulieres
UT71:13162,Les Quarts,46.734043,4.480555,,0,UT71:ST:13162,0,region,region_lignes_regulieres
UT71:13233,Les Grillots,46.633572,5.256455,,0,UT71:ST:13233,0,region,region_lignes_regulieres
UT71:13243,Rue du Jura,46.63222,5.241354,,0,UT71:ST:13243,0,region,region_lignes_regulieres
UT71:13718,Rue de la Croix,46.530315,4.925676,,0,UT71:ST:13718,0,region,region_lignes_regulieres
UT71:13913,Vieille Ferme,46.812584,4.94711,,0,UT71:ST:13913,0,region,region_lignes_regulieres
UT71:13972,Le Bourg,46.485179,4.603706,,0,UT71:ST:13972,0,region,region_lignes_regulieres
UT71:14020,Le Relais,46.899625,5.088008,,0,UT71:ST:14020,0,region,region_lignes_regulieres
UT71:14105,Les Cours Perrault,46.686711,4.676742,,0,UT71:ST:14105,0,region,region_lignes_regulieres
UT71:14230,Haut des Champs,46.98829,4.524148,,0,UT71:ST:14230,0,region,region_lignes_regulieres
UT71:14244,Jean Jaurès,46.805029,4.414222,,0,UT71:ST:14244,0,region,region_lignes_regulieres
UT71:14946,Mairie,46.721971,4.953555,,0,UT71:ST:14946,0,region,region_lignes_regulieres
UT71:15014,Salle des Fêtes,46.911094,5.200831,,0,UT71:ST:15014,0,region,region_lignes_regulieres
UT71:15032,Oyen RN6,46.472757,4.897502,,0,UT71:ST:15032,0,region,region_lignes_regulieres
UT71:15045,Neuzy  La Bourbince,46.498504,4.010542,,0,UT71:ST:15045,0,region,region_lignes_regulieres
UT71:15049,Gare SNCF,46.867746,4.183698,,0,UT71:ST:15049,0,region,region_lignes_regulieres
UT71:15090,Salle des fêtes,46.945729,4.395933,,0,UT71:ST:15090,0,region,region_lignes_regulieres
UT71:15091,Hôpital,46.866472,4.579763,,0,UT71:ST:15091,0,region,region_lignes_regulieres
UT71:15148,Les Rompois,46.686806,4.390589,,0,UT71:ST:15148,0,region,region_lignes_regulieres
UT71:15186,Gare SNCF,46.807645,4.430183,,0,UT71:ST:15186,0,region,region_lignes_regulieres
UT71:15192,Prondevaux,46.798335,4.938096,,0,UT71:ST:15192,0,region,region_lignes_regulieres
UT71:15251,La Motte Seigneurial,46.819315,4.966842,,0,UT71:ST:15251,0,region,region_lignes_regulieres
UT71:15252,Le Guidon,46.562758,5.017323,,0,UT71:ST:15252,0,region,region_lignes_regulieres
UT71:15293,Poste,46.700086,4.389435,,0,UT71:ST:15293,0,region,region_lignes_regulieres
UT71:15294,Cifa,46.835589,4.702834,,0,UT71:ST:15294,0,region,region_lignes_regulieres
UT71:15310,La Grosse Grange,46.697282,5.161563,,0,UT71:ST:15310,0,region,region_lignes_regulieres
UT71:15311,Les Moutrets,46.687726,5.158464,,0,UT71:ST:15311,0,region,region_lignes_regulieres
UT71:15313,Le Guidon,46.644357,5.207676,,0,UT71:ST:15313,0,region,region_lignes_regulieres
UT71:15424,Parc Relais,46.756794,4.825096,,0,UT71:ST:15424,0,region,region_lignes_regulieres
UT71:15430,Le Bourg,46.833306,4.989779,,0,UT71:ST:15430,0,region,region_lignes_regulieres
UT71:15439,Mairie,46.609326,5.112049,,0,UT71:ST:15439,0,region,region_lignes_regulieres
UT71:15451,Maison retraite,46.641521,4.87019,,0,UT71:ST:15451,0,region,region_lignes_regulieres
UT71:15454,Mairie,46.669591,5.389434,,0,UT71:ST:15454,0,region,region_lignes_regulieres
UT71:15455,Parc Relais Jeanne R,46.74736,4.493986,,0,UT71:ST:15455,0,region,region_lignes_regulieres
UT71:15493,Le Bourg,46.882175,5.041979,,0,UT71:ST:15493,0,region,region_lignes_regulieres
UT71:15624,Raymond Dorey,46.56151,4.90952,,0,UT71:ST:15624,0,region,region_lignes_regulieres
UT71:15627,Rue Jean Bouveri,46.599794,4.056316,,0,UT71:ST:15627,0,region,region_lignes_regulieres
UT71:15628,Blanchisserie,46.663422,4.341724,,0,UT71:ST:15628,0,region,region_lignes_regulieres
UT71:15678,Couronne,46.802964,4.415063,,0,UT71:ST:15678,0,region,region_lignes_regulieres
UT71:15735,Bibliotheque municip,46.45224,4.117244,,0,UT71:ST:15735,0,region,region_lignes_regulieres
UT71:15736,Mairie,46.725921,4.480869,,0,UT71:ST:15736,0,region,region_lignes_regulieres
UT71:15737,Centre hospitalier,46.775662,4.839168,,0,UT71:ST:15737,0,region,region_lignes_regulieres
UT71:15754,Site Industriel,46.794626,4.435876,,0,UT71:ST:15754,0,region,region_lignes_regulieres
UT71:15864,MASSILLY,46.490155,4.674059,,0,UT71:ST:15864,0,region,region_lignes_regulieres
UT71:15865,Tennis,46.7836,5.214984,,0,UT71:ST:15865,0,region,region_lignes_regulieres
UT71:15941,Gare,46.862606,4.295926,,0,UT71:ST:15941,0,region,region_lignes_regulieres
UT71:15942,Gare,46.930574,4.631315,,0,UT71:ST:15942,0,region,region_lignes_regulieres
UT71:15953,Gare,46.862541,4.245387,,0,UT71:ST:15953,0,region,region_lignes_regulieres
UT71:15955,Gare,46.907638,4.723666,,0,UT71:ST:15955,0,region,region_lignes_regulieres
UT71:15957,Gare,46.969225,4.559724,,0,UT71:ST:15957,0,region,region_lignes_regulieres
UT71:15960,Gare,46.987453,4.466561,,0,UT71:ST:15960,0,region,region_lignes_regulieres
UT71:16108,Gare,46.910986,4.701941,,0,UT71:ST:16108,0,region,region_lignes_regulieres
UT71:16109,Gare,46.909506,4.654529,,0,UT71:ST:16109,0,region,region_lignes_regulieres
UT71:16133,Port Villiers,46.779925,4.855623,,0,UT71:ST:16133,0,region,region_lignes_regulieres
UT71:16134,Parc des Expositions,46.784634,4.863724,,0,UT71:ST:16134,0,region,region_lignes_regulieres
UT71:16136,Port Villiers,46.779799,4.855206,,0,UT71:ST:16133,0,region,region_lignes_regulieres
UT71:16137,Parc des Expositions,46.783916,4.864368,,0,UT71:ST:16137,0,region,region_lignes_regulieres
UT71:16232,Gare,46.844327,4.34024,,0,UT71:ST:16232,0,region,region_lignes_regulieres
UT71:16233,Lycée technique,46.938338,4.293752,,0,UT71:ST:16233,0,region,region_lignes_regulieres
UT71:16234,Mairie,46.951847,4.630116,,0,UT71:ST:16234,0,region,region_lignes_regulieres
UT71:16235,Place Carnot,46.951598,4.634579,,0,UT71:ST:16235,0,region,region_lignes_regulieres
UT71:16236,Haut,46.910267,4.683288,,0,UT71:ST:16236,0,region,region_lignes_regulieres
UT71:16341,Pré de la Tour,46.676702,5.521891,,0,UT71:ST:16341,0,region,region_lignes_regulieres
UT71:16388,LTE,46.789212,4.834911,,0,UT71:ST:16388,0,region,region_lignes_regulieres
UT71:16478,V3,46.686615,4.681083,,0,UT71:ST:16478,0,region,region_lignes_regulieres
UT89:00017,AILLANT/THOLON-PLACE EGLISE,47.874419,3.350245,,0,UT89:ST:00017,0,region,region_lignes_regulieres
UT89:00057,ABRI PLACE EGLISE,47.53446,3.886605,,0,UT89:ST:00057,0,region,region_lignes_regulieres
UT89:00088,ABRI PLACE LAVOIR,48.090891,3.59897,,0,UT89:ST:00088,0,region,region_lignes_regulieres
UT89:00106,MAIRIE ABRI,48.044803,3.322472,,0,UT89:ST:00106,0,region,region_lignes_regulieres
UT89:00140,POLE ECHANGE MULTIMODAL,47.801991,3.566657,,0,UT89:ST:00140,0,region,region_lignes_regulieres
UT89:00157,C.I.F.A.,47.808961,3.581169,,0,UT89:ST:00157,1,region,region_lignes_regulieres
UT89:00196,ECOLE ELEMENTAIRE,47.658886,3.662671,,0,UT89:ST:00196,0,region,region_lignes_regulieres
UT89:00202,EGLISE ABRI,47.919669,3.561142,,0,UT89:ST:00202,0,region,region_lignes_regulieres
UT89:00226,ABRI PLACE LIBERTE,48.04598,3.60166,,0,UT89:ST:00226,0,region,region_lignes_regulieres
UT89:00235,ABRI GRANDE RUE,48.145557,3.089775,,0,UT89:ST:00235,0,region,region_lignes_regulieres
UT89:00428,PLACE MAIRIE,48.13169,3.487,,0,UT89:ST:00428,0,region,region_lignes_regulieres
UT89:00515,MAIRIE ABRI,48.319355,3.127681,,0,UT89:ST:00515,0,region,region_lignes_regulieres
UT89:00533,VACHY,48.055715,3.639276,,0,UT89:ST:00533,0,region,region_lignes_regulieres
UT89:00568,LA CHAPELLE/OREUSE-ABRI MAIRIE,48.289882,3.307068,,0,UT89:ST:00568,0,region,region_lignes_regulieres
UT89:00897,ABRI PLACE L.POTHIER,48.257712,3.264839,,0,UT89:ST:00897,0,region,region_lignes_regulieres
UT89:00917,VOLVENT,47.702567,3.418644,,0,UT89:ST:00917,0,region,region_lignes_regulieres
UT89:01003,LES BESNARDS,48.101104,3.077526,,0,UT89:ST:01003,0,region,region_lignes_regulieres
UT89:01120,MAIRIE,47.984444,3.577345,,0,UT89:ST:01120,0,region,region_lignes_regulieres
UT89:01146,S-ABRI RUE DU CRAI,47.521238,3.920023,,0,UT89:ST:01146,0,region,region_lignes_regulieres
UT89:01164,RUE EGLISE,48.26456,3.255683,,0,UT89:ST:01164,0,region,region_lignes_regulieres
UT89:01182,PLACE MAIRIE,47.897323,3.234558,,0,UT89:ST:01182,0,region,region_lignes_regulieres
UT89:01198,FACE 71 GDE RUE,47.867444,3.449152,,0,UT89:ST:01198,0,region,region_lignes_regulieres
UT89:01206,PLACE EGLISE,47.81487,3.86213,,0,UT89:ST:01206,0,region,region_lignes_regulieres
UT89:01380,MONUMENT AUX MORTS,47.806765,3.153838,,0,UT89:ST:01380,0,region,region_lignes_regulieres
UT89:01494,PLACE MAIRIE,47.622138,3.862024,,0,UT89:ST:01494,0,region,region_lignes_regulieres
UT89:01561,LAROCHE ST CYDROINE-PLACE MAIRIE,47.964091,3.48431,,0,UT89:ST:01561,0,region,region_lignes_regulieres
UT89:01612,LIGNY/CHATEL-ABRI AUBERGE DU BIEF,47.898091,3.756678,,0,UT89:ST:01612,0,region,region_lignes_regulieres
UT89:01646,ARRET CARS RD944,47.557438,3.890877,,0,UT89:ST:01646,0,region,region_lignes_regulieres
UT89:01673,EGLISE,47.603924,3.677154,,0,UT89:ST:01673,0,region,region_lignes_regulieres
UT89:01828,PARKING LUXEMBOURG ABRI,47.963829,3.52272,,0,UT89:ST:01828,0,region,region_lignes_regulieres
UT89:01834,HLM RUE LAFAYETTE ABRI,47.970082,3.520546,,0,UT89:ST:01834,0,region,region_lignes_regulieres
UT89:01846,PLACE DU 1ER MAI ABRI,47.96074,3.52669,,0,UT89:ST:01846,0,region,region_lignes_regulieres
UT89:01970,ABRI 40 RUE REPUBLIQUE,47.671785,3.878007,,0,UT89:ST:01970,0,region,region_lignes_regulieres
UT89:02171,LA CHAPELLE ABRI,47.755181,3.415019,,0,UT89:ST:02171,0,region,region_lignes_regulieres
UT89:02374,ST AUBIN/YONNE-CIMETIERE,48.002119,3.3439,,0,UT89:ST:02374,0,region,region_lignes_regulieres
UT89:02375,ST AUBIN/YONNE-3 ROUTE NATIONALE,47.999958,3.34832,,0,UT89:ST:02375,0,region,region_lignes_regulieres
UT89:02465,ST FLORENTIN-HLM,48.0009,3.72046,,0,UT89:ST:02465,1,region,region_lignes_regulieres
UT89:02472,ST FLORENTIN-MAIRIE,48.001748,3.7286,,0,UT89:ST:02472,0,region,region_lignes_regulieres
UT89:02580,ST MARTIN/OREUSE-LAUNAY ABRI,48.294036,3.348554,,0,UT89:ST:02580,0,region,region_lignes_regulieres
UT89:02629,PLACE DE LA MAIRIE,47.576382,3.777562,,0,UT89:ST:02629,0,region,region_lignes_regulieres
UT89:02642,ST PRIVE-ABRI (X) RD90/RD221,47.684368,2.998466,,0,UT89:ST:02642,0,region,region_lignes_regulieres
UT89:02738,ST VALERIEN-FERRIERES,48.164411,3.09967,,0,UT89:ST:02738,0,region,region_lignes_regulieres
UT89:02740,PLACE CARON,47.749472,3.915091,,0,UT89:ST:02740,0,region,region_lignes_regulieres
UT89:02783,SAVIGNY/CLAIRIS-LES DORNETS,48.062373,3.094066,,0,UT89:ST:02783,0,region,region_lignes_regulieres
UT89:02793,PLACE COLBERT ABRI,47.903559,3.600169,,0,UT89:ST:02793,0,region,region_lignes_regulieres
UT89:02820,BD FOCH PLACE DES HEROS,48.19738,3.290969,,0,UT89:ST:02820,0,region,region_lignes_regulieres
UT89:02822,LYCEES / PLACE WALESA,48.201265,3.302237,,0,UT89:ST:02822,0,region,region_lignes_regulieres
UT89:02826,PLACE JEAN JAURES,48.199431,3.283069,,0,UT89:ST:02826,0,region,region_lignes_regulieres
UT89:02865,GENDARMERIE ABRI,48.345161,3.263085,,0,UT89:ST:02865,0,region,region_lignes_regulieres
UT89:02875,EGLISE,47.535985,3.792013,,0,UT89:ST:02875,0,region,region_lignes_regulieres
UT89:02991,ABRI EGLISE,47.527817,3.857798,,0,UT89:ST:02991,0,region,region_lignes_regulieres
UT89:03114,TRUCY/YONNE-EGLISE ABRI,47.62801,3.660249,,0,UT89:ST:03114,0,region,region_lignes_regulieres
UT89:03295,ARRET DES CARS,47.463221,3.741879,,0,UT89:ST:03295,0,region,region_lignes_regulieres
UT89:03403,VVE/YONNE-POSTE 94 RUE CARNOT,48.083954,3.294877,,0,UT89:ST:03403,1,region,region_lignes_regulieres
UT89:03457,ARRET DES CARS,48.022179,3.313011,,0,UT89:ST:03457,0,region,region_lignes_regulieres
UT89:03526,EGLISE,48.351385,3.133885,,0,UT89:ST:03526,0,region,region_lignes_regulieres
UT89:03527,90 RUE VICTOR HUGO,48.34844,3.143901,,0,UT89:ST:03527,0,region,region_lignes_regulieres
UT89:03528,PLACE SAINT REMY,48.353776,3.129717,,0,UT89:ST:03528,0,region,region_lignes_regulieres
UT89:03550,VOUTENAY/CURE-ABRI PLACE MAIRIE,47.561336,3.784635,,0,UT89:ST:03550,0,region,region_lignes_regulieres
UT89:03554,RUE ORANGERIE ABRI,47.79337,3.94706,,0,UT89:ST:03554,0,region,region_lignes_regulieres
UT89:03634,ABRI MAIRIE,47.95193,3.626141,,0,UT89:ST:03634,0,region,region_lignes_regulieres
UT89:03635,CORNETS PARKING PL,47.928812,3.607873,,0,UT89:ST:03635,0,region,region_lignes_regulieres
UT89:03827,COURLON/YONNE-CENTRE,48.339033,3.166508,,0,UT89:ST:03827,0,region,region_lignes_regulieres
UT89:03831,PLACE DE L'EGLISE,47.939054,3.128573,,0,UT89:ST:03831,0,region,region_lignes_regulieres
UT89:03919,EGLISE,47.649159,3.670602,,0,UT89:ST:03919,0,region,region_lignes_regulieres
UT89:04003,ARQUEBUSE,47.792374,3.567462,,0,UT89:ST:04003,0,region,region_lignes_regulieres
UT89:04011,LES 3 VENEURS,47.966836,3.505499,,0,UT89:ST:04011,0,region,region_lignes_regulieres
UT89:04013,ABRI D943,47.965669,3.46303,,0,UT89:ST:04013,0,region,region_lignes_regulieres
UT89:04016,ST AUBIN/YONNE-SOUS VILLIERS,47.988719,3.3717,,0,UT89:ST:04016,0,region,region_lignes_regulieres
UT89:04020,Rue J. Verne (salle polyv),48.192626,3.293892,,0,UT89:ST:04020,0,region,region_lignes_regulieres
UT89:04021,GARIBALDI (Côté théâtre),48.199946,3.281935,,0,UT89:ST:04021,0,region,region_lignes_regulieres
UT89:04022,17 AVENUE DE LA GARE,48.197169,3.26819,,0,UT89:ST:04022,0,region,region_lignes_regulieres
UT89:04027,EGLISE,47.614089,3.50047,,0,UT89:ST:04027,0,region,region_lignes_regulieres
UT89:04052,58 BIS RUE VAUCORBE,47.854093,3.96892,,0,UT89:ST:04052,0,region,region_lignes_regulieres
UT89:04056,POINCHY RD  965,47.822319,3.7745,,0,UT89:ST:04056,0,region,region_lignes_regulieres
UT89:04057,26 RTE NATIONALE ABRI,47.81793,3.72504,,0,UT89:ST:04057,0,region,region_lignes_regulieres
UT89:04074,LA CHAPELLE ABRI RUE DU VERDEAU,47.9508,3.88071,,0,UT89:ST:04074,0,region,region_lignes_regulieres
UT89:04078,ABRI 58 GRANDE RUE,47.87023,3.76261,,0,UT89:ST:04078,0,region,region_lignes_regulieres
UT89:04090,SAVIGNY/CLAIRIS-DOMAINE,48.078964,3.089896,,0,UT89:ST:04090,0,region,region_lignes_regulieres
UT89:04100,PONT/YONNE-ABRI QUAI REPUBLIQUE,48.28593,3.205724,,0,UT89:ST:04100,0,region,region_lignes_regulieres
UT89:04110,VVE L'ARCHEVEQUE-46 RUE BREARD,48.23682,3.55806,,0,UT89:ST:04110,0,region,region_lignes_regulieres
UT89:04115,PONT/VANNE-ABRI RUE ADAM,48.183677,3.443922,,0,UT89:ST:04115,0,region,region_lignes_regulieres
UT89:04130,PLACE DES FRERES GENETS,47.733741,3.294211,,0,UT89:ST:04130,0,region,region_lignes_regulieres
UT89:04140,CHARNY-PLACE VICTOR HUGO ABRI,47.883275,3.096246,,0,UT89:ST:04140,0,region,region_lignes_regulieres
UT89:04141,ST MARTIN/OUANNE-ABRI PL GARE,47.839625,3.105395,,0,UT89:ST:04141,0,region,region_lignes_regulieres
UT89:04146,ST SAUVEUR-GERBAUDE,47.619708,3.192579,,0,UT89:ST:04146,0,region,region_lignes_regulieres
UT89:04147,SAINTS-ARRET DES CARS EGLISE,47.62089,3.262925,,0,UT89:ST:04147,0,region,region_lignes_regulieres
UT89:04149,PARKING ABRI,47.65352,3.326626,,0,UT89:ST:04149,0,region,region_lignes_regulieres
UT89:04150,ARRET DES CARS,47.683516,3.375377,,0,UT89:ST:04150,0,region,region_lignes_regulieres
UT89:04170,SAVIGNY/CLAIRIS-EGLISE,48.07523,3.092007,,0,UT89:ST:04170,0,region,region_lignes_regulieres
UT89:04205,ST FARGEAU-PROMENADE DU GRILLON,47.641055,3.067926,,0,UT89:ST:04205,0,region,region_lignes_regulieres
UT89:04231,4 RUE JEAN MOULIN ECOLE ABRI,48.201043,2.994532,,0,UT89:ST:04231,0,region,region_lignes_regulieres
UT89:04273,LORDONNOIS ABRI PLACE,47.941343,3.732766,,0,UT89:ST:04273,0,region,region_lignes_regulieres
UT89:04275,ABRI BD DU NORD,47.597205,3.636074,,0,UT89:ST:04275,0,region,region_lignes_regulieres
UT89:04309,VASSY MAIRIE,47.536554,3.914593,,0,UT89:ST:04309,0,region,region_lignes_regulieres
UT89:04515,15 ROUTE DE VERON,48.150449,3.31144,,0,UT89:ST:04515,0,region,region_lignes_regulieres
UT89:04518,ECOLE MAIRIE,47.814161,3.79929,,0,UT89:ST:04518,0,region,region_lignes_regulieres
UT89:04523,MAIRIE,47.991799,3.616984,,0,UT89:ST:04523,0,region,region_lignes_regulieres
UT89:04543,PLACE JOUBLOT,47.599729,3.681126,,0,UT89:ST:04543,0,region,region_lignes_regulieres
UT89:04553,PLACE DES JEUX,47.459501,3.5208,,0,UT89:ST:04553,0,region,region_lignes_regulieres
UT89:04555,LYCEE,47.455896,3.529935,,0,UT89:ST:04555,0,region,region_lignes_regulieres
UT89:04559,PLACE ABRI,47.913843,3.129597,,0,UT89:ST:04559,0,region,region_lignes_regulieres
UT89:04683,EGLISE,48.12983,3.306969,,0,UT89:ST:04683,0,region,region_lignes_regulieres
UT89:04742,ROND POINT DE LA RESISTANC,47.97691,3.39366,,0,UT89:ST:04742,0,region,region_lignes_regulieres
UT89:04799,MARCHE COUVERT,47.962491,3.514521,,0,UT89:ST:04799,0,region,region_lignes_regulieres
UT89:04872,EGLISE ABRI,48.169017,3.138205,,0,UT89:ST:04872,0,region,region_lignes_regulieres
UT89:04980,SEREIN-PLACE MAIRIE,47.695629,3.99561,,0,UT89:ST:04980,0,region,region_lignes_regulieres
UT89:04990,THEIL/VANNE-ABRI 2 RTE DU MIROIR,48.16737,3.42673,,0,UT89:ST:04990,0,region,region_lignes_regulieres
UT89:05016,COURLON/YONNE-R.QUAI DE LA FORGE,48.341164,3.160736,,0,UT89:ST:05016,0,region,region_lignes_regulieres
UT89:05017,COURLON/YONNE-SALLE DES FETES,48.338024,3.169377,,0,UT89:ST:05017,0,region,region_lignes_regulieres
UT89:05018,EGLISE,48.320254,3.204415,,0,UT89:ST:05018,0,region,region_lignes_regulieres
UT89:05020,ST MARTIN/OREUSE-ABRI EGLISE,48.293164,3.33824,,0,UT89:ST:05020,0,region,region_lignes_regulieres
UT89:05021,FLEURIGNY/OREUSE-ABRI,48.292531,3.3679,,0,UT89:ST:05021,0,region,region_lignes_regulieres
UT89:05022,THORIGNY/OREUSE-ARRET SCO+RES JA,48.293101,3.400382,,0,UT89:ST:05022,0,region,region_lignes_regulieres
UT89:05028,MONUMENT ABRI,48.030237,3.631246,,0,UT89:ST:05028,0,region,region_lignes_regulieres
UT89:05090,ABRI ROUTE DE COLLATE X,48.155584,3.437451,,0,UT89:ST:05090,0,region,region_lignes_regulieres
UT89:05109,PLACE DE LA LIBERATION,47.700238,2.948312,,0,UT89:ST:05109,1,region,region_lignes_regulieres
UT89:05157,PLACE EGLISE,48.309884,3.233583,,0,UT89:ST:05157,0,region,region_lignes_regulieres
UT89:05401,AVROLLES ABRI EGLISE,48.00341,3.68298,,0,UT89:ST:05401,0,region,region_lignes_regulieres
UT89:05406,PLACE,47.610301,3.175446,,0,UT89:ST:05406,0,region,region_lignes_regulieres
UT89:05468,MAIRIE,47.64867,3.304943,,0,UT89:ST:05468,0,region,region_lignes_regulieres
UT89:05488,ABRI CIMETIERE,48.005803,3.328242,,0,UT89:ST:05488,0,region,region_lignes_regulieres
UT89:05549,EGLISE ABRI,47.952544,3.572917,,0,UT89:ST:05549,0,region,region_lignes_regulieres
UT89:05567,C.C. LECLERC,48.216382,3.279315,,0,UT89:ST:05567,0,region,region_lignes_regulieres
UT89:05592,ABRI RTE DE COURSON,47.67591,3.53834,,0,UT89:ST:05592,0,region,region_lignes_regulieres
UT89:05681,MAIRIE,47.865774,3.393818,,0,UT89:ST:05681,0,region,region_lignes_regulieres
UT89:05686,58 ROUTE DE VERON,48.146256,3.314168,,0,UT89:ST:05686,0,region,region_lignes_regulieres
UT89:05742,FOISSY/VANNE-RD660 X RUE E. PIEDE,48.222871,3.503468,,0,UT89:ST:05742,0,region,region_lignes_regulieres
UT89:05794,MAIRIE,47.783238,3.202268,,0,UT89:ST:05794,0,region,region_lignes_regulieres
UT89:05821,ABRI RUE LA TUILERIE,47.642912,3.665308,,0,UT89:ST:05821,0,region,region_lignes_regulieres
UT89:05852,FEU RD606 ARRET CAR,47.877258,3.53063,,0,UT89:ST:05852,0,region,region_lignes_regulieres
UT89:05889,LECLERC,47.798214,3.579797,,0,UT89:ST:05889,0,region,region_lignes_regulieres
UT89:05890,CENTRE COMMERCIAL,47.498964,3.907342,,0,UT89:ST:05890,0,region,region_lignes_regulieres
UT89:05892,PLACE DES TILLEULS,47.530309,3.841213,,0,UT89:ST:05892,0,region,region_lignes_regulieres
UT89:05938,VVE LA GUYARD-PARKING ST EXUPERY,48.339412,3.072856,,0,UT89:ST:05938,0,region,region_lignes_regulieres
UT89:05947,MAIRIE,48.13263,3.551079,,0,UT89:ST:05947,0,region,region_lignes_regulieres
UT89:05948,ABRI RD81,48.175799,3.184984,,0,UT89:ST:05948,0,region,region_lignes_regulieres
UT89:05949,ST VALERIEN -25 RUE REPUBLIQUE,48.178994,3.096151,,0,UT89:ST:05949,0,region,region_lignes_regulieres
UT89:05974,5 BD MAIL GASTON MARNOT,48.199197,3.285627,,0,UT89:ST:05974,0,region,region_lignes_regulieres
UT89:05991,CENTRE,47.471309,4.02604,,0,UT89:ST:05991,0,region,region_lignes_regulieres
UT89:05992,CENTRE,47.499604,4.122157,,0,UT89:ST:05992,0,region,region_lignes_regulieres
UT89:05994,CENTRE,47.58433,4.265025,,0,UT89:ST:05994,0,region,region_lignes_regulieres
UT89:06013,1 AVENUE DE LA GARE,47.601956,3.763511,,0,UT89:ST:06013,0,region,region_lignes_regulieres
UT89:06092,ABRI PLACE MAIRIE,48.113839,3.066118,,0,UT89:ST:06092,0,region,region_lignes_regulieres
UT89:06098,5 ROUTE DE TOUCY,47.702717,3.17503,,0,UT89:ST:06098,1,region,region_lignes_regulieres
UT89:06099,7 ROUTE DE TOUCY,47.7028,3.175107,,0,UT89:ST:06099,0,region,region_lignes_regulieres
UT89:06154,FLOGNY-X RUE DE LA  POSTE / RD905,47.952195,3.870864,,0,UT89:ST:06154,0,region,region_lignes_regulieres
UT89:06155,EGLISE MAIRIE,48.280463,3.243053,,0,UT89:ST:06155,0,region,region_lignes_regulieres
UT89:06209,POURPRISES AV G.LECLERC,48.316083,3.138209,,0,UT89:ST:06209,0,region,region_lignes_regulieres
UT89:06243,EGLISE,47.529078,3.073988,,0,UT89:ST:06243,0,region,region_lignes_regulieres
UT89:06288,RUE MARECHAL FOCH,47.490115,3.909432,,0,UT89:ST:06288,0,region,region_lignes_regulieres
UT89:06310,HOPITAL,48.192412,3.299537,,0,UT89:ST:06310,0,region,region_lignes_regulieres
UT89:06343,CIMETIERE,48.13022,3.305536,,0,UT89:ST:06343,0,region,region_lignes_regulieres
UT89:06344,VVE/YONNE-55 RUE CARNOT,48.082741,3.294458,,0,UT89:ST:06344,1,region,region_lignes_regulieres
UT89:06345,AIRE DE COVOITURAGE PEAGE,47.796792,3.655617,,0,UT89:ST:06345,0,region,region_lignes_regulieres
UT89:06350,PEM QUAI 13,47.802059,3.56578,,0,UT89:ST:06350,1,region,region_lignes_regulieres
UT89:06351,PEM QUAI 14,47.802217,3.565701,,0,UT89:ST:06351,1,region,region_lignes_regulieres
UT89:06352,PEM QUAI 15,47.802542,3.565828,,0,UT89:ST:06352,1,region,region_lignes_regulieres
UT89:06353,PEM QUAI 16,47.802596,3.56606,,0,UT89:ST:06353,1,region,region_lignes_regulieres
UT89:06354,PEM QUAI 17,47.802669,3.566391,,0,UT89:ST:06354,1,region,region_lignes_regulieres
UT89:06355,PEM QUAI 18,47.80272,3.566624,,0,UT89:ST:06355,1,region,region_lignes_regulieres
UT89:06356,PEM QUAI CDG,47.802136,3.567246,,0,UT89:ST:06356,1,region,region_lignes_regulieres
UT89:06369,PEM QUAI 13,47.981637,3.419735,,0,UT89:ST:06369,0,region,region_lignes_regulieres
UT89:06370,PEM QUAI 14,47.981692,3.419787,,0,UT89:ST:06370,0,region,region_lignes_regulieres
UT89:06371,PEM QUAI 15,47.981739,3.41979,,0,UT89:ST:06371,0,region,region_lignes_regulieres
UT89:06379,PEM QUAI 23,47.981301,3.419821,,0,UT89:ST:06379,0,region,region_lignes_regulieres
UT89:06385,6 RUE PAUL DOUMER,47.79637,3.584419,,0,UT89:ST:06385,0,region,region_lignes_regulieres
UT89:06386,24 BOULEVARD DU MAIL,48.199247,3.288904,,0,UT89:ST:06386,0,region,region_lignes_regulieres
UT89:06387,2 AVENUE DE LA GARE,47.858722,3.9743,,0,UT89:ST:06387,0,region,region_lignes_regulieres
UT89:06388,SAINT FLORENTIN-VERGIGNY 3 RUE DE LA GARE,47.978725,3.727137,,0,UT89:ST:06388,0,region,region_lignes_regulieres
UT89:06389,COULANGES SUR YONNE-X RUE DU NIVERNAIS ET RUE DE LA GARE,47.527647,3.546905,,0,UT89:ST:06389,0,region,region_lignes_regulieres
UT89:06390,3 PLACE DE LA GARE,47.495798,3.912096,,0,UT89:ST:06390,0,region,region_lignes_regulieres
UT89:06391,3 RUE DE LA GARE,47.974204,3.39377,,0,UT89:ST:06391,0,region,region_lignes_regulieres
UT89:06392,46 AVENUE DE LA GARE,47.466559,3.520941,,0,UT89:ST:06392,0,region,region_lignes_regulieres
UT89:06393,RUE DE LA GARE,47.52884,3.79238,,0,UT89:ST:06393,0,region,region_lignes_regulieres
UT89:06394,1 PLACE DE LA GARE,47.618992,4.336963,,0,UT89:ST:06394,0,region,region_lignes_regulieres
UT89:06395,CENTRE,47.506571,4.171259,,0,UT89:ST:06395,0,region,region_lignes_regulieres
UT89:06419,ARRET JEAN MONNET,47.813912,3.56485,,0,UT89:ST:06419,1,region,region_lignes_regulieres
UT89:06424,39 BOULEVARD DU MAIL,48.19976,3.287984,,0,UT89:ST:06424,0,region,region_lignes_regulieres
UT89:06473,ABRI 24 BIS RUE PAUL DESJARDINS,47.909784,3.710708,,0,UT89:ST:06473,0,region,region_lignes_regulieres
UT89:06474,37 BIS RUE PAUL DESJARDINS,47.910188,3.710848,,0,UT89:ST:06474,0,region,region_lignes_regulieres
