{
"type": "FeatureCollection",
"name": "limites_communes_serm2",
"crs": { "type": "name", "properties": { "name": "urn:ogc:def:crs:OGC:1.3:CRS84" } },
"features": [
{ "type": "Feature", "properties": { "INSEE_COM": "25004", "NOM_COM": "Abbévillers", "EPCI": "200065647", "code_serm": 2 }, "geometry": { "type": "Polygon", "coordinates": [ [ [ 6.912225151054664, 47.419598935324572, 0.0 ], [ 6.911977024930712, 47.421892077666364, 0.0 ], [ 6.901001118878313, 47.424244649575016, 0.0 ], [ 6.898955277074088, 47.424910834557984, 0.0 ], [ 6.898259829654327, 47.426121153099103, 0.0 ], [ 6.90168347039133, 47.431622242602266, 0.0 ], [ 6.901411201558063, 47.432424512030877, 0.0 ], [ 6.898905425677594, 47.434074996925993, 0.0 ], [ 6.897388458234119, 47.43595365677352, 0.0 ], [ 6.899775764067537, 47.437470696028178, 0.0 ], [ 6.900712940657395, 47.439011104463638, 0.0 ], [ 6.900641070233157, 47.441397412047507, 0.0 ], [ 6.902694525131444, 47.442776883800811, 0.0 ], [ 6.907515772558123, 47.444287782346684, 0.0 ], [ 6.908249576688629, 47.446622693347962, 0.0 ], [ 6.919806412687779, 47.447318027693846, 0.0 ], [ 6.928664788007667, 47.445710459579708, 0.0 ], [ 6.935042405872956, 47.44719560752462, 0.0 ], [ 6.935741749864084, 47.443949789832658, 0.0 ], [ 6.933053449287731, 47.440560808530016, 0.0 ], [ 6.939102292368283, 47.4336133951021, 0.0 ], [ 6.940302981815964, 47.433323050271092, 0.0 ], [ 6.941546791653716, 47.415703470131945, 0.0 ], [ 6.940864542883896, 47.411593159043207, 0.0 ], [ 6.938434329090058, 47.406081049960513, 0.0 ], [ 6.924116240781564, 47.405779448715634, 0.0 ], [ 6.919707015753631, 47.406629464695229, 0.0 ], [ 6.917183531599312, 47.405345461596184, 0.0 ], [ 6.917589913750505, 47.405837396929613, 0.0 ], [ 6.916433150097784, 47.407012032012211, 0.0 ], [ 6.912212841210952, 47.407397527130634, 0.0 ], [ 6.912553133286178, 47.411583442108046, 0.0 ], [ 6.91488375992251, 47.41404123187386, 0.0 ], [ 6.912225151054664, 47.419598935324572, 0.0 ] ] ] } },
{ "type": "Feature", "properties": { "INSEE_COM": "25008", "NOM_COM": "Aibre", "EPCI": "247000722", "code_serm": 2 }, "geometry": { "type": "Polygon", "coordinates": [ [ [ 6.677244780036648, 47.555481099459278, 0.0 ], [ 6.681455236596443, 47.557026968029326, 0.0 ], [ 6.682710585802722, 47.557992957093113, 0.0 ], [ 6.682407273409059, 47.559231658605789, 0.0 ], [ 6.685199999721855, 47.56347325604338, 0.0 ], [ 6.688602362112555, 47.560689339327226, 0.0 ], [ 6.70486820439704, 47.557563850730716, 0.0 ], [ 6.708472818763223, 47.556581439018053, 0.0 ], [ 6.714750827474839, 47.553060856342213, 0.0 ], [ 6.719391029674014, 47.552849793135508, 0.0 ], [ 6.721257309203426, 47.550022827809272, 0.0 ], [ 6.722095853642137, 47.545934613481691, 0.0 ], [ 6.720934119521451, 47.545879796175541, 0.0 ], [ 6.71675005401581, 47.544125430097807, 0.0 ], [ 6.712957850948575, 47.543141524193885, 0.0 ], [ 6.706846244402836, 47.543520825702871, 0.0 ], [ 6.703788453251283, 47.545064368611634, 0.0 ], [ 6.699567294260438, 47.544628936664282, 0.0 ], [ 6.688672249309282, 47.545567242250215, 0.0 ], [ 6.676843584943284, 47.550406970647067, 0.0 ], [ 6.677244780036648, 47.555481099459278, 0.0 ] ] ] } },
{ "type": "Feature", "properties": { "INSEE_COM": "25011", "NOM_COM": "Allenjoie", "EPCI": "200065647", "code_serm": 2 }, "geometry": { "type": "Polygon", "coordinates": [ [ [ 6.900517619852802, 47.549924163937916, 0.0 ], [ 6.902382925386608, 47.549418307758152, 0.0 ], [ 6.905976298605206, 47.546895213990666, 0.0 ], [ 6.907751926554224, 47.541162352342553, 0.0 ], [ 6.910307073254218, 47.539794155550581, 0.0 ], [ 6.914150530299874, 47.535666254706825, 0.0 ], [ 6.916170260366342, 47.532445797938301, 0.0 ], [ 6.916235183458255, 47.530317556489152, 0.0 ], [ 6.912581348215043, 47.527449974233285, 0.0 ], [ 6.910328149431512, 47.526989387864916, 0.0 ], [ 6.898228658967904, 47.526840660032391, 0.0 ], [ 6.897064748727328, 47.526517303963757, 0.0 ], [ 6.89671846388241, 47.525691631369078, 0.0 ], [ 6.894135753862374, 47.524065636993889, 0.0 ], [ 6.887624254242963, 47.524469702198644, 0.0 ], [ 6.885508554564129, 47.526114761155824, 0.0 ], [ 6.88154866253254, 47.523475475163671, 0.0 ], [ 6.877040024606526, 47.52137254273682, 0.0 ], [ 6.875695070516198, 47.520071758203997, 0.0 ], [ 6.874877941399861, 47.524178837051103, 0.0 ], [ 6.875706331687079, 47.52578611578582, 0.0 ], [ 6.878701665554099, 47.525991033380777, 0.0 ], [ 6.878226269372022, 47.526700813100646, 0.0 ], [ 6.873982350945256, 47.527700903893695, 0.0 ], [ 6.873671972413774, 47.528981060918738, 0.0 ], [ 6.877244793247949, 47.53131084991044, 0.0 ], [ 6.877876591761289, 47.533268926906743, 0.0 ], [ 6.87732960640141, 47.535945764042054, 0.0 ], [ 6.876155842476792, 47.536881543977806, 0.0 ], [ 6.874976420977741, 47.536730616889464, 0.0 ], [ 6.874945550137611, 47.537038962589342, 0.0 ], [ 6.877066268126096, 47.538735722240865, 0.0 ], [ 6.879878743487632, 47.538813335078238, 0.0 ], [ 6.880023727802339, 47.542147563924445, 0.0 ], [ 6.88084256558001, 47.54427693610608, 0.0 ], [ 6.885355181796818, 47.546643695210939, 0.0 ], [ 6.888920138399906, 47.549664669065223, 0.0 ], [ 6.890186382842189, 47.550089244820988, 0.0 ], [ 6.900517619852802, 47.549924163937916, 0.0 ] ] ] } },
{ "type": "Feature", "properties": { "INSEE_COM": "25013", "NOM_COM": "Allondans", "EPCI": "200065647", "code_serm": 2 }, "geometry": { "type": "Polygon", "coordinates": [ [ [ 6.768605970629575, 47.524422994665656, 0.0 ], [ 6.765276306121707, 47.517328478054061, 0.0 ], [ 6.765569472111039, 47.513880106887733, 0.0 ], [ 6.753726326965726, 47.510290955230843, 0.0 ], [ 6.747059460591587, 47.511175225729303, 0.0 ], [ 6.744360001292454, 47.512855313918912, 0.0 ], [ 6.740357872196078, 47.514246448542359, 0.0 ], [ 6.736989081532625, 47.514063514854385, 0.0 ], [ 6.732941969373604, 47.514661906288033, 0.0 ], [ 6.734384980469542, 47.518086014691598, 0.0 ], [ 6.734518662488261, 47.520741949895658, 0.0 ], [ 6.736323617923045, 47.523706552979064, 0.0 ], [ 6.743438768307571, 47.530490045852758, 0.0 ], [ 6.746273894763822, 47.534167562789406, 0.0 ], [ 6.750281829583971, 47.537276491192252, 0.0 ], [ 6.752120655767802, 47.536287292734485, 0.0 ], [ 6.752478089593442, 47.533892208497903, 0.0 ], [ 6.753952908872118, 47.532136993575548, 0.0 ], [ 6.754748099500901, 47.531845525135054, 0.0 ], [ 6.762139164392622, 47.532197352504291, 0.0 ], [ 6.76628362649196, 47.531246985598962, 0.0 ], [ 6.767290369624605, 47.530163668840785, 0.0 ], [ 6.768488223687247, 47.526904133270946, 0.0 ], [ 6.768605970629575, 47.524422994665656, 0.0 ] ] ] } },
{ "type": "Feature", "properties": { "INSEE_COM": "25020", "NOM_COM": "Arbouans", "EPCI": "200065647", "code_serm": 2 }, "geometry": { "type": "Polygon", "coordinates": [ [ [ 6.806364796827578, 47.484620998150028, 0.0 ], [ 6.80068393194427, 47.4864918952672, 0.0 ], [ 6.798180832382928, 47.486534846847931, 0.0 ], [ 6.796361393997796, 47.486001207004669, 0.0 ], [ 6.797457225368218, 47.48950720457379, 0.0 ], [ 6.797249327807106, 47.492796176252696, 0.0 ], [ 6.798934698925319, 47.492356375348059, 0.0 ], [ 6.802712154616999, 47.492335781750207, 0.0 ], [ 6.808616333709399, 47.493125989472851, 0.0 ], [ 6.809869506221764, 47.492481172368208, 0.0 ], [ 6.810825762157293, 47.492932021523536, 0.0 ], [ 6.815115988104512, 47.492344499372848, 0.0 ], [ 6.817437612833253, 47.491077884660427, 0.0 ], [ 6.819917148891952, 47.490757723955106, 0.0 ], [ 6.822300982049814, 47.491294106560794, 0.0 ], [ 6.822532211458761, 47.490845817740272, 0.0 ], [ 6.818165566512448, 47.488218780337192, 0.0 ], [ 6.815836713884262, 47.486214235221659, 0.0 ], [ 6.814358864036292, 47.483519367289801, 0.0 ], [ 6.812900502329187, 47.483389610680092, 0.0 ], [ 6.806364796827578, 47.484620998150028, 0.0 ] ] ] } },
{ "type": "Feature", "properties": { "INSEE_COM": "25031", "NOM_COM": "Audincourt", "EPCI": "200065647", "code_serm": 2 }, "geometry": { "type": "Polygon", "coordinates": [ [ [ 6.85245995150477, 47.470003084759533, 0.0 ], [ 6.849685372849405, 47.471398108789835, 0.0 ], [ 6.848845023329963, 47.470895075232249, 0.0 ], [ 6.844305211540413, 47.465909874353486, 0.0 ], [ 6.844252692584979, 47.463236721707005, 0.0 ], [ 6.843338614048118, 47.462592790915224, 0.0 ], [ 6.842301440031921, 47.462584689755317, 0.0 ], [ 6.842440543599021, 47.464854830323858, 0.0 ], [ 6.838901765660849, 47.469398526778541, 0.0 ], [ 6.837348929816943, 47.474155098002228, 0.0 ], [ 6.836560424425838, 47.47795095575303, 0.0 ], [ 6.837708085513626, 47.482403957246603, 0.0 ], [ 6.83736456342081, 47.483508476813604, 0.0 ], [ 6.834099026521653, 47.484839060302853, 0.0 ], [ 6.826754899371133, 47.485174472704927, 0.0 ], [ 6.814358864036292, 47.483519367289801, 0.0 ], [ 6.815836713884262, 47.486214235221659, 0.0 ], [ 6.818165566512448, 47.488218780337192, 0.0 ], [ 6.821237851085714, 47.489851010472364, 0.0 ], [ 6.822579264803847, 47.490890234830815, 0.0 ], [ 6.822300982049814, 47.491294106560794, 0.0 ], [ 6.824460028370457, 47.49283277363854, 0.0 ], [ 6.827143604645249, 47.490104902516251, 0.0 ], [ 6.831076115116421, 47.491377851033569, 0.0 ], [ 6.834376526489939, 47.493141933326633, 0.0 ], [ 6.848039326347952, 47.491606927380403, 0.0 ], [ 6.855282611687662, 47.491816083502329, 0.0 ], [ 6.855833242616961, 47.488535364106248, 0.0 ], [ 6.858365215820685, 47.486329042892784, 0.0 ], [ 6.860562793429771, 47.486713106300222, 0.0 ], [ 6.862746263411561, 47.487711344024177, 0.0 ], [ 6.865419965363664, 47.487691081037291, 0.0 ], [ 6.876449129550094, 47.490773384377945, 0.0 ], [ 6.882384555744551, 47.490402536628437, 0.0 ], [ 6.885201583783974, 47.483586079743134, 0.0 ], [ 6.885100505576555, 47.481700417503262, 0.0 ], [ 6.883776191835968, 47.479574388163449, 0.0 ], [ 6.880805372875111, 47.477216662772769, 0.0 ], [ 6.878022801229947, 47.477286888601824, 0.0 ], [ 6.87905866843134, 47.470068436830566, 0.0 ], [ 6.876693897842202, 47.469332508452752, 0.0 ], [ 6.874362469382767, 47.46920287135584, 0.0 ], [ 6.859779031042915, 47.473421406181629, 0.0 ], [ 6.859232363867203, 47.472108394559925, 0.0 ], [ 6.857689669662577, 47.472226239473777, 0.0 ], [ 6.854714929452409, 47.471507388324468, 0.0 ], [ 6.85245995150477, 47.470003084759533, 0.0 ] ] ] } },
{ "type": "Feature", "properties": { "INSEE_COM": "25033", "NOM_COM": "Autechaux-Roide", "EPCI": "200065647", "code_serm": 2 }, "geometry": { "type": "Polygon", "coordinates": [ [ [ 6.823293913340515, 47.382412159075287, 0.0 ], [ 6.8161364737899, 47.379060482231566, 0.0 ], [ 6.804907269736462, 47.377753405790365, 0.0 ], [ 6.799570518995445, 47.37761896400859, 0.0 ], [ 6.796846054234394, 47.376787871473823, 0.0 ], [ 6.790467989865317, 47.376541947439371, 0.0 ], [ 6.787789034199426, 47.375694743578251, 0.0 ], [ 6.784816439153043, 47.38359551548411, 0.0 ], [ 6.785043355498916, 47.386676679769032, 0.0 ], [ 6.789282282246576, 47.386269028977793, 0.0 ], [ 6.795572353551095, 47.386699080123648, 0.0 ], [ 6.796832988293883, 47.38864604078951, 0.0 ], [ 6.796414411688451, 47.389013007822207, 0.0 ], [ 6.793872289337835, 47.388684176655907, 0.0 ], [ 6.791940176879478, 47.390355071820046, 0.0 ], [ 6.796892772222681, 47.391905698957274, 0.0 ], [ 6.800126800514733, 47.392107297171115, 0.0 ], [ 6.806640797842293, 47.397265519806552, 0.0 ], [ 6.814028404249096, 47.401009515173641, 0.0 ], [ 6.81684553274386, 47.403007929315599, 0.0 ], [ 6.822224480243169, 47.403938785460973, 0.0 ], [ 6.827185954220682, 47.40389176366439, 0.0 ], [ 6.82952226582866, 47.40450336325118, 0.0 ], [ 6.831957537186074, 47.403992289260536, 0.0 ], [ 6.833292196007466, 47.401680699423387, 0.0 ], [ 6.835515120315647, 47.401450533344729, 0.0 ], [ 6.837276657678477, 47.400598366029598, 0.0 ], [ 6.830574040048022, 47.398438364661594, 0.0 ], [ 6.828966569790818, 47.39752789441043, 0.0 ], [ 6.830061714472503, 47.39643372099777, 0.0 ], [ 6.830294588566944, 47.395179598289936, 0.0 ], [ 6.828981225368169, 47.392737201370494, 0.0 ], [ 6.827066267853835, 47.386367071644749, 0.0 ], [ 6.823293913340515, 47.382412159075287, 0.0 ] ] ] } },
{ "type": "Feature", "properties": { "INSEE_COM": "25040", "NOM_COM": "Badevel", "EPCI": "200065647", "code_serm": 2 }, "geometry": { "type": "Polygon", "coordinates": [ [ [ 6.935628829560458, 47.517992534977338, 0.0 ], [ 6.938213678776465, 47.517123754009653, 0.0 ], [ 6.942763863134904, 47.513609840290215, 0.0 ], [ 6.945001514596065, 47.513340284244634, 0.0 ], [ 6.946156810573786, 47.511312017309052, 0.0 ], [ 6.949652271458594, 47.508695156938465, 0.0 ], [ 6.949001663249541, 47.507324740783268, 0.0 ], [ 6.945480706992566, 47.503575795529436, 0.0 ], [ 6.945222094210265, 47.499512558767144, 0.0 ], [ 6.947706766175767, 47.493140051602495, 0.0 ], [ 6.947304926691563, 47.489281739219599, 0.0 ], [ 6.949121072611236, 47.485695183563145, 0.0 ], [ 6.946494844702536, 47.487602164168436, 0.0 ], [ 6.943313006514708, 47.486917770216756, 0.0 ], [ 6.94267346128227, 47.484916041734806, 0.0 ], [ 6.94104072295591, 47.486016832898748, 0.0 ], [ 6.939560792239941, 47.486304873422505, 0.0 ], [ 6.935224770703401, 47.485616963563281, 0.0 ], [ 6.93444408439823, 47.48812639302524, 0.0 ], [ 6.934841160133749, 47.491173727329688, 0.0 ], [ 6.933591773941388, 47.495953985511477, 0.0 ], [ 6.931608193896413, 47.496649183205442, 0.0 ], [ 6.930187923377768, 47.500413102430343, 0.0 ], [ 6.922712862595713, 47.50007847017153, 0.0 ], [ 6.927721405079455, 47.501978033037147, 0.0 ], [ 6.931453811389116, 47.507662577581705, 0.0 ], [ 6.934679919552303, 47.509403925710131, 0.0 ], [ 6.931642290698463, 47.51250415766868, 0.0 ], [ 6.929186267382586, 47.513856940262187, 0.0 ], [ 6.93045488064584, 47.515351696716756, 0.0 ], [ 6.935628829560458, 47.517992534977338, 0.0 ] ] ] } },
{ "type": "Feature", "properties": { "INSEE_COM": "25043", "NOM_COM": "Bart", "EPCI": "200065647", "code_serm": 2 }, "geometry": { "type": "Polygon", "coordinates": [ [ [ 6.76235167911045, 47.480559201314186, 0.0 ], [ 6.765200649600323, 47.482733569192888, 0.0 ], [ 6.764766800911171, 47.486391115500595, 0.0 ], [ 6.760857677201667, 47.487443901911931, 0.0 ], [ 6.757292855611223, 47.489292900351835, 0.0 ], [ 6.750354236764068, 47.490302477400348, 0.0 ], [ 6.748905479244081, 47.491181831517842, 0.0 ], [ 6.749070179613081, 47.493569156460545, 0.0 ], [ 6.745695065370809, 47.494037366340834, 0.0 ], [ 6.745192651319855, 47.495654017331383, 0.0 ], [ 6.749313179699744, 47.495897183254492, 0.0 ], [ 6.753182301314891, 47.495304805677996, 0.0 ], [ 6.758630729269016, 47.499948552216232, 0.0 ], [ 6.766112075583152, 47.502304914983824, 0.0 ], [ 6.766255341966785, 47.501714511593292, 0.0 ], [ 6.77218129146483, 47.499716699174407, 0.0 ], [ 6.773011893455142, 47.499784410904908, 0.0 ], [ 6.774322445686943, 47.495555005806295, 0.0 ], [ 6.776300342119649, 47.493510947190217, 0.0 ], [ 6.777498124108174, 47.492848461859396, 0.0 ], [ 6.780445462244464, 47.493555753320656, 0.0 ], [ 6.784652303871469, 47.491240872024228, 0.0 ], [ 6.78591423448017, 47.487617569305989, 0.0 ], [ 6.785584819726508, 47.483320540251086, 0.0 ], [ 6.785481250105381, 47.482871505125573, 0.0 ], [ 6.77563716104413, 47.485097278845267, 0.0 ], [ 6.774629457594828, 47.484758668854099, 0.0 ], [ 6.772639347512246, 47.481857354984406, 0.0 ], [ 6.770261824605641, 47.4801139803658, 0.0 ], [ 6.767269134492402, 47.4797693018443, 0.0 ], [ 6.76482590213515, 47.480412505976126, 0.0 ], [ 6.762561633075143, 47.479424122970954, 0.0 ], [ 6.76235167911045, 47.480559201314186, 0.0 ] ] ] } },
{ "type": "Feature", "properties": { "INSEE_COM": "25048", "NOM_COM": "Bavans", "EPCI": "200065647", "code_serm": 2 }, "geometry": { "type": "Polygon", "coordinates": [ [ [ 6.717601291098632, 47.476237789038876, 0.0 ], [ 6.708515709685068, 47.468867753000119, 0.0 ], [ 6.706480115720638, 47.467991791500268, 0.0 ], [ 6.700136261505032, 47.466368830946969, 0.0 ], [ 6.699602292200406, 47.466699414002711, 0.0 ], [ 6.697947388727577, 47.468982392702863, 0.0 ], [ 6.697432589272479, 47.472860220805948, 0.0 ], [ 6.697567695261878, 47.474872721195275, 0.0 ], [ 6.699747694379532, 47.476585931161239, 0.0 ], [ 6.695179251312025, 47.4811079797988, 0.0 ], [ 6.692831756293705, 47.484401398695724, 0.0 ], [ 6.70077937238747, 47.48957754447207, 0.0 ], [ 6.706834581957539, 47.491273713762482, 0.0 ], [ 6.710883164511777, 47.493324631892435, 0.0 ], [ 6.717682199411525, 47.494156665300487, 0.0 ], [ 6.730919532022495, 47.492869884172862, 0.0 ], [ 6.736707592570077, 47.492872591357063, 0.0 ], [ 6.742026565687175, 47.493410968663227, 0.0 ], [ 6.748935116988009, 47.493140940390276, 0.0 ], [ 6.748905479244081, 47.491181831517842, 0.0 ], [ 6.750354236764068, 47.490302477400348, 0.0 ], [ 6.757292855611223, 47.489292900351835, 0.0 ], [ 6.760857677201667, 47.487443901911931, 0.0 ], [ 6.764766800911171, 47.486391115500595, 0.0 ], [ 6.765200649600323, 47.482733569192888, 0.0 ], [ 6.76235167911045, 47.480559201314186, 0.0 ], [ 6.762561633075143, 47.479424122970954, 0.0 ], [ 6.76108357262965, 47.478707686734538, 0.0 ], [ 6.744427741006323, 47.480001729686016, 0.0 ], [ 6.741828813549344, 47.479468004216031, 0.0 ], [ 6.735792523565404, 47.476518605054899, 0.0 ], [ 6.734115595358484, 47.476374162572689, 0.0 ], [ 6.730360792590062, 47.477616538109878, 0.0 ], [ 6.729391295593259, 47.480526857879944, 0.0 ], [ 6.727902624046387, 47.481025134325364, 0.0 ], [ 6.725913522314772, 47.480961760880732, 0.0 ], [ 6.717601291098632, 47.476237789038876, 0.0 ] ] ] } },
{ "type": "Feature", "properties": { "INSEE_COM": "25054", "NOM_COM": "Berche", "EPCI": "200065647", "code_serm": 2 }, "geometry": { "type": "Polygon", "coordinates": [ [ [ 6.752609601698323, 47.476570546164126, 0.0 ], [ 6.751243372547523, 47.47448869137537, 0.0 ], [ 6.752589968051858, 47.470719763169569, 0.0 ], [ 6.752523048554676, 47.466980178823597, 0.0 ], [ 6.753666674585472, 47.464394720092848, 0.0 ], [ 6.759403532962344, 47.459304286662366, 0.0 ], [ 6.754288528002747, 47.456646911502339, 0.0 ], [ 6.753035376203289, 47.454390196061397, 0.0 ], [ 6.753196746717253, 47.453356724131787, 0.0 ], [ 6.750694921996784, 47.452238824277551, 0.0 ], [ 6.748511901832989, 47.451972143322799, 0.0 ], [ 6.739914159454472, 47.452710288607335, 0.0 ], [ 6.742422902627414, 47.462974360460095, 0.0 ], [ 6.743324836764677, 47.464640479953921, 0.0 ], [ 6.737572504862682, 47.468663538322353, 0.0 ], [ 6.736325183723582, 47.470176125465294, 0.0 ], [ 6.737903092938302, 47.472082817359997, 0.0 ], [ 6.739106425043851, 47.475893103302603, 0.0 ], [ 6.738059491901274, 47.477593015211966, 0.0 ], [ 6.743030230990803, 47.479806066337538, 0.0 ], [ 6.747689852756716, 47.480020198186942, 0.0 ], [ 6.75314461340451, 47.479402846678994, 0.0 ], [ 6.752609601698323, 47.476570546164126, 0.0 ] ] ] } },
{ "type": "Feature", "properties": { "INSEE_COM": "25057", "NOM_COM": "Bethoncourt", "EPCI": "200065647", "code_serm": 2 }, "geometry": { "type": "Polygon", "coordinates": [ [ [ 6.81447025768633, 47.542197709852644, 0.0 ], [ 6.812335906459627, 47.534612824277872, 0.0 ], [ 6.807142545938613, 47.530473139903954, 0.0 ], [ 6.801484485854936, 47.530993148772851, 0.0 ], [ 6.799879828035326, 47.529104335698889, 0.0 ], [ 6.799614847969919, 47.527454787835588, 0.0 ], [ 6.800177832101877, 47.526035070735297, 0.0 ], [ 6.804974335924638, 47.523419135430174, 0.0 ], [ 6.801914769246319, 47.520564020348957, 0.0 ], [ 6.795733934941249, 47.522344491673707, 0.0 ], [ 6.791447583739142, 47.523004076499546, 0.0 ], [ 6.789887124688619, 47.524938339248465, 0.0 ], [ 6.786147230579433, 47.527737373662404, 0.0 ], [ 6.784491067694642, 47.529959432736398, 0.0 ], [ 6.784235835091623, 47.532668562773289, 0.0 ], [ 6.780631930601869, 47.536648914297217, 0.0 ], [ 6.782874511907144, 47.537686376138147, 0.0 ], [ 6.782113036446678, 47.539637811444642, 0.0 ], [ 6.785008860958831, 47.542360859616544, 0.0 ], [ 6.787437000114735, 47.543777016694712, 0.0 ], [ 6.789245426464341, 47.544222884774271, 0.0 ], [ 6.79236193706105, 47.545995955303482, 0.0 ], [ 6.793673390287213, 47.547576293098437, 0.0 ], [ 6.797286741010077, 47.549180766505309, 0.0 ], [ 6.799604037798903, 47.554213128238487, 0.0 ], [ 6.800067055275185, 47.558868840622175, 0.0 ], [ 6.801484668402457, 47.562494012713856, 0.0 ], [ 6.807086799254708, 47.563066374657645, 0.0 ], [ 6.809268087592356, 47.558928083729597, 0.0 ], [ 6.812609036034422, 47.555151029504003, 0.0 ], [ 6.816734191235525, 47.548159765364005, 0.0 ], [ 6.816740206730914, 47.545039641648515, 0.0 ], [ 6.81447025768633, 47.542197709852644, 0.0 ] ] ] } },
{ "type": "Feature", "properties": { "INSEE_COM": "25059", "NOM_COM": "Beutal", "EPCI": "200065647", "code_serm": 2 }, "geometry": { "type": "Polygon", "coordinates": [ [ [ 6.660042331512475, 47.478469432557318, 0.0 ], [ 6.657200231569411, 47.474382907452409, 0.0 ], [ 6.646314082400884, 47.465713159358728, 0.0 ], [ 6.638206974445913, 47.464585487437937, 0.0 ], [ 6.633588863013799, 47.46340603162097, 0.0 ], [ 6.628596489856568, 47.463013940740048, 0.0 ], [ 6.621796161744598, 47.465573235073812, 0.0 ], [ 6.616855930051161, 47.471497655930122, 0.0 ], [ 6.614100275389117, 47.472865553415744, 0.0 ], [ 6.615170594797052, 47.475389674375769, 0.0 ], [ 6.615813292275297, 47.479766243301846, 0.0 ], [ 6.617666426227547, 47.483464499861682, 0.0 ], [ 6.620461032380256, 47.485395205559563, 0.0 ], [ 6.621135117414216, 47.489520256574416, 0.0 ], [ 6.621889848685441, 47.489651769300025, 0.0 ], [ 6.622646603418857, 47.489557936209195, 0.0 ], [ 6.621636512663455, 47.483181548461687, 0.0 ], [ 6.622658799234785, 47.482122465850871, 0.0 ], [ 6.629172203464928, 47.482983789372874, 0.0 ], [ 6.633316275169946, 47.482014665755706, 0.0 ], [ 6.637465576684852, 47.481886875525312, 0.0 ], [ 6.643601795073648, 47.482690699601669, 0.0 ], [ 6.646558745568791, 47.483245111492216, 0.0 ], [ 6.649251470911184, 47.486998628504246, 0.0 ], [ 6.652693704441185, 47.484648657515898, 0.0 ], [ 6.655282882445535, 47.48141341823974, 0.0 ], [ 6.660042331512475, 47.478469432557318, 0.0 ] ] ] } },
{ "type": "Feature", "properties": { "INSEE_COM": "25063", "NOM_COM": "Blamont", "EPCI": "200065647", "code_serm": 2 }, "geometry": { "type": "Polygon", "coordinates": [ [ [ 6.863107877633933, 47.37684358853199, 0.0 ], [ 6.85347825296266, 47.375708783139693, 0.0 ], [ 6.852664182201963, 47.375938576789657, 0.0 ], [ 6.851324848873565, 47.380639014082824, 0.0 ], [ 6.844777177717306, 47.382628724651056, 0.0 ], [ 6.840821429119718, 47.38192499977022, 0.0 ], [ 6.832585705730242, 47.378539650377796, 0.0 ], [ 6.826481565367086, 47.379089681468393, 0.0 ], [ 6.823036975243588, 47.38238186069804, 0.0 ], [ 6.827066267853835, 47.386367071644749, 0.0 ], [ 6.828981225368169, 47.392737201370494, 0.0 ], [ 6.830294588566944, 47.395179598289936, 0.0 ], [ 6.830061714472503, 47.39643372099777, 0.0 ], [ 6.828966569790818, 47.39752789441043, 0.0 ], [ 6.830574040048022, 47.398438364661594, 0.0 ], [ 6.837276657678477, 47.400598366029598, 0.0 ], [ 6.838334974736754, 47.398824872896483, 0.0 ], [ 6.847428341319618, 47.399279417641814, 0.0 ], [ 6.854989933138867, 47.403476602551159, 0.0 ], [ 6.857148102438146, 47.404043094902036, 0.0 ], [ 6.858377704312184, 47.402646759601275, 0.0 ], [ 6.87102706633847, 47.405654570441541, 0.0 ], [ 6.878531334570834, 47.397543341252458, 0.0 ], [ 6.880003239190563, 47.39704626101836, 0.0 ], [ 6.881570849150767, 47.395763643177752, 0.0 ], [ 6.882406719404184, 47.39231531145694, 0.0 ], [ 6.881105192820853, 47.389115941394998, 0.0 ], [ 6.889360661464606, 47.387476200339783, 0.0 ], [ 6.890081365451, 47.384314643996341, 0.0 ], [ 6.887062775881276, 47.384248044465515, 0.0 ], [ 6.87615906942859, 47.381799435400161, 0.0 ], [ 6.868327011051488, 47.381355701054147, 0.0 ], [ 6.865004082797147, 47.380138711436935, 0.0 ], [ 6.863107877633933, 47.37684358853199, 0.0 ] ] ] } },
{ "type": "Feature", "properties": { "INSEE_COM": "25071", "NOM_COM": "Bondeval", "EPCI": "200065647", "code_serm": 2 }, "geometry": { "type": "Polygon", "coordinates": [ [ [ 6.852834086395438, 47.452201849159266, 0.0 ], [ 6.852702174747908, 47.449520484454673, 0.0 ], [ 6.853418684678677, 47.446923667958252, 0.0 ], [ 6.854152111804423, 47.445448345070979, 0.0 ], [ 6.856229359831089, 47.443632853802399, 0.0 ], [ 6.85806531524713, 47.43876644658458, 0.0 ], [ 6.857025028031388, 47.438229555092718, 0.0 ], [ 6.856076761317724, 47.43659096699205, 0.0 ], [ 6.856075080443787, 47.435166129034855, 0.0 ], [ 6.857181490792812, 47.433432357254972, 0.0 ], [ 6.856417618202014, 47.4309044162124, 0.0 ], [ 6.851498440861541, 47.428639466911946, 0.0 ], [ 6.849197783537033, 47.426473318394216, 0.0 ], [ 6.847872866331203, 47.42051116828533, 0.0 ], [ 6.848180912659751, 47.418681321101275, 0.0 ], [ 6.842724274504638, 47.418268795950674, 0.0 ], [ 6.839841598800397, 47.41512221994811, 0.0 ], [ 6.833615171988911, 47.415820722149718, 0.0 ], [ 6.832666194558073, 47.417774393822988, 0.0 ], [ 6.833888758997604, 47.4181585707111, 0.0 ], [ 6.835592777040302, 47.42335487774578, 0.0 ], [ 6.838124515090249, 47.427124190039606, 0.0 ], [ 6.8362086138179, 47.429096274889538, 0.0 ], [ 6.832640170781838, 47.430806465237779, 0.0 ], [ 6.830666738122636, 47.432758710840517, 0.0 ], [ 6.836276846663636, 47.435831779237787, 0.0 ], [ 6.837657968823199, 47.437124564903101, 0.0 ], [ 6.839212716476194, 47.440114966723307, 0.0 ], [ 6.838332284383336, 47.443472340193694, 0.0 ], [ 6.841230851963582, 47.445209784045396, 0.0 ], [ 6.844730876414203, 47.448529702680034, 0.0 ], [ 6.846476155388927, 47.454659976820203, 0.0 ], [ 6.848030032860769, 47.452745703967274, 0.0 ], [ 6.852182472979938, 47.453394156368887, 0.0 ], [ 6.852834086395438, 47.452201849159266, 0.0 ] ] ] } },
{ "type": "Feature", "properties": { "INSEE_COM": "25082", "NOM_COM": "Bourguignon", "EPCI": "200065647", "code_serm": 2 }, "geometry": { "type": "Polygon", "coordinates": [ [ [ 6.753798665684664, 47.415376730766951, 0.0 ], [ 6.753274213226285, 47.416077685742067, 0.0 ], [ 6.754483756761368, 47.418596268174227, 0.0 ], [ 6.755387568023929, 47.419101494077935, 0.0 ], [ 6.758041119458588, 47.42015037240926, 0.0 ], [ 6.764658832304087, 47.421657584353909, 0.0 ], [ 6.771690742419418, 47.425080504954906, 0.0 ], [ 6.775346093691381, 47.426315499777218, 0.0 ], [ 6.77670551254979, 47.423296416962842, 0.0 ], [ 6.791285376570724, 47.424258438109597, 0.0 ], [ 6.791559606984746, 47.423517696252333, 0.0 ], [ 6.787792656141836, 47.42106477270179, 0.0 ], [ 6.78697369582974, 47.419116859464161, 0.0 ], [ 6.789379545561624, 47.414253821450245, 0.0 ], [ 6.791599612581678, 47.411704834107475, 0.0 ], [ 6.788396247875971, 47.409043397107574, 0.0 ], [ 6.787593007679412, 47.40772853861062, 0.0 ], [ 6.787945442700299, 47.4068176203265, 0.0 ], [ 6.79167507388281, 47.404462737901483, 0.0 ], [ 6.791124177009832, 47.404181498808647, 0.0 ], [ 6.785846490445884, 47.405782899141592, 0.0 ], [ 6.783795571125379, 47.405934404199179, 0.0 ], [ 6.780890812734099, 47.404860038913874, 0.0 ], [ 6.775198535720809, 47.399773786958818, 0.0 ], [ 6.77600603208292, 47.395166587200748, 0.0 ], [ 6.774531901791627, 47.394908963464736, 0.0 ], [ 6.77192976405192, 47.395859543907463, 0.0 ], [ 6.768321272788277, 47.399203919328066, 0.0 ], [ 6.766721104297409, 47.403799777611901, 0.0 ], [ 6.764114613794071, 47.406245430488241, 0.0 ], [ 6.763545656899983, 47.407934720887944, 0.0 ], [ 6.759314581699197, 47.409577585767181, 0.0 ], [ 6.756368024155807, 47.409814340817313, 0.0 ], [ 6.755326243333878, 47.410577087963354, 0.0 ], [ 6.754897784415078, 47.411585871819192, 0.0 ], [ 6.755374032759232, 47.412981789125318, 0.0 ], [ 6.754318839194007, 47.414236118645093, 0.0 ], [ 6.755839314741745, 47.414940416588848, 0.0 ], [ 6.755489577724065, 47.41534915151864, 0.0 ], [ 6.753798665684664, 47.415376730766951, 0.0 ] ] ] } },
{ "type": "Feature", "properties": { "INSEE_COM": "25093", "NOM_COM": "Bretigney", "EPCI": "200065647", "code_serm": 2 }, "geometry": { "type": "Polygon", "coordinates": [ [ [ 6.629172203464928, 47.482983789372874, 0.0 ], [ 6.622658799234785, 47.482122465850871, 0.0 ], [ 6.621636512663455, 47.483181548461687, 0.0 ], [ 6.622646603418857, 47.489557936209195, 0.0 ], [ 6.629533017937178, 47.490750080750622, 0.0 ], [ 6.635894681534417, 47.49073089323646, 0.0 ], [ 6.64370822435549, 47.491590477265902, 0.0 ], [ 6.645512068376836, 47.491059114149031, 0.0 ], [ 6.649081110874619, 47.487404970537391, 0.0 ], [ 6.646558745568791, 47.483245111492216, 0.0 ], [ 6.637465576684852, 47.481886875525312, 0.0 ], [ 6.633316275169946, 47.482014665755706, 0.0 ], [ 6.629172203464928, 47.482983789372874, 0.0 ] ] ] } },
{ "type": "Feature", "properties": { "INSEE_COM": "25097", "NOM_COM": "Brognard", "EPCI": "200065647", "code_serm": 2 }, "geometry": { "type": "Polygon", "coordinates": [ [ [ 6.875029181721644, 47.519603641783711, 0.0 ], [ 6.868214412897977, 47.519321876105963, 0.0 ], [ 6.863287908733976, 47.518640036417217, 0.0 ], [ 6.858298957610709, 47.520500620249322, 0.0 ], [ 6.851886905786351, 47.525326202503237, 0.0 ], [ 6.853899547080514, 47.533364304994791, 0.0 ], [ 6.876155842476792, 47.536881543977806, 0.0 ], [ 6.87732960640141, 47.535945764042054, 0.0 ], [ 6.877693642273022, 47.532123241895533, 0.0 ], [ 6.877244793247949, 47.53131084991044, 0.0 ], [ 6.873671972413774, 47.528981060918738, 0.0 ], [ 6.873982350945256, 47.527700903893695, 0.0 ], [ 6.878226269372022, 47.526700813100646, 0.0 ], [ 6.878701665554099, 47.525991033380777, 0.0 ], [ 6.875706331687079, 47.52578611578582, 0.0 ], [ 6.874877941399861, 47.524178837051103, 0.0 ], [ 6.875695070516198, 47.520071758203997, 0.0 ], [ 6.875029181721644, 47.519603641783711, 0.0 ] ] ] } },
{ "type": "Feature", "properties": { "INSEE_COM": "25159", "NOM_COM": "Colombier-Fontaine", "EPCI": "200065647", "code_serm": 2 }, "geometry": { "type": "Polygon", "coordinates": [ [ [ 6.709257627043887, 47.458980810626038, 0.0 ], [ 6.711391478032811, 47.456392179339723, 0.0 ], [ 6.710844662815549, 47.454695590635353, 0.0 ], [ 6.70650497781003, 47.452427808512638, 0.0 ], [ 6.70563869069866, 47.451199173086287, 0.0 ], [ 6.706787150030775, 47.449346718174624, 0.0 ], [ 6.713140278304025, 47.443718096651807, 0.0 ], [ 6.713635922349876, 47.442169364906192, 0.0 ], [ 6.71300306206336, 47.440820677299115, 0.0 ], [ 6.71391906631826, 47.43918552457459, 0.0 ], [ 6.702208320292694, 47.437216748999568, 0.0 ], [ 6.69457193560848, 47.437036947859042, 0.0 ], [ 6.680204978067235, 47.433292146704204, 0.0 ], [ 6.673575719285879, 47.433998296231714, 0.0 ], [ 6.674216024466204, 47.436284141629649, 0.0 ], [ 6.67392314860308, 47.438635512287902, 0.0 ], [ 6.671573395907625, 47.439544190728782, 0.0 ], [ 6.670853384799835, 47.440395083389539, 0.0 ], [ 6.671641220031454, 47.442043665821373, 0.0 ], [ 6.664941152717953, 47.442857854380698, 0.0 ], [ 6.664568470557309, 47.443254389776037, 0.0 ], [ 6.663691196649428, 47.446312603098455, 0.0 ], [ 6.663597685395065, 47.451817074727572, 0.0 ], [ 6.674801672384753, 47.452381961486353, 0.0 ], [ 6.680828696940903, 47.453762134423478, 0.0 ], [ 6.684074893713979, 47.455003007119807, 0.0 ], [ 6.69228713647757, 47.460181171393288, 0.0 ], [ 6.697449263740416, 47.464889826112625, 0.0 ], [ 6.699282107537377, 47.465931890117034, 0.0 ], [ 6.702434779619962, 47.463326379030562, 0.0 ], [ 6.699555364558767, 47.461849941706376, 0.0 ], [ 6.69917129510885, 47.460869069653505, 0.0 ], [ 6.709257627043887, 47.458980810626038, 0.0 ] ] ] } },
{ "type": "Feature", "properties": { "INSEE_COM": "25170", "NOM_COM": "Courcelles-lès-Montbéliard", "EPCI": "200065647", "code_serm": 2 }, "geometry": { "type": "Polygon", "coordinates": [ [ [ 6.781838896705902, 47.507054524945772, 0.0 ], [ 6.783057091560147, 47.501320323382352, 0.0 ], [ 6.789269562100443, 47.498851797748884, 0.0 ], [ 6.792090488412424, 47.493587965264275, 0.0 ], [ 6.797249327807106, 47.492796176252696, 0.0 ], [ 6.797457225368218, 47.48950720457379, 0.0 ], [ 6.796361393997796, 47.486001207004669, 0.0 ], [ 6.789212737920542, 47.482399516652336, 0.0 ], [ 6.785481250105381, 47.482871505125573, 0.0 ], [ 6.78591423448017, 47.487617569305989, 0.0 ], [ 6.784652303871469, 47.491240872024228, 0.0 ], [ 6.780445462244464, 47.493555753320656, 0.0 ], [ 6.777498124108174, 47.492848461859396, 0.0 ], [ 6.774489644445039, 47.495267512422778, 0.0 ], [ 6.773906400492204, 47.496480497702343, 0.0 ], [ 6.772813110041739, 47.500604625228533, 0.0 ], [ 6.773318689291691, 47.502058980376887, 0.0 ], [ 6.774977988815913, 47.503842718766151, 0.0 ], [ 6.775464975459039, 47.507405544139885, 0.0 ], [ 6.779629848048776, 47.509501779122296, 0.0 ], [ 6.780902712562756, 47.507000213601422, 0.0 ], [ 6.781838896705902, 47.507054524945772, 0.0 ] ] ] } },
{ "type": "Feature", "properties": { "INSEE_COM": "25187", "NOM_COM": "Dambelin", "EPCI": "200065647", "code_serm": 2 }, "geometry": { "type": "Polygon", "coordinates": [ [ [ 6.653451869018131, 47.380081283921093, 0.0 ], [ 6.658273776760807, 47.382400563133672, 0.0 ], [ 6.659811068418407, 47.381577133540596, 0.0 ], [ 6.659833531664566, 47.382780397053679, 0.0 ], [ 6.661011612558256, 47.383807567885434, 0.0 ], [ 6.664101222822196, 47.385311559462444, 0.0 ], [ 6.666833114709195, 47.385075774310721, 0.0 ], [ 6.670691640107048, 47.38701132458575, 0.0 ], [ 6.671764813411953, 47.388420203892572, 0.0 ], [ 6.673459905355055, 47.389357021060214, 0.0 ], [ 6.674406934121225, 47.389195503684711, 0.0 ], [ 6.676051231965936, 47.385541465833953, 0.0 ], [ 6.681243353373749, 47.386370175217557, 0.0 ], [ 6.684112495442025, 47.388478127675562, 0.0 ], [ 6.688280195985217, 47.388664923313684, 0.0 ], [ 6.691395315270798, 47.387961296397677, 0.0 ], [ 6.691395363053624, 47.386844719560962, 0.0 ], [ 6.689712272018816, 47.386355665897817, 0.0 ], [ 6.689244762567699, 47.385270158732929, 0.0 ], [ 6.689769151829744, 47.382190356591842, 0.0 ], [ 6.695386979815414, 47.37830247229693, 0.0 ], [ 6.694529667110888, 47.376355220242864, 0.0 ], [ 6.689022526409475, 47.374717042922356, 0.0 ], [ 6.686158403050703, 47.37008931765331, 0.0 ], [ 6.685925808770462, 47.368539434360905, 0.0 ], [ 6.686552519925729, 47.367795883260364, 0.0 ], [ 6.686086710421844, 47.366596757075378, 0.0 ], [ 6.684070722237506, 47.364071589082386, 0.0 ], [ 6.68593734030939, 47.363517602875149, 0.0 ], [ 6.69065339075253, 47.363566989182495, 0.0 ], [ 6.695873276575913, 47.362593507689041, 0.0 ], [ 6.697818629952319, 47.359529667629495, 0.0 ], [ 6.697682839063059, 47.358329981382276, 0.0 ], [ 6.685991203801272, 47.35627566311635, 0.0 ], [ 6.681123332391516, 47.353367814781741, 0.0 ], [ 6.669451317195485, 47.351767264003165, 0.0 ], [ 6.661515487369742, 47.354244631426404, 0.0 ], [ 6.65638523698326, 47.353825030444348, 0.0 ], [ 6.652915648956928, 47.354324448099369, 0.0 ], [ 6.65300258028118, 47.355989802985789, 0.0 ], [ 6.651074046885232, 47.356745268583239, 0.0 ], [ 6.64848929435127, 47.357407771625809, 0.0 ], [ 6.64613175852676, 47.356829367460541, 0.0 ], [ 6.636895717856317, 47.359109700231734, 0.0 ], [ 6.641525290741717, 47.366388486862093, 0.0 ], [ 6.639334066988573, 47.367072670415091, 0.0 ], [ 6.634746210350957, 47.367624569391317, 0.0 ], [ 6.633846876369565, 47.368289836382779, 0.0 ], [ 6.633717355850011, 47.369275260055915, 0.0 ], [ 6.636519502602474, 47.373253630451181, 0.0 ], [ 6.63875407665796, 47.374532699730025, 0.0 ], [ 6.643438845234815, 47.374344398121124, 0.0 ], [ 6.647915512901799, 47.375698941470887, 0.0 ], [ 6.651999075501728, 47.378231796643561, 0.0 ], [ 6.653451869018131, 47.380081283921093, 0.0 ] ] ] } },
{ "type": "Feature", "properties": { "INSEE_COM": "25188", "NOM_COM": "Dambenois", "EPCI": "200065647", "code_serm": 2 }, "geometry": { "type": "Polygon", "coordinates": [ [ [ 6.880023727802339, 47.542147563924445, 0.0 ], [ 6.879878743487632, 47.538813335078238, 0.0 ], [ 6.877066268126096, 47.538735722240865, 0.0 ], [ 6.874976420977741, 47.536730616889464, 0.0 ], [ 6.856891283912498, 47.533865512627067, 0.0 ], [ 6.857336854319313, 47.536424644143835, 0.0 ], [ 6.856991375981745, 47.540856555075614, 0.0 ], [ 6.859617200478173, 47.545221620007986, 0.0 ], [ 6.860213034907784, 47.547701857288189, 0.0 ], [ 6.861000598699574, 47.54773254313627, 0.0 ], [ 6.864333779768674, 47.54992377041355, 0.0 ], [ 6.869210658107861, 47.550983107688801, 0.0 ], [ 6.871375396001075, 47.550729171018418, 0.0 ], [ 6.87432798372433, 47.551316881282474, 0.0 ], [ 6.876005188114537, 47.552434503966559, 0.0 ], [ 6.883369262434057, 47.555506770232633, 0.0 ], [ 6.88555567822146, 47.554670561337183, 0.0 ], [ 6.890186382842189, 47.550089244820988, 0.0 ], [ 6.888920138399906, 47.549664669065223, 0.0 ], [ 6.885355181796818, 47.546643695210939, 0.0 ], [ 6.88084256558001, 47.54427693610608, 0.0 ], [ 6.880023727802339, 47.542147563924445, 0.0 ] ] ] } },
{ "type": "Feature", "properties": { "INSEE_COM": "25190", "NOM_COM": "Dampierre-les-Bois", "EPCI": "200065647", "code_serm": 2 }, "geometry": { "type": "Polygon", "coordinates": [ [ [ 6.903181118946774, 47.508348740923616, 0.0 ], [ 6.901019954232998, 47.510649966473203, 0.0 ], [ 6.904443656647798, 47.512449491707706, 0.0 ], [ 6.909343872926065, 47.513680242355868, 0.0 ], [ 6.912203135710217, 47.513832070256136, 0.0 ], [ 6.914162292532885, 47.517823710606791, 0.0 ], [ 6.915619616023496, 47.518739071590105, 0.0 ], [ 6.917667502306324, 47.518744107035211, 0.0 ], [ 6.920841799207079, 47.517836065452506, 0.0 ], [ 6.924000914191454, 47.518661576871636, 0.0 ], [ 6.925171761513706, 47.519586475960438, 0.0 ], [ 6.927979296291948, 47.518467985036729, 0.0 ], [ 6.932732763469773, 47.519098884531488, 0.0 ], [ 6.934611446230628, 47.51776283816838, 0.0 ], [ 6.93045488064584, 47.515351696716756, 0.0 ], [ 6.929186267382586, 47.513856940262187, 0.0 ], [ 6.931642290698463, 47.51250415766868, 0.0 ], [ 6.934679919552303, 47.509403925710131, 0.0 ], [ 6.931453811389116, 47.507662577581705, 0.0 ], [ 6.927721405079455, 47.501978033037147, 0.0 ], [ 6.922751554583274, 47.50035205433371, 0.0 ], [ 6.923463001793068, 47.497976661563634, 0.0 ], [ 6.920064818456594, 47.497120464332227, 0.0 ], [ 6.920010009241795, 47.498023580974525, 0.0 ], [ 6.91697386646155, 47.498132981592931, 0.0 ], [ 6.907492317615174, 47.494848344429315, 0.0 ], [ 6.897899337082012, 47.496530841667145, 0.0 ], [ 6.897421788982885, 47.498754912708186, 0.0 ], [ 6.903181118946774, 47.508348740923616, 0.0 ] ] ] } },
{ "type": "Feature", "properties": { "INSEE_COM": "25191", "NOM_COM": "Dampierre-sur-le-Doubs", "EPCI": "200065647", "code_serm": 2 }, "geometry": { "type": "Polygon", "coordinates": [ [ [ 6.732441190752624, 47.476799158682162, 0.0 ], [ 6.735239476428358, 47.476384057248573, 0.0 ], [ 6.738059491901274, 47.477593015211966, 0.0 ], [ 6.739106425043851, 47.475893103302603, 0.0 ], [ 6.737903092938302, 47.472082817359997, 0.0 ], [ 6.736325183723582, 47.470176125465294, 0.0 ], [ 6.737572504862682, 47.468663538322353, 0.0 ], [ 6.743324836764677, 47.464640479953921, 0.0 ], [ 6.742422902627414, 47.462974360460095, 0.0 ], [ 6.739914159454472, 47.452710288607335, 0.0 ], [ 6.749384854994456, 47.451991773251109, 0.0 ], [ 6.749488317634971, 47.451553160846139, 0.0 ], [ 6.746402611891317, 47.449322992392531, 0.0 ], [ 6.745180587956257, 47.447295003241571, 0.0 ], [ 6.741697661212901, 47.445096434152084, 0.0 ], [ 6.739124172446616, 47.446651742710081, 0.0 ], [ 6.743197157795622, 47.448112247672825, 0.0 ], [ 6.74449970849756, 47.449450051893379, 0.0 ], [ 6.743828907407769, 47.449964596714473, 0.0 ], [ 6.741775210619712, 47.449531416209624, 0.0 ], [ 6.736519502280985, 47.450426719475985, 0.0 ], [ 6.736015092953396, 47.45374487525681, 0.0 ], [ 6.734960612956163, 47.454513202952725, 0.0 ], [ 6.734056467247092, 47.4544277771708, 0.0 ], [ 6.732703054450379, 47.457482971623662, 0.0 ], [ 6.734267147803902, 47.459370325095499, 0.0 ], [ 6.734810262120466, 47.461687859894262, 0.0 ], [ 6.731758963588914, 47.465742853855041, 0.0 ], [ 6.727099833086422, 47.468206408710884, 0.0 ], [ 6.724882179488144, 47.470656520948516, 0.0 ], [ 6.725223807542632, 47.471707168875845, 0.0 ], [ 6.724166193572843, 47.472227653702213, 0.0 ], [ 6.722819656604118, 47.472149079583488, 0.0 ], [ 6.714266629826797, 47.469426895240993, 0.0 ], [ 6.711859429511197, 47.471318656637507, 0.0 ], [ 6.716120299549219, 47.475219906833082, 0.0 ], [ 6.72506941642223, 47.480828370827048, 0.0 ], [ 6.727902624046387, 47.481025134325364, 0.0 ], [ 6.729391295593259, 47.480526857879944, 0.0 ], [ 6.730360792590062, 47.477616538109878, 0.0 ], [ 6.732441190752624, 47.476799158682162, 0.0 ] ] ] } },
{ "type": "Feature", "properties": { "INSEE_COM": "25192", "NOM_COM": "Dampjoux", "EPCI": "200023075", "code_serm": 2 }, "geometry": { "type": "Polygon", "coordinates": [ [ [ 6.758362937657365, 47.333218043966227, 0.0 ], [ 6.756973928340515, 47.331935477451346, 0.0 ], [ 6.751208462271548, 47.330132019439056, 0.0 ], [ 6.748987008553732, 47.330287616598461, 0.0 ], [ 6.74128789818001, 47.329470800399292, 0.0 ], [ 6.739989059436009, 47.330196704680738, 0.0 ], [ 6.739793150590056, 47.3308852556356, 0.0 ], [ 6.744939495364532, 47.3337564902872, 0.0 ], [ 6.745028453444644, 47.334764811548155, 0.0 ], [ 6.741531109995823, 47.338773654283621, 0.0 ], [ 6.740503528217769, 47.339361933784751, 0.0 ], [ 6.736625413001641, 47.338809110796397, 0.0 ], [ 6.733182712636149, 47.336567667468685, 0.0 ], [ 6.731130205480427, 47.336697651393905, 0.0 ], [ 6.731947829869725, 47.338521595045691, 0.0 ], [ 6.73346611658797, 47.33951549620015, 0.0 ], [ 6.738968025813104, 47.342116910298451, 0.0 ], [ 6.741126800391784, 47.342633160002144, 0.0 ], [ 6.744768954216187, 47.345270804054017, 0.0 ], [ 6.74709419251455, 47.346325925359452, 0.0 ], [ 6.749527080052435, 47.347288303335219, 0.0 ], [ 6.757306616944135, 47.34717016690611, 0.0 ], [ 6.758106134599998, 47.344728055844115, 0.0 ], [ 6.760258936379564, 47.342525997585092, 0.0 ], [ 6.759781021744463, 47.340645257098046, 0.0 ], [ 6.75555583417696, 47.336238860467716, 0.0 ], [ 6.756218002786543, 47.334770933635099, 0.0 ], [ 6.758362937657365, 47.333218043966227, 0.0 ] ] ] } },
{ "type": "Feature", "properties": { "INSEE_COM": "25194", "NOM_COM": "Dannemarie", "EPCI": "200065647", "code_serm": 2 }, "geometry": { "type": "Polygon", "coordinates": [ [ [ 6.889926729383536, 47.384524417365107, 0.0 ], [ 6.889242195900641, 47.388477002955412, 0.0 ], [ 6.88552011557313, 47.389309062836674, 0.0 ], [ 6.88648380635151, 47.39070177929667, 0.0 ], [ 6.890201326119547, 47.392931554365276, 0.0 ], [ 6.900815612573706, 47.396067329204435, 0.0 ], [ 6.909146609841486, 47.397328581061515, 0.0 ], [ 6.909310161431073, 47.396095498795397, 0.0 ], [ 6.910877490508427, 47.394418598528695, 0.0 ], [ 6.91329946367721, 47.387853017994452, 0.0 ], [ 6.912068733561576, 47.386192790170021, 0.0 ], [ 6.910192718346999, 47.385054500692199, 0.0 ], [ 6.903867646487221, 47.382629995418725, 0.0 ], [ 6.896738921215115, 47.38221139282097, 0.0 ], [ 6.895095293267663, 47.381707707895124, 0.0 ], [ 6.892920416766246, 47.384010437539665, 0.0 ], [ 6.889926729383536, 47.384524417365107, 0.0 ] ] ] } },
{ "type": "Feature", "properties": { "INSEE_COM": "25196", "NOM_COM": "Dasle", "EPCI": "200065647", "code_serm": 2 }, "geometry": { "type": "Polygon", "coordinates": [ [ [ 6.882336200479791, 47.490578992432667, 0.0 ], [ 6.88235921373025, 47.493533430930668, 0.0 ], [ 6.887525902711078, 47.493504306062896, 0.0 ], [ 6.892568342195563, 47.494307361935121, 0.0 ], [ 6.895557385672705, 47.495105932409551, 0.0 ], [ 6.897899337082012, 47.496530841667145, 0.0 ], [ 6.907492317615174, 47.494848344429315, 0.0 ], [ 6.908950455362809, 47.494930075810984, 0.0 ], [ 6.909530276481576, 47.494439242836542, 0.0 ], [ 6.909577862923928, 47.489560885816474, 0.0 ], [ 6.91103777759496, 47.485450718664268, 0.0 ], [ 6.91589146068829, 47.477815047659149, 0.0 ], [ 6.908344214642435, 47.474427611496743, 0.0 ], [ 6.907442238607998, 47.472925735617729, 0.0 ], [ 6.90303068673109, 47.473494681506828, 0.0 ], [ 6.885825279317188, 47.470211280205845, 0.0 ], [ 6.880072871026659, 47.468309609481615, 0.0 ], [ 6.87905866843134, 47.470068436830566, 0.0 ], [ 6.878022801229947, 47.477286888601824, 0.0 ], [ 6.880805372875111, 47.477216662772769, 0.0 ], [ 6.883776191835968, 47.479574388163449, 0.0 ], [ 6.885100505576555, 47.481700417503262, 0.0 ], [ 6.885201583783974, 47.483586079743134, 0.0 ], [ 6.882336200479791, 47.490578992432667, 0.0 ] ] ] } },
{ "type": "Feature", "properties": { "INSEE_COM": "25207", "NOM_COM": "Dung", "EPCI": "200065647", "code_serm": 2 }, "geometry": { "type": "Polygon", "coordinates": [ [ [ 6.732552697178947, 47.514725748541323, 0.0 ], [ 6.736989081532625, 47.514063514854385, 0.0 ], [ 6.740357872196078, 47.514246448542359, 0.0 ], [ 6.744360001292454, 47.512855313918912, 0.0 ], [ 6.747059460591587, 47.511175225729303, 0.0 ], [ 6.751312544935871, 47.510560683191727, 0.0 ], [ 6.753726326965726, 47.510290955230843, 0.0 ], [ 6.757721452949536, 47.511666173034143, 0.0 ], [ 6.758321660712834, 47.510497806093049, 0.0 ], [ 6.758479311432123, 47.504037585648433, 0.0 ], [ 6.765298441148818, 47.503932630414802, 0.0 ], [ 6.766112075583152, 47.502304914983824, 0.0 ], [ 6.758630729269016, 47.499948552216232, 0.0 ], [ 6.753182301314891, 47.495304805677996, 0.0 ], [ 6.749917533305243, 47.495868707342098, 0.0 ], [ 6.745240954368266, 47.495774122105026, 0.0 ], [ 6.742585387817488, 47.498754987076886, 0.0 ], [ 6.741199016015184, 47.502146491046041, 0.0 ], [ 6.737211306731684, 47.503733538994879, 0.0 ], [ 6.735403979354843, 47.506398603386998, 0.0 ], [ 6.728908571045297, 47.509012879987765, 0.0 ], [ 6.724851671348163, 47.511852493493173, 0.0 ], [ 6.722254954768509, 47.512343740578231, 0.0 ], [ 6.724012050623053, 47.513279741542256, 0.0 ], [ 6.732552697178947, 47.514725748541323, 0.0 ] ] ] } },
{ "type": "Feature", "properties": { "INSEE_COM": "25210", "NOM_COM": "Échenans", "EPCI": "200065647", "code_serm": 2 }, "geometry": { "type": "Polygon", "coordinates": [ [ [ 6.681712555072871, 47.520280987268258, 0.0 ], [ 6.68132888445751, 47.52162498341923, 0.0 ], [ 6.682140313265295, 47.521643491918461, 0.0 ], [ 6.68213158169848, 47.524529183972156, 0.0 ], [ 6.683478989702857, 47.527362989443589, 0.0 ], [ 6.68424277038087, 47.528406674379411, 0.0 ], [ 6.687603190828949, 47.528825712851635, 0.0 ], [ 6.689216231537121, 47.531685293670463, 0.0 ], [ 6.689223291820552, 47.533290881955942, 0.0 ], [ 6.700410070453295, 47.533642610540738, 0.0 ], [ 6.703604356402204, 47.533116679984779, 0.0 ], [ 6.704225878600097, 47.531525338265595, 0.0 ], [ 6.704150471007445, 47.528076376698728, 0.0 ], [ 6.701282365969213, 47.525162239875293, 0.0 ], [ 6.69438505494298, 47.522094741405134, 0.0 ], [ 6.681712555072871, 47.520280987268258, 0.0 ] ] ] } },
{ "type": "Feature", "properties": { "INSEE_COM": "25214", "NOM_COM": "Écot", "EPCI": "200065647", "code_serm": 2 }, "geometry": { "type": "Polygon", "coordinates": [ [ [ 6.739124172446616, 47.446651742710081, 0.0 ], [ 6.742547834686742, 47.444449960260812, 0.0 ], [ 6.746258962362941, 47.437894126683702, 0.0 ], [ 6.745656793205189, 47.433768001472465, 0.0 ], [ 6.74933594495845, 47.430204132102887, 0.0 ], [ 6.748055109409342, 47.42936134387088, 0.0 ], [ 6.749717984888752, 47.425475802658347, 0.0 ], [ 6.749999710080757, 47.423070405878349, 0.0 ], [ 6.746929580997878, 47.418800339423164, 0.0 ], [ 6.746522397009673, 47.417364320070135, 0.0 ], [ 6.754318839194007, 47.414236118645093, 0.0 ], [ 6.755390885092924, 47.41269195465577, 0.0 ], [ 6.755137132921437, 47.412348678657459, 0.0 ], [ 6.752032677930983, 47.412247957843121, 0.0 ], [ 6.747258358151636, 47.408147349361698, 0.0 ], [ 6.738963117516526, 47.403571397170431, 0.0 ], [ 6.727659410893568, 47.401099316260591, 0.0 ], [ 6.723852009208811, 47.399028751988183, 0.0 ], [ 6.720845103991809, 47.398026501606971, 0.0 ], [ 6.715456157889306, 47.398137642950587, 0.0 ], [ 6.713759376207217, 47.397804365395103, 0.0 ], [ 6.712309913938074, 47.399833312454078, 0.0 ], [ 6.715096836971414, 47.402219843592974, 0.0 ], [ 6.714995483381842, 47.404146238044014, 0.0 ], [ 6.71575838992242, 47.405251049067829, 0.0 ], [ 6.716559187000403, 47.406002276020516, 0.0 ], [ 6.71966127117325, 47.406534778771338, 0.0 ], [ 6.725766828341712, 47.409786311847128, 0.0 ], [ 6.725104172868454, 47.411654108516295, 0.0 ], [ 6.722550641684896, 47.411206911033048, 0.0 ], [ 6.718354167633493, 47.41210634439382, 0.0 ], [ 6.716375791983955, 47.414992151892726, 0.0 ], [ 6.71704849637015, 47.423307568176384, 0.0 ], [ 6.714409110004619, 47.432330792704072, 0.0 ], [ 6.715746676801652, 47.434208485519072, 0.0 ], [ 6.71578959638835, 47.435745436181556, 0.0 ], [ 6.713627510938327, 47.439712112996588, 0.0 ], [ 6.715910885638766, 47.438851545558407, 0.0 ], [ 6.71839658759108, 47.43927946381767, 0.0 ], [ 6.726164820049758, 47.442300342078056, 0.0 ], [ 6.728364362666949, 47.443994379096523, 0.0 ], [ 6.733882530536341, 47.445079026310339, 0.0 ], [ 6.73736743943812, 47.446682968990622, 0.0 ], [ 6.739124172446616, 47.446651742710081, 0.0 ] ] ] } },
{ "type": "Feature", "properties": { "INSEE_COM": "25216", "NOM_COM": "Écurcey", "EPCI": "200065647", "code_serm": 2 }, "geometry": { "type": "Polygon", "coordinates": [ [ [ 6.778553741503631, 47.402403585351834, 0.0 ], [ 6.780114741787813, 47.404415741839706, 0.0 ], [ 6.783097921849706, 47.405886818983475, 0.0 ], [ 6.785846490445884, 47.405782899141592, 0.0 ], [ 6.791520504614934, 47.404285730574209, 0.0 ], [ 6.79639253814856, 47.407172874325731, 0.0 ], [ 6.80279710508746, 47.412022169129351, 0.0 ], [ 6.806237807520857, 47.412629643489673, 0.0 ], [ 6.814028213457879, 47.412566244328673, 0.0 ], [ 6.818368035335459, 47.414292050527386, 0.0 ], [ 6.820217157784289, 47.418139109880443, 0.0 ], [ 6.821891853206314, 47.419110585408781, 0.0 ], [ 6.82306620783636, 47.419266640600448, 0.0 ], [ 6.829593357005165, 47.417697217003841, 0.0 ], [ 6.832798224200864, 47.41535197091595, 0.0 ], [ 6.834112729543274, 47.415926882758463, 0.0 ], [ 6.838948041280409, 47.415159845383194, 0.0 ], [ 6.837386661386577, 47.411584731562122, 0.0 ], [ 6.834265015046431, 47.408595529095379, 0.0 ], [ 6.833075063648059, 47.406679045624422, 0.0 ], [ 6.83240873779031, 47.403953076984699, 0.0 ], [ 6.829413279874747, 47.404501546897215, 0.0 ], [ 6.827185954220682, 47.40389176366439, 0.0 ], [ 6.822224480243169, 47.403938785460973, 0.0 ], [ 6.81684553274386, 47.403007929315599, 0.0 ], [ 6.814028404249096, 47.401009515173641, 0.0 ], [ 6.806640797842293, 47.397265519806552, 0.0 ], [ 6.800126800514733, 47.392107297171115, 0.0 ], [ 6.796892772222681, 47.391905698957274, 0.0 ], [ 6.791940176879478, 47.390355071820046, 0.0 ], [ 6.793872289337835, 47.388684176655907, 0.0 ], [ 6.796414411688451, 47.389013007822207, 0.0 ], [ 6.796832988293883, 47.38864604078951, 0.0 ], [ 6.795572353551095, 47.386699080123648, 0.0 ], [ 6.789282282246576, 47.386269028977793, 0.0 ], [ 6.784588366874595, 47.386735662904321, 0.0 ], [ 6.779508698730453, 47.388262794268989, 0.0 ], [ 6.777368104691813, 47.3898248568984, 0.0 ], [ 6.776056801228155, 47.39266671712442, 0.0 ], [ 6.775996101528508, 47.396343920325435, 0.0 ], [ 6.775073442720062, 47.399279469911278, 0.0 ], [ 6.775872110117202, 47.40047919671143, 0.0 ], [ 6.778553741503631, 47.402403585351834, 0.0 ] ] ] } },
{ "type": "Feature", "properties": { "INSEE_COM": "25224", "NOM_COM": "Étouvans", "EPCI": "200065647", "code_serm": 2 }, "geometry": { "type": "Polygon", "coordinates": [ [ [ 6.735014088154736, 47.461028859637111, 0.0 ], [ 6.732703054450379, 47.457482971623662, 0.0 ], [ 6.734056467247092, 47.4544277771708, 0.0 ], [ 6.734960612956163, 47.454513202952725, 0.0 ], [ 6.736015092953396, 47.45374487525681, 0.0 ], [ 6.736519502280985, 47.450426719475985, 0.0 ], [ 6.741775210619712, 47.449531416209624, 0.0 ], [ 6.743828907407769, 47.449964596714473, 0.0 ], [ 6.74449970849756, 47.449450051893379, 0.0 ], [ 6.744014286290649, 47.448740216019615, 0.0 ], [ 6.740151649829592, 47.446754788398273, 0.0 ], [ 6.73736743943812, 47.446682968990622, 0.0 ], [ 6.733882530536341, 47.445079026310339, 0.0 ], [ 6.728364362666949, 47.443994379096523, 0.0 ], [ 6.726164820049758, 47.442300342078056, 0.0 ], [ 6.71839658759108, 47.43927946381767, 0.0 ], [ 6.715910885638766, 47.438851545558407, 0.0 ], [ 6.713627510938327, 47.439712112996588, 0.0 ], [ 6.71300306206336, 47.440820677299115, 0.0 ], [ 6.713635922349876, 47.442169364906192, 0.0 ], [ 6.713140278304025, 47.443718096651807, 0.0 ], [ 6.706787150030775, 47.449346718174624, 0.0 ], [ 6.705619505803088, 47.451325047191965, 0.0 ], [ 6.70650497781003, 47.452427808512638, 0.0 ], [ 6.710844662815549, 47.454695590635353, 0.0 ], [ 6.711281647932248, 47.456666936216827, 0.0 ], [ 6.709257627043887, 47.458980810626038, 0.0 ], [ 6.69917129510885, 47.460869069653505, 0.0 ], [ 6.699555364558767, 47.461849941706376, 0.0 ], [ 6.702434779619962, 47.463326379030562, 0.0 ], [ 6.699282107537377, 47.465931890117034, 0.0 ], [ 6.706480115720638, 47.467991791500268, 0.0 ], [ 6.708515709685068, 47.468867753000119, 0.0 ], [ 6.711859429511197, 47.471318656637507, 0.0 ], [ 6.714266629826797, 47.469426895240993, 0.0 ], [ 6.722819656604118, 47.472149079583488, 0.0 ], [ 6.724166193572843, 47.472227653702213, 0.0 ], [ 6.725223807542632, 47.471707168875845, 0.0 ], [ 6.724882179488144, 47.470656520948516, 0.0 ], [ 6.727099833086422, 47.468206408710884, 0.0 ], [ 6.731944297074735, 47.465580104378709, 0.0 ], [ 6.735014088154736, 47.461028859637111, 0.0 ] ] ] } },
{ "type": "Feature", "properties": { "INSEE_COM": "25228", "NOM_COM": "Étupes", "EPCI": "200065647", "code_serm": 2 }, "geometry": { "type": "Polygon", "coordinates": [ [ [ 6.88154866253254, 47.523475475163671, 0.0 ], [ 6.887302432911169, 47.515362567250207, 0.0 ], [ 6.891212991204183, 47.512686848650333, 0.0 ], [ 6.901019954232998, 47.510649966473203, 0.0 ], [ 6.902722913268538, 47.509323937076346, 0.0 ], [ 6.903181118946774, 47.508348740923616, 0.0 ], [ 6.897421788982885, 47.498754912708186, 0.0 ], [ 6.897899337082012, 47.496530841667145, 0.0 ], [ 6.895557385672705, 47.495105932409551, 0.0 ], [ 6.892568342195563, 47.494307361935121, 0.0 ], [ 6.887525902711078, 47.493504306062896, 0.0 ], [ 6.88235921373025, 47.493533430930668, 0.0 ], [ 6.882384555744551, 47.490402536628437, 0.0 ], [ 6.876449129550094, 47.490773384377945, 0.0 ], [ 6.865419965363664, 47.487691081037291, 0.0 ], [ 6.864363856115534, 47.487777518408095, 0.0 ], [ 6.865464386278643, 47.497760990457238, 0.0 ], [ 6.85400542119848, 47.501825124879737, 0.0 ], [ 6.851524558074271, 47.50311035964841, 0.0 ], [ 6.849208923114703, 47.505491375701979, 0.0 ], [ 6.846878298837322, 47.504931228968672, 0.0 ], [ 6.844931376206934, 47.507985799090115, 0.0 ], [ 6.843064775245698, 47.513307851502496, 0.0 ], [ 6.850026113133204, 47.514992123635018, 0.0 ], [ 6.852644806755666, 47.515998711256906, 0.0 ], [ 6.853081393615937, 47.517090972773389, 0.0 ], [ 6.857870168185905, 47.516937853387354, 0.0 ], [ 6.858298957610709, 47.520500620249322, 0.0 ], [ 6.863287908733976, 47.518640036417217, 0.0 ], [ 6.868214412897977, 47.519321876105963, 0.0 ], [ 6.874531342989246, 47.519471500034321, 0.0 ], [ 6.877500542657558, 47.521650114755708, 0.0 ], [ 6.88154866253254, 47.523475475163671, 0.0 ] ] ] } },
{ "type": "Feature", "properties": { "INSEE_COM": "25230", "NOM_COM": "Exincourt", "EPCI": "200065647", "code_serm": 2 }, "geometry": { "type": "Polygon", "coordinates": [ [ [ 6.85020995780617, 47.498946893943355, 0.0 ], [ 6.840597768571323, 47.498152257604531, 0.0 ], [ 6.839930261819942, 47.492579457403878, 0.0 ], [ 6.834376526489939, 47.493141933326633, 0.0 ], [ 6.831076115116421, 47.491377851033569, 0.0 ], [ 6.827143604645249, 47.490104902516251, 0.0 ], [ 6.82259575761363, 47.495138938504979, 0.0 ], [ 6.821523577841969, 47.502594746012456, 0.0 ], [ 6.819545328284326, 47.506234764798236, 0.0 ], [ 6.820584084854312, 47.50729565923681, 0.0 ], [ 6.824226005651495, 47.508414377835159, 0.0 ], [ 6.830313179740931, 47.507848418435294, 0.0 ], [ 6.83400473186813, 47.508375809912522, 0.0 ], [ 6.84155845378541, 47.511616391178272, 0.0 ], [ 6.843064775245698, 47.513307851502496, 0.0 ], [ 6.844931376206934, 47.507985799090115, 0.0 ], [ 6.846878298837322, 47.504931228968672, 0.0 ], [ 6.849208923114703, 47.505491375701979, 0.0 ], [ 6.851524558074271, 47.50311035964841, 0.0 ], [ 6.854731340583882, 47.501582094553953, 0.0 ], [ 6.853449083678022, 47.499678778736403, 0.0 ], [ 6.85020995780617, 47.498946893943355, 0.0 ] ] ] } },
{ "type": "Feature", "properties": { "INSEE_COM": "25237", "NOM_COM": "Fesches-le-Châtel", "EPCI": "200065647", "code_serm": 2 }, "geometry": { "type": "Polygon", "coordinates": [ [ [ 6.892299270544981, 47.512332405784875, 0.0 ], [ 6.886607180613226, 47.516046383879797, 0.0 ], [ 6.88154866253254, 47.523475475163671, 0.0 ], [ 6.885508554564129, 47.526114761155824, 0.0 ], [ 6.887624254242963, 47.524469702198644, 0.0 ], [ 6.894135753862374, 47.524065636993889, 0.0 ], [ 6.89671846388241, 47.525691631369078, 0.0 ], [ 6.897064748727328, 47.526517303963757, 0.0 ], [ 6.898228658967904, 47.526840660032391, 0.0 ], [ 6.907187596845527, 47.527112796018777, 0.0 ], [ 6.907281749176537, 47.526671629818225, 0.0 ], [ 6.911504593919099, 47.525555649887721, 0.0 ], [ 6.916337229192363, 47.524774104811293, 0.0 ], [ 6.919003851067243, 47.521219974516939, 0.0 ], [ 6.920806257413366, 47.520144493542034, 0.0 ], [ 6.925171761513706, 47.519586475960438, 0.0 ], [ 6.924000914191454, 47.518661576871636, 0.0 ], [ 6.920841799207079, 47.517836065452506, 0.0 ], [ 6.917667502306324, 47.518744107035211, 0.0 ], [ 6.915619616023496, 47.518739071590105, 0.0 ], [ 6.914162292532885, 47.517823710606791, 0.0 ], [ 6.912203135710217, 47.513832070256136, 0.0 ], [ 6.909343872926065, 47.513680242355868, 0.0 ], [ 6.904443656647798, 47.512449491707706, 0.0 ], [ 6.901019954232998, 47.510649966473203, 0.0 ], [ 6.897384940460355, 47.511659414656265, 0.0 ], [ 6.892299270544981, 47.512332405784875, 0.0 ] ] ] } },
{ "type": "Feature", "properties": { "INSEE_COM": "25239", "NOM_COM": "Feule", "EPCI": "200065647", "code_serm": 2 }, "geometry": { "type": "Polygon", "coordinates": [ [ [ 6.722289171717239, 47.337792613989308, 0.0 ], [ 6.724067430537433, 47.348128509000652, 0.0 ], [ 6.728613238119054, 47.354100117880087, 0.0 ], [ 6.725390262884052, 47.360069618340816, 0.0 ], [ 6.731341040794486, 47.361053750897277, 0.0 ], [ 6.739200926523474, 47.364170614536967, 0.0 ], [ 6.744504332060705, 47.357546929099257, 0.0 ], [ 6.74888337613422, 47.357845433850542, 0.0 ], [ 6.75124202796281, 47.357606136505673, 0.0 ], [ 6.752523608892868, 47.356872578020898, 0.0 ], [ 6.753043652859419, 47.355320965117606, 0.0 ], [ 6.752433479932408, 47.35221159180275, 0.0 ], [ 6.743727876312103, 47.34830729629774, 0.0 ], [ 6.74207863596814, 47.344778062058843, 0.0 ], [ 6.739409638473512, 47.342270314916753, 0.0 ], [ 6.731947829869725, 47.338521595045691, 0.0 ], [ 6.731130205480427, 47.336697651393905, 0.0 ], [ 6.725298830284206, 47.338176415124401, 0.0 ], [ 6.722289171717239, 47.337792613989308, 0.0 ] ] ] } },
{ "type": "Feature", "properties": { "INSEE_COM": "25274", "NOM_COM": "Glay", "EPCI": "200065647", "code_serm": 2 }, "geometry": { "type": "Polygon", "coordinates": [ [ [ 6.889379205902119, 47.388298465580078, 0.0 ], [ 6.889360661464606, 47.387476200339783, 0.0 ], [ 6.881105192820853, 47.389115941394998, 0.0 ], [ 6.882406719404184, 47.39231531145694, 0.0 ], [ 6.881570849150767, 47.395763643177752, 0.0 ], [ 6.880003239190563, 47.39704626101836, 0.0 ], [ 6.878531334570834, 47.397543341252458, 0.0 ], [ 6.871636639013797, 47.404647360855279, 0.0 ], [ 6.87102706633847, 47.405654570441541, 0.0 ], [ 6.871823228165586, 47.409561240575634, 0.0 ], [ 6.874662505715537, 47.412562523486372, 0.0 ], [ 6.879965401627273, 47.412340563635354, 0.0 ], [ 6.885581621763816, 47.414699085943909, 0.0 ], [ 6.890959734382629, 47.413736861490939, 0.0 ], [ 6.89500398354209, 47.412163848104122, 0.0 ], [ 6.897593370139215, 47.412149149853455, 0.0 ], [ 6.900028820005861, 47.412883127809124, 0.0 ], [ 6.902967590009022, 47.415311718330386, 0.0 ], [ 6.905892800852749, 47.415711877356983, 0.0 ], [ 6.912110880086881, 47.415290060278515, 0.0 ], [ 6.913655401782153, 47.416292589869741, 0.0 ], [ 6.91488375992251, 47.41404123187386, 0.0 ], [ 6.912553133286178, 47.411583442108046, 0.0 ], [ 6.912212841210952, 47.407397527130634, 0.0 ], [ 6.916433150097784, 47.407012032012211, 0.0 ], [ 6.917589913750505, 47.405837396929613, 0.0 ], [ 6.91542448931553, 47.404528668974919, 0.0 ], [ 6.917437532570007, 47.403409001284473, 0.0 ], [ 6.915525705810756, 47.39852164345016, 0.0 ], [ 6.912406421019967, 47.396852034872317, 0.0 ], [ 6.909534796952853, 47.396190689831826, 0.0 ], [ 6.908941347552641, 47.397462570580423, 0.0 ], [ 6.904891980425719, 47.396923645706799, 0.0 ], [ 6.890201326119547, 47.392931554365276, 0.0 ], [ 6.88648380635151, 47.39070177929667, 0.0 ], [ 6.88552011557313, 47.389309062836674, 0.0 ], [ 6.888226120282914, 47.388959859546269, 0.0 ], [ 6.889379205902119, 47.388298465580078, 0.0 ] ] ] } },
{ "type": "Feature", "properties": { "INSEE_COM": "25281", "NOM_COM": "Goux-lès-Dambelin", "EPCI": "200065647", "code_serm": 2 }, "geometry": { "type": "Polygon", "coordinates": [ [ [ 6.687927249307871, 47.40825526037267, 0.0 ], [ 6.689637812162299, 47.407649450069854, 0.0 ], [ 6.692058867635894, 47.404795122613294, 0.0 ], [ 6.699781735974832, 47.403199554060514, 0.0 ], [ 6.701426001607144, 47.39844929102857, 0.0 ], [ 6.702613545472009, 47.398117671369548, 0.0 ], [ 6.707066597828701, 47.398637180599707, 0.0 ], [ 6.711166379457365, 47.397561871174709, 0.0 ], [ 6.71346291709101, 47.398122950287252, 0.0 ], [ 6.71574139348868, 47.396336937613341, 0.0 ], [ 6.714584478188043, 47.395022125566435, 0.0 ], [ 6.71236169892197, 47.393799938616837, 0.0 ], [ 6.701313744136042, 47.390964852852974, 0.0 ], [ 6.695403480904997, 47.392030733120947, 0.0 ], [ 6.693802412144383, 47.389731336206836, 0.0 ], [ 6.694876930207045, 47.38849408008992, 0.0 ], [ 6.699103563286164, 47.387688202075857, 0.0 ], [ 6.694716169530502, 47.386047047365153, 0.0 ], [ 6.692074310438629, 47.385720988845861, 0.0 ], [ 6.69120169352449, 47.386730113075302, 0.0 ], [ 6.691395315270798, 47.387961296397677, 0.0 ], [ 6.688280195985217, 47.388664923313684, 0.0 ], [ 6.684112495442025, 47.388478127675562, 0.0 ], [ 6.681243353373749, 47.386370175217557, 0.0 ], [ 6.676051231965936, 47.385541465833953, 0.0 ], [ 6.674406934121225, 47.389195503684711, 0.0 ], [ 6.673459905355055, 47.389357021060214, 0.0 ], [ 6.671764813411953, 47.388420203892572, 0.0 ], [ 6.670691640107048, 47.38701132458575, 0.0 ], [ 6.666833114709195, 47.385075774310721, 0.0 ], [ 6.664101222822196, 47.385311559462444, 0.0 ], [ 6.660186747876179, 47.383172996186737, 0.0 ], [ 6.659811068418407, 47.381577133540596, 0.0 ], [ 6.659090918856055, 47.381931450758977, 0.0 ], [ 6.658273776760807, 47.382400563133672, 0.0 ], [ 6.661452532339979, 47.387697564976428, 0.0 ], [ 6.663765223653843, 47.390314669902075, 0.0 ], [ 6.662109737185768, 47.39133381780632, 0.0 ], [ 6.659083604634752, 47.392123955732842, 0.0 ], [ 6.654159460569453, 47.39203559785571, 0.0 ], [ 6.650555245609913, 47.394199040946326, 0.0 ], [ 6.647231853866498, 47.39805494413315, 0.0 ], [ 6.649050895110359, 47.399196387902329, 0.0 ], [ 6.651964700878429, 47.399943843667543, 0.0 ], [ 6.654258209469181, 47.407785775390131, 0.0 ], [ 6.661373063321891, 47.407489777839309, 0.0 ], [ 6.672065429338009, 47.409731621239885, 0.0 ], [ 6.673059900421078, 47.414051054488283, 0.0 ], [ 6.673867686189187, 47.413943521156348, 0.0 ], [ 6.67486433496894, 47.41465368214908, 0.0 ], [ 6.676848540891682, 47.414702684498259, 0.0 ], [ 6.678270398130372, 47.413542050636934, 0.0 ], [ 6.680841854361965, 47.409290014178517, 0.0 ], [ 6.682911429546121, 47.408633285161791, 0.0 ], [ 6.687927249307871, 47.40825526037267, 0.0 ] ] ] } },
{ "type": "Feature", "properties": { "INSEE_COM": "25284", "NOM_COM": "Grand-Charmont", "EPCI": "200065647", "code_serm": 2 }, "geometry": { "type": "Polygon", "coordinates": [ [ [ 6.817861080646696, 47.522134114942645, 0.0 ], [ 6.810276869621265, 47.530016498803157, 0.0 ], [ 6.80968576420705, 47.531281282214884, 0.0 ], [ 6.808456328690136, 47.531786495720311, 0.0 ], [ 6.812335906459627, 47.534612824277872, 0.0 ], [ 6.81447025768633, 47.542197709852644, 0.0 ], [ 6.816740206730914, 47.545039641648515, 0.0 ], [ 6.816779797955497, 47.547829336822751, 0.0 ], [ 6.830637430049222, 47.546435598926642, 0.0 ], [ 6.832520944731783, 47.543524070377138, 0.0 ], [ 6.834770016021396, 47.541295298949912, 0.0 ], [ 6.83568043122671, 47.537903836436094, 0.0 ], [ 6.837198145544793, 47.536651652031864, 0.0 ], [ 6.83542979249054, 47.536080835536403, 0.0 ], [ 6.837467859163511, 47.53095704066348, 0.0 ], [ 6.834236570342682, 47.52739010564612, 0.0 ], [ 6.829124155933115, 47.525007848222003, 0.0 ], [ 6.827907444635266, 47.522119812119563, 0.0 ], [ 6.832637464151575, 47.521975986330276, 0.0 ], [ 6.832874688721619, 47.521443675093209, 0.0 ], [ 6.829099060667216, 47.519829422539829, 0.0 ], [ 6.823139403533649, 47.518663469989484, 0.0 ], [ 6.818331929050866, 47.519432191227423, 0.0 ], [ 6.817861080646696, 47.522134114942645, 0.0 ] ] ] } },
{ "type": "Feature", "properties": { "INSEE_COM": "25304", "NOM_COM": "Hérimoncourt", "EPCI": "200065647", "code_serm": 2 }, "geometry": { "type": "Polygon", "coordinates": [ [ [ 6.87764086963707, 47.452524850331194, 0.0 ], [ 6.881193543776618, 47.450650694075208, 0.0 ], [ 6.884960601331726, 47.451220717206965, 0.0 ], [ 6.88777217702818, 47.451074504188526, 0.0 ], [ 6.891903580209077, 47.450093651306055, 0.0 ], [ 6.894657295458486, 47.450577395187288, 0.0 ], [ 6.903760152148008, 47.446841060517961, 0.0 ], [ 6.905234612145327, 47.447091689729746, 0.0 ], [ 6.90845375269839, 47.446416648030706, 0.0 ], [ 6.907515772558123, 47.444287782346684, 0.0 ], [ 6.902694525131444, 47.442776883800811, 0.0 ], [ 6.901035800587247, 47.441782539299339, 0.0 ], [ 6.900477240463464, 47.441118101251476, 0.0 ], [ 6.900712940657395, 47.439011104463638, 0.0 ], [ 6.899775764067537, 47.437470696028178, 0.0 ], [ 6.897388458234119, 47.43595365677352, 0.0 ], [ 6.901714506677699, 47.431829398752079, 0.0 ], [ 6.901229104485695, 47.43019903213235, 0.0 ], [ 6.898284703090881, 47.426845856377838, 0.0 ], [ 6.899371549904267, 47.424809448223506, 0.0 ], [ 6.89677153237949, 47.423883576534578, 0.0 ], [ 6.885699813724393, 47.423904458920546, 0.0 ], [ 6.882789377713268, 47.423473547999272, 0.0 ], [ 6.876732739135357, 47.420398624355499, 0.0 ], [ 6.874779247246397, 47.419057759609586, 0.0 ], [ 6.874896873910999, 47.418095779603036, 0.0 ], [ 6.873915440893024, 47.418754878737097, 0.0 ], [ 6.873263284653562, 47.420166379695715, 0.0 ], [ 6.869825192489972, 47.421966264533374, 0.0 ], [ 6.867140347321133, 47.422798254552845, 0.0 ], [ 6.866427198872994, 47.423772816506336, 0.0 ], [ 6.865137806811664, 47.42657087487558, 0.0 ], [ 6.866286587144637, 47.428373072359953, 0.0 ], [ 6.868481471181292, 47.429762827149013, 0.0 ], [ 6.865419633607465, 47.431376084818417, 0.0 ], [ 6.866222807763498, 47.433872030723883, 0.0 ], [ 6.869245468778786, 47.437007945934951, 0.0 ], [ 6.86919974509121, 47.438139656957176, 0.0 ], [ 6.874808648799601, 47.441871622653188, 0.0 ], [ 6.876853159817381, 47.443889023886996, 0.0 ], [ 6.875002459255565, 47.447007800842158, 0.0 ], [ 6.873827168986227, 47.450484378461276, 0.0 ], [ 6.874197829830949, 47.45219074530182, 0.0 ], [ 6.875931395569375, 47.453138805894049, 0.0 ], [ 6.877032454405847, 47.453480644385714, 0.0 ], [ 6.87764086963707, 47.452524850331194, 0.0 ] ] ] } },
{ "type": "Feature", "properties": { "INSEE_COM": "25316", "NOM_COM": "Issans", "EPCI": "200065647", "code_serm": 2 }, "geometry": { "type": "Polygon", "coordinates": [ [ [ 6.731585902557195, 47.514805391139454, 0.0 ], [ 6.726923388650195, 47.513904835618071, 0.0 ], [ 6.725599686510115, 47.515428687773067, 0.0 ], [ 6.725471149341742, 47.517535194874895, 0.0 ], [ 6.723578343675643, 47.522482673706534, 0.0 ], [ 6.719409087604622, 47.525752773268394, 0.0 ], [ 6.717791686471781, 47.528225784182716, 0.0 ], [ 6.72496321331852, 47.530785755402974, 0.0 ], [ 6.726384136173478, 47.532806650602964, 0.0 ], [ 6.726539514471967, 47.534157008309997, 0.0 ], [ 6.727363534762514, 47.534524451412565, 0.0 ], [ 6.743631233657249, 47.536067435638813, 0.0 ], [ 6.749814986162405, 47.537166255239647, 0.0 ], [ 6.746273894763822, 47.534167562789406, 0.0 ], [ 6.743438768307571, 47.530490045852758, 0.0 ], [ 6.736323617923045, 47.523706552979064, 0.0 ], [ 6.734518662488261, 47.520741949895658, 0.0 ], [ 6.734384980469542, 47.518086014691598, 0.0 ], [ 6.732941969373604, 47.514661906288033, 0.0 ], [ 6.731585902557195, 47.514805391139454, 0.0 ] ] ] } },
{ "type": "Feature", "properties": { "INSEE_COM": "25322", "NOM_COM": "Laire", "EPCI": "247000722", "code_serm": 2 }, "geometry": { "type": "Polygon", "coordinates": [ [ [ 6.739018856941985, 47.55709787837116, 0.0 ], [ 6.74226154077077, 47.554758069114442, 0.0 ], [ 6.744225978831301, 47.551372442072477, 0.0 ], [ 6.746066805870934, 47.54972005307193, 0.0 ], [ 6.749428322508064, 47.548628796747366, 0.0 ], [ 6.75311429140753, 47.543613262546884, 0.0 ], [ 6.755266418038032, 47.542364310374211, 0.0 ], [ 6.758202633875187, 47.541573952469868, 0.0 ], [ 6.756799799969302, 47.541023520640245, 0.0 ], [ 6.749690285423876, 47.542652014061311, 0.0 ], [ 6.742124878139397, 47.542888901512796, 0.0 ], [ 6.739496566880575, 47.544013203539947, 0.0 ], [ 6.727291202048054, 47.544456496806966, 0.0 ], [ 6.723724882142223, 47.545017476165903, 0.0 ], [ 6.722095853642137, 47.545934613481691, 0.0 ], [ 6.721257309203426, 47.550022827809272, 0.0 ], [ 6.719257734054897, 47.553439785126017, 0.0 ], [ 6.719867810562506, 47.556217440660525, 0.0 ], [ 6.722309916567244, 47.559455657172769, 0.0 ], [ 6.726163150828885, 47.560455365417305, 0.0 ], [ 6.734108243596292, 47.557996935580903, 0.0 ], [ 6.739018856941985, 47.55709787837116, 0.0 ] ] ] } },
{ "type": "Feature", "properties": { "INSEE_COM": "25345", "NOM_COM": "Longevelle-sur-Doubs", "EPCI": "200065647", "code_serm": 2 }, "geometry": { "type": "Polygon", "coordinates": [ [ [ 6.623666301783772, 47.464500346837383, 0.0 ], [ 6.624744714391724, 47.464609135603517, 0.0 ], [ 6.627768561889368, 47.463247917032483, 0.0 ], [ 6.629723422150363, 47.46299591306223, 0.0 ], [ 6.646314082400884, 47.465713159358728, 0.0 ], [ 6.657200231569411, 47.474382907452409, 0.0 ], [ 6.660042331512475, 47.478469432557318, 0.0 ], [ 6.663666740580114, 47.478328366621852, 0.0 ], [ 6.66758277040624, 47.475519631093782, 0.0 ], [ 6.669049497491062, 47.47114971322528, 0.0 ], [ 6.668918929948484, 47.467501487941107, 0.0 ], [ 6.67163200642141, 47.462728139637683, 0.0 ], [ 6.6744894330947, 47.459909249044991, 0.0 ], [ 6.67942733164948, 47.456762259735363, 0.0 ], [ 6.681854693575266, 47.454172135848317, 0.0 ], [ 6.67849711188484, 47.45310684714326, 0.0 ], [ 6.6729014006036, 47.452143692033069, 0.0 ], [ 6.655389841914019, 47.451699497708944, 0.0 ], [ 6.642354276932492, 47.449221126732965, 0.0 ], [ 6.627989082635401, 47.448822072490827, 0.0 ], [ 6.624026590844835, 47.447825483722589, 0.0 ], [ 6.622152443282507, 47.446867383122225, 0.0 ], [ 6.619503510318843, 47.449596451936102, 0.0 ], [ 6.618815723511412, 47.4549462083382, 0.0 ], [ 6.623666301783772, 47.464500346837383, 0.0 ] ] ] } },
{ "type": "Feature", "properties": { "INSEE_COM": "25350", "NOM_COM": "Lougres", "EPCI": "200065647", "code_serm": 2 }, "geometry": { "type": "Polygon", "coordinates": [ [ [ 6.66758277040624, 47.475519631093782, 0.0 ], [ 6.663666740580114, 47.478328366621852, 0.0 ], [ 6.660042331512475, 47.478469432557318, 0.0 ], [ 6.668601931738023, 47.479217335185247, 0.0 ], [ 6.678219501745464, 47.478238834466673, 0.0 ], [ 6.680119606495607, 47.481223744952054, 0.0 ], [ 6.680621145108161, 47.483084072559841, 0.0 ], [ 6.679416894409481, 47.486042754735585, 0.0 ], [ 6.680593824987271, 47.487516766241065, 0.0 ], [ 6.682668468820333, 47.488839815689367, 0.0 ], [ 6.685924028447526, 47.489471214516882, 0.0 ], [ 6.693526841678089, 47.48384045600266, 0.0 ], [ 6.695179251312025, 47.4811079797988, 0.0 ], [ 6.699747694379532, 47.476585931161239, 0.0 ], [ 6.697567695261878, 47.474872721195275, 0.0 ], [ 6.697432589272479, 47.472860220805948, 0.0 ], [ 6.697947388727577, 47.468982392702863, 0.0 ], [ 6.700136261505032, 47.466368830946969, 0.0 ], [ 6.697449263740416, 47.464889826112625, 0.0 ], [ 6.69228713647757, 47.460181171393288, 0.0 ], [ 6.684990375461153, 47.455524621026179, 0.0 ], [ 6.681854693575266, 47.454172135848317, 0.0 ], [ 6.67942733164948, 47.456762259735363, 0.0 ], [ 6.6744894330947, 47.459909249044991, 0.0 ], [ 6.67163200642141, 47.462728139637683, 0.0 ], [ 6.668918929948484, 47.467501487941107, 0.0 ], [ 6.669049497491062, 47.47114971322528, 0.0 ], [ 6.66758277040624, 47.475519631093782, 0.0 ] ] ] } },
{ "type": "Feature", "properties": { "INSEE_COM": "25367", "NOM_COM": "Mandeure", "EPCI": "200065647", "code_serm": 2 }, "geometry": { "type": "Polygon", "coordinates": [ [ [ 6.808520957909869, 47.456854169116362, 0.0 ], [ 6.812413475850962, 47.451824885849646, 0.0 ], [ 6.811368127783551, 47.4515121683514, 0.0 ], [ 6.811621113782037, 47.45043772357532, 0.0 ], [ 6.818985895681685, 47.446715586485986, 0.0 ], [ 6.820791192643767, 47.446638272201106, 0.0 ], [ 6.836657530604182, 47.450076952393097, 0.0 ], [ 6.839212716476194, 47.440114966723307, 0.0 ], [ 6.836670961021712, 47.436141424320574, 0.0 ], [ 6.830666738122636, 47.432758710840517, 0.0 ], [ 6.832640170781838, 47.430806465237779, 0.0 ], [ 6.8362086138179, 47.429096274889538, 0.0 ], [ 6.838124515090249, 47.427124190039606, 0.0 ], [ 6.835592777040302, 47.42335487774578, 0.0 ], [ 6.833888758997604, 47.4181585707111, 0.0 ], [ 6.832666194558073, 47.417774393822988, 0.0 ], [ 6.833615171988911, 47.415820722149718, 0.0 ], [ 6.832798224200864, 47.41535197091595, 0.0 ], [ 6.829593357005165, 47.417697217003841, 0.0 ], [ 6.82306620783636, 47.419266640600448, 0.0 ], [ 6.821479395666302, 47.41900608128423, 0.0 ], [ 6.819841061023842, 47.417613423627913, 0.0 ], [ 6.818368035335459, 47.414292050527386, 0.0 ], [ 6.814028213457879, 47.412566244328673, 0.0 ], [ 6.806237807520857, 47.412629643489673, 0.0 ], [ 6.80279710508746, 47.412022169129351, 0.0 ], [ 6.79639253814856, 47.407172874325731, 0.0 ], [ 6.79173924053078, 47.40460033634303, 0.0 ], [ 6.787945442700299, 47.4068176203265, 0.0 ], [ 6.787593007679412, 47.40772853861062, 0.0 ], [ 6.788396247875971, 47.409043397107574, 0.0 ], [ 6.791599612581678, 47.411704834107475, 0.0 ], [ 6.789379545561624, 47.414253821450245, 0.0 ], [ 6.78697369582974, 47.419116859464161, 0.0 ], [ 6.787792656141836, 47.42106477270179, 0.0 ], [ 6.791815731603086, 47.4239653657174, 0.0 ], [ 6.791423758877113, 47.425875237657429, 0.0 ], [ 6.790158592908454, 47.427213355287563, 0.0 ], [ 6.790620688105443, 47.430326452450039, 0.0 ], [ 6.791464486177577, 47.431364192167415, 0.0 ], [ 6.791539567011514, 47.433718451837727, 0.0 ], [ 6.790396333107961, 47.436087191781773, 0.0 ], [ 6.786035355788156, 47.439351085579354, 0.0 ], [ 6.785932363613475, 47.44065580094594, 0.0 ], [ 6.790308372336439, 47.444393926277939, 0.0 ], [ 6.791190701344005, 47.447829462217889, 0.0 ], [ 6.790775494745064, 47.450652095652238, 0.0 ], [ 6.796099185888186, 47.456550904550575, 0.0 ], [ 6.799698610727079, 47.458119580295516, 0.0 ], [ 6.803493016759014, 47.458446200442538, 0.0 ], [ 6.806889988730806, 47.457892590651483, 0.0 ], [ 6.808520957909869, 47.456854169116362, 0.0 ] ] ] } },
{ "type": "Feature", "properties": { "INSEE_COM": "25370", "NOM_COM": "Mathay", "EPCI": "200065647", "code_serm": 2 }, "geometry": { "type": "Polygon", "coordinates": [ [ [ 6.754606165213511, 47.414357514428055, 0.0 ], [ 6.75239988345331, 47.414722551241766, 0.0 ], [ 6.751511296111691, 47.415551508169386, 0.0 ], [ 6.746522397009673, 47.417364320070135, 0.0 ], [ 6.746929580997878, 47.418800339423164, 0.0 ], [ 6.749999710080757, 47.423070405878349, 0.0 ], [ 6.749717984888752, 47.425475802658347, 0.0 ], [ 6.748055109409342, 47.42936134387088, 0.0 ], [ 6.74933594495845, 47.430204132102887, 0.0 ], [ 6.745656793205189, 47.433768001472465, 0.0 ], [ 6.746258962362941, 47.437894126683702, 0.0 ], [ 6.742547834686742, 47.444449960260812, 0.0 ], [ 6.741697661212901, 47.445096434152084, 0.0 ], [ 6.745180587956257, 47.447295003241571, 0.0 ], [ 6.746402611891317, 47.449322992392531, 0.0 ], [ 6.749488317634971, 47.451553160846139, 0.0 ], [ 6.749384854994456, 47.451991773251109, 0.0 ], [ 6.753196746717253, 47.453356724131787, 0.0 ], [ 6.753035376203289, 47.454390196061397, 0.0 ], [ 6.754288528002747, 47.456646911502339, 0.0 ], [ 6.763377286346588, 47.461466663131489, 0.0 ], [ 6.767719757606053, 47.461594677289895, 0.0 ], [ 6.769895096273128, 47.462292036423122, 0.0 ], [ 6.775046749209703, 47.462021360320058, 0.0 ], [ 6.782726522391562, 47.463732956895853, 0.0 ], [ 6.79016205986734, 47.464428240197002, 0.0 ], [ 6.79771716098207, 47.464333291299283, 0.0 ], [ 6.803881344158865, 47.462507027137839, 0.0 ], [ 6.807611658340375, 47.460788940419725, 0.0 ], [ 6.809321119044506, 47.458910704195297, 0.0 ], [ 6.808104323784141, 47.457217483589545, 0.0 ], [ 6.805093970720909, 47.458273985948829, 0.0 ], [ 6.80161363200951, 47.458384161428476, 0.0 ], [ 6.798631035628572, 47.457700228506631, 0.0 ], [ 6.794927678125082, 47.455658167037583, 0.0 ], [ 6.790775494745064, 47.450652095652238, 0.0 ], [ 6.791190701344005, 47.447829462217889, 0.0 ], [ 6.790308372336439, 47.444393926277939, 0.0 ], [ 6.785932363613475, 47.44065580094594, 0.0 ], [ 6.786035355788156, 47.439351085579354, 0.0 ], [ 6.790076634508639, 47.436393213399811, 0.0 ], [ 6.791387636410135, 47.434348856432983, 0.0 ], [ 6.791464486177577, 47.431364192167415, 0.0 ], [ 6.790620688105443, 47.430326452450039, 0.0 ], [ 6.790158592908454, 47.427213355287563, 0.0 ], [ 6.791609634311684, 47.425480746199362, 0.0 ], [ 6.791662600193406, 47.423659435440896, 0.0 ], [ 6.790651009498, 47.424301653614073, 0.0 ], [ 6.77670551254979, 47.423296416962842, 0.0 ], [ 6.775346093691381, 47.426315499777218, 0.0 ], [ 6.771690742419418, 47.425080504954906, 0.0 ], [ 6.764658832304087, 47.421657584353909, 0.0 ], [ 6.758041119458588, 47.42015037240926, 0.0 ], [ 6.754483756761368, 47.418596268174227, 0.0 ], [ 6.753208566300255, 47.415785108776468, 0.0 ], [ 6.755683685683181, 47.415182464221957, 0.0 ], [ 6.754606165213511, 47.414357514428055, 0.0 ] ] ] } },
{ "type": "Feature", "properties": { "INSEE_COM": "25378", "NOM_COM": "Meslières", "EPCI": "200065647", "code_serm": 2 }, "geometry": { "type": "Polygon", "coordinates": [ [ [ 6.911977024930712, 47.421892077666364, 0.0 ], [ 6.913655401782153, 47.416292589869741, 0.0 ], [ 6.912110880086881, 47.415290060278515, 0.0 ], [ 6.905892800852749, 47.415711877356983, 0.0 ], [ 6.902967590009022, 47.415311718330386, 0.0 ], [ 6.900028820005861, 47.412883127809124, 0.0 ], [ 6.897593370139215, 47.412149149853455, 0.0 ], [ 6.89500398354209, 47.412163848104122, 0.0 ], [ 6.890959734382629, 47.413736861490939, 0.0 ], [ 6.885581621763816, 47.414699085943909, 0.0 ], [ 6.879965401627273, 47.412340563635354, 0.0 ], [ 6.874662505715537, 47.412562523486372, 0.0 ], [ 6.875471436622573, 47.413539581871341, 0.0 ], [ 6.874779247246397, 47.419057759609586, 0.0 ], [ 6.880506664238728, 47.422596210460441, 0.0 ], [ 6.882789377713268, 47.423473547999272, 0.0 ], [ 6.885699813724393, 47.423904458920546, 0.0 ], [ 6.89677153237949, 47.423883576534578, 0.0 ], [ 6.899371549904267, 47.424809448223506, 0.0 ], [ 6.911977024930712, 47.421892077666364, 0.0 ] ] ] } },
{ "type": "Feature", "properties": { "INSEE_COM": "25388", "NOM_COM": "Montbéliard", "EPCI": "200065647", "code_serm": 2 }, "geometry": { "type": "Polygon", "coordinates": [ [ [ 6.789983477335602, 47.496954067792544, 0.0 ], [ 6.789269562100443, 47.498851797748884, 0.0 ], [ 6.783057091560147, 47.501320323382352, 0.0 ], [ 6.781967022941399, 47.507004403048832, 0.0 ], [ 6.780902712562756, 47.507000213601422, 0.0 ], [ 6.779615989441101, 47.509606766702213, 0.0 ], [ 6.775914643683948, 47.511230015999203, 0.0 ], [ 6.770105749691647, 47.512225672437992, 0.0 ], [ 6.765460372412132, 47.517883059245939, 0.0 ], [ 6.768605970629575, 47.524422994665656, 0.0 ], [ 6.768107472313884, 47.528070853341966, 0.0 ], [ 6.76628362649196, 47.531246985598962, 0.0 ], [ 6.762816431429091, 47.532140334785076, 0.0 ], [ 6.754748099500901, 47.531845525135054, 0.0 ], [ 6.753388278047733, 47.532357947240335, 0.0 ], [ 6.752478089593442, 47.533892208497903, 0.0 ], [ 6.752120655767802, 47.536287292734485, 0.0 ], [ 6.750281829583971, 47.537276491192252, 0.0 ], [ 6.747924290187429, 47.536790926929434, 0.0 ], [ 6.745258921906879, 47.538975426587868, 0.0 ], [ 6.742124878139397, 47.542888901512796, 0.0 ], [ 6.749690285423876, 47.542652014061311, 0.0 ], [ 6.756799799969302, 47.541023520640245, 0.0 ], [ 6.758202633875187, 47.541573952469868, 0.0 ], [ 6.759276415910324, 47.541476234341687, 0.0 ], [ 6.763172586514166, 47.540523203331539, 0.0 ], [ 6.767132498825787, 47.538305439852174, 0.0 ], [ 6.769678395130753, 47.537759899400569, 0.0 ], [ 6.778946898607902, 47.537529054636082, 0.0 ], [ 6.780772681163006, 47.536531700059371, 0.0 ], [ 6.784235835091623, 47.532668562773289, 0.0 ], [ 6.784491067694642, 47.529959432736398, 0.0 ], [ 6.786147230579433, 47.527737373662404, 0.0 ], [ 6.789887124688619, 47.524938339248465, 0.0 ], [ 6.791447583739142, 47.523004076499546, 0.0 ], [ 6.795733934941249, 47.522344491673707, 0.0 ], [ 6.801914769246319, 47.520564020348957, 0.0 ], [ 6.804974335924638, 47.523419135430174, 0.0 ], [ 6.800177832101877, 47.526035070735297, 0.0 ], [ 6.799614847969919, 47.527454787835588, 0.0 ], [ 6.799879828035326, 47.529104335698889, 0.0 ], [ 6.801484485854936, 47.530993148772851, 0.0 ], [ 6.807142545938613, 47.530473139903954, 0.0 ], [ 6.808456328690136, 47.531786495720311, 0.0 ], [ 6.809558815053488, 47.531404391228349, 0.0 ], [ 6.810276869621265, 47.530016498803157, 0.0 ], [ 6.817861080646696, 47.522134114942645, 0.0 ], [ 6.818571154427838, 47.517939162257719, 0.0 ], [ 6.817288050819946, 47.514539518741806, 0.0 ], [ 6.819363881718281, 47.510564722544288, 0.0 ], [ 6.820209090444875, 47.509586222463803, 0.0 ], [ 6.824226005651495, 47.508414377835159, 0.0 ], [ 6.820584084854312, 47.50729565923681, 0.0 ], [ 6.819545328284326, 47.506234764798236, 0.0 ], [ 6.821523577841969, 47.502594746012456, 0.0 ], [ 6.82259575761363, 47.495138938504979, 0.0 ], [ 6.824705460731384, 47.492936461602788, 0.0 ], [ 6.822300982049814, 47.491294106560794, 0.0 ], [ 6.819917148891952, 47.490757723955106, 0.0 ], [ 6.817437612833253, 47.491077884660427, 0.0 ], [ 6.815115988104512, 47.492344499372848, 0.0 ], [ 6.810825762157293, 47.492932021523536, 0.0 ], [ 6.809869506221764, 47.492481172368208, 0.0 ], [ 6.808616333709399, 47.493125989472851, 0.0 ], [ 6.805136270936647, 47.492468355528004, 0.0 ], [ 6.798934698925319, 47.492356375348059, 0.0 ], [ 6.792613833919376, 47.493317679251625, 0.0 ], [ 6.789983477335602, 47.496954067792544, 0.0 ] ] ] } },
{ "type": "Feature", "properties": { "INSEE_COM": "25394", "NOM_COM": "Montenois", "EPCI": "200065647", "code_serm": 2 }, "geometry": { "type": "Polygon", "coordinates": [ [ [ 6.655592424223782, 47.506152272391816, 0.0 ], [ 6.662253010627698, 47.505498739491181, 0.0 ], [ 6.664360412922829, 47.504909790060729, 0.0 ], [ 6.668562966189824, 47.500899902996899, 0.0 ], [ 6.670578496668077, 47.499925338112803, 0.0 ], [ 6.674077321477171, 47.501012595736228, 0.0 ], [ 6.676909869099473, 47.498828942519147, 0.0 ], [ 6.679760200769868, 47.494414327477124, 0.0 ], [ 6.685607450168897, 47.489970559783906, 0.0 ], [ 6.685924028447526, 47.489471214516882, 0.0 ], [ 6.682668468820333, 47.488839815689367, 0.0 ], [ 6.680593824987271, 47.487516766241065, 0.0 ], [ 6.679416894409481, 47.486042754735585, 0.0 ], [ 6.680621145108161, 47.483084072559841, 0.0 ], [ 6.680119606495607, 47.481223744952054, 0.0 ], [ 6.678219501745464, 47.478238834466673, 0.0 ], [ 6.668601931738023, 47.479217335185247, 0.0 ], [ 6.660042331512475, 47.478469432557318, 0.0 ], [ 6.655282882445535, 47.48141341823974, 0.0 ], [ 6.652693704441185, 47.484648657515898, 0.0 ], [ 6.649251470911184, 47.486998628504246, 0.0 ], [ 6.645512068376836, 47.491059114149031, 0.0 ], [ 6.644430164970239, 47.491434513428551, 0.0 ], [ 6.635894681534417, 47.49073089323646, 0.0 ], [ 6.632261561738246, 47.490991185941951, 0.0 ], [ 6.628680532514255, 47.490432429361455, 0.0 ], [ 6.631469861203711, 47.498774481639458, 0.0 ], [ 6.635465281120008, 47.505869523696987, 0.0 ], [ 6.637753614608964, 47.506059385202306, 0.0 ], [ 6.640923661426587, 47.504003092701083, 0.0 ], [ 6.645884164264372, 47.504981494547302, 0.0 ], [ 6.651500809254947, 47.504873993279446, 0.0 ], [ 6.655592424223782, 47.506152272391816, 0.0 ] ] ] } },
{ "type": "Feature", "properties": { "INSEE_COM": "25422", "NOM_COM": "Neuchâtel-Urtière", "EPCI": "200065647", "code_serm": 2 }, "geometry": { "type": "Polygon", "coordinates": [ [ [ 6.729867769963823, 47.399111594506657, 0.0 ], [ 6.732920307742733, 47.400536621597745, 0.0 ], [ 6.738338179085336, 47.40106450797434, 0.0 ], [ 6.739307068525057, 47.391973444052852, 0.0 ], [ 6.733555845390824, 47.390476724430052, 0.0 ], [ 6.734481560271313, 47.388011896708534, 0.0 ], [ 6.74684073904321, 47.377751903626667, 0.0 ], [ 6.745117887112495, 47.374001592463181, 0.0 ], [ 6.742447508041296, 47.370945995333393, 0.0 ], [ 6.748224254535107, 47.370120743534734, 0.0 ], [ 6.748071495075354, 47.369624590446918, 0.0 ], [ 6.742946768592371, 47.365746956605243, 0.0 ], [ 6.730079468609221, 47.360707656715228, 0.0 ], [ 6.717934099011004, 47.35869901009999, 0.0 ], [ 6.710213924118033, 47.359467737739912, 0.0 ], [ 6.709793887189999, 47.362923783137106, 0.0 ], [ 6.720963492168582, 47.369039858030064, 0.0 ], [ 6.719726472306558, 47.375223945716492, 0.0 ], [ 6.724577042677465, 47.381449996373973, 0.0 ], [ 6.728680067014749, 47.384411337033221, 0.0 ], [ 6.732241009184416, 47.386289577580122, 0.0 ], [ 6.733166191983565, 47.387645919110831, 0.0 ], [ 6.726894009011992, 47.387044305841762, 0.0 ], [ 6.723343669162814, 47.39014834449825, 0.0 ], [ 6.724466942156901, 47.39097750237282, 0.0 ], [ 6.727038549107283, 47.391011298217578, 0.0 ], [ 6.728582760881141, 47.391766534580086, 0.0 ], [ 6.728822667735978, 47.397139948882682, 0.0 ], [ 6.729867769963823, 47.399111594506657, 0.0 ] ] ] } },
{ "type": "Feature", "properties": { "INSEE_COM": "25426", "NOM_COM": "Noirefontaine", "EPCI": "200065647", "code_serm": 2 }, "geometry": { "type": "Polygon", "coordinates": [ [ [ 6.768866673438476, 47.329617594722833, 0.0 ], [ 6.778209116526289, 47.328989366331982, 0.0 ], [ 6.778164049040022, 47.327276635736766, 0.0 ], [ 6.773665433185962, 47.326848005893368, 0.0 ], [ 6.769908848917085, 47.327319790027452, 0.0 ], [ 6.765230299199924, 47.328556790078977, 0.0 ], [ 6.761974678269843, 47.329993519276861, 0.0 ], [ 6.760089692915981, 47.332225717004221, 0.0 ], [ 6.755676418752331, 47.335442763969311, 0.0 ], [ 6.755767714625416, 47.336746615684355, 0.0 ], [ 6.760249374529645, 47.341633172960705, 0.0 ], [ 6.760258936379564, 47.342525997585092, 0.0 ], [ 6.758106134599998, 47.344728055844115, 0.0 ], [ 6.757365396528912, 47.346513962703263, 0.0 ], [ 6.759264772190249, 47.348810124331642, 0.0 ], [ 6.760242334702095, 47.351045091294857, 0.0 ], [ 6.758931316306467, 47.357730585135471, 0.0 ], [ 6.7569820871321, 47.359951231339849, 0.0 ], [ 6.7565404903394, 47.362735016352474, 0.0 ], [ 6.757015271077301, 47.365213375140279, 0.0 ], [ 6.76700275739852, 47.364104859226465, 0.0 ], [ 6.772129352208954, 47.361048160629657, 0.0 ], [ 6.771648088226319, 47.358713346277888, 0.0 ], [ 6.770370282048907, 47.358271776637963, 0.0 ], [ 6.769738783286233, 47.358967311923337, 0.0 ], [ 6.770245184942491, 47.359001340426481, 0.0 ], [ 6.769896078075522, 47.36007253801349, 0.0 ], [ 6.768273336849932, 47.359799860484678, 0.0 ], [ 6.766193048498275, 47.35875341466798, 0.0 ], [ 6.763728776752012, 47.3525192118612, 0.0 ], [ 6.764153665330232, 47.351241893650297, 0.0 ], [ 6.76604146167389, 47.352365810941095, 0.0 ], [ 6.771491873866271, 47.351816673775488, 0.0 ], [ 6.774331769763596, 47.352917641636324, 0.0 ], [ 6.776814959716233, 47.352812558004395, 0.0 ], [ 6.77537128980371, 47.350692004232513, 0.0 ], [ 6.772242930900429, 47.348015139048165, 0.0 ], [ 6.767574070109379, 47.346810372124921, 0.0 ], [ 6.768209613945516, 47.345815495461657, 0.0 ], [ 6.774522626862457, 47.342930982502416, 0.0 ], [ 6.775401558684078, 47.341440566422214, 0.0 ], [ 6.771083983610219, 47.338417516065874, 0.0 ], [ 6.769522004476901, 47.337679656752904, 0.0 ], [ 6.768089852816255, 47.337694614366725, 0.0 ], [ 6.76486485007971, 47.335853465121879, 0.0 ], [ 6.764509370850615, 47.334188669059273, 0.0 ], [ 6.765374852383511, 47.332410363303879, 0.0 ], [ 6.768866673438476, 47.329617594722833, 0.0 ] ] ] } },
{ "type": "Feature", "properties": { "INSEE_COM": "25428", "NOM_COM": "Nommay", "EPCI": "200065647", "code_serm": 2 }, "geometry": { "type": "Polygon", "coordinates": [ [ [ 6.848028998888172, 47.526794723297165, 0.0 ], [ 6.847106397133336, 47.529578414136218, 0.0 ], [ 6.8435306009739, 47.531219497284454, 0.0 ], [ 6.840484725616936, 47.533330549845367, 0.0 ], [ 6.83568043122671, 47.537903836436094, 0.0 ], [ 6.834770016021396, 47.541295298949912, 0.0 ], [ 6.832520944731783, 47.543524070377138, 0.0 ], [ 6.830637430049222, 47.546435598926642, 0.0 ], [ 6.83619225447921, 47.548146296156879, 0.0 ], [ 6.84421310779324, 47.547513392437956, 0.0 ], [ 6.850327587306744, 47.548245182687644, 0.0 ], [ 6.860213034907784, 47.547701857288189, 0.0 ], [ 6.859617200478173, 47.545221620007986, 0.0 ], [ 6.856991375981745, 47.540856555075614, 0.0 ], [ 6.857336854319313, 47.536424644143835, 0.0 ], [ 6.856891283912498, 47.533865512627067, 0.0 ], [ 6.853899547080514, 47.533364304994791, 0.0 ], [ 6.853105161259204, 47.531593551030305, 0.0 ], [ 6.853179310829774, 47.529263249063554, 0.0 ], [ 6.851872874496975, 47.526220677344526, 0.0 ], [ 6.851144351977789, 47.525970794208796, 0.0 ], [ 6.848028998888172, 47.526794723297165, 0.0 ] ] ] } },
{ "type": "Feature", "properties": { "INSEE_COM": "25452", "NOM_COM": "Pierrefontaine-lès-Blamont", "EPCI": "200065647", "code_serm": 2 }, "geometry": { "type": "Polygon", "coordinates": [ [ [ 6.788345105641707, 47.371079339117706, 0.0 ], [ 6.787789034199426, 47.375694743578251, 0.0 ], [ 6.788778287788435, 47.376194216301634, 0.0 ], [ 6.796846054234394, 47.376787871473823, 0.0 ], [ 6.799570518995445, 47.37761896400859, 0.0 ], [ 6.804907269736462, 47.377753405790365, 0.0 ], [ 6.8161364737899, 47.379060482231566, 0.0 ], [ 6.820071066013745, 47.381374481101545, 0.0 ], [ 6.823036975243588, 47.38238186069804, 0.0 ], [ 6.826481565367086, 47.379089681468393, 0.0 ], [ 6.832209424156891, 47.378491679747967, 0.0 ], [ 6.840821429119718, 47.38192499977022, 0.0 ], [ 6.844777177717306, 47.382628724651056, 0.0 ], [ 6.851324848873565, 47.380639014082824, 0.0 ], [ 6.852664182201963, 47.375938576789657, 0.0 ], [ 6.85347825296266, 47.375708783139693, 0.0 ], [ 6.853581715116108, 47.37487797187098, 0.0 ], [ 6.855696074555177, 47.3752205918261, 0.0 ], [ 6.856704190859578, 47.373963175914419, 0.0 ], [ 6.857268286467604, 47.367882381859154, 0.0 ], [ 6.856270768769902, 47.366685249908635, 0.0 ], [ 6.85443666374577, 47.366637984095803, 0.0 ], [ 6.851524426264712, 47.365672889740644, 0.0 ], [ 6.844776366407283, 47.36277174734392, 0.0 ], [ 6.845500198555058, 47.36076855797296, 0.0 ], [ 6.826541505790737, 47.361215502420166, 0.0 ], [ 6.820471879026166, 47.361999379352731, 0.0 ], [ 6.809400316287314, 47.365139900562475, 0.0 ], [ 6.797832295805586, 47.365578267761549, 0.0 ], [ 6.793022105730283, 47.366250090054173, 0.0 ], [ 6.791320173061296, 47.367000530059201, 0.0 ], [ 6.791248671234332, 47.369140634961063, 0.0 ], [ 6.788345105641707, 47.371079339117706, 0.0 ] ] ] } },
{ "type": "Feature", "properties": { "INSEE_COM": "25463", "NOM_COM": "Pont-de-Roide-Vermondans", "EPCI": "200065647", "code_serm": 2 }, "geometry": { "type": "Polygon", "coordinates": [ [ [ 6.765246544159687, 47.404917312414582, 0.0 ], [ 6.766721104297409, 47.403799777611901, 0.0 ], [ 6.768321272788277, 47.399203919328066, 0.0 ], [ 6.77192976405192, 47.395859543907463, 0.0 ], [ 6.774531901791627, 47.394908963464736, 0.0 ], [ 6.77600603208292, 47.395166587200748, 0.0 ], [ 6.776056801228155, 47.39266671712442, 0.0 ], [ 6.777368104691813, 47.3898248568984, 0.0 ], [ 6.779508698730453, 47.388262794268989, 0.0 ], [ 6.785043355498916, 47.386676679769032, 0.0 ], [ 6.784816439153043, 47.38359551548411, 0.0 ], [ 6.78680187931762, 47.37931839657017, 0.0 ], [ 6.788345105641707, 47.371079339117706, 0.0 ], [ 6.791248671234332, 47.369140634961063, 0.0 ], [ 6.791320173061296, 47.367000530059201, 0.0 ], [ 6.793022105730283, 47.366250090054173, 0.0 ], [ 6.797832295805586, 47.365578267761549, 0.0 ], [ 6.796987117981611, 47.36340323227742, 0.0 ], [ 6.776818519625226, 47.362070068399802, 0.0 ], [ 6.770275106771525, 47.364160889015295, 0.0 ], [ 6.76700275739852, 47.364104859226465, 0.0 ], [ 6.757015271077301, 47.365213375140279, 0.0 ], [ 6.755871716750816, 47.367729658455602, 0.0 ], [ 6.75884447144421, 47.370302037801821, 0.0 ], [ 6.762335890617785, 47.37492948570771, 0.0 ], [ 6.764713459235498, 47.377027129544707, 0.0 ], [ 6.763767272149609, 47.378554740531271, 0.0 ], [ 6.759770992179787, 47.37834799535846, 0.0 ], [ 6.758057870231877, 47.378969403054299, 0.0 ], [ 6.754958707027988, 47.378310789528925, 0.0 ], [ 6.752466267403788, 47.377239562411781, 0.0 ], [ 6.751523114668709, 47.373640781962663, 0.0 ], [ 6.748224254535107, 47.370120743534734, 0.0 ], [ 6.742447508041296, 47.370945995333393, 0.0 ], [ 6.745117887112495, 47.374001592463181, 0.0 ], [ 6.74684073904321, 47.377751903626667, 0.0 ], [ 6.734481560271313, 47.388011896708534, 0.0 ], [ 6.733555845390824, 47.390476724430052, 0.0 ], [ 6.739307068525057, 47.391973444052852, 0.0 ], [ 6.738338179085336, 47.40106450797434, 0.0 ], [ 6.738963117516526, 47.403571397170431, 0.0 ], [ 6.747258358151636, 47.408147349361698, 0.0 ], [ 6.752032677930983, 47.412247957843121, 0.0 ], [ 6.755137132921437, 47.412348678657459, 0.0 ], [ 6.755326243333878, 47.410577087963354, 0.0 ], [ 6.756368024155807, 47.409814340817313, 0.0 ], [ 6.759314581699197, 47.409577585767181, 0.0 ], [ 6.763545656899983, 47.407934720887944, 0.0 ], [ 6.765246544159687, 47.404917312414582, 0.0 ] ] ] } },
{ "type": "Feature", "properties": { "INSEE_COM": "25469", "NOM_COM": "Présentevillers", "EPCI": "200065647", "code_serm": 2 }, "geometry": { "type": "Polygon", "coordinates": [ [ [ 6.745037868938301, 47.496481768914549, 0.0 ], [ 6.745695065370809, 47.494037366340834, 0.0 ], [ 6.749070179613081, 47.493569156460545, 0.0 ], [ 6.748935116988009, 47.493140940390276, 0.0 ], [ 6.742026565687175, 47.493410968663227, 0.0 ], [ 6.732341450154934, 47.492839626316723, 0.0 ], [ 6.72422371350777, 47.493311369099438, 0.0 ], [ 6.718282431212651, 47.494145607051522, 0.0 ], [ 6.713130490854579, 47.493730590834964, 0.0 ], [ 6.714952557701555, 47.495096295101142, 0.0 ], [ 6.715064152922643, 47.496664354879286, 0.0 ], [ 6.71188337785685, 47.505187097472486, 0.0 ], [ 6.714160440648617, 47.512446268669812, 0.0 ], [ 6.724246932693017, 47.512088111319073, 0.0 ], [ 6.728908571045297, 47.509012879987765, 0.0 ], [ 6.735165435169473, 47.506563057820856, 0.0 ], [ 6.737211306731684, 47.503733538994879, 0.0 ], [ 6.741199016015184, 47.502146491046041, 0.0 ], [ 6.742585387817488, 47.498754987076886, 0.0 ], [ 6.745037868938301, 47.496481768914549, 0.0 ] ] ] } },
{ "type": "Feature", "properties": { "INSEE_COM": "25481", "NOM_COM": "Raynans", "EPCI": "200065647", "code_serm": 2 }, "geometry": { "type": "Polygon", "coordinates": [ [ [ 6.701282365969213, 47.525162239875293, 0.0 ], [ 6.704150471007445, 47.528076376698728, 0.0 ], [ 6.703751665956093, 47.532669539148465, 0.0 ], [ 6.704950619500136, 47.533400088712, 0.0 ], [ 6.708709413028624, 47.538573784313691, 0.0 ], [ 6.708817946226834, 47.539581405043492, 0.0 ], [ 6.707152049982088, 47.540812200448379, 0.0 ], [ 6.708995761350799, 47.543274005909765, 0.0 ], [ 6.712957850948575, 47.543141524193885, 0.0 ], [ 6.71675005401581, 47.544125430097807, 0.0 ], [ 6.720934119521451, 47.545879796175541, 0.0 ], [ 6.722095853642137, 47.545934613481691, 0.0 ], [ 6.723724882142223, 47.545017476165903, 0.0 ], [ 6.727291202048054, 47.544456496806966, 0.0 ], [ 6.739799471268585, 47.543967436939639, 0.0 ], [ 6.742607510492403, 47.542502126549245, 0.0 ], [ 6.745258921906879, 47.538975426587868, 0.0 ], [ 6.747924290187429, 47.536790926929434, 0.0 ], [ 6.727363534762514, 47.534524451412565, 0.0 ], [ 6.726539514471967, 47.534157008309997, 0.0 ], [ 6.726384136173478, 47.532806650602964, 0.0 ], [ 6.72496321331852, 47.530785755402974, 0.0 ], [ 6.717791686471781, 47.528225784182716, 0.0 ], [ 6.712251056211491, 47.527950997313035, 0.0 ], [ 6.704599928091817, 47.526729299750137, 0.0 ], [ 6.703394694621862, 47.525483496967972, 0.0 ], [ 6.702185790231741, 47.522762633513025, 0.0 ], [ 6.701090446563773, 47.522102662030456, 0.0 ], [ 6.700207228237827, 47.522354203857233, 0.0 ], [ 6.701341411065215, 47.52418983725704, 0.0 ], [ 6.701282365969213, 47.525162239875293, 0.0 ] ] ] } },
{ "type": "Feature", "properties": { "INSEE_COM": "25485", "NOM_COM": "Rémondans-Vaivre", "EPCI": "200065647", "code_serm": 2 }, "geometry": { "type": "Polygon", "coordinates": [ [ [ 6.723852009208811, 47.399028751988183, 0.0 ], [ 6.727659410893568, 47.401099316260591, 0.0 ], [ 6.738963117516526, 47.403571397170431, 0.0 ], [ 6.738338179085336, 47.40106450797434, 0.0 ], [ 6.732920307742733, 47.400536621597745, 0.0 ], [ 6.730632013725788, 47.399774683730811, 0.0 ], [ 6.728822667735978, 47.397139948882682, 0.0 ], [ 6.728445024854319, 47.391579898082341, 0.0 ], [ 6.727038549107283, 47.391011298217578, 0.0 ], [ 6.724466942156901, 47.39097750237282, 0.0 ], [ 6.723343669162814, 47.39014834449825, 0.0 ], [ 6.726894009011992, 47.387044305841762, 0.0 ], [ 6.733166191983565, 47.387645919110831, 0.0 ], [ 6.732241009184416, 47.386289577580122, 0.0 ], [ 6.728680067014749, 47.384411337033221, 0.0 ], [ 6.724577042677465, 47.381449996373973, 0.0 ], [ 6.719726472306558, 47.375223945716492, 0.0 ], [ 6.719960535192508, 47.372574999453207, 0.0 ], [ 6.721211100872844, 47.369453693058048, 0.0 ], [ 6.720705447055988, 47.3686858369745, 0.0 ], [ 6.709793887189999, 47.362923783137106, 0.0 ], [ 6.710213924118033, 47.359467737739912, 0.0 ], [ 6.706228799945311, 47.359512085793561, 0.0 ], [ 6.697682839063059, 47.358329981382276, 0.0 ], [ 6.697818629952319, 47.359529667629495, 0.0 ], [ 6.695873276575913, 47.362593507689041, 0.0 ], [ 6.69065339075253, 47.363566989182495, 0.0 ], [ 6.68593734030939, 47.363517602875149, 0.0 ], [ 6.684070722237506, 47.364071589082386, 0.0 ], [ 6.686086710421844, 47.366596757075378, 0.0 ], [ 6.686552519925729, 47.367795883260364, 0.0 ], [ 6.685925808770462, 47.368539434360905, 0.0 ], [ 6.686158403050703, 47.37008931765331, 0.0 ], [ 6.689022526409475, 47.374717042922356, 0.0 ], [ 6.694529667110888, 47.376355220242864, 0.0 ], [ 6.695386979815414, 47.37830247229693, 0.0 ], [ 6.689769151829744, 47.382190356591842, 0.0 ], [ 6.68923034498908, 47.384906535591959, 0.0 ], [ 6.689712272018816, 47.386355665897817, 0.0 ], [ 6.69120169352449, 47.386730113075302, 0.0 ], [ 6.692074310438629, 47.385720988845861, 0.0 ], [ 6.694716169530502, 47.386047047365153, 0.0 ], [ 6.699103563286164, 47.387688202075857, 0.0 ], [ 6.694876930207045, 47.38849408008992, 0.0 ], [ 6.693802412144383, 47.389731336206836, 0.0 ], [ 6.695403480904997, 47.392030733120947, 0.0 ], [ 6.701313744136042, 47.390964852852974, 0.0 ], [ 6.713762155690031, 47.394302216231253, 0.0 ], [ 6.71574139348868, 47.396336937613341, 0.0 ], [ 6.713759376207217, 47.397804365395103, 0.0 ], [ 6.715456157889306, 47.398137642950587, 0.0 ], [ 6.720845103991809, 47.398026501606971, 0.0 ], [ 6.723852009208811, 47.399028751988183, 0.0 ] ] ] } },
{ "type": "Feature", "properties": { "INSEE_COM": "25497", "NOM_COM": "Roches-lès-Blamont", "EPCI": "200065647", "code_serm": 2 }, "geometry": { "type": "Polygon", "coordinates": [ [ [ 6.837276657678477, 47.400598366029598, 0.0 ], [ 6.835515120315647, 47.401450533344729, 0.0 ], [ 6.833292196007466, 47.401680699423387, 0.0 ], [ 6.832044980792003, 47.403878550904899, 0.0 ], [ 6.834265015046431, 47.408595529095379, 0.0 ], [ 6.837386661386577, 47.411584731562122, 0.0 ], [ 6.838751591538812, 47.415068095843104, 0.0 ], [ 6.839841598800397, 47.41512221994811, 0.0 ], [ 6.842724274504638, 47.418268795950674, 0.0 ], [ 6.848180912659751, 47.418681321101275, 0.0 ], [ 6.848981499638669, 47.418365510429076, 0.0 ], [ 6.852111363660622, 47.419437087534305, 0.0 ], [ 6.860854912428915, 47.419979798621306, 0.0 ], [ 6.867140347321133, 47.422798254552845, 0.0 ], [ 6.869825192489972, 47.421966264533374, 0.0 ], [ 6.873263284653562, 47.420166379695715, 0.0 ], [ 6.873915440893024, 47.418754878737097, 0.0 ], [ 6.874896873910999, 47.418095779603036, 0.0 ], [ 6.875471436622573, 47.413539581871341, 0.0 ], [ 6.871823228165586, 47.409561240575634, 0.0 ], [ 6.87102706633847, 47.405654570441541, 0.0 ], [ 6.858377704312184, 47.402646759601275, 0.0 ], [ 6.857148102438146, 47.404043094902036, 0.0 ], [ 6.854989933138867, 47.403476602551159, 0.0 ], [ 6.847428341319618, 47.399279417641814, 0.0 ], [ 6.838334974736754, 47.398824872896483, 0.0 ], [ 6.837276657678477, 47.400598366029598, 0.0 ] ] ] } },
{ "type": "Feature", "properties": { "INSEE_COM": "25521", "NOM_COM": "Saint-Julien-lès-Montbéliard", "EPCI": "200065647", "code_serm": 2 }, "geometry": { "type": "Polygon", "coordinates": [ [ [ 6.69438505494298, 47.522094741405134, 0.0 ], [ 6.701282365969213, 47.525162239875293, 0.0 ], [ 6.701341411065215, 47.52418983725704, 0.0 ], [ 6.700207228237827, 47.522354203857233, 0.0 ], [ 6.701090446563773, 47.522102662030456, 0.0 ], [ 6.702185790231741, 47.522762633513025, 0.0 ], [ 6.703394694621862, 47.525483496967972, 0.0 ], [ 6.704599928091817, 47.526729299750137, 0.0 ], [ 6.712251056211491, 47.527950997313035, 0.0 ], [ 6.717791686471781, 47.528225784182716, 0.0 ], [ 6.719409087604622, 47.525752773268394, 0.0 ], [ 6.723578343675643, 47.522482673706534, 0.0 ], [ 6.725471149341742, 47.517535194874895, 0.0 ], [ 6.725599686510115, 47.515428687773067, 0.0 ], [ 6.726923388650195, 47.513904835618071, 0.0 ], [ 6.723296786614074, 47.513074617980109, 0.0 ], [ 6.722254954768509, 47.512343740578231, 0.0 ], [ 6.715194730914404, 47.512342989235556, 0.0 ], [ 6.703118812517594, 47.513398940229706, 0.0 ], [ 6.699285054805278, 47.514162388124717, 0.0 ], [ 6.692210567253885, 47.514207549116279, 0.0 ], [ 6.688547947590746, 47.515005762506803, 0.0 ], [ 6.685622030747236, 47.515976093287364, 0.0 ], [ 6.685344031912966, 47.516477810214411, 0.0 ], [ 6.684331966033239, 47.515940312426785, 0.0 ], [ 6.681712555072871, 47.520280987268258, 0.0 ], [ 6.69438505494298, 47.522094741405134, 0.0 ] ] ] } },
{ "type": "Feature", "properties": { "INSEE_COM": "25523", "NOM_COM": "Sainte-Marie", "EPCI": "200065647", "code_serm": 2 }, "geometry": { "type": "Polygon", "coordinates": [ [ [ 6.675370369517379, 47.507404081782617, 0.0 ], [ 6.681066651859655, 47.513896159388288, 0.0 ], [ 6.685344031912966, 47.516477810214411, 0.0 ], [ 6.685622030747236, 47.515976093287364, 0.0 ], [ 6.688547947590746, 47.515005762506803, 0.0 ], [ 6.692210567253885, 47.514207549116279, 0.0 ], [ 6.699285054805278, 47.514162388124717, 0.0 ], [ 6.703118812517594, 47.513398940229706, 0.0 ], [ 6.714160440648617, 47.512446268669812, 0.0 ], [ 6.71188337785685, 47.505187097472486, 0.0 ], [ 6.715064152922643, 47.496664354879286, 0.0 ], [ 6.714679600473605, 47.494746343304058, 0.0 ], [ 6.713130490854579, 47.493730590834964, 0.0 ], [ 6.710388725537348, 47.493154752646745, 0.0 ], [ 6.706834581957539, 47.491273713762482, 0.0 ], [ 6.70077937238747, 47.48957754447207, 0.0 ], [ 6.692831756293705, 47.484401398695724, 0.0 ], [ 6.679760200769868, 47.494414327477124, 0.0 ], [ 6.676909869099473, 47.498828942519147, 0.0 ], [ 6.673932485154342, 47.501188381308644, 0.0 ], [ 6.675960064913841, 47.503078950761754, 0.0 ], [ 6.675370369517379, 47.507404081782617, 0.0 ] ] ] } },
{ "type": "Feature", "properties": { "INSEE_COM": "25524", "NOM_COM": "Saint-Maurice-Colombier", "EPCI": "200065647", "code_serm": 2 }, "geometry": { "type": "Polygon", "coordinates": [ [ [ 6.674880772321194, 47.423000693821884, 0.0 ], [ 6.672692942416542, 47.419619256607263, 0.0 ], [ 6.673287261995275, 47.415004517657984, 0.0 ], [ 6.672065429338009, 47.409731621239885, 0.0 ], [ 6.661373063321891, 47.407489777839309, 0.0 ], [ 6.65905879753408, 47.407559952275669, 0.0 ], [ 6.65813632442109, 47.410613296357226, 0.0 ], [ 6.654913784884213, 47.416343318756283, 0.0 ], [ 6.65479734044288, 47.418781010617586, 0.0 ], [ 6.644385091617326, 47.423557764848347, 0.0 ], [ 6.641498940778408, 47.421320523677764, 0.0 ], [ 6.640611165522636, 47.418300634562023, 0.0 ], [ 6.635501480908368, 47.417058345853256, 0.0 ], [ 6.63360354596076, 47.416206621726772, 0.0 ], [ 6.632938234729524, 47.415108188617857, 0.0 ], [ 6.631636569859336, 47.415608445290751, 0.0 ], [ 6.62689776680112, 47.418071427911798, 0.0 ], [ 6.621318480125003, 47.423505308177788, 0.0 ], [ 6.623896689296235, 47.42569675243935, 0.0 ], [ 6.624213848631128, 47.427557632474667, 0.0 ], [ 6.628092278875627, 47.429746305647292, 0.0 ], [ 6.629786076354624, 47.431694878950189, 0.0 ], [ 6.629993688557638, 47.432700378707629, 0.0 ], [ 6.629297948650565, 47.43509299127448, 0.0 ], [ 6.625789162487081, 47.439879334530282, 0.0 ], [ 6.620776872337624, 47.44338138437562, 0.0 ], [ 6.62044665561571, 47.44466586161726, 0.0 ], [ 6.621398697866383, 47.446211400016416, 0.0 ], [ 6.624026590844835, 47.447825483722589, 0.0 ], [ 6.627989082635401, 47.448822072490827, 0.0 ], [ 6.640577687520483, 47.449058665899393, 0.0 ], [ 6.646676537835779, 47.449836359161196, 0.0 ], [ 6.655389841914019, 47.451699497708944, 0.0 ], [ 6.663597685395065, 47.451817074727572, 0.0 ], [ 6.66384386474383, 47.445127284680709, 0.0 ], [ 6.664804842566055, 47.442884678308204, 0.0 ], [ 6.671641220031454, 47.442043665821373, 0.0 ], [ 6.670853384799835, 47.440395083389539, 0.0 ], [ 6.671573395907625, 47.439544190728782, 0.0 ], [ 6.67392314860308, 47.438635512287902, 0.0 ], [ 6.674216024466204, 47.436284141629649, 0.0 ], [ 6.673575719285879, 47.433998296231714, 0.0 ], [ 6.676109771028104, 47.433630746916705, 0.0 ], [ 6.676321331034123, 47.433230250191208, 0.0 ], [ 6.676376053660568, 47.432344477895903, 0.0 ], [ 6.67417226159361, 47.429550230650541, 0.0 ], [ 6.673939619580709, 47.425288761306902, 0.0 ], [ 6.674880772321194, 47.423000693821884, 0.0 ] ] ] } },
{ "type": "Feature", "properties": { "INSEE_COM": "25526", "NOM_COM": "Sainte-Suzanne", "EPCI": "200065647", "code_serm": 2 }, "geometry": { "type": "Polygon", "coordinates": [ [ [ 6.765298441148818, 47.503932630414802, 0.0 ], [ 6.758479311432123, 47.504037585648433, 0.0 ], [ 6.758321660712834, 47.510497806093049, 0.0 ], [ 6.757721452949536, 47.511666173034143, 0.0 ], [ 6.761983748316657, 47.512544191920213, 0.0 ], [ 6.765569472111039, 47.513880106887733, 0.0 ], [ 6.765460372412132, 47.517883059245939, 0.0 ], [ 6.770105749691647, 47.512225672437992, 0.0 ], [ 6.775914643683948, 47.511230015999203, 0.0 ], [ 6.778641080266167, 47.510322405314319, 0.0 ], [ 6.779629848048776, 47.509501779122296, 0.0 ], [ 6.775464975459039, 47.507405544139885, 0.0 ], [ 6.774977988815913, 47.503842718766151, 0.0 ], [ 6.772986792487836, 47.501445212606981, 0.0 ], [ 6.773011893455142, 47.499784410904908, 0.0 ], [ 6.77218129146483, 47.499716699174407, 0.0 ], [ 6.766255341966785, 47.501714511593292, 0.0 ], [ 6.765298441148818, 47.503932630414802, 0.0 ] ] ] } },
{ "type": "Feature", "properties": { "INSEE_COM": "25539", "NOM_COM": "Seloncourt", "EPCI": "200065647", "code_serm": 2 }, "geometry": { "type": "Polygon", "coordinates": [ [ [ 6.874197829830949, 47.45219074530182, 0.0 ], [ 6.874054805177835, 47.449737759556015, 0.0 ], [ 6.87528458515528, 47.446426997608867, 0.0 ], [ 6.876900131050018, 47.444262386154271, 0.0 ], [ 6.875410108980497, 47.44232564929105, 0.0 ], [ 6.86919974509121, 47.438139656957176, 0.0 ], [ 6.86620500613549, 47.439455967767202, 0.0 ], [ 6.858068627222021, 47.438480636964698, 0.0 ], [ 6.856229359831089, 47.443632853802399, 0.0 ], [ 6.854152111804423, 47.445448345070979, 0.0 ], [ 6.853418684678677, 47.446923667958252, 0.0 ], [ 6.852702174747908, 47.449520484454673, 0.0 ], [ 6.852834086395438, 47.452201849159266, 0.0 ], [ 6.852182472979938, 47.453394156368887, 0.0 ], [ 6.848030032860769, 47.452745703967274, 0.0 ], [ 6.846476155388927, 47.454659976820203, 0.0 ], [ 6.8453903845514, 47.458633419589525, 0.0 ], [ 6.843360529644871, 47.460122660060911, 0.0 ], [ 6.842261318519879, 47.462248048882195, 0.0 ], [ 6.844252692584979, 47.463236721707005, 0.0 ], [ 6.844305211540413, 47.465909874353486, 0.0 ], [ 6.849152597047363, 47.471142656885412, 0.0 ], [ 6.849685372849405, 47.471398108789835, 0.0 ], [ 6.85245995150477, 47.470003084759533, 0.0 ], [ 6.854714929452409, 47.471507388324468, 0.0 ], [ 6.857689669662577, 47.472226239473777, 0.0 ], [ 6.859232363867203, 47.472108394559925, 0.0 ], [ 6.859779031042915, 47.473421406181629, 0.0 ], [ 6.874362469382767, 47.46920287135584, 0.0 ], [ 6.876693897842202, 47.469332508452752, 0.0 ], [ 6.87905866843134, 47.470068436830566, 0.0 ], [ 6.882261632239402, 47.464165595942731, 0.0 ], [ 6.881840348438005, 47.461308224448601, 0.0 ], [ 6.882553303550517, 47.45880775515743, 0.0 ], [ 6.885346169743695, 47.453493461076363, 0.0 ], [ 6.88806801614915, 47.45101324321196, 0.0 ], [ 6.884960601331726, 47.451220717206965, 0.0 ], [ 6.881193543776618, 47.450650694075208, 0.0 ], [ 6.87764086963707, 47.452524850331194, 0.0 ], [ 6.877032454405847, 47.453480644385714, 0.0 ], [ 6.874197829830949, 47.45219074530182, 0.0 ] ] ] } },
{ "type": "Feature", "properties": { "INSEE_COM": "25540", "NOM_COM": "Semondans", "EPCI": "200065647", "code_serm": 2 }, "geometry": { "type": "Polygon", "coordinates": [ [ [ 6.708735579706912, 47.539698470959877, 0.0 ], [ 6.708398225657846, 47.538001554249313, 0.0 ], [ 6.704950619500136, 47.533400088712, 0.0 ], [ 6.703751665956093, 47.532669539148465, 0.0 ], [ 6.703604356402204, 47.533116679984779, 0.0 ], [ 6.700410070453295, 47.533642610540738, 0.0 ], [ 6.688953966290224, 47.533244440818955, 0.0 ], [ 6.686225838102625, 47.533875067534105, 0.0 ], [ 6.685031210464538, 47.537564217090925, 0.0 ], [ 6.678318988784876, 47.542239548561184, 0.0 ], [ 6.676321553727576, 47.544794169999513, 0.0 ], [ 6.675952813415584, 47.550460300093143, 0.0 ], [ 6.688672249309282, 47.545567242250215, 0.0 ], [ 6.699567294260438, 47.544628936664282, 0.0 ], [ 6.703788453251283, 47.545064368611634, 0.0 ], [ 6.706846244402836, 47.543520825702871, 0.0 ], [ 6.708995761350799, 47.543274005909765, 0.0 ], [ 6.707152049982088, 47.540812200448379, 0.0 ], [ 6.708735579706912, 47.539698470959877, 0.0 ] ] ] } },
{ "type": "Feature", "properties": { "INSEE_COM": "25547", "NOM_COM": "Sochaux", "EPCI": "200065647", "code_serm": 2 }, "geometry": { "type": "Polygon", "coordinates": [ [ [ 6.820209090444875, 47.509586222463803, 0.0 ], [ 6.817288050819946, 47.514539518741806, 0.0 ], [ 6.818556041258588, 47.519422140352887, 0.0 ], [ 6.823894309028388, 47.51876485712863, 0.0 ], [ 6.829099060667216, 47.519829422539829, 0.0 ], [ 6.832874688721619, 47.521443675093209, 0.0 ], [ 6.83310245153005, 47.520705296829647, 0.0 ], [ 6.838971311974973, 47.519655854402721, 0.0 ], [ 6.843787283674779, 47.515400975221105, 0.0 ], [ 6.843064775245698, 47.513307851502496, 0.0 ], [ 6.84155845378541, 47.511616391178272, 0.0 ], [ 6.833261310780692, 47.508173177493425, 0.0 ], [ 6.830173785451933, 47.507852102261012, 0.0 ], [ 6.824226005651495, 47.508414377835159, 0.0 ], [ 6.820209090444875, 47.509586222463803, 0.0 ] ] ] } },
{ "type": "Feature", "properties": { "INSEE_COM": "25548", "NOM_COM": "Solemont", "EPCI": "200065647", "code_serm": 2 }, "geometry": { "type": "Polygon", "coordinates": [ [ [ 6.728613238119054, 47.354100117880087, 0.0 ], [ 6.724067430537433, 47.348128509000652, 0.0 ], [ 6.722289171717239, 47.337792613989308, 0.0 ], [ 6.720906946512956, 47.33717002394112, 0.0 ], [ 6.72003780148649, 47.334368032190845, 0.0 ], [ 6.716469621999689, 47.332022896609772, 0.0 ], [ 6.713215206364969, 47.330988815991901, 0.0 ], [ 6.705414432952252, 47.330053927768574, 0.0 ], [ 6.701914782142119, 47.330186337309307, 0.0 ], [ 6.695241295369338, 47.329254465895744, 0.0 ], [ 6.687406906038183, 47.330289503605805, 0.0 ], [ 6.682431324265748, 47.331920053347012, 0.0 ], [ 6.678724361219703, 47.33117695651584, 0.0 ], [ 6.676406343968966, 47.332633754632703, 0.0 ], [ 6.680293169670144, 47.334934815805063, 0.0 ], [ 6.686130408213431, 47.335691346307378, 0.0 ], [ 6.687731027052897, 47.33635426096771, 0.0 ], [ 6.691714402733977, 47.341606958449049, 0.0 ], [ 6.694666961346432, 47.3439534997595, 0.0 ], [ 6.692250371556874, 47.34654205107546, 0.0 ], [ 6.691147748019296, 47.349286138820268, 0.0 ], [ 6.692032054192737, 47.352827695440233, 0.0 ], [ 6.691155177725319, 47.357215596751246, 0.0 ], [ 6.694332451375113, 47.35801846217791, 0.0 ], [ 6.706873401965569, 47.359569915876385, 0.0 ], [ 6.717934099011004, 47.35869901009999, 0.0 ], [ 6.725390262884052, 47.360069618340816, 0.0 ], [ 6.728613238119054, 47.354100117880087, 0.0 ] ] ] } },
{ "type": "Feature", "properties": { "INSEE_COM": "25555", "NOM_COM": "Taillecourt", "EPCI": "200065647", "code_serm": 2 }, "geometry": { "type": "Polygon", "coordinates": [ [ [ 6.855282611687662, 47.491816083502329, 0.0 ], [ 6.848039326347952, 47.491606927380403, 0.0 ], [ 6.839962721837834, 47.492531522813792, 0.0 ], [ 6.840597768571323, 47.498152257604531, 0.0 ], [ 6.85020995780617, 47.498946893943355, 0.0 ], [ 6.853449083678022, 47.499678778736403, 0.0 ], [ 6.854731340583882, 47.501582094553953, 0.0 ], [ 6.865464386278643, 47.497760990457238, 0.0 ], [ 6.864363856115534, 47.487777518408095, 0.0 ], [ 6.862746263411561, 47.487711344024177, 0.0 ], [ 6.860562793429771, 47.486713106300222, 0.0 ], [ 6.858089426200234, 47.486358011786457, 0.0 ], [ 6.855833242616961, 47.488535364106248, 0.0 ], [ 6.855282611687662, 47.491816083502329, 0.0 ] ] ] } },
{ "type": "Feature", "properties": { "INSEE_COM": "25562", "NOM_COM": "Thulay", "EPCI": "200065647", "code_serm": 2 }, "geometry": { "type": "Polygon", "coordinates": [ [ [ 6.865544350472678, 47.427455924997986, 0.0 ], [ 6.86512999142252, 47.426481007701199, 0.0 ], [ 6.867140347321133, 47.422798254552845, 0.0 ], [ 6.864525291926441, 47.421470216401204, 0.0 ], [ 6.860854912428915, 47.419979798621306, 0.0 ], [ 6.852111363660622, 47.419437087534305, 0.0 ], [ 6.848981499638669, 47.418365510429076, 0.0 ], [ 6.848180912659751, 47.418681321101275, 0.0 ], [ 6.847872866331203, 47.42051116828533, 0.0 ], [ 6.849197783537033, 47.426473318394216, 0.0 ], [ 6.851498440861541, 47.428639466911946, 0.0 ], [ 6.856572400260542, 47.431209317092758, 0.0 ], [ 6.857181490792812, 47.433432357254972, 0.0 ], [ 6.856075080443787, 47.435166129034855, 0.0 ], [ 6.856076761317724, 47.43659096699205, 0.0 ], [ 6.857198847437431, 47.438374300399907, 0.0 ], [ 6.86620500613549, 47.439455967767202, 0.0 ], [ 6.86919974509121, 47.438139656957176, 0.0 ], [ 6.869245468778786, 47.437007945934951, 0.0 ], [ 6.866222807763498, 47.433872030723883, 0.0 ], [ 6.865419633607465, 47.431376084818417, 0.0 ], [ 6.868481471181292, 47.429762827149013, 0.0 ], [ 6.865544350472678, 47.427455924997986, 0.0 ] ] ] } },
{ "type": "Feature", "properties": { "INSEE_COM": "25580", "NOM_COM": "Valentigney", "EPCI": "200065647", "code_serm": 2 }, "geometry": { "type": "Polygon", "coordinates": [ [ [ 6.819500764377422, 47.446613963830174, 0.0 ], [ 6.811621113782037, 47.45043772357532, 0.0 ], [ 6.811368127783551, 47.4515121683514, 0.0 ], [ 6.812413475850962, 47.451824885849646, 0.0 ], [ 6.808104323784141, 47.457217483589545, 0.0 ], [ 6.809268657183974, 47.459237764356544, 0.0 ], [ 6.807611658340375, 47.460788940419725, 0.0 ], [ 6.802215355292129, 47.462981451968943, 0.0 ], [ 6.8083717245385, 47.47525840408246, 0.0 ], [ 6.811023843155551, 47.477426433845963, 0.0 ], [ 6.813859032685623, 47.477218200760952, 0.0 ], [ 6.8143230443348, 47.480668184331975, 0.0 ], [ 6.815319698175393, 47.481315036550065, 0.0 ], [ 6.819796690104741, 47.481625109721364, 0.0 ], [ 6.822725914262104, 47.482339137528776, 0.0 ], [ 6.822601965705345, 47.483041656177136, 0.0 ], [ 6.825272007533903, 47.4833459671176, 0.0 ], [ 6.825038010633663, 47.484907366806638, 0.0 ], [ 6.826754899371133, 47.485174472704927, 0.0 ], [ 6.834099026521653, 47.484839060302853, 0.0 ], [ 6.836300356936614, 47.484074382480308, 0.0 ], [ 6.837771420239873, 47.482897546128385, 0.0 ], [ 6.836560424425838, 47.47795095575303, 0.0 ], [ 6.837749197813332, 47.472526884907076, 0.0 ], [ 6.838901765660849, 47.469398526778541, 0.0 ], [ 6.842440543599021, 47.464854830323858, 0.0 ], [ 6.842261318519879, 47.462248048882195, 0.0 ], [ 6.843360529644871, 47.460122660060911, 0.0 ], [ 6.8453903845514, 47.458633419589525, 0.0 ], [ 6.846302285518172, 47.455790482839895, 0.0 ], [ 6.846476155388927, 47.454659976820203, 0.0 ], [ 6.844730876414203, 47.448529702680034, 0.0 ], [ 6.841230851963582, 47.445209784045396, 0.0 ], [ 6.838320127185901, 47.443321331741821, 0.0 ], [ 6.836657530604182, 47.450076952393097, 0.0 ], [ 6.819500764377422, 47.446613963830174, 0.0 ] ] ] } },
{ "type": "Feature", "properties": { "INSEE_COM": "25586", "NOM_COM": "Vandoncourt", "EPCI": "200065647", "code_serm": 2 }, "geometry": { "type": "Polygon", "coordinates": [ [ [ 6.90303068673109, 47.473494681506828, 0.0 ], [ 6.909078602743341, 47.472689620072408, 0.0 ], [ 6.915924821257904, 47.469082333747068, 0.0 ], [ 6.919970960753532, 47.468575664511363, 0.0 ], [ 6.921207109084323, 47.467161356264093, 0.0 ], [ 6.922242365675279, 47.462209945301112, 0.0 ], [ 6.930745653849453, 47.458359245771831, 0.0 ], [ 6.932507928297859, 47.455847262120223, 0.0 ], [ 6.932480905897579, 47.452604409559051, 0.0 ], [ 6.935042405872956, 47.44719560752462, 0.0 ], [ 6.928664788007667, 47.445710459579708, 0.0 ], [ 6.919806412687779, 47.447318027693846, 0.0 ], [ 6.908249576688629, 47.446622693347962, 0.0 ], [ 6.905234612145327, 47.447091689729746, 0.0 ], [ 6.903760152148008, 47.446841060517961, 0.0 ], [ 6.894657295458486, 47.450577395187288, 0.0 ], [ 6.891903580209077, 47.450093651306055, 0.0 ], [ 6.88806801614915, 47.45101324321196, 0.0 ], [ 6.885346169743695, 47.453493461076363, 0.0 ], [ 6.882553303550517, 47.45880775515743, 0.0 ], [ 6.881840348438005, 47.461308224448601, 0.0 ], [ 6.882261632239402, 47.464165595942731, 0.0 ], [ 6.880072871026659, 47.468309609481615, 0.0 ], [ 6.885825279317188, 47.470211280205845, 0.0 ], [ 6.90303068673109, 47.473494681506828, 0.0 ] ] ] } },
{ "type": "Feature", "properties": { "INSEE_COM": "25608", "NOM_COM": "Le Vernoy", "EPCI": "247000722", "code_serm": 2 }, "geometry": { "type": "Polygon", "coordinates": [ [ [ 6.653312563280036, 47.571384674918683, 0.0 ], [ 6.652043759012055, 47.572574216168071, 0.0 ], [ 6.654537699565337, 47.57642573831852, 0.0 ], [ 6.660333316963801, 47.579693343406085, 0.0 ], [ 6.662734287752673, 47.577711241106286, 0.0 ], [ 6.662949373852062, 47.576517742701, 0.0 ], [ 6.66243805045277, 47.575566928106305, 0.0 ], [ 6.659804911853047, 47.574102422141138, 0.0 ], [ 6.658685026120197, 47.572877836250591, 0.0 ], [ 6.658331100029429, 47.572026593429712, 0.0 ], [ 6.659360146709635, 47.571537446530016, 0.0 ], [ 6.663669123560511, 47.57278171190125, 0.0 ], [ 6.668105675635173, 47.572235830801979, 0.0 ], [ 6.673203245347627, 47.573073774805124, 0.0 ], [ 6.675893308487185, 47.57226541318424, 0.0 ], [ 6.682701752491933, 47.571939733292588, 0.0 ], [ 6.68916109523074, 47.570801984649925, 0.0 ], [ 6.685596049620352, 47.566067654922904, 0.0 ], [ 6.685059717846537, 47.562848713452915, 0.0 ], [ 6.682180374953, 47.558701762440265, 0.0 ], [ 6.682710585802722, 47.557992957093113, 0.0 ], [ 6.681455236596443, 47.557026968029326, 0.0 ], [ 6.677244780036648, 47.555481099459278, 0.0 ], [ 6.674499312596857, 47.556071401806285, 0.0 ], [ 6.672180941525696, 47.557511445592318, 0.0 ], [ 6.670280592704193, 47.558023653199335, 0.0 ], [ 6.667409266327947, 47.560816441211983, 0.0 ], [ 6.663595369925437, 47.562992680100827, 0.0 ], [ 6.660707131906316, 47.56710141259866, 0.0 ], [ 6.65444932257045, 47.571223799590626, 0.0 ], [ 6.653312563280036, 47.571384674918683, 0.0 ] ] ] } },
{ "type": "Feature", "properties": { "INSEE_COM": "25614", "NOM_COM": "Vieux-Charmont", "EPCI": "200065647", "code_serm": 2 }, "geometry": { "type": "Polygon", "coordinates": [ [ [ 6.848028998888172, 47.526794723297165, 0.0 ], [ 6.851144351977789, 47.525970794208796, 0.0 ], [ 6.851872874496975, 47.526220677344526, 0.0 ], [ 6.851886905786351, 47.525326202503237, 0.0 ], [ 6.858298957610709, 47.520500620249322, 0.0 ], [ 6.857870168185905, 47.516937853387354, 0.0 ], [ 6.853081393615937, 47.517090972773389, 0.0 ], [ 6.852644806755666, 47.515998711256906, 0.0 ], [ 6.850026113133204, 47.514992123635018, 0.0 ], [ 6.843064775245698, 47.513307851502496, 0.0 ], [ 6.843787283674779, 47.515400975221105, 0.0 ], [ 6.838971311974973, 47.519655854402721, 0.0 ], [ 6.83310245153005, 47.520705296829647, 0.0 ], [ 6.832637464151575, 47.521975986330276, 0.0 ], [ 6.827907444635266, 47.522119812119563, 0.0 ], [ 6.829124155933115, 47.525007848222003, 0.0 ], [ 6.834236570342682, 47.52739010564612, 0.0 ], [ 6.837467859163511, 47.53095704066348, 0.0 ], [ 6.83542979249054, 47.536080835536403, 0.0 ], [ 6.837198145544793, 47.536651652031864, 0.0 ], [ 6.840484725616936, 47.533330549845367, 0.0 ], [ 6.8435306009739, 47.531219497284454, 0.0 ], [ 6.847106397133336, 47.529578414136218, 0.0 ], [ 6.848028998888172, 47.526794723297165, 0.0 ] ] ] } },
{ "type": "Feature", "properties": { "INSEE_COM": "25615", "NOM_COM": "Villars-lès-Blamont", "EPCI": "200065647", "code_serm": 2 }, "geometry": { "type": "Polygon", "coordinates": [ [ [ 6.879498374237672, 47.351177987649749, 0.0 ], [ 6.879039579141127, 47.350464159895012, 0.0 ], [ 6.873137721244583, 47.351140700267607, 0.0 ], [ 6.868728758413204, 47.35216196782163, 0.0 ], [ 6.86835154699992, 47.353569750919519, 0.0 ], [ 6.863168604616958, 47.355781057473244, 0.0 ], [ 6.859601683041467, 47.358520646833206, 0.0 ], [ 6.858091030492944, 47.358559134088154, 0.0 ], [ 6.854209226321829, 47.35740461044395, 0.0 ], [ 6.853308129095564, 47.360608862312603, 0.0 ], [ 6.845500198555058, 47.36076855797296, 0.0 ], [ 6.844776366407283, 47.36277174734392, 0.0 ], [ 6.851524426264712, 47.365672889740644, 0.0 ], [ 6.85443666374577, 47.366637984095803, 0.0 ], [ 6.856270768769902, 47.366685249908635, 0.0 ], [ 6.857268286467604, 47.367882381859154, 0.0 ], [ 6.856704190859578, 47.373963175914419, 0.0 ], [ 6.855696074555177, 47.3752205918261, 0.0 ], [ 6.853581715116108, 47.37487797187098, 0.0 ], [ 6.85347825296266, 47.375708783139693, 0.0 ], [ 6.863107877633933, 47.37684358853199, 0.0 ], [ 6.865004082797147, 47.380138711436935, 0.0 ], [ 6.868327011051488, 47.381355701054147, 0.0 ], [ 6.87615906942859, 47.381799435400161, 0.0 ], [ 6.887062775881276, 47.384248044465515, 0.0 ], [ 6.891973292779027, 47.384363036260844, 0.0 ], [ 6.894196270882856, 47.382977142734568, 0.0 ], [ 6.895815669665261, 47.379898064278223, 0.0 ], [ 6.888502935737361, 47.376498225149334, 0.0 ], [ 6.883599611562523, 47.372865092054006, 0.0 ], [ 6.884660858284908, 47.36680348572952, 0.0 ], [ 6.882529328773829, 47.361203758552975, 0.0 ], [ 6.880821130519217, 47.359907101018351, 0.0 ], [ 6.879363312575097, 47.357780065094673, 0.0 ], [ 6.879498374237672, 47.351177987649749, 0.0 ] ] ] } },
{ "type": "Feature", "properties": { "INSEE_COM": "25617", "NOM_COM": "Villars-sous-Dampjoux", "EPCI": "200065647", "code_serm": 2 }, "geometry": { "type": "Polygon", "coordinates": [ [ [ 6.747421562200834, 47.368866901620159, 0.0 ], [ 6.751523114668709, 47.373640781962663, 0.0 ], [ 6.752466267403788, 47.377239562411781, 0.0 ], [ 6.7552849262777, 47.378421909877865, 0.0 ], [ 6.757973649866293, 47.378960411681987, 0.0 ], [ 6.759770992179787, 47.37834799535846, 0.0 ], [ 6.763767272149609, 47.378554740531271, 0.0 ], [ 6.764713459235498, 47.377027129544707, 0.0 ], [ 6.762335890617785, 47.37492948570771, 0.0 ], [ 6.75884447144421, 47.370302037801821, 0.0 ], [ 6.755871716750816, 47.367729658455602, 0.0 ], [ 6.757015271077301, 47.365213375140279, 0.0 ], [ 6.7565404903394, 47.362735016352474, 0.0 ], [ 6.7569820871321, 47.359951231339849, 0.0 ], [ 6.758931316306467, 47.357730585135471, 0.0 ], [ 6.760242334702095, 47.351045091294857, 0.0 ], [ 6.759264772190249, 47.348810124331642, 0.0 ], [ 6.757533927047597, 47.347121352753398, 0.0 ], [ 6.749527080052435, 47.347288303335219, 0.0 ], [ 6.744768954216187, 47.345270804054017, 0.0 ], [ 6.741126800391784, 47.342633160002144, 0.0 ], [ 6.739203167803485, 47.342180533759617, 0.0 ], [ 6.74207863596814, 47.344778062058843, 0.0 ], [ 6.743727876312103, 47.34830729629774, 0.0 ], [ 6.752433479932408, 47.35221159180275, 0.0 ], [ 6.753043652859419, 47.355320965117606, 0.0 ], [ 6.752523608892868, 47.356872578020898, 0.0 ], [ 6.75124202796281, 47.357606136505673, 0.0 ], [ 6.74888337613422, 47.357845433850542, 0.0 ], [ 6.744504332060705, 47.357546929099257, 0.0 ], [ 6.739200926523474, 47.364170614536967, 0.0 ], [ 6.742946768592371, 47.365746956605243, 0.0 ], [ 6.747421562200834, 47.368866901620159, 0.0 ] ] ] } },
{ "type": "Feature", "properties": { "INSEE_COM": "25618", "NOM_COM": "Villars-sous-Écot", "EPCI": "200065647", "code_serm": 2 }, "geometry": { "type": "Polygon", "coordinates": [ [ [ 6.674238672282694, 47.429937435279257, 0.0 ], [ 6.676376053660568, 47.432344477895903, 0.0 ], [ 6.676109771028104, 47.433630746916705, 0.0 ], [ 6.680204978067235, 47.433292146704204, 0.0 ], [ 6.69457193560848, 47.437036947859042, 0.0 ], [ 6.702208320292694, 47.437216748999568, 0.0 ], [ 6.71391906631826, 47.43918552457459, 0.0 ], [ 6.71578959638835, 47.435745436181556, 0.0 ], [ 6.715746676801652, 47.434208485519072, 0.0 ], [ 6.714409110004619, 47.432330792704072, 0.0 ], [ 6.71704849637015, 47.423307568176384, 0.0 ], [ 6.716375791983955, 47.414992151892726, 0.0 ], [ 6.718354167633493, 47.41210634439382, 0.0 ], [ 6.722550641684896, 47.411206911033048, 0.0 ], [ 6.725104172868454, 47.411654108516295, 0.0 ], [ 6.725766828341712, 47.409786311847128, 0.0 ], [ 6.71966127117325, 47.406534778771338, 0.0 ], [ 6.716336327337055, 47.405794016207977, 0.0 ], [ 6.714995483381842, 47.404146238044014, 0.0 ], [ 6.715096836971414, 47.402219843592974, 0.0 ], [ 6.712309913938074, 47.399833312454078, 0.0 ], [ 6.71346291709101, 47.398122950287252, 0.0 ], [ 6.713053466040422, 47.397883698208851, 0.0 ], [ 6.711166379457365, 47.397561871174709, 0.0 ], [ 6.707066597828701, 47.398637180599707, 0.0 ], [ 6.703310667971955, 47.398141418554218, 0.0 ], [ 6.701687201966993, 47.398330124558051, 0.0 ], [ 6.701089794505319, 47.398712332789543, 0.0 ], [ 6.70078674252204, 47.401261539546859, 0.0 ], [ 6.699781735974832, 47.403199554060514, 0.0 ], [ 6.692058867635894, 47.404795122613294, 0.0 ], [ 6.689637812162299, 47.407649450069854, 0.0 ], [ 6.687927249307871, 47.40825526037267, 0.0 ], [ 6.682911429546121, 47.408633285161791, 0.0 ], [ 6.680841854361965, 47.409290014178517, 0.0 ], [ 6.678270398130372, 47.413542050636934, 0.0 ], [ 6.676848540891682, 47.414702684498259, 0.0 ], [ 6.67486433496894, 47.41465368214908, 0.0 ], [ 6.673867686189187, 47.413943521156348, 0.0 ], [ 6.673059900421078, 47.414051054488283, 0.0 ], [ 6.672692942416542, 47.419619256607263, 0.0 ], [ 6.674880772321194, 47.423000693821884, 0.0 ], [ 6.673939619580709, 47.425288761306902, 0.0 ], [ 6.674238672282694, 47.429937435279257, 0.0 ] ] ] } },
{ "type": "Feature", "properties": { "INSEE_COM": "25632", "NOM_COM": "Voujeaucourt", "EPCI": "200065647", "code_serm": 2 }, "geometry": { "type": "Polygon", "coordinates": [ [ [ 6.75314461340451, 47.479402846678994, 0.0 ], [ 6.76108357262965, 47.478707686734538, 0.0 ], [ 6.76482590213515, 47.480412505976126, 0.0 ], [ 6.767269134492402, 47.4797693018443, 0.0 ], [ 6.770261824605641, 47.4801139803658, 0.0 ], [ 6.772639347512246, 47.481857354984406, 0.0 ], [ 6.774629457594828, 47.484758668854099, 0.0 ], [ 6.77563716104413, 47.485097278845267, 0.0 ], [ 6.786258918490382, 47.482683092549507, 0.0 ], [ 6.789212737920542, 47.482399516652336, 0.0 ], [ 6.79593371146728, 47.485838518476413, 0.0 ], [ 6.798180832382928, 47.486534846847931, 0.0 ], [ 6.80123111652165, 47.486390214965823, 0.0 ], [ 6.805511455386222, 47.484829143317398, 0.0 ], [ 6.812900502329187, 47.483389610680092, 0.0 ], [ 6.825183230653558, 47.484762904824315, 0.0 ], [ 6.825272007533903, 47.4833459671176, 0.0 ], [ 6.822601965705345, 47.483041656177136, 0.0 ], [ 6.822725914262104, 47.482339137528776, 0.0 ], [ 6.819796690104741, 47.481625109721364, 0.0 ], [ 6.815319698175393, 47.481315036550065, 0.0 ], [ 6.8143230443348, 47.480668184331975, 0.0 ], [ 6.813859032685623, 47.477218200760952, 0.0 ], [ 6.811023843155551, 47.477426433845963, 0.0 ], [ 6.8083717245385, 47.47525840408246, 0.0 ], [ 6.802215355292129, 47.462981451968943, 0.0 ], [ 6.796585230782323, 47.464469365819369, 0.0 ], [ 6.79016205986734, 47.464428240197002, 0.0 ], [ 6.782726522391562, 47.463732956895853, 0.0 ], [ 6.775046749209703, 47.462021360320058, 0.0 ], [ 6.769895096273128, 47.462292036423122, 0.0 ], [ 6.767719757606053, 47.461594677289895, 0.0 ], [ 6.763377286346588, 47.461466663131489, 0.0 ], [ 6.759403532962344, 47.459304286662366, 0.0 ], [ 6.753666674585472, 47.464394720092848, 0.0 ], [ 6.752523048554676, 47.466980178823597, 0.0 ], [ 6.752589968051858, 47.470719763169569, 0.0 ], [ 6.751243372547523, 47.47448869137537, 0.0 ], [ 6.752609601698323, 47.476570546164126, 0.0 ], [ 6.75314461340451, 47.479402846678994, 0.0 ] ] ] } },
{ "type": "Feature", "properties": { "INSEE_COM": "70064", "NOM_COM": "Belverne", "EPCI": "247000722", "code_serm": 2 }, "geometry": { "type": "Polygon", "coordinates": [ [ [ 6.636778774522341, 47.62250306231455, 0.0 ], [ 6.635714774740938, 47.624804178720744, 0.0 ], [ 6.632535986106184, 47.627309875879511, 0.0 ], [ 6.627696590784986, 47.633194677769701, 0.0 ], [ 6.627113397747676, 47.63440038383591, 0.0 ], [ 6.627441710108412, 47.636346361772716, 0.0 ], [ 6.642152015562762, 47.635144984944674, 0.0 ], [ 6.644410857838414, 47.636187297618996, 0.0 ], [ 6.645512594380021, 47.637209840918409, 0.0 ], [ 6.648477010900206, 47.644432027172698, 0.0 ], [ 6.650581171957008, 47.647238828804625, 0.0 ], [ 6.653693254340569, 47.644415789492278, 0.0 ], [ 6.65451077229656, 47.639671348764033, 0.0 ], [ 6.66157630253857, 47.639255339425148, 0.0 ], [ 6.661971791055397, 47.637792218053086, 0.0 ], [ 6.658962834025129, 47.634567034076071, 0.0 ], [ 6.660415042852438, 47.631990407762125, 0.0 ], [ 6.663261357646507, 47.631683962572531, 0.0 ], [ 6.669432769639845, 47.628459815530341, 0.0 ], [ 6.671887705118496, 47.626208315794592, 0.0 ], [ 6.673913740760672, 47.622957443215853, 0.0 ], [ 6.681421980460105, 47.618386633224404, 0.0 ], [ 6.680554262626132, 47.613729252441509, 0.0 ], [ 6.674717255261007, 47.611848825078411, 0.0 ], [ 6.670360067144915, 47.611290323963424, 0.0 ], [ 6.666318171808106, 47.615396562967376, 0.0 ], [ 6.663193058957119, 47.617646478031531, 0.0 ], [ 6.656649031992103, 47.619660162058906, 0.0 ], [ 6.654394889190193, 47.620722846889699, 0.0 ], [ 6.654612284112009, 47.621347690141711, 0.0 ], [ 6.6532470806931, 47.621983335735557, 0.0 ], [ 6.64741612532467, 47.623405575478593, 0.0 ], [ 6.641712813343216, 47.621742796769219, 0.0 ], [ 6.636778774522341, 47.62250306231455, 0.0 ] ] ] } },
{ "type": "Feature", "properties": { "INSEE_COM": "70096", "NOM_COM": "Brevilliers", "EPCI": "247000722", "code_serm": 2 }, "geometry": { "type": "Polygon", "coordinates": [ [ [ 6.781288407274296, 47.591732028581291, 0.0 ], [ 6.788998526068504, 47.595856926644252, 0.0 ], [ 6.791303119962978, 47.59628578991223, 0.0 ], [ 6.797994412154187, 47.591634404175743, 0.0 ], [ 6.801083305541422, 47.591891541799747, 0.0 ], [ 6.802777475701858, 47.589231952045182, 0.0 ], [ 6.802737941948987, 47.585909741027962, 0.0 ], [ 6.801922070473847, 47.584291712330007, 0.0 ], [ 6.805519283321725, 47.582099891193991, 0.0 ], [ 6.810399036076651, 47.581217805029041, 0.0 ], [ 6.817982005363286, 47.577835480046382, 0.0 ], [ 6.821224327731956, 47.574439959118017, 0.0 ], [ 6.821728239632406, 47.573312285102716, 0.0 ], [ 6.810351254921441, 47.569426581490923, 0.0 ], [ 6.807086799254708, 47.563066374657645, 0.0 ], [ 6.801484668402457, 47.562494012713856, 0.0 ], [ 6.79795903717668, 47.56346685170849, 0.0 ], [ 6.795609584857708, 47.566153168305433, 0.0 ], [ 6.795642981127178, 47.567203748067655, 0.0 ], [ 6.791056137911357, 47.570658479380135, 0.0 ], [ 6.788702499999102, 47.570367311550328, 0.0 ], [ 6.78368771123878, 47.57119432258088, 0.0 ], [ 6.780817736745625, 47.570230363147978, 0.0 ], [ 6.778527341092714, 47.571923098571474, 0.0 ], [ 6.777687866226075, 47.573609334702063, 0.0 ], [ 6.779616401167156, 47.577037022872091, 0.0 ], [ 6.783133894933443, 47.58142063771804, 0.0 ], [ 6.781278926264053, 47.585280075054115, 0.0 ], [ 6.781951454215426, 47.591087834571915, 0.0 ], [ 6.781288407274296, 47.591732028581291, 0.0 ] ] ] } },
{ "type": "Feature", "properties": { "INSEE_COM": "70116", "NOM_COM": "Chagey", "EPCI": "247000722", "code_serm": 2 }, "geometry": { "type": "Polygon", "coordinates": [ [ [ 6.733783477992584, 47.632474491827566, 0.0 ], [ 6.740367103798848, 47.630774181737863, 0.0 ], [ 6.745447756711835, 47.630531968893415, 0.0 ], [ 6.752260465944754, 47.629026367815428, 0.0 ], [ 6.756087993357871, 47.624431891401734, 0.0 ], [ 6.757403075941227, 47.621624008675632, 0.0 ], [ 6.752236726879912, 47.61750898951, 0.0 ], [ 6.750789796520209, 47.616889574327914, 0.0 ], [ 6.745860190394773, 47.616967716786291, 0.0 ], [ 6.745043915187562, 47.616483881407753, 0.0 ], [ 6.745436387828969, 47.614974521878338, 0.0 ], [ 6.748363830898573, 47.613014294308869, 0.0 ], [ 6.750643413254501, 47.610674710937651, 0.0 ], [ 6.749221911030089, 47.60694377230886, 0.0 ], [ 6.74466296349407, 47.605588006168489, 0.0 ], [ 6.725734180775273, 47.60480268527828, 0.0 ], [ 6.724582240033837, 47.60505933813517, 0.0 ], [ 6.722897200779888, 47.607357794443686, 0.0 ], [ 6.722930645414438, 47.608314610687948, 0.0 ], [ 6.725080088475987, 47.608927248532382, 0.0 ], [ 6.72780097976683, 47.611119268802277, 0.0 ], [ 6.727659450066848, 47.6150445347794, 0.0 ], [ 6.725014798446992, 47.618490128082101, 0.0 ], [ 6.721174255470642, 47.617655677320549, 0.0 ], [ 6.719074017032912, 47.617581155411294, 0.0 ], [ 6.718010863610257, 47.618179124821673, 0.0 ], [ 6.71793837781693, 47.620217932288796, 0.0 ], [ 6.713816026364456, 47.62320387965363, 0.0 ], [ 6.713834961617734, 47.624681983792001, 0.0 ], [ 6.717389138880491, 47.627885791474732, 0.0 ], [ 6.719667913229713, 47.631948347670686, 0.0 ], [ 6.719368549594988, 47.63296982194359, 0.0 ], [ 6.720074143960693, 47.634064701744919, 0.0 ], [ 6.727521621920134, 47.638307411589082, 0.0 ], [ 6.73052416097956, 47.637869986524308, 0.0 ], [ 6.733783477992584, 47.632474491827566, 0.0 ] ] ] } },
{ "type": "Feature", "properties": { "INSEE_COM": "70117", "NOM_COM": "Châlonvillars", "EPCI": "247000722", "code_serm": 2 }, "geometry": { "type": "Polygon", "coordinates": [ [ [ 6.798084503531088, 47.643370979019139, 0.0 ], [ 6.797843817824258, 47.640852918389712, 0.0 ], [ 6.800766687696, 47.636776556363351, 0.0 ], [ 6.80084960216667, 47.635377085739911, 0.0 ], [ 6.796310675753307, 47.632128383233045, 0.0 ], [ 6.792915645475056, 47.630448184219773, 0.0 ], [ 6.79092762154034, 47.627385810491617, 0.0 ], [ 6.787712583764908, 47.626224989691366, 0.0 ], [ 6.780519471012209, 47.625280419754674, 0.0 ], [ 6.774202662321013, 47.625602008212248, 0.0 ], [ 6.770779699652695, 47.625018776544216, 0.0 ], [ 6.769521005449766, 47.62439079710046, 0.0 ], [ 6.763609270137892, 47.624010268886238, 0.0 ], [ 6.763199979609527, 47.627447748666285, 0.0 ], [ 6.762189335608757, 47.6296934921548, 0.0 ], [ 6.756925746610457, 47.628283361172578, 0.0 ], [ 6.754674267951132, 47.626408485403132, 0.0 ], [ 6.752260465944754, 47.629026367815428, 0.0 ], [ 6.756696193293775, 47.631269857050953, 0.0 ], [ 6.763123971979689, 47.633153417221415, 0.0 ], [ 6.761969927440778, 47.637450217402446, 0.0 ], [ 6.756463993051811, 47.639992047377817, 0.0 ], [ 6.754646043241846, 47.642671871205508, 0.0 ], [ 6.754708828997371, 47.645192069358302, 0.0 ], [ 6.756693352836177, 47.647695506881618, 0.0 ], [ 6.757086662001628, 47.650022140668874, 0.0 ], [ 6.759143570101497, 47.650332605992645, 0.0 ], [ 6.765149276993437, 47.650114780077942, 0.0 ], [ 6.767199251514513, 47.649665686615563, 0.0 ], [ 6.771008393042672, 47.647711655797686, 0.0 ], [ 6.772963035994993, 47.647594444462051, 0.0 ], [ 6.787486822985947, 47.651655106329194, 0.0 ], [ 6.790398278695219, 47.647886727580172, 0.0 ], [ 6.793939047757769, 47.647533832481081, 0.0 ], [ 6.797316043874334, 47.644881950123235, 0.0 ], [ 6.798084503531088, 47.643370979019139, 0.0 ] ] ] } },
{ "type": "Feature", "properties": { "INSEE_COM": "70121", "NOM_COM": "Champey", "EPCI": "247000722", "code_serm": 2 }, "geometry": { "type": "Polygon", "coordinates": [ [ [ 6.694194746394464, 47.574927401788891, 0.0 ], [ 6.690884651009307, 47.572062160142963, 0.0 ], [ 6.689484300123858, 47.571664034045504, 0.0 ], [ 6.68916109523074, 47.570801984649925, 0.0 ], [ 6.682701752491933, 47.571939733292588, 0.0 ], [ 6.675893308487185, 47.57226541318424, 0.0 ], [ 6.673203245347627, 47.573073774805124, 0.0 ], [ 6.668105675635173, 47.572235830801979, 0.0 ], [ 6.663669123560511, 47.57278171190125, 0.0 ], [ 6.659745934028108, 47.57147397563535, 0.0 ], [ 6.658331100029429, 47.572026593429712, 0.0 ], [ 6.659528985490149, 47.573865083399447, 0.0 ], [ 6.661765352376069, 47.575000540468899, 0.0 ], [ 6.662949373852062, 47.576517742701, 0.0 ], [ 6.662734287752673, 47.577711241106286, 0.0 ], [ 6.658412048926201, 47.581584649671484, 0.0 ], [ 6.656915551165276, 47.584565532558734, 0.0 ], [ 6.657052775526595, 47.5882601954672, 0.0 ], [ 6.65889861702606, 47.592259900333033, 0.0 ], [ 6.658800770009744, 47.593941692364787, 0.0 ], [ 6.657984230273749, 47.595166645016867, 0.0 ], [ 6.65943798695778, 47.595988793090591, 0.0 ], [ 6.665379683854919, 47.597545851651148, 0.0 ], [ 6.668080256005864, 47.600767058398695, 0.0 ], [ 6.665806475614028, 47.603914833023197, 0.0 ], [ 6.661736089858739, 47.605660998136955, 0.0 ], [ 6.66719477263168, 47.606939396956577, 0.0 ], [ 6.668028653269904, 47.607479065580364, 0.0 ], [ 6.669784738288762, 47.609628799591235, 0.0 ], [ 6.670360067144915, 47.611290323963424, 0.0 ], [ 6.674717255261007, 47.611848825078411, 0.0 ], [ 6.680554262626132, 47.613729252441509, 0.0 ], [ 6.678213917965575, 47.611965729347006, 0.0 ], [ 6.680166274399461, 47.609379319088973, 0.0 ], [ 6.688979248100703, 47.610071499310529, 0.0 ], [ 6.690218551044678, 47.607875990562313, 0.0 ], [ 6.694085867966733, 47.60605504234546, 0.0 ], [ 6.697372265157098, 47.602391592598195, 0.0 ], [ 6.698605310452974, 47.601785714335627, 0.0 ], [ 6.701459312674137, 47.602729665946363, 0.0 ], [ 6.701831146337518, 47.602251096046629, 0.0 ], [ 6.698174431147912, 47.600739676682323, 0.0 ], [ 6.693904938446349, 47.600611820463122, 0.0 ], [ 6.690228727547527, 47.598813328112278, 0.0 ], [ 6.69536072703213, 47.596026860779851, 0.0 ], [ 6.699304565752003, 47.59628572855366, 0.0 ], [ 6.701129944273676, 47.595867383944771, 0.0 ], [ 6.70290331494793, 47.592914039589331, 0.0 ], [ 6.702230913688813, 47.59094032713643, 0.0 ], [ 6.698883834172997, 47.585985889358675, 0.0 ], [ 6.694194746394464, 47.574927401788891, 0.0 ] ] ] } },
{ "type": "Feature", "properties": { "INSEE_COM": "70147", "NOM_COM": "Chavanne", "EPCI": "247000722", "code_serm": 2 }, "geometry": { "type": "Polygon", "coordinates": [ [ [ 6.659144233931766, 47.546759433545276, 0.0 ], [ 6.656355236005115, 47.547526401334942, 0.0 ], [ 6.660316060533262, 47.551197529239921, 0.0 ], [ 6.648513405321209, 47.554775502577492, 0.0 ], [ 6.648435286422872, 47.560433227907872, 0.0 ], [ 6.649458400182882, 47.561690669884015, 0.0 ], [ 6.649365016764834, 47.563110113990156, 0.0 ], [ 6.650483837243624, 47.56627306852311, 0.0 ], [ 6.653093872382418, 47.568713478026588, 0.0 ], [ 6.653708912666265, 47.57135873913289, 0.0 ], [ 6.660707131906316, 47.56710141259866, 0.0 ], [ 6.663595369925437, 47.562992680100827, 0.0 ], [ 6.667409266327947, 47.560816441211983, 0.0 ], [ 6.670280592704193, 47.558023653199335, 0.0 ], [ 6.668383614489443, 47.555232263745651, 0.0 ], [ 6.663181632106035, 47.552166300773884, 0.0 ], [ 6.659144233931766, 47.546759433545276, 0.0 ] ] ] } },
{ "type": "Feature", "properties": { "INSEE_COM": "70149", "NOM_COM": "Chenebier", "EPCI": "247000722", "code_serm": 2 }, "geometry": { "type": "Polygon", "coordinates": [ [ [ 6.708955411155233, 47.669139118674259, 0.0 ], [ 6.711205473926389, 47.668405362732294, 0.0 ], [ 6.709941304809178, 47.666227064033357, 0.0 ], [ 6.705364286928989, 47.663824099161914, 0.0 ], [ 6.704955875815167, 47.662937779063142, 0.0 ], [ 6.70841478723565, 47.660602341180507, 0.0 ], [ 6.711223676518189, 47.659949944304699, 0.0 ], [ 6.714963368976651, 47.658147824825384, 0.0 ], [ 6.716525169812418, 47.656062579513495, 0.0 ], [ 6.715836705961439, 47.652537805288333, 0.0 ], [ 6.720056420675404, 47.651031095104493, 0.0 ], [ 6.723879160066344, 47.648082517404248, 0.0 ], [ 6.7256320308886, 47.647595878081397, 0.0 ], [ 6.728862310049809, 47.645716699292493, 0.0 ], [ 6.728161951428818, 47.645559745199684, 0.0 ], [ 6.727832609478726, 47.641936127328592, 0.0 ], [ 6.72609536807636, 47.638903514269991, 0.0 ], [ 6.727521621920134, 47.638307411589082, 0.0 ], [ 6.720074143960693, 47.634064701744919, 0.0 ], [ 6.719368549594988, 47.63296982194359, 0.0 ], [ 6.719667913229713, 47.631948347670686, 0.0 ], [ 6.717389138880491, 47.627885791474732, 0.0 ], [ 6.713834961617734, 47.624681983792001, 0.0 ], [ 6.713770773013551, 47.62410461849317, 0.0 ], [ 6.711818605898049, 47.623881972040309, 0.0 ], [ 6.705102168117834, 47.624168370680593, 0.0 ], [ 6.699490016987511, 47.625598913849736, 0.0 ], [ 6.690182841471634, 47.6315595737275, 0.0 ], [ 6.687901223731715, 47.631374870906107, 0.0 ], [ 6.681015854135159, 47.629189017580856, 0.0 ], [ 6.680738818377786, 47.634098726140181, 0.0 ], [ 6.685208794668625, 47.634678565390963, 0.0 ], [ 6.687096649693498, 47.634121556629033, 0.0 ], [ 6.689379928941857, 47.634135921309962, 0.0 ], [ 6.694803708650086, 47.635762045668763, 0.0 ], [ 6.698451292030993, 47.638281320189087, 0.0 ], [ 6.694786933325043, 47.648682293716469, 0.0 ], [ 6.69522563560308, 47.655916680878285, 0.0 ], [ 6.694789297968653, 47.65764523278775, 0.0 ], [ 6.691125448470438, 47.66174562678529, 0.0 ], [ 6.694120675442715, 47.667031229146907, 0.0 ], [ 6.701733776862785, 47.668418456560971, 0.0 ], [ 6.708955411155233, 47.669139118674259, 0.0 ] ] ] } },
{ "type": "Feature", "properties": { "INSEE_COM": "70160", "NOM_COM": "Coisevaux", "EPCI": "247000722", "code_serm": 2 }, "geometry": { "type": "Polygon", "coordinates": [ [ [ 6.7076172797971, 47.603322596884901, 0.0 ], [ 6.715197635093099, 47.598871452119205, 0.0 ], [ 6.715396134382772, 47.59726385122071, 0.0 ], [ 6.713949878049922, 47.595299520992704, 0.0 ], [ 6.714118612042028, 47.594527300169204, 0.0 ], [ 6.715017158120208, 47.592967691052543, 0.0 ], [ 6.720767584218972, 47.589543072808915, 0.0 ], [ 6.721969364985667, 47.583204980855292, 0.0 ], [ 6.719630345904813, 47.582302790352188, 0.0 ], [ 6.711347457579557, 47.577127524376088, 0.0 ], [ 6.70919953059491, 47.576074874731489, 0.0 ], [ 6.707334293142188, 47.575927836444329, 0.0 ], [ 6.705846651559025, 47.575273153459769, 0.0 ], [ 6.70248320261793, 47.573030787037794, 0.0 ], [ 6.694194746394464, 47.574927401788891, 0.0 ], [ 6.698883834172997, 47.585985889358675, 0.0 ], [ 6.702230913688813, 47.59094032713643, 0.0 ], [ 6.70290331494793, 47.592914039589331, 0.0 ], [ 6.701945405235341, 47.595044027423356, 0.0 ], [ 6.701129944273676, 47.595867383944771, 0.0 ], [ 6.699304565752003, 47.59628572855366, 0.0 ], [ 6.69536072703213, 47.596026860779851, 0.0 ], [ 6.690228727547527, 47.598813328112278, 0.0 ], [ 6.694542251048365, 47.600772760467763, 0.0 ], [ 6.698174431147912, 47.600739676682323, 0.0 ], [ 6.701831146337518, 47.602251096046629, 0.0 ], [ 6.701459312674137, 47.602729665946363, 0.0 ], [ 6.702677434228685, 47.603061366043846, 0.0 ], [ 6.7076172797971, 47.603322596884901, 0.0 ] ] ] } },
{ "type": "Feature", "properties": { "INSEE_COM": "70182", "NOM_COM": "Courmont", "EPCI": "247000722", "code_serm": 2 }, "geometry": { "type": "Polygon", "coordinates": [ [ [ 6.625113182746737, 47.607992217059397, 0.0 ], [ 6.627731147555047, 47.609066913889123, 0.0 ], [ 6.627595963184288, 47.610037956087481, 0.0 ], [ 6.625250194430842, 47.612264392487319, 0.0 ], [ 6.620701759234771, 47.615299803745089, 0.0 ], [ 6.619837951374694, 47.616611505577218, 0.0 ], [ 6.623297407922898, 47.619319045821328, 0.0 ], [ 6.626400644781334, 47.620623803006964, 0.0 ], [ 6.631094638842011, 47.620194923214463, 0.0 ], [ 6.636976689965778, 47.621848131215039, 0.0 ], [ 6.641712813343216, 47.621742796769219, 0.0 ], [ 6.64741612532467, 47.623405575478593, 0.0 ], [ 6.6532470806931, 47.621983335735557, 0.0 ], [ 6.654612284112009, 47.621347690141711, 0.0 ], [ 6.654394889190193, 47.620722846889699, 0.0 ], [ 6.656649031992103, 47.619660162058906, 0.0 ], [ 6.663193058957119, 47.617646478031531, 0.0 ], [ 6.666318171808106, 47.615396562967376, 0.0 ], [ 6.670360067144915, 47.611290323963424, 0.0 ], [ 6.668982357828987, 47.608462799680822, 0.0 ], [ 6.66719477263168, 47.606939396956577, 0.0 ], [ 6.661736089858739, 47.605660998136955, 0.0 ], [ 6.656147911394179, 47.603169051185787, 0.0 ], [ 6.65164344263484, 47.60350115311558, 0.0 ], [ 6.646887233247656, 47.60272361584687, 0.0 ], [ 6.634822130846151, 47.601786371101113, 0.0 ], [ 6.631985070765176, 47.602696500671307, 0.0 ], [ 6.627901706900913, 47.601070975155281, 0.0 ], [ 6.623810838173457, 47.60072415638033, 0.0 ], [ 6.623011966040303, 47.602870070285, 0.0 ], [ 6.625113182746737, 47.607992217059397, 0.0 ] ] ] } },
{ "type": "Feature", "properties": { "INSEE_COM": "70184", "NOM_COM": "Couthenans", "EPCI": "247000722", "code_serm": 2 }, "geometry": { "type": "Polygon", "coordinates": [ [ [ 6.740441365301672, 47.585299352898353, 0.0 ], [ 6.739795207385904, 47.584270255230464, 0.0 ], [ 6.736857188704711, 47.583587657882859, 0.0 ], [ 6.721969364985667, 47.583204980855292, 0.0 ], [ 6.720767584218972, 47.589543072808915, 0.0 ], [ 6.715017158120208, 47.592967691052543, 0.0 ], [ 6.714118612042028, 47.594527300169204, 0.0 ], [ 6.713949878049922, 47.595299520992704, 0.0 ], [ 6.715396134382772, 47.59726385122071, 0.0 ], [ 6.717038540139958, 47.597624239363213, 0.0 ], [ 6.720332134435742, 47.600476707973101, 0.0 ], [ 6.724196368341463, 47.597430184229296, 0.0 ], [ 6.735529249331528, 47.586689538929242, 0.0 ], [ 6.740441365301672, 47.585299352898353, 0.0 ] ] ] } },
{ "type": "Feature", "properties": { "INSEE_COM": "70206", "NOM_COM": "Échenans-sous-Mont-Vaudois", "EPCI": "247000722", "code_serm": 2 }, "geometry": { "type": "Polygon", "coordinates": [ [ [ 6.781288407274296, 47.591732028581291, 0.0 ], [ 6.779307834837653, 47.593034401835439, 0.0 ], [ 6.775797697393015, 47.593280551353317, 0.0 ], [ 6.76000581333519, 47.597887257517861, 0.0 ], [ 6.75863295595651, 47.597954028804686, 0.0 ], [ 6.755653752843632, 47.5971930032877, 0.0 ], [ 6.754018665540136, 47.598361239479061, 0.0 ], [ 6.75536801878793, 47.599323474631248, 0.0 ], [ 6.755208554871262, 47.60129848729666, 0.0 ], [ 6.752724523489074, 47.603715956258895, 0.0 ], [ 6.751248516689254, 47.607094000367908, 0.0 ], [ 6.749210066608022, 47.60740102470821, 0.0 ], [ 6.750643413254501, 47.610674710937651, 0.0 ], [ 6.748363830898573, 47.613014294308869, 0.0 ], [ 6.745436387828969, 47.614974521878338, 0.0 ], [ 6.745095252073066, 47.61655071906651, 0.0 ], [ 6.745860190394773, 47.616967716786291, 0.0 ], [ 6.750789796520209, 47.616889574327914, 0.0 ], [ 6.752236726879912, 47.61750898951, 0.0 ], [ 6.757403075941227, 47.621624008675632, 0.0 ], [ 6.758829667010867, 47.621327556679397, 0.0 ], [ 6.759536556929721, 47.621088516468241, 0.0 ], [ 6.761429400432625, 47.618596279396748, 0.0 ], [ 6.762730974547748, 47.615394955663248, 0.0 ], [ 6.765357750643783, 47.613846784600121, 0.0 ], [ 6.767086340185157, 47.611715678499742, 0.0 ], [ 6.771029343431171, 47.610506045371253, 0.0 ], [ 6.779220915650331, 47.606237227650062, 0.0 ], [ 6.783279741498001, 47.60610658232045, 0.0 ], [ 6.788301768121967, 47.605110058717123, 0.0 ], [ 6.788345013222223, 47.604686916216984, 0.0 ], [ 6.790075710603969, 47.604665849344372, 0.0 ], [ 6.793302917492534, 47.598686337935519, 0.0 ], [ 6.791541281594236, 47.597537864299341, 0.0 ], [ 6.791303119962978, 47.59628578991223, 0.0 ], [ 6.788998526068504, 47.595856926644252, 0.0 ], [ 6.781288407274296, 47.591732028581291, 0.0 ] ] ] } },
{ "type": "Feature", "properties": { "INSEE_COM": "70221", "NOM_COM": "Étobon", "EPCI": "247000722", "code_serm": 2 }, "geometry": { "type": "Polygon", "coordinates": [ [ [ 6.68541794993812, 47.634676467940231, 0.0 ], [ 6.680738818377786, 47.634098726140181, 0.0 ], [ 6.681015854135159, 47.629189017580856, 0.0 ], [ 6.687901223731715, 47.631374870906107, 0.0 ], [ 6.690182841471634, 47.6315595737275, 0.0 ], [ 6.699132421472772, 47.626035563278407, 0.0 ], [ 6.698963315487504, 47.6207136593436, 0.0 ], [ 6.698054506916829, 47.620119804228224, 0.0 ], [ 6.693996988745242, 47.618552449397328, 0.0 ], [ 6.686295040718169, 47.618955480346457, 0.0 ], [ 6.681280769166357, 47.618522646310616, 0.0 ], [ 6.679979036335021, 47.619107055745467, 0.0 ], [ 6.673913740760672, 47.622957443215853, 0.0 ], [ 6.671887705118496, 47.626208315794592, 0.0 ], [ 6.669432769639845, 47.628459815530341, 0.0 ], [ 6.663261357646507, 47.631683962572531, 0.0 ], [ 6.660415042852438, 47.631990407762125, 0.0 ], [ 6.658962834025129, 47.634567034076071, 0.0 ], [ 6.661971791055397, 47.637792218053086, 0.0 ], [ 6.66157630253857, 47.639255339425148, 0.0 ], [ 6.65451077229656, 47.639671348764033, 0.0 ], [ 6.653693254340569, 47.644415789492278, 0.0 ], [ 6.650581171957008, 47.647238828804625, 0.0 ], [ 6.652588868574243, 47.647914009529401, 0.0 ], [ 6.656698321229593, 47.650536323746579, 0.0 ], [ 6.657967883890053, 47.652228395782146, 0.0 ], [ 6.659524666625714, 47.656044258065698, 0.0 ], [ 6.660401020700767, 47.660339161941479, 0.0 ], [ 6.661593663351393, 47.661935392427154, 0.0 ], [ 6.67572653231544, 47.663715302229647, 0.0 ], [ 6.676049624310812, 47.663255504247765, 0.0 ], [ 6.673801370661402, 47.660070703776398, 0.0 ], [ 6.674300823510348, 47.658996243180411, 0.0 ], [ 6.678527823678513, 47.661766416833508, 0.0 ], [ 6.679545432468459, 47.663620291243689, 0.0 ], [ 6.677687081328073, 47.665355695891776, 0.0 ], [ 6.694120675442715, 47.667031229146907, 0.0 ], [ 6.691125448470438, 47.66174562678529, 0.0 ], [ 6.694789297968653, 47.65764523278775, 0.0 ], [ 6.69522563560308, 47.655916680878285, 0.0 ], [ 6.694786933325043, 47.648682293716469, 0.0 ], [ 6.698451292030993, 47.638281320189087, 0.0 ], [ 6.694803708650086, 47.635762045668763, 0.0 ], [ 6.689379928941857, 47.634135921309962, 0.0 ], [ 6.687096649693498, 47.634121556629033, 0.0 ], [ 6.68541794993812, 47.634676467940231, 0.0 ] ] ] } },
{ "type": "Feature", "properties": { "INSEE_COM": "70285", "NOM_COM": "Héricourt", "EPCI": "247000722", "code_serm": 2 }, "geometry": { "type": "Polygon", "coordinates": [ [ [ 6.753367638004161, 47.56129476967903, 0.0 ], [ 6.752244135771048, 47.559762036178142, 0.0 ], [ 6.751326749998174, 47.555552547257044, 0.0 ], [ 6.748966529339227, 47.552423089229727, 0.0 ], [ 6.749140628711658, 47.551660520821642, 0.0 ], [ 6.750563142475198, 47.551199320812742, 0.0 ], [ 6.750934495714369, 47.550175373731271, 0.0 ], [ 6.748984275093412, 47.548920637376106, 0.0 ], [ 6.746066805870934, 47.54972005307193, 0.0 ], [ 6.744225978831301, 47.551372442072477, 0.0 ], [ 6.74226154077077, 47.554758069114442, 0.0 ], [ 6.739018856941985, 47.55709787837116, 0.0 ], [ 6.734108243596292, 47.557996935580903, 0.0 ], [ 6.725941162962073, 47.560402986090338, 0.0 ], [ 6.72543583909761, 47.561880778984161, 0.0 ], [ 6.726561273534654, 47.566275687858514, 0.0 ], [ 6.723432839492101, 47.57432181538919, 0.0 ], [ 6.722249403400124, 47.576123107224156, 0.0 ], [ 6.717319429646381, 47.580904041949353, 0.0 ], [ 6.721969364985667, 47.583204980855292, 0.0 ], [ 6.736857188704711, 47.583587657882859, 0.0 ], [ 6.739795207385904, 47.584270255230464, 0.0 ], [ 6.740548254019248, 47.585285111059612, 0.0 ], [ 6.74251669457404, 47.584693894984127, 0.0 ], [ 6.744622198104905, 47.586873739570649, 0.0 ], [ 6.748003198843524, 47.587430173559213, 0.0 ], [ 6.749106988789321, 47.58803089917992, 0.0 ], [ 6.753782340690374, 47.594035284882992, 0.0 ], [ 6.755027253104062, 47.596941930467338, 0.0 ], [ 6.75863295595651, 47.597954028804686, 0.0 ], [ 6.76000581333519, 47.597887257517861, 0.0 ], [ 6.775797697393015, 47.593280551353317, 0.0 ], [ 6.779307834837653, 47.593034401835439, 0.0 ], [ 6.78043301012122, 47.592538351835664, 0.0 ], [ 6.781951454215426, 47.591087834571915, 0.0 ], [ 6.781278926264053, 47.585280075054115, 0.0 ], [ 6.783133894933443, 47.58142063771804, 0.0 ], [ 6.779616401167156, 47.577037022872091, 0.0 ], [ 6.777687866226075, 47.573609334702063, 0.0 ], [ 6.778527341092714, 47.571923098571474, 0.0 ], [ 6.780817736745625, 47.570230363147978, 0.0 ], [ 6.78368771123878, 47.57119432258088, 0.0 ], [ 6.788702499999102, 47.570367311550328, 0.0 ], [ 6.791160250913991, 47.570624454273009, 0.0 ], [ 6.795642981127178, 47.567203748067655, 0.0 ], [ 6.795609584857708, 47.566153168305433, 0.0 ], [ 6.79795903717668, 47.56346685170849, 0.0 ], [ 6.801484668402457, 47.562494012713856, 0.0 ], [ 6.800067055275185, 47.558868840622175, 0.0 ], [ 6.799604037798903, 47.554213128238487, 0.0 ], [ 6.797286741010077, 47.549180766505309, 0.0 ], [ 6.793673390287213, 47.547576293098437, 0.0 ], [ 6.79236193706105, 47.545995955303482, 0.0 ], [ 6.789245426464341, 47.544222884774271, 0.0 ], [ 6.787437000114735, 47.543777016694712, 0.0 ], [ 6.785008860958831, 47.542360859616544, 0.0 ], [ 6.782113036446678, 47.539637811444642, 0.0 ], [ 6.782874511907144, 47.537686376138147, 0.0 ], [ 6.780631930601869, 47.536648914297217, 0.0 ], [ 6.778946898607902, 47.537529054636082, 0.0 ], [ 6.769678395130753, 47.537759899400569, 0.0 ], [ 6.770496788351637, 47.542587117650754, 0.0 ], [ 6.772254251918705, 47.544142429168595, 0.0 ], [ 6.772975466534654, 47.547268663737476, 0.0 ], [ 6.771645260180822, 47.554311975033137, 0.0 ], [ 6.767245064875014, 47.560135194273407, 0.0 ], [ 6.766703705592014, 47.560255420916228, 0.0 ], [ 6.763356844590763, 47.558386383251495, 0.0 ], [ 6.753367638004161, 47.56129476967903, 0.0 ] ] ] } },
{ "type": "Feature", "properties": { "INSEE_COM": "70312", "NOM_COM": "Luze", "EPCI": "247000722", "code_serm": 2 }, "geometry": { "type": "Polygon", "coordinates": [ [ [ 6.745878459262014, 47.58716141060988, 0.0 ], [ 6.743267454726162, 47.585960224740951, 0.0 ], [ 6.74251669457404, 47.584693894984127, 0.0 ], [ 6.735529249331528, 47.586689538929242, 0.0 ], [ 6.724196368341463, 47.597430184229296, 0.0 ], [ 6.720332134435742, 47.600476707973101, 0.0 ], [ 6.717038540139958, 47.597624239363213, 0.0 ], [ 6.715396134382772, 47.59726385122071, 0.0 ], [ 6.715090434975112, 47.59899651639352, 0.0 ], [ 6.710956542924592, 47.601009611203175, 0.0 ], [ 6.707684330686123, 47.603309652725194, 0.0 ], [ 6.702677434228685, 47.603061366043846, 0.0 ], [ 6.698605310452974, 47.601785714335627, 0.0 ], [ 6.697372265157098, 47.602391592598195, 0.0 ], [ 6.694085867966733, 47.60605504234546, 0.0 ], [ 6.690218551044678, 47.607875990562313, 0.0 ], [ 6.688979248100703, 47.610071499310529, 0.0 ], [ 6.680166274399461, 47.609379319088973, 0.0 ], [ 6.678213917965575, 47.611965729347006, 0.0 ], [ 6.680554262626132, 47.613729252441509, 0.0 ], [ 6.681280769166357, 47.618522646310616, 0.0 ], [ 6.686295040718169, 47.618955480346457, 0.0 ], [ 6.693996988745242, 47.618552449397328, 0.0 ], [ 6.698054506916829, 47.620119804228224, 0.0 ], [ 6.698963315487504, 47.6207136593436, 0.0 ], [ 6.69987939409716, 47.625755075711581, 0.0 ], [ 6.705102168117834, 47.624168370680593, 0.0 ], [ 6.713770773013551, 47.62410461849317, 0.0 ], [ 6.713816026364456, 47.62320387965363, 0.0 ], [ 6.71793837781693, 47.620217932288796, 0.0 ], [ 6.718010863610257, 47.618179124821673, 0.0 ], [ 6.719074017032912, 47.617581155411294, 0.0 ], [ 6.721174255470642, 47.617655677320549, 0.0 ], [ 6.725014798446992, 47.618490128082101, 0.0 ], [ 6.727659450066848, 47.6150445347794, 0.0 ], [ 6.72780097976683, 47.611119268802277, 0.0 ], [ 6.725080088475987, 47.608927248532382, 0.0 ], [ 6.722930645414438, 47.608314610687948, 0.0 ], [ 6.722897200779888, 47.607357794443686, 0.0 ], [ 6.724582240033837, 47.60505933813517, 0.0 ], [ 6.725734180775273, 47.60480268527828, 0.0 ], [ 6.74466296349407, 47.605588006168489, 0.0 ], [ 6.749221911030089, 47.60694377230886, 0.0 ], [ 6.749210066608022, 47.60740102470821, 0.0 ], [ 6.751248516689254, 47.607094000367908, 0.0 ], [ 6.752724523489074, 47.603715956258895, 0.0 ], [ 6.755208554871262, 47.60129848729666, 0.0 ], [ 6.75536801878793, 47.599323474631248, 0.0 ], [ 6.754018665540136, 47.598361239479061, 0.0 ], [ 6.755653752843632, 47.5971930032877, 0.0 ], [ 6.755027253104062, 47.596941930467338, 0.0 ], [ 6.753782340690374, 47.594035284882992, 0.0 ], [ 6.749106988789321, 47.58803089917992, 0.0 ], [ 6.748003198843524, 47.587430173559213, 0.0 ], [ 6.745878459262014, 47.58716141060988, 0.0 ] ] ] } },
{ "type": "Feature", "properties": { "INSEE_COM": "70330", "NOM_COM": "Mandrevillars", "EPCI": "247000722", "code_serm": 2 }, "geometry": { "type": "Polygon", "coordinates": [ [ [ 6.757403075941227, 47.621624008675632, 0.0 ], [ 6.754674267951132, 47.626408485403132, 0.0 ], [ 6.756925746610457, 47.628283361172578, 0.0 ], [ 6.762189335608757, 47.6296934921548, 0.0 ], [ 6.763199979609527, 47.627447748666285, 0.0 ], [ 6.763609270137892, 47.624010268886238, 0.0 ], [ 6.769521005449766, 47.62439079710046, 0.0 ], [ 6.770779699652695, 47.625018776544216, 0.0 ], [ 6.774202662321013, 47.625602008212248, 0.0 ], [ 6.780519471012209, 47.625280419754674, 0.0 ], [ 6.780460762027654, 47.623963057224536, 0.0 ], [ 6.778540936727167, 47.620720760132606, 0.0 ], [ 6.777741102125956, 47.615976028726166, 0.0 ], [ 6.779959451254786, 47.61352157431984, 0.0 ], [ 6.784628540460679, 47.611991477410754, 0.0 ], [ 6.786702660362261, 47.610515692344691, 0.0 ], [ 6.788301768121967, 47.605110058717123, 0.0 ], [ 6.783279741498001, 47.60610658232045, 0.0 ], [ 6.779220915650331, 47.606237227650062, 0.0 ], [ 6.771029343431171, 47.610506045371253, 0.0 ], [ 6.767086340185157, 47.611715678499742, 0.0 ], [ 6.765357750643783, 47.613846784600121, 0.0 ], [ 6.762730974547748, 47.615394955663248, 0.0 ], [ 6.760015521328409, 47.620584674930981, 0.0 ], [ 6.757403075941227, 47.621624008675632, 0.0 ] ] ] } },
{ "type": "Feature", "properties": { "INSEE_COM": "70477", "NOM_COM": "Saulnot", "EPCI": "247000722", "code_serm": 2 }, "geometry": { "type": "Polygon", "coordinates": [ [ [ 6.618804100917908, 47.531246149513514, 0.0 ], [ 6.610342201749117, 47.530537297370806, 0.0 ], [ 6.606584234401872, 47.533424526558825, 0.0 ], [ 6.606298312432559, 47.535989752681928, 0.0 ], [ 6.606891733277838, 47.5366201651875, 0.0 ], [ 6.606430717348901, 47.536926385919429, 0.0 ], [ 6.607984311099197, 47.538119984550256, 0.0 ], [ 6.605343479774261, 47.539823670527475, 0.0 ], [ 6.609969547111758, 47.543613677994919, 0.0 ], [ 6.608170218338786, 47.545050759048912, 0.0 ], [ 6.604869661639182, 47.546449551836353, 0.0 ], [ 6.605814117344697, 47.547448465279572, 0.0 ], [ 6.607915446935792, 47.548037616812628, 0.0 ], [ 6.607813165690273, 47.549991618562913, 0.0 ], [ 6.604335424039799, 47.551649069833729, 0.0 ], [ 6.602545571355474, 47.554298597880148, 0.0 ], [ 6.602112078544686, 47.556239390142792, 0.0 ], [ 6.599701471771803, 47.559380200984279, 0.0 ], [ 6.601701631637188, 47.560378079182613, 0.0 ], [ 6.604298536619844, 47.560472624072418, 0.0 ], [ 6.606269619810593, 47.561037910427345, 0.0 ], [ 6.608302312912063, 47.562140099509968, 0.0 ], [ 6.610488479808498, 47.56529465272542, 0.0 ], [ 6.610737491825168, 47.566831379520309, 0.0 ], [ 6.60979636669024, 47.567700320955389, 0.0 ], [ 6.60520376229226, 47.569406677926828, 0.0 ], [ 6.603343679217679, 47.571536631950401, 0.0 ], [ 6.601767945433261, 47.57480482157559, 0.0 ], [ 6.601650621660149, 47.576441172790318, 0.0 ], [ 6.60623351711575, 47.578602657632004, 0.0 ], [ 6.601973958377667, 47.59276199339962, 0.0 ], [ 6.601890132486894, 47.59459913110318, 0.0 ], [ 6.606761027333184, 47.595676770261207, 0.0 ], [ 6.616630538751748, 47.599334069922307, 0.0 ], [ 6.622087598726211, 47.600498341077461, 0.0 ], [ 6.627400651093016, 47.600951395442351, 0.0 ], [ 6.631985070765176, 47.602696500671307, 0.0 ], [ 6.634822130846151, 47.601786371101113, 0.0 ], [ 6.646887233247656, 47.60272361584687, 0.0 ], [ 6.65164344263484, 47.60350115311558, 0.0 ], [ 6.655610091784677, 47.603097598314065, 0.0 ], [ 6.661795806634867, 47.605579828760931, 0.0 ], [ 6.665806475614028, 47.603914833023197, 0.0 ], [ 6.668080256005864, 47.600767058398695, 0.0 ], [ 6.665379683854919, 47.597545851651148, 0.0 ], [ 6.65943798695778, 47.595988793090591, 0.0 ], [ 6.657984230273749, 47.595166645016867, 0.0 ], [ 6.658800770009744, 47.593941692364787, 0.0 ], [ 6.65889861702606, 47.592259900333033, 0.0 ], [ 6.657052775526595, 47.5882601954672, 0.0 ], [ 6.656915551165276, 47.584565532558734, 0.0 ], [ 6.658039899916321, 47.582100934201193, 0.0 ], [ 6.660333316963801, 47.579693343406085, 0.0 ], [ 6.65553599746355, 47.57729463744635, 0.0 ], [ 6.654004471615823, 47.575755817299118, 0.0 ], [ 6.652034558746621, 47.572459164619033, 0.0 ], [ 6.652901659347497, 47.571509284403625, 0.0 ], [ 6.653708912666265, 47.57135873913289, 0.0 ], [ 6.653795875345907, 47.570197208158881, 0.0 ], [ 6.652101343534185, 47.567361393604536, 0.0 ], [ 6.650483837243624, 47.56627306852311, 0.0 ], [ 6.649365016764834, 47.563110113990156, 0.0 ], [ 6.649458400182882, 47.561690669884015, 0.0 ], [ 6.646104625433879, 47.557591107912344, 0.0 ], [ 6.643154294488818, 47.556159604642325, 0.0 ], [ 6.641310452634067, 47.553813100753466, 0.0 ], [ 6.635984789781028, 47.551426560175138, 0.0 ], [ 6.635282746675046, 47.550146380457164, 0.0 ], [ 6.636648590358632, 47.544949510277306, 0.0 ], [ 6.641502644414018, 47.543159738485514, 0.0 ], [ 6.643522658369515, 47.543703940387651, 0.0 ], [ 6.644393999351793, 47.543172078169874, 0.0 ], [ 6.648114675089662, 47.5361126547647, 0.0 ], [ 6.642275608766359, 47.53316128839549, 0.0 ], [ 6.636873033465811, 47.533427370885505, 0.0 ], [ 6.628418040499618, 47.530870546351963, 0.0 ], [ 6.625466011437305, 47.529071043090283, 0.0 ], [ 6.623257790472157, 47.529154156922246, 0.0 ], [ 6.618804100917908, 47.531246149513514, 0.0 ] ] ] } },
{ "type": "Feature", "properties": { "INSEE_COM": "70506", "NOM_COM": "Trémoins", "EPCI": "247000722", "code_serm": 2 }, "geometry": { "type": "Polygon", "coordinates": [ [ [ 6.708472818763223, 47.556581439018053, 0.0 ], [ 6.688602362112555, 47.560689339327226, 0.0 ], [ 6.685199999721855, 47.56347325604338, 0.0 ], [ 6.685596049620352, 47.566067654922904, 0.0 ], [ 6.689484300123858, 47.571664034045504, 0.0 ], [ 6.690884651009307, 47.572062160142963, 0.0 ], [ 6.694194746394464, 47.574927401788891, 0.0 ], [ 6.70248320261793, 47.573030787037794, 0.0 ], [ 6.705846651559025, 47.575273153459769, 0.0 ], [ 6.709027310182767, 47.576279500479231, 0.0 ], [ 6.712426937496614, 47.570818642468289, 0.0 ], [ 6.713280695220848, 47.568371032059808, 0.0 ], [ 6.719947979742204, 47.561783888668835, 0.0 ], [ 6.722847124847034, 47.559637652272208, 0.0 ], [ 6.72105051331518, 47.558232476057235, 0.0 ], [ 6.719867810562506, 47.556217440660525, 0.0 ], [ 6.719604599205613, 47.552858296897099, 0.0 ], [ 6.714750827474839, 47.553060856342213, 0.0 ], [ 6.708472818763223, 47.556581439018053, 0.0 ] ] ] } },
{ "type": "Feature", "properties": { "INSEE_COM": "70547", "NOM_COM": "Verlans", "EPCI": "247000722", "code_serm": 2 }, "geometry": { "type": "Polygon", "coordinates": [ [ [ 6.713280695220848, 47.568371032059808, 0.0 ], [ 6.709276666055405, 47.576207589085392, 0.0 ], [ 6.717319429646381, 47.580904041949353, 0.0 ], [ 6.722249403400124, 47.576123107224156, 0.0 ], [ 6.723432839492101, 47.57432181538919, 0.0 ], [ 6.726561273534654, 47.566275687858514, 0.0 ], [ 6.72543583909761, 47.561880778984161, 0.0 ], [ 6.725941162962073, 47.560402986090338, 0.0 ], [ 6.722847124847034, 47.559637652272208, 0.0 ], [ 6.719947979742204, 47.561783888668835, 0.0 ], [ 6.713280695220848, 47.568371032059808, 0.0 ] ] ] } },
{ "type": "Feature", "properties": { "INSEE_COM": "70567", "NOM_COM": "Villers-sur-Saulnot", "EPCI": "247000722", "code_serm": 2 }, "geometry": { "type": "Polygon", "coordinates": [ [ [ 6.643154294488818, 47.556159604642325, 0.0 ], [ 6.646104625433879, 47.557591107912344, 0.0 ], [ 6.648435286422872, 47.560433227907872, 0.0 ], [ 6.648513405321209, 47.554775502577492, 0.0 ], [ 6.660316060533262, 47.551197529239921, 0.0 ], [ 6.656355236005115, 47.547526401334942, 0.0 ], [ 6.659144233931766, 47.546759433545276, 0.0 ], [ 6.658322448411465, 47.545506562586482, 0.0 ], [ 6.651363188035734, 47.539857724288275, 0.0 ], [ 6.648419393154937, 47.536093201691529, 0.0 ], [ 6.644393999351793, 47.543172078169874, 0.0 ], [ 6.643522658369515, 47.543703940387651, 0.0 ], [ 6.641502644414018, 47.543159738485514, 0.0 ], [ 6.636231234971237, 47.545426597390275, 0.0 ], [ 6.635282746675046, 47.550146380457164, 0.0 ], [ 6.635984789781028, 47.551426560175138, 0.0 ], [ 6.641310452634067, 47.553813100753466, 0.0 ], [ 6.643154294488818, 47.556159604642325, 0.0 ] ] ] } },
{ "type": "Feature", "properties": { "INSEE_COM": "70579", "NOM_COM": "Vyans-le-Val", "EPCI": "247000722", "code_serm": 2 }, "geometry": { "type": "Polygon", "coordinates": [ [ [ 6.749090576397893, 47.551838756824985, 0.0 ], [ 6.748966529339227, 47.552423089229727, 0.0 ], [ 6.751326749998174, 47.555552547257044, 0.0 ], [ 6.752244135771048, 47.559762036178142, 0.0 ], [ 6.753367638004161, 47.56129476967903, 0.0 ], [ 6.763356844590763, 47.558386383251495, 0.0 ], [ 6.766703705592014, 47.560255420916228, 0.0 ], [ 6.767245064875014, 47.560135194273407, 0.0 ], [ 6.771645260180822, 47.554311975033137, 0.0 ], [ 6.772975466534654, 47.547268663737476, 0.0 ], [ 6.772254251918705, 47.544142429168595, 0.0 ], [ 6.770496788351637, 47.542587117650754, 0.0 ], [ 6.769678395130753, 47.537759899400569, 0.0 ], [ 6.767132498825787, 47.538305439852174, 0.0 ], [ 6.763172586514166, 47.540523203331539, 0.0 ], [ 6.756069277012153, 47.542123056924297, 0.0 ], [ 6.75354771354197, 47.5433037223642, 0.0 ], [ 6.748984275093412, 47.548920637376106, 0.0 ], [ 6.750934495714369, 47.550175373731271, 0.0 ], [ 6.750563142475198, 47.551199320812742, 0.0 ], [ 6.749090576397893, 47.551838756824985, 0.0 ] ] ] } },
{ "type": "Feature", "properties": { "INSEE_COM": "90001", "NOM_COM": "Andelnans", "EPCI": "200069052", "code_serm": 2 }, "geometry": { "type": "Polygon", "coordinates": [ [ [ 6.851824422421749, 47.609984481995646, 0.0 ], [ 6.863213659490745, 47.608868049534358, 0.0 ], [ 6.871203435542451, 47.610640817544116, 0.0 ], [ 6.880985570446904, 47.61075472469448, 0.0 ], [ 6.881018093968134, 47.609626242738365, 0.0 ], [ 6.885496329683138, 47.603704082888008, 0.0 ], [ 6.886222881905194, 47.601714352527217, 0.0 ], [ 6.885625654707098, 47.598617875621777, 0.0 ], [ 6.884571732178061, 47.598032046607351, 0.0 ], [ 6.872361866792464, 47.596451775286305, 0.0 ], [ 6.867005654712067, 47.594884750193437, 0.0 ], [ 6.86608445944097, 47.592982217153455, 0.0 ], [ 6.863022870114364, 47.592225718700604, 0.0 ], [ 6.862597780294685, 47.593752005282937, 0.0 ], [ 6.858638018591349, 47.598096147959154, 0.0 ], [ 6.857005886139784, 47.598944075869696, 0.0 ], [ 6.853725094380446, 47.599250770229233, 0.0 ], [ 6.850975957875635, 47.600518509968126, 0.0 ], [ 6.84859103204697, 47.604214571879034, 0.0 ], [ 6.84578704075445, 47.604430501774544, 0.0 ], [ 6.840966984160829, 47.602980689753878, 0.0 ], [ 6.83965052120959, 47.603184436291123, 0.0 ], [ 6.838752286101011, 47.607405374443793, 0.0 ], [ 6.838988680319983, 47.606949711169889, 0.0 ], [ 6.840717624959989, 47.608365331642958, 0.0 ], [ 6.851824422421749, 47.609984481995646, 0.0 ] ] ] } },
{ "type": "Feature", "properties": { "INSEE_COM": "90002", "NOM_COM": "Angeot", "EPCI": "200069052", "code_serm": 2 }, "geometry": { "type": "Polygon", "coordinates": [ [ [ 6.983520918045324, 47.686017665005018, 0.0 ], [ 6.977694778821257, 47.68869360360199, 0.0 ], [ 6.972060914255462, 47.689158325120886, 0.0 ], [ 6.968732074122792, 47.689856323666234, 0.0 ], [ 6.968243554727252, 47.690537107597002, 0.0 ], [ 6.97222460672483, 47.691622084622637, 0.0 ], [ 7.000758536196661, 47.704685212703801, 0.0 ], [ 7.001122089487199, 47.704228464909164, 0.0 ], [ 7.007459455412445, 47.70541095047151, 0.0 ], [ 7.013055406172511, 47.705645231965761, 0.0 ], [ 7.018764562961481, 47.705078665331769, 0.0 ], [ 7.027547865222864, 47.705316173927159, 0.0 ], [ 7.026476379037993, 47.700963158781832, 0.0 ], [ 7.029894164754666, 47.699922486015936, 0.0 ], [ 7.032776010073537, 47.699668964651217, 0.0 ], [ 7.033129057668181, 47.697155827678948, 0.0 ], [ 7.03412248418303, 47.69588953491585, 0.0 ], [ 7.035829343722727, 47.694931154173297, 0.0 ], [ 7.037307157943723, 47.694720585048728, 0.0 ], [ 7.038230609177027, 47.69262120949351, 0.0 ], [ 7.019578701229666, 47.688906804307514, 0.0 ], [ 7.009342555448702, 47.687559661751671, 0.0 ], [ 7.006804186963132, 47.688255069934435, 0.0 ], [ 6.998863248966417, 47.689117416534458, 0.0 ], [ 6.985905573906331, 47.687118742377955, 0.0 ], [ 6.983520918045324, 47.686017665005018, 0.0 ] ] ] } },
{ "type": "Feature", "properties": { "INSEE_COM": "90003", "NOM_COM": "Anjoutey", "EPCI": "200069060", "code_serm": 2 }, "geometry": { "type": "Polygon", "coordinates": [ [ [ 6.943659582830066, 47.703544508941711, 0.0 ], [ 6.944275735204253, 47.70083185878169, 0.0 ], [ 6.945824486803539, 47.698924023817064, 0.0 ], [ 6.946526623597542, 47.698220815132466, 0.0 ], [ 6.950651686003404, 47.69683688925074, 0.0 ], [ 6.950263355656594, 47.696370579077907, 0.0 ], [ 6.951469754644433, 47.695430397622047, 0.0 ], [ 6.954389078827177, 47.694441263024046, 0.0 ], [ 6.954925040993085, 47.693210108077302, 0.0 ], [ 6.954399500100707, 47.692783600976725, 0.0 ], [ 6.950237094010413, 47.692128623167413, 0.0 ], [ 6.938472914181985, 47.693976633616657, 0.0 ], [ 6.930666954591465, 47.691878340863639, 0.0 ], [ 6.926702692012134, 47.690247997273708, 0.0 ], [ 6.925225155985444, 47.690302145301331, 0.0 ], [ 6.918178374719124, 47.688766017797022, 0.0 ], [ 6.913932389995082, 47.690631373855574, 0.0 ], [ 6.906150916037003, 47.690920588082975, 0.0 ], [ 6.904196346910965, 47.69160501483713, 0.0 ], [ 6.901649857863174, 47.694395383802835, 0.0 ], [ 6.898397398994979, 47.693179208451504, 0.0 ], [ 6.893048653442871, 47.692461758289646, 0.0 ], [ 6.890468169345932, 47.694484300797583, 0.0 ], [ 6.891337823015151, 47.698879160807586, 0.0 ], [ 6.890704471093807, 47.700424112419078, 0.0 ], [ 6.907758365172743, 47.700824814383537, 0.0 ], [ 6.911690521875454, 47.701416017353175, 0.0 ], [ 6.923450108457543, 47.70630546136146, 0.0 ], [ 6.925107092836884, 47.707484445568554, 0.0 ], [ 6.927475768151456, 47.71088974017772, 0.0 ], [ 6.935935842751631, 47.715424713996093, 0.0 ], [ 6.943306001695659, 47.722335345941339, 0.0 ], [ 6.944547945685329, 47.721757250657916, 0.0 ], [ 6.951568744917257, 47.722782741916177, 0.0 ], [ 6.952176887255875, 47.719802690394864, 0.0 ], [ 6.95393548233602, 47.717336154862593, 0.0 ], [ 6.952334596719687, 47.71685407846379, 0.0 ], [ 6.949901436503065, 47.715251088493041, 0.0 ], [ 6.945769893512069, 47.710512481028843, 0.0 ], [ 6.943659582830066, 47.703544508941711, 0.0 ] ] ] } },
{ "type": "Feature", "properties": { "INSEE_COM": "90004", "NOM_COM": "Argiésans", "EPCI": "200069052", "code_serm": 2 }, "geometry": { "type": "Polygon", "coordinates": [ [ [ 6.815722212863727, 47.616561477251317, 0.0 ], [ 6.824392008696803, 47.610371414202952, 0.0 ], [ 6.827638810882393, 47.60985851876714, 0.0 ], [ 6.830446985217682, 47.610308865141057, 0.0 ], [ 6.834099477616696, 47.608599227768515, 0.0 ], [ 6.838752286101011, 47.607405374443793, 0.0 ], [ 6.839534583884006, 47.603536107235655, 0.0 ], [ 6.840208067853728, 47.602877706817601, 0.0 ], [ 6.837323759712141, 47.600123090202928, 0.0 ], [ 6.834114525232343, 47.598553324502447, 0.0 ], [ 6.831967997951999, 47.59994318084037, 0.0 ], [ 6.828355261632249, 47.598169333405963, 0.0 ], [ 6.822293389062444, 47.600329972444058, 0.0 ], [ 6.818926005023103, 47.599020016472586, 0.0 ], [ 6.816474986600322, 47.599455292120439, 0.0 ], [ 6.814977856449937, 47.600710024911571, 0.0 ], [ 6.80820300655274, 47.598902866318852, 0.0 ], [ 6.801704245246575, 47.598813855123637, 0.0 ], [ 6.800891960968388, 47.600241627784072, 0.0 ], [ 6.807734988742896, 47.602333551113745, 0.0 ], [ 6.81119340061669, 47.603893177510571, 0.0 ], [ 6.813184031405261, 47.605421387454271, 0.0 ], [ 6.815135922244574, 47.610413101644177, 0.0 ], [ 6.814808921040318, 47.612828993898439, 0.0 ], [ 6.813189283524216, 47.615396170046068, 0.0 ], [ 6.815722212863727, 47.616561477251317, 0.0 ] ] ] } },
{ "type": "Feature", "properties": { "INSEE_COM": "90005", "NOM_COM": "Auxelles-Bas", "EPCI": "200069060", "code_serm": 2 }, "geometry": { "type": "Polygon", "coordinates": [ [ [ 6.807532832222471, 47.735294767087701, 0.0 ], [ 6.811968660586615, 47.730890766637337, 0.0 ], [ 6.813003012573918, 47.727337332236807, 0.0 ], [ 6.801780095272856, 47.721067023233701, 0.0 ], [ 6.801310507204949, 47.718791687373532, 0.0 ], [ 6.798505310965227, 47.717616806513206, 0.0 ], [ 6.795441919885785, 47.716976486708639, 0.0 ], [ 6.785877523650484, 47.717522664394934, 0.0 ], [ 6.77863872851669, 47.716521435962136, 0.0 ], [ 6.774399576008935, 47.715507671186991, 0.0 ], [ 6.772814878933312, 47.714078329033903, 0.0 ], [ 6.772623585604364, 47.713074379943357, 0.0 ], [ 6.771580083999484, 47.712573702092435, 0.0 ], [ 6.769747039667933, 47.714197112955915, 0.0 ], [ 6.76685818311856, 47.719148878335936, 0.0 ], [ 6.762431553514819, 47.72048894077475, 0.0 ], [ 6.758330900513521, 47.723347479966122, 0.0 ], [ 6.757548294821476, 47.72476569544795, 0.0 ], [ 6.75704076580777, 47.726278689664262, 0.0 ], [ 6.760552457070034, 47.729162795136574, 0.0 ], [ 6.761030707604831, 47.730090842063497, 0.0 ], [ 6.76035518278452, 47.737997857948741, 0.0 ], [ 6.759583257006848, 47.739153515656945, 0.0 ], [ 6.773815122008606, 47.742265282600002, 0.0 ], [ 6.779160144573251, 47.740197750595598, 0.0 ], [ 6.783331936357214, 47.739689843412386, 0.0 ], [ 6.788919949968473, 47.740049619687717, 0.0 ], [ 6.791809532955472, 47.739395507569434, 0.0 ], [ 6.795303474449315, 47.739349772922999, 0.0 ], [ 6.799761143591329, 47.741146000734823, 0.0 ], [ 6.804825230731735, 47.741497714601003, 0.0 ], [ 6.806859350031343, 47.739960043218737, 0.0 ], [ 6.807532832222471, 47.735294767087701, 0.0 ] ] ] } },
{ "type": "Feature", "properties": { "INSEE_COM": "90006", "NOM_COM": "Auxelles-Haut", "EPCI": "200069060", "code_serm": 2 }, "geometry": { "type": "Polygon", "coordinates": [ [ [ 6.7644071840061, 47.758517309289694, 0.0 ], [ 6.769404142796262, 47.763146508075451, 0.0 ], [ 6.774580573188883, 47.766732596161603, 0.0 ], [ 6.778456355011929, 47.76635522857103, 0.0 ], [ 6.781479137703171, 47.765033943610398, 0.0 ], [ 6.787663981566907, 47.76024295737615, 0.0 ], [ 6.791463568331728, 47.754603503317504, 0.0 ], [ 6.789685573590232, 47.752509326913895, 0.0 ], [ 6.801374656260381, 47.747782371969492, 0.0 ], [ 6.80417630587104, 47.744567217963152, 0.0 ], [ 6.8042219233242, 47.741953466348782, 0.0 ], [ 6.804825230731735, 47.741497714601003, 0.0 ], [ 6.799761143591329, 47.741146000734823, 0.0 ], [ 6.795303474449315, 47.739349772922999, 0.0 ], [ 6.791809532955472, 47.739395507569434, 0.0 ], [ 6.788919949968473, 47.740049619687717, 0.0 ], [ 6.783331936357214, 47.739689843412386, 0.0 ], [ 6.779160144573251, 47.740197750595598, 0.0 ], [ 6.773815122008606, 47.742265282600002, 0.0 ], [ 6.759583257006848, 47.739153515656945, 0.0 ], [ 6.757822371295567, 47.747719779964029, 0.0 ], [ 6.75986418419121, 47.748916570406379, 0.0 ], [ 6.764473784967544, 47.753830531582352, 0.0 ], [ 6.7644071840061, 47.758517309289694, 0.0 ] ] ] } },
{ "type": "Feature", "properties": { "INSEE_COM": "90007", "NOM_COM": "Banvillars", "EPCI": "200069052", "code_serm": 2 }, "geometry": { "type": "Polygon", "coordinates": [ [ [ 6.791293802479547, 47.596961058261194, 0.0 ], [ 6.793302917492534, 47.598686337935519, 0.0 ], [ 6.79328596898799, 47.599272640188417, 0.0 ], [ 6.795905094546304, 47.599531684862143, 0.0 ], [ 6.79732250608145, 47.60055883208608, 0.0 ], [ 6.800822295773936, 47.600198839659143, 0.0 ], [ 6.801704245246575, 47.598813855123637, 0.0 ], [ 6.803499542641985, 47.598767047285669, 0.0 ], [ 6.80820300655274, 47.598902866318852, 0.0 ], [ 6.814977856449937, 47.600710024911571, 0.0 ], [ 6.816474986600322, 47.599455292120439, 0.0 ], [ 6.818926005023103, 47.599020016472586, 0.0 ], [ 6.822293389062444, 47.600329972444058, 0.0 ], [ 6.828355261632249, 47.598169333405963, 0.0 ], [ 6.832300178210067, 47.599930466120156, 0.0 ], [ 6.834114525232343, 47.598553324502447, 0.0 ], [ 6.828865797309303, 47.594514527718736, 0.0 ], [ 6.82721166188431, 47.592515032957493, 0.0 ], [ 6.826673739841952, 47.588170981614837, 0.0 ], [ 6.823865826182876, 47.584025738785158, 0.0 ], [ 6.822781636289351, 47.579487797467117, 0.0 ], [ 6.820324882255246, 47.57545622684173, 0.0 ], [ 6.817982005363286, 47.577835480046382, 0.0 ], [ 6.810399036076651, 47.581217805029041, 0.0 ], [ 6.805519283321725, 47.582099891193991, 0.0 ], [ 6.801922070473847, 47.584291712330007, 0.0 ], [ 6.802898483275, 47.587826693965475, 0.0 ], [ 6.802198217948743, 47.590749474182324, 0.0 ], [ 6.801083305541422, 47.591891541799747, 0.0 ], [ 6.797994412154187, 47.591634404175743, 0.0 ], [ 6.791303119962978, 47.59628578991223, 0.0 ], [ 6.791293802479547, 47.596961058261194, 0.0 ] ] ] } },
{ "type": "Feature", "properties": { "INSEE_COM": "90008", "NOM_COM": "Bavilliers", "EPCI": "200069052", "code_serm": 2 }, "geometry": { "type": "Polygon", "coordinates": [ [ [ 6.829140394214039, 47.609873231395646, 0.0 ], [ 6.824392008696803, 47.610371414202952, 0.0 ], [ 6.818756876715018, 47.614642759975766, 0.0 ], [ 6.81008839654272, 47.620067223581323, 0.0 ], [ 6.80691841537492, 47.622731752563752, 0.0 ], [ 6.811855083298495, 47.625224513442639, 0.0 ], [ 6.817248329845116, 47.624385890608451, 0.0 ], [ 6.821971098828453, 47.624293504518171, 0.0 ], [ 6.825228166834963, 47.625789060620257, 0.0 ], [ 6.830587948901684, 47.630852629204014, 0.0 ], [ 6.834927420247296, 47.635878303915767, 0.0 ], [ 6.836257220782406, 47.631289141861416, 0.0 ], [ 6.837461535191871, 47.631388333672696, 0.0 ], [ 6.840048314618017, 47.628135657636946, 0.0 ], [ 6.845357937173247, 47.627025429643091, 0.0 ], [ 6.845467072881747, 47.627762596710838, 0.0 ], [ 6.846903046834326, 47.627174572729487, 0.0 ], [ 6.847495176141955, 47.624535344088372, 0.0 ], [ 6.846714424249794, 47.616352275402477, 0.0 ], [ 6.843085738587422, 47.612899579091156, 0.0 ], [ 6.840813013264234, 47.611671312557327, 0.0 ], [ 6.838988680319983, 47.606949711169889, 0.0 ], [ 6.838752286101011, 47.607405374443793, 0.0 ], [ 6.834099477616696, 47.608599227768515, 0.0 ], [ 6.830446985217682, 47.610308865141057, 0.0 ], [ 6.829140394214039, 47.609873231395646, 0.0 ] ] ] } },
{ "type": "Feature", "properties": { "INSEE_COM": "90009", "NOM_COM": "Beaucourt", "EPCI": "249000241", "code_serm": 2 }, "geometry": { "type": "Polygon", "coordinates": [ [ [ 6.908413935478034, 47.495031006232544, 0.0 ], [ 6.907492317615174, 47.494848344429315, 0.0 ], [ 6.91697386646155, 47.498132981592931, 0.0 ], [ 6.920010009241795, 47.498023580974525, 0.0 ], [ 6.920064818456594, 47.497120464332227, 0.0 ], [ 6.923463001793068, 47.497976661563634, 0.0 ], [ 6.922986056289313, 47.500158491030668, 0.0 ], [ 6.930187923377768, 47.500413102430343, 0.0 ], [ 6.931608193896413, 47.496649183205442, 0.0 ], [ 6.933591773941388, 47.495953985511477, 0.0 ], [ 6.934841160133749, 47.491173727329688, 0.0 ], [ 6.93444408439823, 47.48812639302524, 0.0 ], [ 6.935224770703401, 47.485616963563281, 0.0 ], [ 6.939560792239941, 47.486304873422505, 0.0 ], [ 6.94104072295591, 47.486016832898748, 0.0 ], [ 6.94267346128227, 47.484916041734806, 0.0 ], [ 6.940853772642366, 47.480755128599, 0.0 ], [ 6.939560009290336, 47.474742257135802, 0.0 ], [ 6.93847762512197, 47.473131334403725, 0.0 ], [ 6.936015895699923, 47.473241666934079, 0.0 ], [ 6.930788606252498, 47.475026257581845, 0.0 ], [ 6.927086727871286, 47.475519868475772, 0.0 ], [ 6.915702462987515, 47.478229685501589, 0.0 ], [ 6.911520204891066, 47.484302509866929, 0.0 ], [ 6.909577862923928, 47.489560885816474, 0.0 ], [ 6.909530276481576, 47.494439242836542, 0.0 ], [ 6.908413935478034, 47.495031006232544, 0.0 ] ] ] } },
{ "type": "Feature", "properties": { "INSEE_COM": "90010", "NOM_COM": "Belfort", "EPCI": "200069052", "code_serm": 2 }, "geometry": { "type": "Polygon", "coordinates": [ [ [ 6.840048314618017, 47.628135657636946, 0.0 ], [ 6.837461535191871, 47.631388333672696, 0.0 ], [ 6.836210329528301, 47.631360072649201, 0.0 ], [ 6.835330229516695, 47.635064838335204, 0.0 ], [ 6.83362568653018, 47.638283002118463, 0.0 ], [ 6.830894608743068, 47.640393052173742, 0.0 ], [ 6.827924066717827, 47.641900799007566, 0.0 ], [ 6.828162047454269, 47.645364241576459, 0.0 ], [ 6.82463437253604, 47.647215469983244, 0.0 ], [ 6.819090824891879, 47.6462659849687, 0.0 ], [ 6.816830807255109, 47.646586801375122, 0.0 ], [ 6.821394994085006, 47.650022276300859, 0.0 ], [ 6.825304994771638, 47.651488381105771, 0.0 ], [ 6.827516720093991, 47.651328493311418, 0.0 ], [ 6.832318230757949, 47.647604240637683, 0.0 ], [ 6.834880850440119, 47.647152429903024, 0.0 ], [ 6.836467417579386, 47.650316536181919, 0.0 ], [ 6.836441202298466, 47.654085125313877, 0.0 ], [ 6.83742862878895, 47.656166787742158, 0.0 ], [ 6.835805488126677, 47.659393068954827, 0.0 ], [ 6.832823475211358, 47.656895662280981, 0.0 ], [ 6.829590019884708, 47.656333990195805, 0.0 ], [ 6.824171728648523, 47.654579489795289, 0.0 ], [ 6.819748309446544, 47.652316404428731, 0.0 ], [ 6.810204050573122, 47.652924693944072, 0.0 ], [ 6.80593610540147, 47.653669439351127, 0.0 ], [ 6.804148441051145, 47.653325782558859, 0.0 ], [ 6.798397310744026, 47.650495097703079, 0.0 ], [ 6.792127393586799, 47.654648538362892, 0.0 ], [ 6.790613837018781, 47.65491394906136, 0.0 ], [ 6.788674226170237, 47.654476766866992, 0.0 ], [ 6.787676723742738, 47.65500384359666, 0.0 ], [ 6.787450765801363, 47.657361308354155, 0.0 ], [ 6.799730454245337, 47.660274973809649, 0.0 ], [ 6.80133312291344, 47.661276242853063, 0.0 ], [ 6.804324973094205, 47.665256447292549, 0.0 ], [ 6.807438270531732, 47.666747302985748, 0.0 ], [ 6.811146591147252, 47.667377910197104, 0.0 ], [ 6.822404824347935, 47.667678675852898, 0.0 ], [ 6.825290470880423, 47.669222482804663, 0.0 ], [ 6.830272124088848, 47.670337957559134, 0.0 ], [ 6.830719232484041, 47.671305541446195, 0.0 ], [ 6.834494049049128, 47.669866019162392, 0.0 ], [ 6.835216312455244, 47.668705061171458, 0.0 ], [ 6.834869738510028, 47.667003360622481, 0.0 ], [ 6.835926326361933, 47.660590333935161, 0.0 ], [ 6.843363168501471, 47.661428120160011, 0.0 ], [ 6.850316556125055, 47.661164845040645, 0.0 ], [ 6.8549139302951, 47.657706826189759, 0.0 ], [ 6.862101254595493, 47.654548670563372, 0.0 ], [ 6.873109929696258, 47.652562843733783, 0.0 ], [ 6.875797545243921, 47.651152542056856, 0.0 ], [ 6.876949185871849, 47.64982292182048, 0.0 ], [ 6.88118072985568, 47.649894119689897, 0.0 ], [ 6.884632192117845, 47.651632173099578, 0.0 ], [ 6.891214251042521, 47.653407335273009, 0.0 ], [ 6.894142457173056, 47.655058921822935, 0.0 ], [ 6.894881639539556, 47.654405241439179, 0.0 ], [ 6.894018471822863, 47.652594707594005, 0.0 ], [ 6.886067645430836, 47.648929522933763, 0.0 ], [ 6.884742808178434, 47.647860647616504, 0.0 ], [ 6.886144498253772, 47.645702525986692, 0.0 ], [ 6.888468188805155, 47.646442534680652, 0.0 ], [ 6.887958953700143, 47.642257257677095, 0.0 ], [ 6.884296731866383, 47.640017152659993, 0.0 ], [ 6.879698283603597, 47.638337956696184, 0.0 ], [ 6.881202539622057, 47.636069231934989, 0.0 ], [ 6.873793230467396, 47.630946992921722, 0.0 ], [ 6.874330021301254, 47.629912638495831, 0.0 ], [ 6.878621649472394, 47.629695304776284, 0.0 ], [ 6.873818221933187, 47.627656833635939, 0.0 ], [ 6.862791219170931, 47.624679825138408, 0.0 ], [ 6.860964921587984, 47.624513160289446, 0.0 ], [ 6.856768963123855, 47.626232565050245, 0.0 ], [ 6.855258461188707, 47.626341047100681, 0.0 ], [ 6.85250544702802, 47.620339095102167, 0.0 ], [ 6.848792738549517, 47.620811258698566, 0.0 ], [ 6.847204860822187, 47.621970259859459, 0.0 ], [ 6.847495176141955, 47.624535344088372, 0.0 ], [ 6.846903046834326, 47.627174572729487, 0.0 ], [ 6.845467072881747, 47.627762596710838, 0.0 ], [ 6.845357937173247, 47.627025429643091, 0.0 ], [ 6.840048314618017, 47.628135657636946, 0.0 ] ] ] } },
{ "type": "Feature", "properties": { "INSEE_COM": "90011", "NOM_COM": "Bermont", "EPCI": "200069052", "code_serm": 2 }, "geometry": { "type": "Polygon", "coordinates": [ [ [ 6.84349510415438, 47.566727274053896, 0.0 ], [ 6.839503738808643, 47.56812497747562, 0.0 ], [ 6.836690494298964, 47.568612317882412, 0.0 ], [ 6.833699489930531, 47.568479106080616, 0.0 ], [ 6.828968349906767, 47.569203238925226, 0.0 ], [ 6.822228421053024, 47.572932712157602, 0.0 ], [ 6.821224327731956, 47.574439959118017, 0.0 ], [ 6.830036513263378, 47.573958869046287, 0.0 ], [ 6.836690431026523, 47.575338815130081, 0.0 ], [ 6.840727562383279, 47.576642401859161, 0.0 ], [ 6.841007043993501, 47.579675617638692, 0.0 ], [ 6.845090486620587, 47.582096820005965, 0.0 ], [ 6.855286041135576, 47.584653935194922, 0.0 ], [ 6.859135784167973, 47.584915018385651, 0.0 ], [ 6.859693593961899, 47.583252770777662, 0.0 ], [ 6.860738481593269, 47.582340413347161, 0.0 ], [ 6.861405182420647, 47.58236880585833, 0.0 ], [ 6.861464611929772, 47.581919842263765, 0.0 ], [ 6.857878649041323, 47.575722018823164, 0.0 ], [ 6.857103598690067, 47.573160309558375, 0.0 ], [ 6.857054122268555, 47.568585634613413, 0.0 ], [ 6.85475573381881, 47.566685313446349, 0.0 ], [ 6.853041294059042, 47.566712250910811, 0.0 ], [ 6.85097054697914, 47.567448464006318, 0.0 ], [ 6.84963959047587, 47.568620725257645, 0.0 ], [ 6.849463383014515, 47.572863082012866, 0.0 ], [ 6.848774027337096, 47.573534702712358, 0.0 ], [ 6.845595827363556, 47.573672916990368, 0.0 ], [ 6.843014515824925, 47.570632682814725, 0.0 ], [ 6.843742550789889, 47.56870355269529, 0.0 ], [ 6.84349510415438, 47.566727274053896, 0.0 ] ] ] } },
{ "type": "Feature", "properties": { "INSEE_COM": "90012", "NOM_COM": "Bessoncourt", "EPCI": "200069052", "code_serm": 2 }, "geometry": { "type": "Polygon", "coordinates": [ [ [ 6.914891579439929, 47.649306704925564, 0.0 ], [ 6.92081991428242, 47.651103944701468, 0.0 ], [ 6.926169814245501, 47.655418484007825, 0.0 ], [ 6.929014813306347, 47.65608701583222, 0.0 ], [ 6.930404801725749, 47.656197049459408, 0.0 ], [ 6.934723578569328, 47.655362183252493, 0.0 ], [ 6.937426776414821, 47.65270081307839, 0.0 ], [ 6.938493917731786, 47.650626281234786, 0.0 ], [ 6.939738923592189, 47.650508577248196, 0.0 ], [ 6.949045371741791, 47.653979304503309, 0.0 ], [ 6.951662232464364, 47.653348240587654, 0.0 ], [ 6.956895023909109, 47.653207983438428, 0.0 ], [ 6.970145336156029, 47.6547868793565, 0.0 ], [ 6.97030424889839, 47.650849409763929, 0.0 ], [ 6.973524674991729, 47.641625669163638, 0.0 ], [ 6.971011896822449, 47.636749862205683, 0.0 ], [ 6.96677175165286, 47.636966129740664, 0.0 ], [ 6.960912044076613, 47.638177193354842, 0.0 ], [ 6.956885931667166, 47.638278587831131, 0.0 ], [ 6.951282099010714, 47.636684878630447, 0.0 ], [ 6.946253419180273, 47.636984766196953, 0.0 ], [ 6.939051027288606, 47.635277791020812, 0.0 ], [ 6.935516817563573, 47.637199437811468, 0.0 ], [ 6.924415224565699, 47.638451870027325, 0.0 ], [ 6.910768399747467, 47.638605243884491, 0.0 ], [ 6.911246328013493, 47.640685428888091, 0.0 ], [ 6.909533256810918, 47.644946908771239, 0.0 ], [ 6.911408350916753, 47.645766378442659, 0.0 ], [ 6.912670655338546, 47.647648144093374, 0.0 ], [ 6.914891579439929, 47.649306704925564, 0.0 ] ] ] } },
{ "type": "Feature", "properties": { "INSEE_COM": "90013", "NOM_COM": "Bethonvilliers", "EPCI": "200069052", "code_serm": 2 }, "geometry": { "type": "Polygon", "coordinates": [ [ [ 6.967581728708992, 47.690414486538245, 0.0 ], [ 6.976064775808429, 47.680016276173639, 0.0 ], [ 6.976797705680528, 47.678357415208765, 0.0 ], [ 6.976155331648992, 47.67679493322909, 0.0 ], [ 6.973704701259227, 47.673690699808951, 0.0 ], [ 6.96315498206906, 47.670526245950896, 0.0 ], [ 6.961939625231617, 47.672053582088651, 0.0 ], [ 6.962593909037494, 47.675630843239496, 0.0 ], [ 6.961915290605628, 47.678563879864164, 0.0 ], [ 6.960098912896494, 47.679656451940303, 0.0 ], [ 6.960253283316779, 47.682738767069608, 0.0 ], [ 6.957683918921831, 47.689093726356369, 0.0 ], [ 6.959861548844007, 47.689731901610656, 0.0 ], [ 6.967581728708992, 47.690414486538245, 0.0 ] ] ] } },
{ "type": "Feature", "properties": { "INSEE_COM": "90014", "NOM_COM": "Boron", "EPCI": "249000241", "code_serm": 2 }, "geometry": { "type": "Polygon", "coordinates": [ [ [ 6.997032972799968, 47.547152971389743, 0.0 ], [ 6.992534347415965, 47.549835313244323, 0.0 ], [ 6.99290827760552, 47.555514140349054, 0.0 ], [ 6.993537745253469, 47.556436221013264, 0.0 ], [ 6.997538382995458, 47.558371133369214, 0.0 ], [ 6.997527324889291, 47.560019969486071, 0.0 ], [ 6.999759020863087, 47.56021649773826, 0.0 ], [ 7.000819590549542, 47.560758726214928, 0.0 ], [ 7.002010450132052, 47.56419411831078, 0.0 ], [ 7.006611226070898, 47.567725953444274, 0.0 ], [ 7.012667487497818, 47.565328396925402, 0.0 ], [ 7.021652108882252, 47.564018320673675, 0.0 ], [ 7.021879024496858, 47.56271712468606, 0.0 ], [ 7.02563210669952, 47.562848942845022, 0.0 ], [ 7.027900628255281, 47.561941372522526, 0.0 ], [ 7.02825185881592, 47.561125270102927, 0.0 ], [ 7.027616241385664, 47.559441965513592, 0.0 ], [ 7.029597773117695, 47.557944902031636, 0.0 ], [ 7.031633707703017, 47.557222846765846, 0.0 ], [ 7.033157466312076, 47.554479713845161, 0.0 ], [ 7.033075336275509, 47.552633965697289, 0.0 ], [ 7.034027645593356, 47.550100761531567, 0.0 ], [ 7.036093198618995, 47.549475831264296, 0.0 ], [ 7.038162540645575, 47.547968341900869, 0.0 ], [ 7.039589339324646, 47.546256856969094, 0.0 ], [ 7.039569238574333, 47.54521653036501, 0.0 ], [ 7.038361842541926, 47.544054220705107, 0.0 ], [ 7.027948803741236, 47.541801749399006, 0.0 ], [ 7.025900676875938, 47.544986569799121, 0.0 ], [ 7.022545385321264, 47.544304791223283, 0.0 ], [ 7.019555895553633, 47.544945137318606, 0.0 ], [ 7.01333976020112, 47.544365356995961, 0.0 ], [ 7.010537882732947, 47.546176106533949, 0.0 ], [ 7.002535956470345, 47.545906858941741, 0.0 ], [ 6.997032972799968, 47.547152971389743, 0.0 ] ] ] } },
{ "type": "Feature", "properties": { "INSEE_COM": "90015", "NOM_COM": "Botans", "EPCI": "200069052", "code_serm": 2 }, "geometry": { "type": "Polygon", "coordinates": [ [ [ 6.839936163871021, 47.594932830453459, 0.0 ], [ 6.836684709454885, 47.594607258665881, 0.0 ], [ 6.835771616469506, 47.596101708178836, 0.0 ], [ 6.835975634793143, 47.599292384595813, 0.0 ], [ 6.839977227864511, 47.60285466532001, 0.0 ], [ 6.847047216967944, 47.604480873731802, 0.0 ], [ 6.84907195557544, 47.603806690454356, 0.0 ], [ 6.850975957875635, 47.600518509968126, 0.0 ], [ 6.853725094380446, 47.599250770229233, 0.0 ], [ 6.857005886139784, 47.598944075869696, 0.0 ], [ 6.858638018591349, 47.598096147959154, 0.0 ], [ 6.863251924611389, 47.592611054016366, 0.0 ], [ 6.863022870114364, 47.592225718700604, 0.0 ], [ 6.859957857975512, 47.592046922291765, 0.0 ], [ 6.859310714516973, 47.589066453799759, 0.0 ], [ 6.854519174846975, 47.589233923727029, 0.0 ], [ 6.85310299234354, 47.58683307769153, 0.0 ], [ 6.84986630534297, 47.586319048220766, 0.0 ], [ 6.848658082318513, 47.589569871534323, 0.0 ], [ 6.847418879264101, 47.590489417432096, 0.0 ], [ 6.8416558333875, 47.592430389375274, 0.0 ], [ 6.839936163871021, 47.594932830453459, 0.0 ] ] ] } },
{ "type": "Feature", "properties": { "INSEE_COM": "90017", "NOM_COM": "Bourogne", "EPCI": "200069052", "code_serm": 2 }, "geometry": { "type": "Polygon", "coordinates": [ [ [ 6.916062125547298, 47.581684331594268, 0.0 ], [ 6.918039736860137, 47.581043814799266, 0.0 ], [ 6.92579066452739, 47.574779065350711, 0.0 ], [ 6.93408429045236, 47.571385707760534, 0.0 ], [ 6.936938548420744, 47.569240818061509, 0.0 ], [ 6.937676590738532, 47.566806849547646, 0.0 ], [ 6.936511419339993, 47.566608271360487, 0.0 ], [ 6.933835802082462, 47.562698846637865, 0.0 ], [ 6.933478302608688, 47.560556921701064, 0.0 ], [ 6.93602413669723, 47.560105973514403, 0.0 ], [ 6.939253212839521, 47.556264787635364, 0.0 ], [ 6.938705739977379, 47.556098532793499, 0.0 ], [ 6.934945279986316, 47.559016735617185, 0.0 ], [ 6.933489379627762, 47.558429593818296, 0.0 ], [ 6.929629126458059, 47.558767092654094, 0.0 ], [ 6.927714181578762, 47.558128664200822, 0.0 ], [ 6.927758657108538, 47.556723920138246, 0.0 ], [ 6.930162247370525, 47.554848503039466, 0.0 ], [ 6.929562471385078, 47.552667869454311, 0.0 ], [ 6.925546841997689, 47.550233732725182, 0.0 ], [ 6.913542481964705, 47.545134473059136, 0.0 ], [ 6.912775337859463, 47.543947157208684, 0.0 ], [ 6.907203084555166, 47.542356882324604, 0.0 ], [ 6.905976298605206, 47.546895213990666, 0.0 ], [ 6.902382925386608, 47.549418307758152, 0.0 ], [ 6.900517619852802, 47.549924163937916, 0.0 ], [ 6.890186382842189, 47.550089244820988, 0.0 ], [ 6.88555567822146, 47.554670561337183, 0.0 ], [ 6.883369262434057, 47.555506770232633, 0.0 ], [ 6.882972300519259, 47.559532245388773, 0.0 ], [ 6.874884820596223, 47.566259504083014, 0.0 ], [ 6.877567954436285, 47.572311171860008, 0.0 ], [ 6.881554327028056, 47.574663175562456, 0.0 ], [ 6.884545912038978, 47.580873857079958, 0.0 ], [ 6.888191838394465, 47.58025757527993, 0.0 ], [ 6.896652190939727, 47.581424323324093, 0.0 ], [ 6.910950546692579, 47.582274052222523, 0.0 ], [ 6.916062125547298, 47.581684331594268, 0.0 ] ] ] } },
{ "type": "Feature", "properties": { "INSEE_COM": "90018", "NOM_COM": "Brebotte", "EPCI": "249000241", "code_serm": 2 }, "geometry": { "type": "Polygon", "coordinates": [ [ [ 6.960755627016277, 47.576864458027977, 0.0 ], [ 6.961714875142134, 47.57798097446404, 0.0 ], [ 6.961934749066602, 47.581482104341347, 0.0 ], [ 6.962548548737185, 47.582124573563995, 0.0 ], [ 6.961777918091701, 47.582384184460878, 0.0 ], [ 6.964773824634832, 47.583462106853673, 0.0 ], [ 6.965537866382131, 47.585570307452876, 0.0 ], [ 6.971175858366067, 47.58776048028917, 0.0 ], [ 6.974467479545852, 47.587668173103744, 0.0 ], [ 6.975557051937446, 47.588345735880942, 0.0 ], [ 6.979302884011116, 47.589252632557056, 0.0 ], [ 6.984382963616648, 47.5890422298191, 0.0 ], [ 6.987168342544989, 47.587022822580977, 0.0 ], [ 6.995885792276759, 47.58449108026047, 0.0 ], [ 6.996488977681946, 47.583935952204072, 0.0 ], [ 6.996021633738327, 47.582177353891652, 0.0 ], [ 6.993227249347151, 47.58072108553359, 0.0 ], [ 6.990709448732206, 47.581056036367229, 0.0 ], [ 6.984135098087246, 47.580510269301087, 0.0 ], [ 6.977545182363412, 47.577107646433795, 0.0 ], [ 6.971224687846257, 47.569186453886921, 0.0 ], [ 6.965816887284022, 47.564528940062424, 0.0 ], [ 6.961252674892166, 47.566582196651268, 0.0 ], [ 6.95672118355821, 47.57100446487101, 0.0 ], [ 6.95458896232235, 47.574096025561971, 0.0 ], [ 6.956679451579, 47.576012373247345, 0.0 ], [ 6.960755627016277, 47.576864458027977, 0.0 ] ] ] } },
{ "type": "Feature", "properties": { "INSEE_COM": "90019", "NOM_COM": "Bretagne", "EPCI": "249000241", "code_serm": 2 }, "geometry": { "type": "Polygon", "coordinates": [ [ [ 7.016544801404978, 47.592691438721673, 0.0 ], [ 7.01579627854014, 47.591703269854669, 0.0 ], [ 7.019995815725395, 47.58954601502947, 0.0 ], [ 7.018581212784031, 47.587762451280774, 0.0 ], [ 7.018707561282673, 47.586928010803867, 0.0 ], [ 7.014391391508774, 47.582927147680955, 0.0 ], [ 7.011595971961586, 47.582138288885275, 0.0 ], [ 7.009309135644573, 47.582462091127006, 0.0 ], [ 7.008800291270937, 47.581894652103699, 0.0 ], [ 7.007955168336673, 47.582170655997359, 0.0 ], [ 7.008395880880712, 47.583551596234379, 0.0 ], [ 6.993227249347151, 47.58072108553359, 0.0 ], [ 6.996021633738327, 47.582177353891652, 0.0 ], [ 6.996533540412145, 47.58371271078196, 0.0 ], [ 6.995885792276759, 47.58449108026047, 0.0 ], [ 6.988192917768083, 47.586596635824179, 0.0 ], [ 6.984382963616648, 47.5890422298191, 0.0 ], [ 6.978479654821007, 47.589164456336469, 0.0 ], [ 6.974883627285958, 47.587943294970842, 0.0 ], [ 6.973960635852039, 47.588232511795802, 0.0 ], [ 6.973284589421014, 47.589369505914291, 0.0 ], [ 6.974330734072741, 47.59198627072545, 0.0 ], [ 6.979617020272195, 47.595359689079167, 0.0 ], [ 6.985872482010245, 47.595768857895365, 0.0 ], [ 6.990906896090622, 47.596703462030426, 0.0 ], [ 6.993878681436659, 47.598294324421083, 0.0 ], [ 6.995124090090575, 47.599676580823477, 0.0 ], [ 6.999415668673436, 47.601164418768221, 0.0 ], [ 7.005882687667647, 47.598592883990676, 0.0 ], [ 7.007732548109858, 47.598313933267747, 0.0 ], [ 7.009732763870483, 47.59961062512324, 0.0 ], [ 7.01287375175383, 47.599224112810894, 0.0 ], [ 7.016301831091138, 47.597730769285405, 0.0 ], [ 7.019545686592188, 47.595934525651622, 0.0 ], [ 7.021538707329923, 47.593702736112135, 0.0 ], [ 7.020337057074722, 47.592449015530292, 0.0 ], [ 7.016544801404978, 47.592691438721673, 0.0 ] ] ] } },
{ "type": "Feature", "properties": { "INSEE_COM": "90020", "NOM_COM": "Buc", "EPCI": "200069052", "code_serm": 2 }, "geometry": { "type": "Polygon", "coordinates": [ [ [ 6.799252745806847, 47.623610554533357, 0.0 ], [ 6.799175421746134, 47.621027677851821, 0.0 ], [ 6.798013830743694, 47.61909016966564, 0.0 ], [ 6.798351384642798, 47.613797541063747, 0.0 ], [ 6.794546876629619, 47.611684669061674, 0.0 ], [ 6.790270867938704, 47.60700069890202, 0.0 ], [ 6.78934480147783, 47.604693196463074, 0.0 ], [ 6.788345013222223, 47.604686916216984, 0.0 ], [ 6.788348172025893, 47.60630798228339, 0.0 ], [ 6.787438162430416, 47.607379255452514, 0.0 ], [ 6.786702660362261, 47.610515692344691, 0.0 ], [ 6.784628540460679, 47.611991477410754, 0.0 ], [ 6.779959451254786, 47.61352157431984, 0.0 ], [ 6.777741102125956, 47.615976028726166, 0.0 ], [ 6.778540936727167, 47.620720760132606, 0.0 ], [ 6.780460762027654, 47.623963057224536, 0.0 ], [ 6.780519471012209, 47.625280419754674, 0.0 ], [ 6.787712583764908, 47.626224989691366, 0.0 ], [ 6.79092762154034, 47.627385810491617, 0.0 ], [ 6.792466396133305, 47.625442520815099, 0.0 ], [ 6.797120004433761, 47.625332665022235, 0.0 ], [ 6.799252745806847, 47.623610554533357, 0.0 ] ] ] } },
{ "type": "Feature", "properties": { "INSEE_COM": "90021", "NOM_COM": "Charmois", "EPCI": "200069052", "code_serm": 2 }, "geometry": { "type": "Polygon", "coordinates": [ [ [ 6.921941985141264, 47.578100774580236, 0.0 ], [ 6.931674275362076, 47.583129088609816, 0.0 ], [ 6.933509991416603, 47.585879050931688, 0.0 ], [ 6.938014368262866, 47.587204165472748, 0.0 ], [ 6.940257717374466, 47.588485661814111, 0.0 ], [ 6.944645739030349, 47.589582843035309, 0.0 ], [ 6.947322815171983, 47.591753489186729, 0.0 ], [ 6.949818098041778, 47.593156966708214, 0.0 ], [ 6.951725208788768, 47.593398789457567, 0.0 ], [ 6.951739188452298, 47.594109399455405, 0.0 ], [ 6.95241172274092, 47.594069487324624, 0.0 ], [ 6.951130710524852, 47.591325333887518, 0.0 ], [ 6.951340260016057, 47.590592730112235, 0.0 ], [ 6.955752888015867, 47.588205338413744, 0.0 ], [ 6.957978715588347, 47.586315594554868, 0.0 ], [ 6.958558527965669, 47.585493797937083, 0.0 ], [ 6.957653181098988, 47.581978991336811, 0.0 ], [ 6.956535886422389, 47.580796607865032, 0.0 ], [ 6.955354263596519, 47.580938537749823, 0.0 ], [ 6.952998463083413, 47.579200596811148, 0.0 ], [ 6.950254743921888, 47.574917996875662, 0.0 ], [ 6.94943347019251, 47.571269601742031, 0.0 ], [ 6.945686862766719, 47.569155946501255, 0.0 ], [ 6.942456139958899, 47.565584529434751, 0.0 ], [ 6.93959271735982, 47.565199165935141, 0.0 ], [ 6.938392410325604, 47.565805711437456, 0.0 ], [ 6.937660220653248, 47.566548743496746, 0.0 ], [ 6.936938548420744, 47.569240818061509, 0.0 ], [ 6.93408429045236, 47.571385707760534, 0.0 ], [ 6.92579066452739, 47.574779065350711, 0.0 ], [ 6.921941985141264, 47.578100774580236, 0.0 ] ] ] } },
{ "type": "Feature", "properties": { "INSEE_COM": "90022", "NOM_COM": "Châtenois-les-Forges", "EPCI": "200069052", "code_serm": 2 }, "geometry": { "type": "Polygon", "coordinates": [ [ [ 6.828777235220911, 47.546462486162739, 0.0 ], [ 6.816779797955497, 47.547829336822751, 0.0 ], [ 6.812609036034422, 47.555151029504003, 0.0 ], [ 6.810784247921597, 47.556741818810522, 0.0 ], [ 6.807086799254708, 47.563066374657645, 0.0 ], [ 6.809903294574915, 47.568859060145137, 0.0 ], [ 6.810351254921441, 47.569426581490923, 0.0 ], [ 6.821728239632406, 47.573312285102716, 0.0 ], [ 6.828968349906767, 47.569203238925226, 0.0 ], [ 6.839503738808643, 47.56812497747562, 0.0 ], [ 6.84319200771685, 47.566678688690679, 0.0 ], [ 6.843742550789889, 47.56870355269529, 0.0 ], [ 6.843014515824925, 47.570632682814725, 0.0 ], [ 6.845595827363556, 47.573672916990368, 0.0 ], [ 6.848774027337096, 47.573534702712358, 0.0 ], [ 6.849463383014515, 47.572863082012866, 0.0 ], [ 6.849900989427204, 47.567998375633003, 0.0 ], [ 6.853041294059042, 47.566712250910811, 0.0 ], [ 6.85462620038298, 47.56669860857977, 0.0 ], [ 6.855963437730742, 47.564011149603012, 0.0 ], [ 6.8607587567231, 47.557425900175232, 0.0 ], [ 6.860692927417027, 47.555373317155819, 0.0 ], [ 6.857726553256836, 47.553950293889542, 0.0 ], [ 6.855861882284638, 47.547981089865011, 0.0 ], [ 6.847431323495849, 47.548137165301917, 0.0 ], [ 6.84421310779324, 47.547513392437956, 0.0 ], [ 6.83619225447921, 47.548146296156879, 0.0 ], [ 6.8318462569304, 47.546568886963172, 0.0 ], [ 6.828777235220911, 47.546462486162739, 0.0 ] ] ] } },
{ "type": "Feature", "properties": { "INSEE_COM": "90023", "NOM_COM": "Chaux", "EPCI": "200069060", "code_serm": 2 }, "geometry": { "type": "Polygon", "coordinates": [ [ [ 6.837343166150402, 47.723905369999521, 0.0 ], [ 6.840884725205291, 47.724551442591917, 0.0 ], [ 6.84154513144793, 47.723894456796081, 0.0 ], [ 6.842537693659092, 47.718736245738313, 0.0 ], [ 6.856461481575009, 47.716892768007312, 0.0 ], [ 6.859258930084941, 47.715657818742486, 0.0 ], [ 6.864410134594975, 47.709673500033034, 0.0 ], [ 6.865796472067718, 47.706093374064778, 0.0 ], [ 6.869625597503935, 47.703009105713953, 0.0 ], [ 6.872606483504915, 47.69924359437271, 0.0 ], [ 6.861713762451538, 47.700052783467356, 0.0 ], [ 6.860173546397813, 47.698988045574424, 0.0 ], [ 6.852123069397071, 47.697457686851372, 0.0 ], [ 6.840250419999856, 47.698262029434069, 0.0 ], [ 6.835879147375759, 47.697988354896168, 0.0 ], [ 6.831317403537939, 47.698480415132771, 0.0 ], [ 6.829087930257151, 47.698160587065757, 0.0 ], [ 6.828971320767763, 47.703074650734017, 0.0 ], [ 6.827419811663708, 47.70972079006291, 0.0 ], [ 6.82087879203768, 47.708693023841072, 0.0 ], [ 6.819628277232442, 47.712533902883187, 0.0 ], [ 6.816769320496376, 47.713441884407061, 0.0 ], [ 6.814818269178945, 47.714686022776945, 0.0 ], [ 6.813601885493472, 47.716252190026871, 0.0 ], [ 6.814145813035654, 47.719054923908196, 0.0 ], [ 6.813634380710179, 47.721664998997163, 0.0 ], [ 6.807796562990686, 47.720627047857015, 0.0 ], [ 6.806010412272141, 47.721008698510801, 0.0 ], [ 6.804501852800557, 47.722304019308694, 0.0 ], [ 6.810297966414407, 47.726135121038752, 0.0 ], [ 6.814521128469672, 47.72790958548137, 0.0 ], [ 6.819896452879597, 47.728333361424383, 0.0 ], [ 6.822724342559797, 47.727819235083331, 0.0 ], [ 6.825278810532134, 47.72803577367069, 0.0 ], [ 6.831484278540067, 47.730342226173377, 0.0 ], [ 6.834130504957948, 47.730847531548534, 0.0 ], [ 6.834540462204078, 47.730827782547422, 0.0 ], [ 6.833887359068529, 47.729622776616694, 0.0 ], [ 6.837343166150402, 47.723905369999521, 0.0 ] ] ] } },
{ "type": "Feature", "properties": { "INSEE_COM": "90024", "NOM_COM": "Chavanatte", "EPCI": "249000241", "code_serm": 2 }, "geometry": { "type": "Polygon", "coordinates": [ [ [ 7.085091241109499, 47.593104638659177, 0.0 ], [ 7.087472627990731, 47.588673198784115, 0.0 ], [ 7.086921575873876, 47.587409922784964, 0.0 ], [ 7.085465452654055, 47.58627930610416, 0.0 ], [ 7.085575748960619, 47.585701295812598, 0.0 ], [ 7.086460720651313, 47.585549507897646, 0.0 ], [ 7.08420167257808, 47.580923718333374, 0.0 ], [ 7.082188313330868, 47.578460589574227, 0.0 ], [ 7.073879035462267, 47.575266697287567, 0.0 ], [ 7.071493195202491, 47.573306737937962, 0.0 ], [ 7.057841354487169, 47.569278825234143, 0.0 ], [ 7.054044681335467, 47.573948147538751, 0.0 ], [ 7.056407039289707, 47.578412210073743, 0.0 ], [ 7.057205003016501, 47.581760767667014, 0.0 ], [ 7.065390303473298, 47.584359882685007, 0.0 ], [ 7.066273343036273, 47.589568444119884, 0.0 ], [ 7.064670798942076, 47.592335461912334, 0.0 ], [ 7.065011085548266, 47.593077099085228, 0.0 ], [ 7.067019600189788, 47.593644303591567, 0.0 ], [ 7.071723472413208, 47.593161108989342, 0.0 ], [ 7.07342159486988, 47.592645743763427, 0.0 ], [ 7.076612611581948, 47.590534215663595, 0.0 ], [ 7.07962506833207, 47.591092245042312, 0.0 ], [ 7.085091241109499, 47.593104638659177, 0.0 ] ] ] } },
{ "type": "Feature", "properties": { "INSEE_COM": "90025", "NOM_COM": "Chavannes-les-Grands", "EPCI": "249000241", "code_serm": 2 }, "geometry": { "type": "Polygon", "coordinates": [ [ [ 7.080855881570062, 47.594991564999738, 0.0 ], [ 7.085290758748554, 47.593169755843824, 0.0 ], [ 7.07962506833207, 47.591092245042312, 0.0 ], [ 7.076612611581948, 47.590534215663595, 0.0 ], [ 7.07342159486988, 47.592645743763427, 0.0 ], [ 7.071723472413208, 47.593161108989342, 0.0 ], [ 7.067019600189788, 47.593644303591567, 0.0 ], [ 7.065011085548266, 47.593077099085228, 0.0 ], [ 7.064670798942076, 47.592335461912334, 0.0 ], [ 7.066273343036273, 47.589568444119884, 0.0 ], [ 7.065390303473298, 47.584359882685007, 0.0 ], [ 7.057205003016501, 47.581760767667014, 0.0 ], [ 7.055638966496874, 47.576840899489945, 0.0 ], [ 7.0543954451746, 47.576462334365615, 0.0 ], [ 7.050512330514026, 47.576632455920432, 0.0 ], [ 7.045127038969592, 47.580480535639012, 0.0 ], [ 7.040482923246271, 47.582532494447804, 0.0 ], [ 7.037191113345567, 47.582037234041501, 0.0 ], [ 7.033120114096016, 47.578139390076117, 0.0 ], [ 7.031994950471264, 47.580560440046, 0.0 ], [ 7.032462462414141, 47.581829525040312, 0.0 ], [ 7.03191284934848, 47.582401026852935, 0.0 ], [ 7.029867640085455, 47.58303053188444, 0.0 ], [ 7.025001455027215, 47.582854310535879, 0.0 ], [ 7.02225354573465, 47.584607508055214, 0.0 ], [ 7.021061909553706, 47.586189812289504, 0.0 ], [ 7.018707561282673, 47.586928010803867, 0.0 ], [ 7.018581212784031, 47.587762451280774, 0.0 ], [ 7.019647435010989, 47.588635104565341, 0.0 ], [ 7.024818163465715, 47.58920393307362, 0.0 ], [ 7.025332352855476, 47.592718343286471, 0.0 ], [ 7.034435656707732, 47.595070720734967, 0.0 ], [ 7.039077537275157, 47.600154698379917, 0.0 ], [ 7.041268174219321, 47.600558310363972, 0.0 ], [ 7.04620394313211, 47.600452093471901, 0.0 ], [ 7.047419552690378, 47.600016952860649, 0.0 ], [ 7.047579472830799, 47.59868198668395, 0.0 ], [ 7.051905184384026, 47.60049393153222, 0.0 ], [ 7.053108518630074, 47.600090702120312, 0.0 ], [ 7.054209481917038, 47.598936626787577, 0.0 ], [ 7.0565919360224, 47.598812332032367, 0.0 ], [ 7.063046416109291, 47.600803089060314, 0.0 ], [ 7.066108843678808, 47.601224542535228, 0.0 ], [ 7.06941905963087, 47.600525955625251, 0.0 ], [ 7.070771035664429, 47.599801894102335, 0.0 ], [ 7.069870203446113, 47.598351571414298, 0.0 ], [ 7.070160066278262, 47.596334230957794, 0.0 ], [ 7.071631722904737, 47.596499180657226, 0.0 ], [ 7.073059480131544, 47.597363263477945, 0.0 ], [ 7.074240721277029, 47.598907421514667, 0.0 ], [ 7.080855881570062, 47.594991564999738, 0.0 ] ] ] } },
{ "type": "Feature", "properties": { "INSEE_COM": "90026", "NOM_COM": "Chèvremont", "EPCI": "200069052", "code_serm": 2 }, "geometry": { "type": "Polygon", "coordinates": [ [ [ 6.89557548724156, 47.624731021457606, 0.0 ], [ 6.900609898106236, 47.625453254997254, 0.0 ], [ 6.900066017614886, 47.627039523684708, 0.0 ], [ 6.902348238883421, 47.631484569372766, 0.0 ], [ 6.905565798040852, 47.63176446848243, 0.0 ], [ 6.907688210223085, 47.633437260966446, 0.0 ], [ 6.910768399747467, 47.638605243884491, 0.0 ], [ 6.924415224565699, 47.638451870027325, 0.0 ], [ 6.935516817563573, 47.637199437811468, 0.0 ], [ 6.939051027288606, 47.635277791020812, 0.0 ], [ 6.946253419180273, 47.636984766196953, 0.0 ], [ 6.951282099010714, 47.636684878630447, 0.0 ], [ 6.956885931667166, 47.638278587831131, 0.0 ], [ 6.960912044076613, 47.638177193354842, 0.0 ], [ 6.966384870524962, 47.637053177606724, 0.0 ], [ 6.962649315252272, 47.633491298903643, 0.0 ], [ 6.962226284312959, 47.628497493720282, 0.0 ], [ 6.95398979832923, 47.628335219702812, 0.0 ], [ 6.951976318815908, 47.627700455775233, 0.0 ], [ 6.952223834072353, 47.625535426316603, 0.0 ], [ 6.95038078924362, 47.623924239550306, 0.0 ], [ 6.947928282037272, 47.622794175306183, 0.0 ], [ 6.947200540800639, 47.621534538324639, 0.0 ], [ 6.948698953158033, 47.615935851669768, 0.0 ], [ 6.949609942340042, 47.615044339172293, 0.0 ], [ 6.942345963666952, 47.616740075893553, 0.0 ], [ 6.939073315468733, 47.617943790345613, 0.0 ], [ 6.932597437769747, 47.616923033653038, 0.0 ], [ 6.927965894124048, 47.617124997594161, 0.0 ], [ 6.924523205668762, 47.616673968215686, 0.0 ], [ 6.920840772351159, 47.617004140921317, 0.0 ], [ 6.918499690159432, 47.617631622059015, 0.0 ], [ 6.917528511817822, 47.620978000476754, 0.0 ], [ 6.914714931212945, 47.621690651474296, 0.0 ], [ 6.912479592413979, 47.620710297143475, 0.0 ], [ 6.906963335799617, 47.619993901910668, 0.0 ], [ 6.902092347322228, 47.62004242889445, 0.0 ], [ 6.89732183008984, 47.62080926104337, 0.0 ], [ 6.894143647365482, 47.621880546140524, 0.0 ], [ 6.89557548724156, 47.624731021457606, 0.0 ] ] ] } },
{ "type": "Feature", "properties": { "INSEE_COM": "90027", "NOM_COM": "Courcelles", "EPCI": "249000241", "code_serm": 2 }, "geometry": { "type": "Polygon", "coordinates": [ [ [ 7.094373353631905, 47.506446985690367, 0.0 ], [ 7.094879447658158, 47.504735514945928, 0.0 ], [ 7.094620738366132, 47.501635788868114, 0.0 ], [ 7.096906928076112, 47.495174536449447, 0.0 ], [ 7.094228781601918, 47.495440925497569, 0.0 ], [ 7.091420142891437, 47.494714921733717, 0.0 ], [ 7.08135247428875, 47.489716930944851, 0.0 ], [ 7.074851482299024, 47.488188847851255, 0.0 ], [ 7.072549627311066, 47.489743141416582, 0.0 ], [ 7.072067968096721, 47.492376646580439, 0.0 ], [ 7.060765102873445, 47.495387235254853, 0.0 ], [ 7.052429449677363, 47.495113472006516, 0.0 ], [ 7.04933537032803, 47.496071112818342, 0.0 ], [ 7.044534380372013, 47.498447208113561, 0.0 ], [ 7.037977663046572, 47.497640982218535, 0.0 ], [ 7.036804118995302, 47.498356784530699, 0.0 ], [ 7.036649959811824, 47.499203979458514, 0.0 ], [ 7.045924868014717, 47.500617095828218, 0.0 ], [ 7.057080363544369, 47.504596807620018, 0.0 ], [ 7.061577534681498, 47.504594142305287, 0.0 ], [ 7.08023413563435, 47.508470242282655, 0.0 ], [ 7.087126758787691, 47.507639009354726, 0.0 ], [ 7.091598515762494, 47.507734335410497, 0.0 ], [ 7.094373353631905, 47.506446985690367, 0.0 ] ] ] } },
{ "type": "Feature", "properties": { "INSEE_COM": "90028", "NOM_COM": "Courtelevant", "EPCI": "249000241", "code_serm": 2 }, "geometry": { "type": "Polygon", "coordinates": [ [ [ 7.097365865037363, 47.526085232748613, 0.0 ], [ 7.097000188672599, 47.517150261762829, 0.0 ], [ 7.092698723821765, 47.512599999115835, 0.0 ], [ 7.091598515762494, 47.507734335410497, 0.0 ], [ 7.087126758787691, 47.507639009354726, 0.0 ], [ 7.081741738587877, 47.508318252354286, 0.0 ], [ 7.074443191547288, 47.512220760918076, 0.0 ], [ 7.074259981479312, 47.528666902131775, 0.0 ], [ 7.075815328856694, 47.536199119639527, 0.0 ], [ 7.071917532969098, 47.539910142564793, 0.0 ], [ 7.066832758789062, 47.54200759235988, 0.0 ], [ 7.076579321611008, 47.544920823397803, 0.0 ], [ 7.07914060109601, 47.545130429862525, 0.0 ], [ 7.080577708282024, 47.544076914286009, 0.0 ], [ 7.082269344038749, 47.543898680377339, 0.0 ], [ 7.082794989318652, 47.54260756260409, 0.0 ], [ 7.082237979384348, 47.536886402686108, 0.0 ], [ 7.087606961172473, 47.537751823974709, 0.0 ], [ 7.091083142608786, 47.536511225791656, 0.0 ], [ 7.092765715545031, 47.535123529573411, 0.0 ], [ 7.092705863493819, 47.533282360639504, 0.0 ], [ 7.098146864593658, 47.534585525404054, 0.0 ], [ 7.100768849801651, 47.533787491375179, 0.0 ], [ 7.102256860997789, 47.531898125436676, 0.0 ], [ 7.097365865037363, 47.526085232748613, 0.0 ] ] ] } },
{ "type": "Feature", "properties": { "INSEE_COM": "90029", "NOM_COM": "Cravanche", "EPCI": "200069052", "code_serm": 2 }, "geometry": { "type": "Polygon", "coordinates": [ [ [ 6.821394994085006, 47.650022276300859, 0.0 ], [ 6.816830807255109, 47.646586801375122, 0.0 ], [ 6.815111724647724, 47.647404453260549, 0.0 ], [ 6.810204050573122, 47.652924693944072, 0.0 ], [ 6.819748309446544, 47.652316404428731, 0.0 ], [ 6.824171728648523, 47.654579489795289, 0.0 ], [ 6.829590019884708, 47.656333990195805, 0.0 ], [ 6.832823475211358, 47.656895662280981, 0.0 ], [ 6.835805488126677, 47.659393068954827, 0.0 ], [ 6.83742862878895, 47.656166787742158, 0.0 ], [ 6.836441202298466, 47.654085125313877, 0.0 ], [ 6.836467417579386, 47.650316536181919, 0.0 ], [ 6.834880850440119, 47.647152429903024, 0.0 ], [ 6.832318230757949, 47.647604240637683, 0.0 ], [ 6.829829455063404, 47.649882911231749, 0.0 ], [ 6.826600146942098, 47.651527949860743, 0.0 ], [ 6.824636169174481, 47.651348984045086, 0.0 ], [ 6.821394994085006, 47.650022276300859, 0.0 ] ] ] } },
{ "type": "Feature", "properties": { "INSEE_COM": "90030", "NOM_COM": "Croix", "EPCI": "249000241", "code_serm": 2 }, "geometry": { "type": "Polygon", "coordinates": [ [ [ 6.94378345579637, 47.453395241306971, 0.0 ], [ 6.958224543187972, 47.455057954652901, 0.0 ], [ 6.962122985854416, 47.454046452903484, 0.0 ], [ 6.965249332695577, 47.452569921063741, 0.0 ], [ 6.969233011693355, 47.449648072551625, 0.0 ], [ 6.971196736652066, 47.449090723014777, 0.0 ], [ 6.966284396604617, 47.437652042022336, 0.0 ], [ 6.963711754740807, 47.435793809474625, 0.0 ], [ 6.957570106057672, 47.433810993770798, 0.0 ], [ 6.954294949226036, 47.435131087070047, 0.0 ], [ 6.940302981815964, 47.433323050271092, 0.0 ], [ 6.939102292368283, 47.4336133951021, 0.0 ], [ 6.933053449287731, 47.440560808530016, 0.0 ], [ 6.935763698838937, 47.444248279495348, 0.0 ], [ 6.934632110859285, 47.448753415873135, 0.0 ], [ 6.932480905897579, 47.452604409559051, 0.0 ], [ 6.932507928297859, 47.455847262120223, 0.0 ], [ 6.935057169921653, 47.455980069889385, 0.0 ], [ 6.94378345579637, 47.453395241306971, 0.0 ] ] ] } },
{ "type": "Feature", "properties": { "INSEE_COM": "90031", "NOM_COM": "Cunelières", "EPCI": "200069052", "code_serm": 2 }, "geometry": { "type": "Polygon", "coordinates": [ [ [ 6.979155864720891, 47.62838025059682, 0.0 ], [ 6.99164587061008, 47.632056242280228, 0.0 ], [ 6.995709102921846, 47.631833394932499, 0.0 ], [ 6.996712895474317, 47.630692284925139, 0.0 ], [ 7.000520690322824, 47.630815984348203, 0.0 ], [ 7.004211107629459, 47.629358270644197, 0.0 ], [ 7.005590287885253, 47.626756767924277, 0.0 ], [ 7.006600550494148, 47.626415659335443, 0.0 ], [ 7.006378243021583, 47.625639192139126, 0.0 ], [ 7.007508538348475, 47.623808669602511, 0.0 ], [ 7.007455717655884, 47.619361834426705, 0.0 ], [ 7.005117634363701, 47.619539445236711, 0.0 ], [ 7.003264347059615, 47.620226716101818, 0.0 ], [ 6.994131510566682, 47.620436030902297, 0.0 ], [ 6.989856895270048, 47.621884579902392, 0.0 ], [ 6.984926341457333, 47.622157599339879, 0.0 ], [ 6.981994225295886, 47.625022724699456, 0.0 ], [ 6.978815595598252, 47.626249587723251, 0.0 ], [ 6.977508690663573, 47.627262976455739, 0.0 ], [ 6.979155864720891, 47.62838025059682, 0.0 ] ] ] } },
{ "type": "Feature", "properties": { "INSEE_COM": "90032", "NOM_COM": "Danjoutin", "EPCI": "200069052", "code_serm": 2 }, "geometry": { "type": "Polygon", "coordinates": [ [ [ 6.880985570446904, 47.61075472469448, 0.0 ], [ 6.871203435542451, 47.610640817544116, 0.0 ], [ 6.863213659490745, 47.608868049534358, 0.0 ], [ 6.851824422421749, 47.609984481995646, 0.0 ], [ 6.842721829230598, 47.608920249719368, 0.0 ], [ 6.840717624959989, 47.608365331642958, 0.0 ], [ 6.839304195008266, 47.607352969033627, 0.0 ], [ 6.840813013264234, 47.611671312557327, 0.0 ], [ 6.843085738587422, 47.612899579091156, 0.0 ], [ 6.846714424249794, 47.616352275402477, 0.0 ], [ 6.847204860822187, 47.621970259859459, 0.0 ], [ 6.848792738549517, 47.620811258698566, 0.0 ], [ 6.85250544702802, 47.620339095102167, 0.0 ], [ 6.855258461188707, 47.626341047100681, 0.0 ], [ 6.856768963123855, 47.626232565050245, 0.0 ], [ 6.860964921587984, 47.624513160289446, 0.0 ], [ 6.862791219170931, 47.624679825138408, 0.0 ], [ 6.873818221933187, 47.627656833635939, 0.0 ], [ 6.8795326960706, 47.630068759109783, 0.0 ], [ 6.884097447952555, 47.62853091087436, 0.0 ], [ 6.888500206464563, 47.624811068697483, 0.0 ], [ 6.89009051086432, 47.622178841868198, 0.0 ], [ 6.885698076134813, 47.615495900234102, 0.0 ], [ 6.884230906206289, 47.611307308932417, 0.0 ], [ 6.880985570446904, 47.61075472469448, 0.0 ] ] ] } },
{ "type": "Feature", "properties": { "INSEE_COM": "90033", "NOM_COM": "Delle", "EPCI": "249000241", "code_serm": 2 }, "geometry": { "type": "Polygon", "coordinates": [ [ [ 7.000341278513323, 47.499073736030162, 0.0 ], [ 6.988280956526372, 47.494849377247235, 0.0 ], [ 6.986025946586787, 47.493339405743868, 0.0 ], [ 6.98296850597029, 47.494551767100774, 0.0 ], [ 6.979240417757956, 47.495349835596194, 0.0 ], [ 6.978107862866809, 47.495964477537186, 0.0 ], [ 6.977855964357925, 47.497387232041646, 0.0 ], [ 6.976874188412293, 47.497562279059196, 0.0 ], [ 6.972379512187112, 47.49778423182898, 0.0 ], [ 6.963848586099243, 47.496340013381563, 0.0 ], [ 6.966058191072451, 47.503036197195975, 0.0 ], [ 6.96619675680624, 47.505997637143892, 0.0 ], [ 6.969858754475551, 47.507843973132388, 0.0 ], [ 6.969855690270279, 47.511080625970166, 0.0 ], [ 6.992471871413366, 47.517795448557358, 0.0 ], [ 6.99212418095136, 47.519909206489302, 0.0 ], [ 6.99306002318367, 47.52071713919684, 0.0 ], [ 6.995712950575201, 47.520964143214506, 0.0 ], [ 6.998531057824512, 47.524503292560595, 0.0 ], [ 7.002666184463082, 47.522187309603957, 0.0 ], [ 7.00589859524552, 47.521128000304252, 0.0 ], [ 7.022624143269793, 47.519542042655154, 0.0 ], [ 7.023955466443176, 47.518103509428101, 0.0 ], [ 7.024941108973354, 47.5149553773078, 0.0 ], [ 7.027497728676018, 47.510676719113043, 0.0 ], [ 7.024933770363707, 47.50429294162371, 0.0 ], [ 7.019082034969787, 47.504181425642315, 0.0 ], [ 7.005157317395535, 47.501081229152987, 0.0 ], [ 7.000380625022898, 47.499724035756223, 0.0 ], [ 7.000341278513323, 47.499073736030162, 0.0 ] ] ] } },
{ "type": "Feature", "properties": { "INSEE_COM": "90034", "NOM_COM": "Denney", "EPCI": "200069052", "code_serm": 2 }, "geometry": { "type": "Polygon", "coordinates": [ [ [ 6.8999903340035, 47.663543092750466, 0.0 ], [ 6.9088449795175, 47.664862910386098, 0.0 ], [ 6.910238117499255, 47.662867903181152, 0.0 ], [ 6.916301681599188, 47.662293440086444, 0.0 ], [ 6.922096312830894, 47.660948153165862, 0.0 ], [ 6.923966826515901, 47.660100374189646, 0.0 ], [ 6.926169814245501, 47.655418484007825, 0.0 ], [ 6.92081991428242, 47.651103944701468, 0.0 ], [ 6.915118449088935, 47.649472128315949, 0.0 ], [ 6.912670655338546, 47.647648144093374, 0.0 ], [ 6.911408350916753, 47.645766378442659, 0.0 ], [ 6.909533256810918, 47.644946908771239, 0.0 ], [ 6.906314547491767, 47.647065216742369, 0.0 ], [ 6.906593220818081, 47.647847143029992, 0.0 ], [ 6.904876597160733, 47.64920949718725, 0.0 ], [ 6.899695650084686, 47.650563211667539, 0.0 ], [ 6.897227972392966, 47.650759151542715, 0.0 ], [ 6.892067361057966, 47.649363217723831, 0.0 ], [ 6.888308389002079, 47.646847983354547, 0.0 ], [ 6.888468188805155, 47.646442534680652, 0.0 ], [ 6.886144498253772, 47.645702525986692, 0.0 ], [ 6.884742808178434, 47.647860647616504, 0.0 ], [ 6.885413261254744, 47.648551175033269, 0.0 ], [ 6.894018471822863, 47.652594707594005, 0.0 ], [ 6.894881639539556, 47.654405241439179, 0.0 ], [ 6.894142457173056, 47.655058921822935, 0.0 ], [ 6.896051567852923, 47.658313408213708, 0.0 ], [ 6.894832081758576, 47.659440914495192, 0.0 ], [ 6.896032042413231, 47.66103924153785, 0.0 ], [ 6.8999903340035, 47.663543092750466, 0.0 ] ] ] } },
{ "type": "Feature", "properties": { "INSEE_COM": "90035", "NOM_COM": "Dorans", "EPCI": "200069052", "code_serm": 2 }, "geometry": { "type": "Polygon", "coordinates": [ [ [ 6.854519174846975, 47.589233923727029, 0.0 ], [ 6.859310714516973, 47.589066453799759, 0.0 ], [ 6.859135784167973, 47.584915018385651, 0.0 ], [ 6.855286041135576, 47.584653935194922, 0.0 ], [ 6.845090486620587, 47.582096820005965, 0.0 ], [ 6.841007043993501, 47.579675617638692, 0.0 ], [ 6.840727562383279, 47.576642401859161, 0.0 ], [ 6.836690431026523, 47.575338815130081, 0.0 ], [ 6.830036513263378, 47.573958869046287, 0.0 ], [ 6.821224327731956, 47.574439959118017, 0.0 ], [ 6.820324882255246, 47.57545622684173, 0.0 ], [ 6.822781636289351, 47.579487797467117, 0.0 ], [ 6.823865826182876, 47.584025738785158, 0.0 ], [ 6.826673739841952, 47.588170981614837, 0.0 ], [ 6.82721166188431, 47.592515032957493, 0.0 ], [ 6.828865797309303, 47.594514527718736, 0.0 ], [ 6.834114525232343, 47.598553324502447, 0.0 ], [ 6.835898215885459, 47.599160654757149, 0.0 ], [ 6.835771616469506, 47.596101708178836, 0.0 ], [ 6.836837488031387, 47.594471561855968, 0.0 ], [ 6.839936163871021, 47.594932830453459, 0.0 ], [ 6.8416558333875, 47.592430389375274, 0.0 ], [ 6.847418879264101, 47.590489417432096, 0.0 ], [ 6.848658082318513, 47.589569871534323, 0.0 ], [ 6.84986630534297, 47.586319048220766, 0.0 ], [ 6.85310299234354, 47.58683307769153, 0.0 ], [ 6.854519174846975, 47.589233923727029, 0.0 ] ] ] } },
{ "type": "Feature", "properties": { "INSEE_COM": "90036", "NOM_COM": "Eguenigue", "EPCI": "200069052", "code_serm": 2 }, "geometry": { "type": "Polygon", "coordinates": [ [ [ 6.927988945651733, 47.663941261197564, 0.0 ], [ 6.9275914676763, 47.670278340783369, 0.0 ], [ 6.928770639594085, 47.673821845273892, 0.0 ], [ 6.928429330426914, 47.677427290529444, 0.0 ], [ 6.929114988744717, 47.682997939360085, 0.0 ], [ 6.92627722990914, 47.685127323249411, 0.0 ], [ 6.926702692012134, 47.690247997273708, 0.0 ], [ 6.934285583121764, 47.692964159523726, 0.0 ], [ 6.937807599957191, 47.688696434781129, 0.0 ], [ 6.944270397714492, 47.689349013326726, 0.0 ], [ 6.943899385423979, 47.683219865608287, 0.0 ], [ 6.941973126366948, 47.681679836282463, 0.0 ], [ 6.93667541076013, 47.679588347880959, 0.0 ], [ 6.936400518618127, 47.67547011968243, 0.0 ], [ 6.938663802740603, 47.666790044578057, 0.0 ], [ 6.927988945651733, 47.663941261197564, 0.0 ] ] ] } },
{ "type": "Feature", "properties": { "INSEE_COM": "90037", "NOM_COM": "Éloie", "EPCI": "200069052", "code_serm": 2 }, "geometry": { "type": "Polygon", "coordinates": [ [ [ 6.885199909140632, 47.673989507471383, 0.0 ], [ 6.863686497547596, 47.678113915600711, 0.0 ], [ 6.8618575754612, 47.67802839965794, 0.0 ], [ 6.857699064529195, 47.68074669378214, 0.0 ], [ 6.853781318513341, 47.684105708573021, 0.0 ], [ 6.855374432591277, 47.684175708243082, 0.0 ], [ 6.857404703838166, 47.684993628526932, 0.0 ], [ 6.854739337514078, 47.69037493444759, 0.0 ], [ 6.860067031137831, 47.692029300421559, 0.0 ], [ 6.86117162913995, 47.693237295220435, 0.0 ], [ 6.863236211770155, 47.697540535743663, 0.0 ], [ 6.861713762451538, 47.700052783467356, 0.0 ], [ 6.880642498498053, 47.698510245889508, 0.0 ], [ 6.886917684033997, 47.696478665305762, 0.0 ], [ 6.890468169345932, 47.694484300797583, 0.0 ], [ 6.89226423766732, 47.692723092433638, 0.0 ], [ 6.890292401223797, 47.689939265279776, 0.0 ], [ 6.890931081340153, 47.686568358956208, 0.0 ], [ 6.886357463063407, 47.684738905048548, 0.0 ], [ 6.885399865064618, 47.679147465001215, 0.0 ], [ 6.88638302846155, 47.676051684781264, 0.0 ], [ 6.885199909140632, 47.673989507471383, 0.0 ] ] ] } },
{ "type": "Feature", "properties": { "INSEE_COM": "90039", "NOM_COM": "Essert", "EPCI": "200069052", "code_serm": 2 }, "geometry": { "type": "Polygon", "coordinates": [ [ [ 6.827924066717827, 47.641900799007566, 0.0 ], [ 6.832395343991954, 47.639419208197701, 0.0 ], [ 6.834927420247296, 47.635878303915767, 0.0 ], [ 6.826071119053724, 47.626297620594919, 0.0 ], [ 6.821971098828453, 47.624293504518171, 0.0 ], [ 6.817248329845116, 47.624385890608451, 0.0 ], [ 6.811855083298495, 47.625224513442639, 0.0 ], [ 6.806694135533668, 47.622689504979654, 0.0 ], [ 6.802799542396167, 47.624188023295304, 0.0 ], [ 6.79917833802652, 47.62361387789803, 0.0 ], [ 6.797120004433761, 47.625332665022235, 0.0 ], [ 6.792466396133305, 47.625442520815099, 0.0 ], [ 6.791193587050439, 47.62673916350041, 0.0 ], [ 6.791402902732749, 47.628727491062271, 0.0 ], [ 6.792915645475056, 47.630448184219773, 0.0 ], [ 6.800323742645493, 47.634676896829149, 0.0 ], [ 6.801038592829038, 47.636045888080915, 0.0 ], [ 6.797843817824258, 47.640852918389712, 0.0 ], [ 6.798348266802298, 47.642094496852827, 0.0 ], [ 6.797316043874334, 47.644881950123235, 0.0 ], [ 6.793493563530934, 47.647776293443343, 0.0 ], [ 6.790398278695219, 47.647886727580172, 0.0 ], [ 6.792634716121587, 47.649425330275612, 0.0 ], [ 6.797595080574876, 47.6500354797017, 0.0 ], [ 6.804148441051145, 47.653325782558859, 0.0 ], [ 6.806960257006815, 47.653742389857399, 0.0 ], [ 6.810204050573122, 47.652924693944072, 0.0 ], [ 6.813796395475975, 47.648609899774804, 0.0 ], [ 6.816830807255109, 47.646586801375122, 0.0 ], [ 6.819090824891879, 47.6462659849687, 0.0 ], [ 6.82463437253604, 47.647215469983244, 0.0 ], [ 6.828162047454269, 47.645364241576459, 0.0 ], [ 6.827924066717827, 47.641900799007566, 0.0 ] ] ] } },
{ "type": "Feature", "properties": { "INSEE_COM": "90041", "NOM_COM": "Étueffont", "EPCI": "200069060", "code_serm": 2 }, "geometry": { "type": "Polygon", "coordinates": [ [ [ 6.93535328041914, 47.715058620624262, 0.0 ], [ 6.927475768151456, 47.71088974017772, 0.0 ], [ 6.925107092836884, 47.707484445568554, 0.0 ], [ 6.923450108457543, 47.70630546136146, 0.0 ], [ 6.911690521875454, 47.701416017353175, 0.0 ], [ 6.907758365172743, 47.700824814383537, 0.0 ], [ 6.890704471093807, 47.700424112419078, 0.0 ], [ 6.892476585778637, 47.703520075769461, 0.0 ], [ 6.892144080201446, 47.707062796209044, 0.0 ], [ 6.895381463013399, 47.713228830715074, 0.0 ], [ 6.901165827352045, 47.713611788598797, 0.0 ], [ 6.906025764486381, 47.715425761852487, 0.0 ], [ 6.908435502074258, 47.718001857420454, 0.0 ], [ 6.908801995608884, 47.720411030143218, 0.0 ], [ 6.908151858967505, 47.722415318738136, 0.0 ], [ 6.906843060486019, 47.723507106440785, 0.0 ], [ 6.903948776309785, 47.73195478929869, 0.0 ], [ 6.897176803970057, 47.738123731663165, 0.0 ], [ 6.891402944571619, 47.745831499302703, 0.0 ], [ 6.889610922065789, 47.74939111946864, 0.0 ], [ 6.896605712852746, 47.749317846584866, 0.0 ], [ 6.89958134558291, 47.747676839172399, 0.0 ], [ 6.902778374374126, 47.746706925363789, 0.0 ], [ 6.905558175063749, 47.74693495888495, 0.0 ], [ 6.910498142214731, 47.745957989617914, 0.0 ], [ 6.922156158230706, 47.747089740835243, 0.0 ], [ 6.927713925612983, 47.741941470769035, 0.0 ], [ 6.930412300859821, 47.736962007816075, 0.0 ], [ 6.936062383560804, 47.734441568952732, 0.0 ], [ 6.938922138876599, 47.731947264559636, 0.0 ], [ 6.942478440668416, 47.726850225826418, 0.0 ], [ 6.944547945685329, 47.721757250657916, 0.0 ], [ 6.943306001695659, 47.722335345941339, 0.0 ], [ 6.93535328041914, 47.715058620624262, 0.0 ] ] ] } },
{ "type": "Feature", "properties": { "INSEE_COM": "90042", "NOM_COM": "Évette-Salbert", "EPCI": "200069052", "code_serm": 2 }, "geometry": { "type": "Polygon", "coordinates": [ [ [ 6.797595080574876, 47.6500354797017, 0.0 ], [ 6.792634716121587, 47.649425330275612, 0.0 ], [ 6.790398278695219, 47.647886727580172, 0.0 ], [ 6.787647754126719, 47.651198421188994, 0.0 ], [ 6.786750729386865, 47.653214500007941, 0.0 ], [ 6.779552282141014, 47.656666515085959, 0.0 ], [ 6.781969952077502, 47.660270228130891, 0.0 ], [ 6.781743627626901, 47.661874342143932, 0.0 ], [ 6.77728018334364, 47.665107808730795, 0.0 ], [ 6.776103857828916, 47.668575486151873, 0.0 ], [ 6.778580732452374, 47.673480352311778, 0.0 ], [ 6.778717999565519, 47.678295057540048, 0.0 ], [ 6.781744790734622, 47.684169684138006, 0.0 ], [ 6.78199808399512, 47.687474862600318, 0.0 ], [ 6.780173799647495, 47.68976953734758, 0.0 ], [ 6.787728609935536, 47.690291749097725, 0.0 ], [ 6.795316215364645, 47.69009152132989, 0.0 ], [ 6.797364104070283, 47.690643156466116, 0.0 ], [ 6.81026534689448, 47.680447812441706, 0.0 ], [ 6.815739503851854, 47.678499338452866, 0.0 ], [ 6.81912497128692, 47.678186864315791, 0.0 ], [ 6.823685883563424, 47.676702196766016, 0.0 ], [ 6.83028947470574, 47.673196712247574, 0.0 ], [ 6.830719232484041, 47.671305541446195, 0.0 ], [ 6.830259757464842, 47.670332956207368, 0.0 ], [ 6.825526988276327, 47.669302147665633, 0.0 ], [ 6.821516605382786, 47.667514895204597, 0.0 ], [ 6.811146591147252, 47.667377910197104, 0.0 ], [ 6.807438270531732, 47.666747302985748, 0.0 ], [ 6.804324973094205, 47.665256447292549, 0.0 ], [ 6.80133312291344, 47.661276242853063, 0.0 ], [ 6.799730454245337, 47.660274973809649, 0.0 ], [ 6.7876649784627, 47.657522871413903, 0.0 ], [ 6.787170542504554, 47.656552174240318, 0.0 ], [ 6.787676723742738, 47.65500384359666, 0.0 ], [ 6.788674226170237, 47.654476766866992, 0.0 ], [ 6.790613837018781, 47.65491394906136, 0.0 ], [ 6.792127393586799, 47.654648538362892, 0.0 ], [ 6.798397310744026, 47.650495097703079, 0.0 ], [ 6.797595080574876, 47.6500354797017, 0.0 ] ] ] } },
{ "type": "Feature", "properties": { "INSEE_COM": "90043", "NOM_COM": "Faverois", "EPCI": "249000241", "code_serm": 2 }, "geometry": { "type": "Polygon", "coordinates": [ [ [ 7.01962887121762, 47.52008710608429, 0.0 ], [ 7.021415435096792, 47.523707319156678, 0.0 ], [ 7.024670881329443, 47.527197446989632, 0.0 ], [ 7.02463858871288, 47.530196345706813, 0.0 ], [ 7.02383691596587, 47.531196561173999, 0.0 ], [ 7.022460697030514, 47.531654189460056, 0.0 ], [ 7.022137385892341, 47.53329943654218, 0.0 ], [ 7.027948803741236, 47.541801749399006, 0.0 ], [ 7.038361842541926, 47.544054220705107, 0.0 ], [ 7.039466475590095, 47.544808190045025, 0.0 ], [ 7.039514038893544, 47.546211697558483, 0.0 ], [ 7.040431133480984, 47.546421454318676, 0.0 ], [ 7.043825743269476, 47.545911621686564, 0.0 ], [ 7.044509109315489, 47.544458406840718, 0.0 ], [ 7.047841812581209, 47.542430966113983, 0.0 ], [ 7.049940051436044, 47.542523895467603, 0.0 ], [ 7.0516752840291, 47.542077798664288, 0.0 ], [ 7.05204801611552, 47.54100757852229, 0.0 ], [ 7.051575059514746, 47.540124500630938, 0.0 ], [ 7.048455556615501, 47.53633740209581, 0.0 ], [ 7.051340214102393, 47.529901663360555, 0.0 ], [ 7.050619391378939, 47.528907323996947, 0.0 ], [ 7.052483288079683, 47.524022153523497, 0.0 ], [ 7.051782448360449, 47.52227270678047, 0.0 ], [ 7.047013739833663, 47.519376673620201, 0.0 ], [ 7.046410524384783, 47.517823902864563, 0.0 ], [ 7.046764420739671, 47.517314068800573, 0.0 ], [ 7.045289502325972, 47.514175484980186, 0.0 ], [ 7.034805820450817, 47.513699156423961, 0.0 ], [ 7.02651662315744, 47.51169219352586, 0.0 ], [ 7.023955466443176, 47.518103509428101, 0.0 ], [ 7.022624143269793, 47.519542042655154, 0.0 ], [ 7.01962887121762, 47.52008710608429, 0.0 ] ] ] } },
{ "type": "Feature", "properties": { "INSEE_COM": "90044", "NOM_COM": "Felon", "EPCI": "200069060", "code_serm": 2 }, "geometry": { "type": "Polygon", "coordinates": [ [ [ 6.976384660263498, 47.69646160417156, 0.0 ], [ 6.975728608596848, 47.698420629312587, 0.0 ], [ 6.974397125746022, 47.69995201317866, 0.0 ], [ 6.970833562563326, 47.701521383946556, 0.0 ], [ 6.965769596460291, 47.70542700727362, 0.0 ], [ 6.960737974237187, 47.708179551400896, 0.0 ], [ 6.95854505645345, 47.710363536410227, 0.0 ], [ 6.957250578428565, 47.713481338726559, 0.0 ], [ 6.966333559882053, 47.71109895637079, 0.0 ], [ 6.983643852756147, 47.716094214362862, 0.0 ], [ 6.985470430202105, 47.717250392061722, 0.0 ], [ 6.987822647885202, 47.717970454181447, 0.0 ], [ 6.990537621123773, 47.716313313090978, 0.0 ], [ 6.991744061911446, 47.714806754771672, 0.0 ], [ 6.99281336716843, 47.709371061485072, 0.0 ], [ 6.99399688410589, 47.708736726666039, 0.0 ], [ 6.99735100647534, 47.708843771422742, 0.0 ], [ 7.000758536196661, 47.704685212703801, 0.0 ], [ 6.978221310495196, 47.694296562892063, 0.0 ], [ 6.976384660263498, 47.69646160417156, 0.0 ] ] ] } },
{ "type": "Feature", "properties": { "INSEE_COM": "90045", "NOM_COM": "Fêche-l'Église", "EPCI": "249000241", "code_serm": 2 }, "geometry": { "type": "Polygon", "coordinates": [ [ [ 6.963915765037651, 47.496492748984984, 0.0 ], [ 6.960440715490604, 47.494374007483103, 0.0 ], [ 6.956694122150165, 47.493937201306913, 0.0 ], [ 6.955671634042618, 47.490595704368744, 0.0 ], [ 6.953549841000267, 47.489954866294681, 0.0 ], [ 6.952405054680852, 47.485080790471606, 0.0 ], [ 6.949121072611236, 47.485695183563145, 0.0 ], [ 6.947304926691563, 47.489281739219599, 0.0 ], [ 6.947706766175767, 47.493140051602495, 0.0 ], [ 6.945222094210265, 47.499512558767144, 0.0 ], [ 6.945480706992566, 47.503575795529436, 0.0 ], [ 6.949704003117283, 47.508513145576124, 0.0 ], [ 6.946156810573786, 47.511312017309052, 0.0 ], [ 6.945001514596065, 47.513340284244634, 0.0 ], [ 6.949443394456127, 47.516094552450497, 0.0 ], [ 6.952985638694682, 47.516446643423564, 0.0 ], [ 6.960438829181325, 47.514978487596558, 0.0 ], [ 6.965934293694136, 47.513181763932508, 0.0 ], [ 6.96761435929507, 47.511853713398452, 0.0 ], [ 6.969855690270279, 47.511080625970166, 0.0 ], [ 6.969858754475551, 47.507843973132388, 0.0 ], [ 6.96619675680624, 47.505997637143892, 0.0 ], [ 6.966058191072451, 47.503036197195975, 0.0 ], [ 6.963915765037651, 47.496492748984984, 0.0 ] ] ] } },
{ "type": "Feature", "properties": { "INSEE_COM": "90046", "NOM_COM": "Florimont", "EPCI": "249000241", "code_serm": 2 }, "geometry": { "type": "Polygon", "coordinates": [ [ [ 7.061577534681498, 47.504594142305287, 0.0 ], [ 7.057080363544369, 47.504596807620018, 0.0 ], [ 7.045924868014717, 47.500617095828218, 0.0 ], [ 7.03676166267397, 47.499203711580613, 0.0 ], [ 7.034204134219876, 47.499187810335862, 0.0 ], [ 7.027055026184954, 47.501886948182012, 0.0 ], [ 7.024933770363707, 47.50429294162371, 0.0 ], [ 7.027497728676018, 47.510676719113043, 0.0 ], [ 7.02651662315744, 47.51169219352586, 0.0 ], [ 7.034805820450817, 47.513699156423961, 0.0 ], [ 7.045289502325972, 47.514175484980186, 0.0 ], [ 7.046764420739671, 47.517314068800573, 0.0 ], [ 7.046410524384783, 47.517823902864563, 0.0 ], [ 7.047013739833663, 47.519376673620201, 0.0 ], [ 7.051782448360449, 47.52227270678047, 0.0 ], [ 7.052483288079683, 47.524022153523497, 0.0 ], [ 7.050619391378939, 47.528907323996947, 0.0 ], [ 7.051340214102393, 47.529901663360555, 0.0 ], [ 7.048455556615501, 47.53633740209581, 0.0 ], [ 7.051482147190491, 47.539969999137753, 0.0 ], [ 7.051871955608151, 47.541897904373705, 0.0 ], [ 7.049940051436044, 47.542523895467603, 0.0 ], [ 7.047780061877296, 47.542459249835957, 0.0 ], [ 7.044509109315489, 47.544458406840718, 0.0 ], [ 7.043825743269476, 47.545911621686564, 0.0 ], [ 7.039589339324646, 47.546256856969094, 0.0 ], [ 7.03656185367219, 47.549229762628386, 0.0 ], [ 7.034027645593356, 47.550100761531567, 0.0 ], [ 7.033075336275509, 47.552633965697289, 0.0 ], [ 7.033157466312076, 47.554479713845161, 0.0 ], [ 7.031633707703017, 47.557222846765846, 0.0 ], [ 7.029597773117695, 47.557944902031636, 0.0 ], [ 7.027616241385664, 47.559441965513592, 0.0 ], [ 7.02825185881592, 47.561125270102927, 0.0 ], [ 7.027900628255281, 47.561941372522526, 0.0 ], [ 7.02563210669952, 47.562848942845022, 0.0 ], [ 7.021879024496858, 47.56271712468606, 0.0 ], [ 7.021603045515106, 47.563243092340613, 0.0 ], [ 7.021647801696928, 47.563978812060178, 0.0 ], [ 7.023830959678468, 47.565807016810666, 0.0 ], [ 7.026173129810966, 47.569812643237462, 0.0 ], [ 7.034435251574787, 47.579696404136598, 0.0 ], [ 7.037191113345567, 47.582037234041501, 0.0 ], [ 7.040482923246271, 47.582532494447804, 0.0 ], [ 7.045127038969592, 47.580480535639012, 0.0 ], [ 7.050512330514026, 47.576632455920432, 0.0 ], [ 7.0543954451746, 47.576462334365615, 0.0 ], [ 7.055523991006288, 47.576782708206274, 0.0 ], [ 7.054044681335467, 47.573948147538751, 0.0 ], [ 7.057841354487169, 47.569278825234143, 0.0 ], [ 7.056204270171899, 47.567819781777345, 0.0 ], [ 7.054138050176858, 47.563706837893207, 0.0 ], [ 7.049998874238775, 47.562507767203947, 0.0 ], [ 7.049869723129144, 47.560049853535766, 0.0 ], [ 7.056331066877678, 47.556393822868159, 0.0 ], [ 7.058307115095189, 47.554152834452296, 0.0 ], [ 7.062493830604799, 47.547353342699097, 0.0 ], [ 7.063390662801243, 47.543795155780693, 0.0 ], [ 7.071766201415445, 47.540002861540636, 0.0 ], [ 7.075815328856694, 47.536199119639527, 0.0 ], [ 7.074259981479312, 47.528666902131775, 0.0 ], [ 7.074443191547288, 47.512220760918076, 0.0 ], [ 7.081741738587877, 47.508318252354286, 0.0 ], [ 7.08023413563435, 47.508470242282655, 0.0 ], [ 7.061577534681498, 47.504594142305287, 0.0 ] ] ] } },
{ "type": "Feature", "properties": { "INSEE_COM": "90047", "NOM_COM": "Fontaine", "EPCI": "200069052", "code_serm": 2 }, "geometry": { "type": "Polygon", "coordinates": [ [ [ 6.971850037790637, 47.668553724944744, 0.0 ], [ 6.975708232679974, 47.668638755344524, 0.0 ], [ 6.978098743597189, 47.667721923712016, 0.0 ], [ 6.997129008960725, 47.669704719617535, 0.0 ], [ 7.008398701947025, 47.669516781282667, 0.0 ], [ 7.00969216871945, 47.667644659100162, 0.0 ], [ 7.012674345157653, 47.66548559299563, 0.0 ], [ 7.019873015801328, 47.664700894170416, 0.0 ], [ 7.022882427388739, 47.662132338056658, 0.0 ], [ 7.022561488141732, 47.655847209716747, 0.0 ], [ 7.017974893222004, 47.650000043678752, 0.0 ], [ 7.016607686215402, 47.645378563443103, 0.0 ], [ 7.01093019933322, 47.645270934661035, 0.0 ], [ 7.007160842776412, 47.643596962146539, 0.0 ], [ 7.006300435879383, 47.646877316608766, 0.0 ], [ 7.006761341764896, 47.647810519639698, 0.0 ], [ 7.006427250699872, 47.65025086050175, 0.0 ], [ 7.003615849216921, 47.651212497441506, 0.0 ], [ 6.994323197377482, 47.651869633066433, 0.0 ], [ 6.994302673808355, 47.651186290639018, 0.0 ], [ 6.992826444483858, 47.651118719379731, 0.0 ], [ 6.992369723004521, 47.65262499308735, 0.0 ], [ 6.988439654249991, 47.654131892118329, 0.0 ], [ 6.978904748300126, 47.655197100370984, 0.0 ], [ 6.974979906191024, 47.654598972026008, 0.0 ], [ 6.971170654998822, 47.655246789095415, 0.0 ], [ 6.971206503753792, 47.658055601030853, 0.0 ], [ 6.972655508739384, 47.664288772188648, 0.0 ], [ 6.971850037790637, 47.668553724944744, 0.0 ] ] ] } },
{ "type": "Feature", "properties": { "INSEE_COM": "90048", "NOM_COM": "Fontenelle", "EPCI": "200069052", "code_serm": 2 }, "geometry": { "type": "Polygon", "coordinates": [ [ [ 6.965326837296124, 47.619651058750058, 0.0 ], [ 6.96381972379011, 47.618419795588458, 0.0 ], [ 6.963374493719564, 47.616087181951116, 0.0 ], [ 6.962571786670067, 47.615706181833069, 0.0 ], [ 6.958710401525629, 47.6141248941965, 0.0 ], [ 6.949939112474683, 47.612757574352933, 0.0 ], [ 6.947200540800639, 47.621534538324639, 0.0 ], [ 6.947928282037272, 47.622794175306183, 0.0 ], [ 6.95038078924362, 47.623924239550306, 0.0 ], [ 6.952223834072353, 47.625535426316603, 0.0 ], [ 6.951976318815908, 47.627700455775233, 0.0 ], [ 6.95398979832923, 47.628335219702812, 0.0 ], [ 6.960173438337624, 47.628213883562772, 0.0 ], [ 6.963365102860475, 47.628680530632465, 0.0 ], [ 6.964554780051388, 47.627018796694202, 0.0 ], [ 6.963732596708901, 47.624135721599018, 0.0 ], [ 6.965541338197893, 47.621101979700228, 0.0 ], [ 6.965326837296124, 47.619651058750058, 0.0 ] ] ] } },
{ "type": "Feature", "properties": { "INSEE_COM": "90049", "NOM_COM": "Foussemagne", "EPCI": "200069052", "code_serm": 2 }, "geometry": { "type": "Polygon", "coordinates": [ [ [ 6.99308609510943, 47.641871166150153, 0.0 ], [ 6.994034298358365, 47.646464833463284, 0.0 ], [ 6.992826444483858, 47.651118719379731, 0.0 ], [ 6.994302673808355, 47.651186290639018, 0.0 ], [ 6.994323197377482, 47.651869633066433, 0.0 ], [ 7.003615849216921, 47.651212497441506, 0.0 ], [ 7.006427250699872, 47.65025086050175, 0.0 ], [ 7.006761341764896, 47.647810519639698, 0.0 ], [ 7.006300435879383, 47.646877316608766, 0.0 ], [ 7.007160842776412, 47.643596962146539, 0.0 ], [ 7.01093019933322, 47.645270934661035, 0.0 ], [ 7.016630614234121, 47.645364255705424, 0.0 ], [ 7.018197702162106, 47.642816538277032, 0.0 ], [ 7.018476396176388, 47.64118827708851, 0.0 ], [ 7.013301787160248, 47.64011984681887, 0.0 ], [ 7.012399833953788, 47.63892603923005, 0.0 ], [ 7.012456899224214, 47.63803633557086, 0.0 ], [ 7.014375618523898, 47.637520635793251, 0.0 ], [ 7.015984002675909, 47.635912433346824, 0.0 ], [ 7.013839359683231, 47.634045781035667, 0.0 ], [ 7.013293384480848, 47.631858260412493, 0.0 ], [ 7.0138173671815, 47.630458602313077, 0.0 ], [ 7.016848387668152, 47.627083621906216, 0.0 ], [ 7.016210174092761, 47.626362941330044, 0.0 ], [ 7.014327092685579, 47.625841004808983, 0.0 ], [ 7.010915437513867, 47.63044931234154, 0.0 ], [ 7.005928740514232, 47.62891989668541, 0.0 ], [ 7.006600550494148, 47.626415659335443, 0.0 ], [ 7.005590287885253, 47.626756767924277, 0.0 ], [ 7.004211107629459, 47.629358270644197, 0.0 ], [ 7.002342735147044, 47.630257824751972, 0.0 ], [ 7.000520690322824, 47.630815984348203, 0.0 ], [ 6.996712895474317, 47.630692284925139, 0.0 ], [ 6.995709102921846, 47.631833394932499, 0.0 ], [ 6.992471487564821, 47.632042423875546, 0.0 ], [ 6.979155864720891, 47.62838025059682, 0.0 ], [ 6.978724936698447, 47.627768575820838, 0.0 ], [ 6.975103471759678, 47.628262390936612, 0.0 ], [ 6.973045297834767, 47.630843335162815, 0.0 ], [ 6.972439073646126, 47.636791426008259, 0.0 ], [ 6.987175515195515, 47.639834495072314, 0.0 ], [ 6.99308609510943, 47.641871166150153, 0.0 ] ] ] } },
{ "type": "Feature", "properties": { "INSEE_COM": "90050", "NOM_COM": "Frais", "EPCI": "200069052", "code_serm": 2 }, "geometry": { "type": "Polygon", "coordinates": [ [ [ 6.978757007860636, 47.637848800429666, 0.0 ], [ 6.971011896822449, 47.636749862205683, 0.0 ], [ 6.973524674991729, 47.641625669163638, 0.0 ], [ 6.97030424889839, 47.650849409763929, 0.0 ], [ 6.970145336156029, 47.6547868793565, 0.0 ], [ 6.971010372165632, 47.654796217887366, 0.0 ], [ 6.971170654998822, 47.655246789095415, 0.0 ], [ 6.974979906191024, 47.654598972026008, 0.0 ], [ 6.977651882980344, 47.655120821923823, 0.0 ], [ 6.980354465235074, 47.655069285172203, 0.0 ], [ 6.988439654249991, 47.654131892118329, 0.0 ], [ 6.992369723004521, 47.65262499308735, 0.0 ], [ 6.994034298358365, 47.646464833463284, 0.0 ], [ 6.99308609510943, 47.641871166150153, 0.0 ], [ 6.987175515195515, 47.639834495072314, 0.0 ], [ 6.978757007860636, 47.637848800429666, 0.0 ] ] ] } },
{ "type": "Feature", "properties": { "INSEE_COM": "90051", "NOM_COM": "Froidefontaine", "EPCI": "249000241", "code_serm": 2 }, "geometry": { "type": "Polygon", "coordinates": [ [ [ 6.955354263596519, 47.580938537749823, 0.0 ], [ 6.959284600514947, 47.579442448727967, 0.0 ], [ 6.960029921104775, 47.579757813777206, 0.0 ], [ 6.961777918091701, 47.582384184460878, 0.0 ], [ 6.962548548737185, 47.582124573563995, 0.0 ], [ 6.961934749066602, 47.581482104341347, 0.0 ], [ 6.961244602127391, 47.577064148745322, 0.0 ], [ 6.956679451579, 47.576012373247345, 0.0 ], [ 6.95458896232235, 47.574096025561971, 0.0 ], [ 6.95672118355821, 47.57100446487101, 0.0 ], [ 6.961252674892166, 47.566582196651268, 0.0 ], [ 6.965559548368311, 47.564560226596832, 0.0 ], [ 6.966836140765317, 47.565683932918404, 0.0 ], [ 6.975867316915738, 47.562912169883177, 0.0 ], [ 6.980801696461773, 47.563745977465992, 0.0 ], [ 6.982351960170628, 47.561196482845169, 0.0 ], [ 6.985284822845689, 47.55949466506739, 0.0 ], [ 6.979659454059415, 47.557906848443253, 0.0 ], [ 6.964709112015911, 47.557374497406123, 0.0 ], [ 6.954706882481902, 47.554399457454835, 0.0 ], [ 6.954373736836874, 47.555438204441124, 0.0 ], [ 6.950878201372805, 47.554780765142688, 0.0 ], [ 6.947216610093055, 47.556919153040248, 0.0 ], [ 6.942191583254899, 47.555417392430641, 0.0 ], [ 6.939934195154748, 47.55531707947479, 0.0 ], [ 6.93602413669723, 47.560105973514403, 0.0 ], [ 6.933478302608688, 47.560556921701064, 0.0 ], [ 6.933835802082462, 47.562698846637865, 0.0 ], [ 6.936803278093209, 47.566864284195631, 0.0 ], [ 6.93959271735982, 47.565199165935141, 0.0 ], [ 6.942167971489606, 47.565505050890415, 0.0 ], [ 6.943061892727828, 47.565997544442332, 0.0 ], [ 6.945686862766719, 47.569155946501255, 0.0 ], [ 6.94943347019251, 47.571269601742031, 0.0 ], [ 6.950254743921888, 47.574917996875662, 0.0 ], [ 6.952998463083413, 47.579200596811148, 0.0 ], [ 6.955354263596519, 47.580938537749823, 0.0 ] ] ] } },
{ "type": "Feature", "properties": { "INSEE_COM": "90052", "NOM_COM": "Giromagny", "EPCI": "200069060", "code_serm": 2 }, "geometry": { "type": "Polygon", "coordinates": [ [ [ 6.818159797995412, 47.750356250050515, 0.0 ], [ 6.821725539285938, 47.749476593046204, 0.0 ], [ 6.824748754994998, 47.750400543766524, 0.0 ], [ 6.82596339729205, 47.751070895610617, 0.0 ], [ 6.826456210763885, 47.752944386704513, 0.0 ], [ 6.828154741052649, 47.754860431744326, 0.0 ], [ 6.831707596240848, 47.757380756210033, 0.0 ], [ 6.83452360923641, 47.757497560579061, 0.0 ], [ 6.838255690756445, 47.747676579811056, 0.0 ], [ 6.837583376081092, 47.74368959765313, 0.0 ], [ 6.838148024176374, 47.737218202102213, 0.0 ], [ 6.840003822317703, 47.735427145671807, 0.0 ], [ 6.835342957458337, 47.732715436900968, 0.0 ], [ 6.834540462204078, 47.730827782547422, 0.0 ], [ 6.831484278540067, 47.730342226173377, 0.0 ], [ 6.825278810532134, 47.72803577367069, 0.0 ], [ 6.822724342559797, 47.727819235083331, 0.0 ], [ 6.818424951954221, 47.728300318592964, 0.0 ], [ 6.813007564588702, 47.72738223908906, 0.0 ], [ 6.811968660586615, 47.730890766637337, 0.0 ], [ 6.807532832222471, 47.735294767087701, 0.0 ], [ 6.806859350031343, 47.739960043218737, 0.0 ], [ 6.8042219233242, 47.741953466348782, 0.0 ], [ 6.80417630587104, 47.744567217963152, 0.0 ], [ 6.801936845492463, 47.747310854903354, 0.0 ], [ 6.799575848585672, 47.748617546038545, 0.0 ], [ 6.802032222837503, 47.749244195750514, 0.0 ], [ 6.809708347253299, 47.74704631549136, 0.0 ], [ 6.815319738467597, 47.746841815159357, 0.0 ], [ 6.815456472665787, 47.749233371643555, 0.0 ], [ 6.818159797995412, 47.750356250050515, 0.0 ] ] ] } },
{ "type": "Feature", "properties": { "INSEE_COM": "90053", "NOM_COM": "Grandvillars", "EPCI": "249000241", "code_serm": 2 }, "geometry": { "type": "Polygon", "coordinates": [ [ [ 6.937692384399889, 47.517235112937001, 0.0 ], [ 6.939651567805625, 47.519953789181464, 0.0 ], [ 6.939004007028234, 47.521547509874559, 0.0 ], [ 6.941161447936523, 47.52226043653139, 0.0 ], [ 6.943675949549351, 47.523988687630812, 0.0 ], [ 6.941680001816017, 47.527685668097959, 0.0 ], [ 6.941479896933708, 47.532026643446578, 0.0 ], [ 6.948062608310081, 47.53625061144573, 0.0 ], [ 6.949984814086111, 47.54070262405876, 0.0 ], [ 6.950172319040452, 47.54374255610972, 0.0 ], [ 6.95359544746652, 47.550212029548064, 0.0 ], [ 6.954920850455343, 47.553477411282373, 0.0 ], [ 6.954706882481902, 47.554399457454835, 0.0 ], [ 6.964709112015911, 47.557374497406123, 0.0 ], [ 6.979659454059415, 47.557906848443253, 0.0 ], [ 6.992774006160723, 47.561874609846043, 0.0 ], [ 6.997251758766197, 47.561941952685522, 0.0 ], [ 6.997613364210464, 47.558447875039576, 0.0 ], [ 6.993537745253469, 47.556436221013264, 0.0 ], [ 6.99290827760552, 47.555514140349054, 0.0 ], [ 6.992534347415965, 47.549835313244323, 0.0 ], [ 6.997032972799968, 47.547152971389743, 0.0 ], [ 7.002535956470345, 47.545906858941741, 0.0 ], [ 7.010537882732947, 47.546176106533949, 0.0 ], [ 7.013189123348885, 47.544415610568088, 0.0 ], [ 7.008571362970225, 47.543528153016453, 0.0 ], [ 7.007586053021477, 47.542459754647751, 0.0 ], [ 7.001242110641661, 47.539705299686865, 0.0 ], [ 6.996022583597948, 47.536707362325849, 0.0 ], [ 6.989522493129792, 47.534606594270024, 0.0 ], [ 6.987467501066173, 47.531537741490993, 0.0 ], [ 6.98564501112538, 47.5261770174452, 0.0 ], [ 6.984049603446826, 47.524303725437115, 0.0 ], [ 6.982138466905307, 47.52324516458382, 0.0 ], [ 6.970557906401607, 47.520605874080395, 0.0 ], [ 6.965334456116849, 47.517756405235673, 0.0 ], [ 6.960888999808371, 47.518432227869297, 0.0 ], [ 6.95802941459195, 47.515569627739829, 0.0 ], [ 6.951862750580474, 47.516536124990772, 0.0 ], [ 6.949443394456127, 47.516094552450497, 0.0 ], [ 6.945001514596065, 47.513340284244634, 0.0 ], [ 6.942763863134904, 47.513609840290215, 0.0 ], [ 6.937692384399889, 47.517235112937001, 0.0 ] ] ] } },
{ "type": "Feature", "properties": { "INSEE_COM": "90054", "NOM_COM": "Grosmagny", "EPCI": "200069060", "code_serm": 2 }, "geometry": { "type": "Polygon", "coordinates": [ [ [ 6.892558963757324, 47.703916546873231, 0.0 ], [ 6.890704471093807, 47.700424112419078, 0.0 ], [ 6.891337823015151, 47.698879160807586, 0.0 ], [ 6.890468169345932, 47.694484300797583, 0.0 ], [ 6.886917684033997, 47.696478665305762, 0.0 ], [ 6.882510465151347, 47.698058906252733, 0.0 ], [ 6.872606483504915, 47.69924359437271, 0.0 ], [ 6.869625597503935, 47.703009105713953, 0.0 ], [ 6.865796472067718, 47.706093374064778, 0.0 ], [ 6.864410134594975, 47.709673500033034, 0.0 ], [ 6.860241128731671, 47.714802653552972, 0.0 ], [ 6.862524175304821, 47.717228808242098, 0.0 ], [ 6.864391238240282, 47.721353798615091, 0.0 ], [ 6.864422582686258, 47.726845184673117, 0.0 ], [ 6.865115885758671, 47.728557855670417, 0.0 ], [ 6.870130259857863, 47.730033883653405, 0.0 ], [ 6.878066562746344, 47.730947859271225, 0.0 ], [ 6.881960315759907, 47.73237944998273, 0.0 ], [ 6.884994604803907, 47.734422509531676, 0.0 ], [ 6.88612646354065, 47.735782577433469, 0.0 ], [ 6.886054923689316, 47.738846131457734, 0.0 ], [ 6.887511737487766, 47.742495099572423, 0.0 ], [ 6.886104281356135, 47.747078194237119, 0.0 ], [ 6.887487117222153, 47.750260119396081, 0.0 ], [ 6.888282704199594, 47.75077976808619, 0.0 ], [ 6.897176803970057, 47.738123731663165, 0.0 ], [ 6.891775757923327, 47.723324693676368, 0.0 ], [ 6.891724704525829, 47.722151291129528, 0.0 ], [ 6.89260460459629, 47.721893108546219, 0.0 ], [ 6.892987717523464, 47.720959375073221, 0.0 ], [ 6.893903222497991, 47.715619283522329, 0.0 ], [ 6.895381463013399, 47.713228830715074, 0.0 ], [ 6.892097147890121, 47.706913865265236, 0.0 ], [ 6.892558963757324, 47.703916546873231, 0.0 ] ] ] } },
{ "type": "Feature", "properties": { "INSEE_COM": "90055", "NOM_COM": "Grosne", "EPCI": "249000241", "code_serm": 2 }, "geometry": { "type": "Polygon", "coordinates": [ [ [ 6.98410960931033, 47.568157376483214, 0.0 ], [ 6.986970629815398, 47.572890408500349, 0.0 ], [ 6.985650141489336, 47.578037673758153, 0.0 ], [ 6.985721094308487, 47.580736362706133, 0.0 ], [ 6.991146450880756, 47.581057302181776, 0.0 ], [ 6.993227249347151, 47.58072108553359, 0.0 ], [ 7.008395880880712, 47.583551596234379, 0.0 ], [ 7.007955168336673, 47.582170655997359, 0.0 ], [ 7.008800291270937, 47.581894652103699, 0.0 ], [ 7.007768425383039, 47.579186611340027, 0.0 ], [ 7.007283774892663, 47.574895120745815, 0.0 ], [ 7.004939387132812, 47.571340787619228, 0.0 ], [ 7.005138539117325, 47.568474158373064, 0.0 ], [ 7.004570143137195, 47.567057030988678, 0.0 ], [ 7.002003327943966, 47.564241229861949, 0.0 ], [ 7.000819590549542, 47.560758726214928, 0.0 ], [ 6.999759020863087, 47.56021649773826, 0.0 ], [ 6.997527324889291, 47.560019969486071, 0.0 ], [ 6.997251758766197, 47.561941952685522, 0.0 ], [ 6.993625753400258, 47.56206444225954, 0.0 ], [ 6.985284822845689, 47.55949466506739, 0.0 ], [ 6.982351960170628, 47.561196482845169, 0.0 ], [ 6.98100140969092, 47.563567012957236, 0.0 ], [ 6.979233330163769, 47.565125304766511, 0.0 ], [ 6.98014581565373, 47.566469498571699, 0.0 ], [ 6.98410960931033, 47.568157376483214, 0.0 ] ] ] } },
{ "type": "Feature", "properties": { "INSEE_COM": "90056", "NOM_COM": "Joncherey", "EPCI": "249000241", "code_serm": 2 }, "geometry": { "type": "Polygon", "coordinates": [ [ [ 6.989522493129792, 47.534606594270024, 0.0 ], [ 6.996022583597948, 47.536707362325849, 0.0 ], [ 7.001242110641661, 47.539705299686865, 0.0 ], [ 7.007586053021477, 47.542459754647751, 0.0 ], [ 7.008571362970225, 47.543528153016453, 0.0 ], [ 7.012775238414959, 47.544399220584374, 0.0 ], [ 7.019555895553633, 47.544945137318606, 0.0 ], [ 7.022545385321264, 47.544304791223283, 0.0 ], [ 7.025900676875938, 47.544986569799121, 0.0 ], [ 7.027948803741236, 47.541801749399006, 0.0 ], [ 7.022137385892341, 47.53329943654218, 0.0 ], [ 7.022460697030514, 47.531654189460056, 0.0 ], [ 7.02383691596587, 47.531196561173999, 0.0 ], [ 7.02463858871288, 47.530196345706813, 0.0 ], [ 7.024670881329443, 47.527197446989632, 0.0 ], [ 7.021415435096792, 47.523707319156678, 0.0 ], [ 7.01962887121762, 47.52008710608429, 0.0 ], [ 7.014597107222708, 47.520162417926002, 0.0 ], [ 7.00589859524552, 47.521128000304252, 0.0 ], [ 7.002666184463082, 47.522187309603957, 0.0 ], [ 6.998531057824512, 47.524503292560595, 0.0 ], [ 6.997271438934326, 47.527711903705914, 0.0 ], [ 6.992988375796563, 47.529143155346986, 0.0 ], [ 6.989607682519236, 47.529170664166216, 0.0 ], [ 6.988350928029345, 47.530411523232303, 0.0 ], [ 6.988726033982858, 47.531193622925855, 0.0 ], [ 6.990846222808019, 47.532283680110737, 0.0 ], [ 6.988819828701645, 47.533305751760864, 0.0 ], [ 6.988679367687868, 47.533937862221926, 0.0 ], [ 6.989522493129792, 47.534606594270024, 0.0 ] ] ] } },
{ "type": "Feature", "properties": { "INSEE_COM": "90057", "NOM_COM": "Lachapelle-sous-Chaux", "EPCI": "200069060", "code_serm": 2 }, "geometry": { "type": "Polygon", "coordinates": [ [ [ 6.807796562990686, 47.720627047857015, 0.0 ], [ 6.813634380710179, 47.721664998997163, 0.0 ], [ 6.814145813035654, 47.719054923908196, 0.0 ], [ 6.813601885493472, 47.716252190026871, 0.0 ], [ 6.814818269178945, 47.714686022776945, 0.0 ], [ 6.816769320496376, 47.713441884407061, 0.0 ], [ 6.819628277232442, 47.712533902883187, 0.0 ], [ 6.82087879203768, 47.708693023841072, 0.0 ], [ 6.827419811663708, 47.70972079006291, 0.0 ], [ 6.828971320767763, 47.703074650734017, 0.0 ], [ 6.829087930257151, 47.698160587065757, 0.0 ], [ 6.825018220115078, 47.696601533883104, 0.0 ], [ 6.818136214073469, 47.694890054282112, 0.0 ], [ 6.816164278234282, 47.693634316415491, 0.0 ], [ 6.811886097872017, 47.69237810282582, 0.0 ], [ 6.810404514443521, 47.693570844290697, 0.0 ], [ 6.804315820859926, 47.691891279795918, 0.0 ], [ 6.800653780702002, 47.691688738512262, 0.0 ], [ 6.795316215364645, 47.69009152132989, 0.0 ], [ 6.787728609935536, 47.690291749097725, 0.0 ], [ 6.780173799647495, 47.68976953734758, 0.0 ], [ 6.778148430223951, 47.697774653987281, 0.0 ], [ 6.773934382275884, 47.699241724080494, 0.0 ], [ 6.770531022198065, 47.701623227635253, 0.0 ], [ 6.770018845777222, 47.706702090749005, 0.0 ], [ 6.772446026343408, 47.710153365970818, 0.0 ], [ 6.772569697586077, 47.711635274824928, 0.0 ], [ 6.771580083999484, 47.712573702092435, 0.0 ], [ 6.772623585604364, 47.713074379943357, 0.0 ], [ 6.773165423208408, 47.714503143907152, 0.0 ], [ 6.774936132030684, 47.715712016511674, 0.0 ], [ 6.784332010257585, 47.717401490106347, 0.0 ], [ 6.795441919885785, 47.716976486708639, 0.0 ], [ 6.798505310965227, 47.717616806513206, 0.0 ], [ 6.801310507204949, 47.718791687373532, 0.0 ], [ 6.801780095272856, 47.721067023233701, 0.0 ], [ 6.804501852800557, 47.722304019308694, 0.0 ], [ 6.806010412272141, 47.721008698510801, 0.0 ], [ 6.807796562990686, 47.720627047857015, 0.0 ] ] ] } },
{ "type": "Feature", "properties": { "INSEE_COM": "90058", "NOM_COM": "Lachapelle-sous-Rougemont", "EPCI": "200069060", "code_serm": 2 }, "geometry": { "type": "Polygon", "coordinates": [ [ [ 7.001122089487199, 47.704228464909164, 0.0 ], [ 6.99735100647534, 47.708843771422742, 0.0 ], [ 6.99399688410589, 47.708736726666039, 0.0 ], [ 6.99281336716843, 47.709371061485072, 0.0 ], [ 6.991929731338318, 47.714415596966916, 0.0 ], [ 7.003089535949102, 47.718235463629071, 0.0 ], [ 7.013155486489494, 47.720137113362696, 0.0 ], [ 7.019890406018446, 47.722363381477329, 0.0 ], [ 7.020127135083425, 47.721748717320416, 0.0 ], [ 7.022258236169526, 47.722166590184599, 0.0 ], [ 7.032542375769638, 47.726134646532024, 0.0 ], [ 7.035157696566801, 47.724619572066921, 0.0 ], [ 7.037784671226402, 47.721622398942827, 0.0 ], [ 7.036026593416953, 47.720999965703236, 0.0 ], [ 7.036456496098386, 47.718567107766049, 0.0 ], [ 7.027547865222864, 47.705316173927159, 0.0 ], [ 7.018764562961481, 47.705078665331769, 0.0 ], [ 7.013055406172511, 47.705645231965761, 0.0 ], [ 7.009499167153847, 47.705547379119459, 0.0 ], [ 7.001122089487199, 47.704228464909164, 0.0 ] ] ] } },
{ "type": "Feature", "properties": { "INSEE_COM": "90059", "NOM_COM": "Lacollonge", "EPCI": "200069052", "code_serm": 2 }, "geometry": { "type": "Polygon", "coordinates": [ [ [ 6.972168427060282, 47.669818128520035, 0.0 ], [ 6.971838754793416, 47.668348629676238, 0.0 ], [ 6.972655508739384, 47.664288772188648, 0.0 ], [ 6.971516483855677, 47.658492068320363, 0.0 ], [ 6.963381386581609, 47.656222494722705, 0.0 ], [ 6.961956451232831, 47.656056358379331, 0.0 ], [ 6.957297948633718, 47.656874917299689, 0.0 ], [ 6.952239716293183, 47.662396743864207, 0.0 ], [ 6.957664211600321, 47.662239180619814, 0.0 ], [ 6.958104991138447, 47.663521996943864, 0.0 ], [ 6.956668434561944, 47.667262957080098, 0.0 ], [ 6.952302935231854, 47.668178594468976, 0.0 ], [ 6.949138025565048, 47.666176812048143, 0.0 ], [ 6.948811817086875, 47.664871171184913, 0.0 ], [ 6.946936822543514, 47.662737396806484, 0.0 ], [ 6.942850297402262, 47.662335607045051, 0.0 ], [ 6.941177674745784, 47.664287305300441, 0.0 ], [ 6.940850248945047, 47.666895632735347, 0.0 ], [ 6.944509384199288, 47.666944244210562, 0.0 ], [ 6.953740596228518, 47.66867427061004, 0.0 ], [ 6.962383264725923, 47.667917266990095, 0.0 ], [ 6.966852149036728, 47.668554143695317, 0.0 ], [ 6.967315019088294, 47.669341410088741, 0.0 ], [ 6.972168427060282, 47.669818128520035, 0.0 ] ] ] } },
{ "type": "Feature", "properties": { "INSEE_COM": "90060", "NOM_COM": "Lagrange", "EPCI": "200069052", "code_serm": 2 }, "geometry": { "type": "Polygon", "coordinates": [ [ [ 6.968243554727252, 47.690537107597002, 0.0 ], [ 6.968732074122792, 47.689856323666234, 0.0 ], [ 6.972060914255462, 47.689158325120886, 0.0 ], [ 6.977694778821257, 47.68869360360199, 0.0 ], [ 6.983520918045324, 47.686017665005018, 0.0 ], [ 6.982302087314398, 47.685210263098512, 0.0 ], [ 6.984523747068823, 47.684186431839969, 0.0 ], [ 6.985300651554605, 47.683296561266786, 0.0 ], [ 6.984083546733626, 47.678817529688679, 0.0 ], [ 6.976791310191982, 47.678235968001502, 0.0 ], [ 6.975559337540826, 47.680932894639902, 0.0 ], [ 6.967833641682243, 47.689979659981638, 0.0 ], [ 6.967581728708992, 47.690414486538245, 0.0 ], [ 6.968243554727252, 47.690537107597002, 0.0 ] ] ] } },
{ "type": "Feature", "properties": { "INSEE_COM": "90061", "NOM_COM": "Lamadeleine-Val-des-Anges", "EPCI": "200069060", "code_serm": 2 }, "geometry": { "type": "Polygon", "coordinates": [ [ [ 6.888282704199594, 47.75077976808619, 0.0 ], [ 6.889007721614752, 47.751814503939315, 0.0 ], [ 6.888509539077025, 47.753828879459697, 0.0 ], [ 6.891963036545375, 47.757051854136812, 0.0 ], [ 6.89784070383392, 47.765155657731675, 0.0 ], [ 6.90542652949445, 47.766787017041167, 0.0 ], [ 6.902299450123576, 47.776633484825652, 0.0 ], [ 6.905034549168616, 47.777469531212915, 0.0 ], [ 6.910434693985013, 47.777948875942265, 0.0 ], [ 6.912388662262343, 47.777741201657385, 0.0 ], [ 6.922194132335965, 47.772819916656914, 0.0 ], [ 6.924817898492632, 47.768612818461037, 0.0 ], [ 6.925437629260261, 47.766269773018429, 0.0 ], [ 6.924629905752106, 47.763492487869392, 0.0 ], [ 6.921160538509135, 47.757295341269767, 0.0 ], [ 6.920987294235657, 47.75583317143785, 0.0 ], [ 6.923223233122612, 47.751468723563065, 0.0 ], [ 6.922156158230706, 47.747089740835243, 0.0 ], [ 6.910498142214731, 47.745957989617914, 0.0 ], [ 6.905558175063749, 47.74693495888495, 0.0 ], [ 6.902880080163286, 47.746690916086749, 0.0 ], [ 6.89958134558291, 47.747676839172399, 0.0 ], [ 6.896605712852746, 47.749317846584866, 0.0 ], [ 6.889610922065789, 47.74939111946864, 0.0 ], [ 6.888282704199594, 47.75077976808619, 0.0 ] ] ] } },
{ "type": "Feature", "properties": { "INSEE_COM": "90062", "NOM_COM": "Larivière", "EPCI": "200069052", "code_serm": 2 }, "geometry": { "type": "Polygon", "coordinates": [ [ [ 6.985300651554605, 47.683296561266786, 0.0 ], [ 6.982302087314398, 47.685210263098512, 0.0 ], [ 6.985905573906331, 47.687118742377955, 0.0 ], [ 6.998863248966417, 47.689117416534458, 0.0 ], [ 7.006804186963132, 47.688255069934435, 0.0 ], [ 7.009342555448702, 47.687559661751671, 0.0 ], [ 7.008307211230867, 47.686802097120243, 0.0 ], [ 7.00581305480627, 47.681783938543695, 0.0 ], [ 7.004672891333517, 47.680712703771682, 0.0 ], [ 7.003182451223224, 47.674499285336154, 0.0 ], [ 7.00718835487342, 47.674429526048648, 0.0 ], [ 7.017922600129388, 47.675975044592533, 0.0 ], [ 7.0199003644822, 47.675057124433508, 0.0 ], [ 7.020469458133339, 47.673473871971041, 0.0 ], [ 7.015262151825307, 47.672119966452129, 0.0 ], [ 7.009245585137512, 47.668837917164574, 0.0 ], [ 7.008398701947025, 47.669516781282667, 0.0 ], [ 7.000846104539126, 47.669773925801621, 0.0 ], [ 6.994901265719332, 47.669515070356368, 0.0 ], [ 6.981257758160003, 47.667842296987565, 0.0 ], [ 6.978098743597189, 47.667721923712016, 0.0 ], [ 6.975708232679974, 47.668638755344524, 0.0 ], [ 6.971850037790637, 47.668553724944744, 0.0 ], [ 6.972551734525179, 47.672275343887797, 0.0 ], [ 6.976791310191982, 47.678235968001502, 0.0 ], [ 6.984083546733626, 47.678817529688679, 0.0 ], [ 6.985300651554605, 47.683296561266786, 0.0 ] ] ] } },
{ "type": "Feature", "properties": { "INSEE_COM": "90063", "NOM_COM": "Lebetain", "EPCI": "249000241", "code_serm": 2 }, "geometry": { "type": "Polygon", "coordinates": [ [ [ 6.963848586099243, 47.496340013381563, 0.0 ], [ 6.973710409620663, 47.497868598979778, 0.0 ], [ 6.977855964357925, 47.497387232041646, 0.0 ], [ 6.978107862866809, 47.495964477537186, 0.0 ], [ 6.982856566330058, 47.494298724178272, 0.0 ], [ 6.982639823388184, 47.493656296282339, 0.0 ], [ 6.986427341993211, 47.492141337530633, 0.0 ], [ 6.988649325600226, 47.486897989079559, 0.0 ], [ 6.988591000595259, 47.481017097301986, 0.0 ], [ 6.986440188534468, 47.476330934897554, 0.0 ], [ 6.987845828479067, 47.474928090689097, 0.0 ], [ 6.98829592918297, 47.473101912650137, 0.0 ], [ 6.981422262788981, 47.473142619136908, 0.0 ], [ 6.972213614567158, 47.477416790511143, 0.0 ], [ 6.968712714527545, 47.479667827339831, 0.0 ], [ 6.962654035703125, 47.481477700043861, 0.0 ], [ 6.9573127053791, 47.482403915697368, 0.0 ], [ 6.952405054680852, 47.485080790471606, 0.0 ], [ 6.953549841000267, 47.489954866294681, 0.0 ], [ 6.955671634042618, 47.490595704368744, 0.0 ], [ 6.956694122150165, 47.493937201306913, 0.0 ], [ 6.960440715490604, 47.494374007483103, 0.0 ], [ 6.963848586099243, 47.496340013381563, 0.0 ] ] ] } },
{ "type": "Feature", "properties": { "INSEE_COM": "90064", "NOM_COM": "Lepuix-Neuf", "EPCI": "249000241", "code_serm": 2 }, "geometry": { "type": "Polygon", "coordinates": [ [ [ 7.104577354566973, 47.531820889655918, 0.0 ], [ 7.102271105648002, 47.531979647733351, 0.0 ], [ 7.100768849801651, 47.533787491375179, 0.0 ], [ 7.098146864593658, 47.534585525404054, 0.0 ], [ 7.092705863493819, 47.533282360639504, 0.0 ], [ 7.092765715545031, 47.535123529573411, 0.0 ], [ 7.091083142608786, 47.536511225791656, 0.0 ], [ 7.087606961172473, 47.537751823974709, 0.0 ], [ 7.082237979384348, 47.536886402686108, 0.0 ], [ 7.082794989318652, 47.54260756260409, 0.0 ], [ 7.082269344038749, 47.543898680377339, 0.0 ], [ 7.081049134252526, 47.54402705343179, 0.0 ], [ 7.08469759816088, 47.54884488692602, 0.0 ], [ 7.097168956794864, 47.549012754194678, 0.0 ], [ 7.099131354644409, 47.549377288166333, 0.0 ], [ 7.102727624753336, 47.551045320250019, 0.0 ], [ 7.105668446008811, 47.551614155252608, 0.0 ], [ 7.112401708893211, 47.548558177927568, 0.0 ], [ 7.118833319338433, 47.547642370323828, 0.0 ], [ 7.121536803137501, 47.545549346007149, 0.0 ], [ 7.122938007528924, 47.543730386026567, 0.0 ], [ 7.127430926316685, 47.542800638553516, 0.0 ], [ 7.131568665045745, 47.540275254049675, 0.0 ], [ 7.133117914259135, 47.539859752305603, 0.0 ], [ 7.132135981878466, 47.538609220531036, 0.0 ], [ 7.129134592893869, 47.536924604325101, 0.0 ], [ 7.122440899323576, 47.534097898424591, 0.0 ], [ 7.104577354566973, 47.531820889655918, 0.0 ] ] ] } },
{ "type": "Feature", "properties": { "INSEE_COM": "90065", "NOM_COM": "Lepuix", "EPCI": "200069060", "code_serm": 2 }, "geometry": { "type": "Polygon", "coordinates": [ [ [ 6.838884487677083, 47.824398215175641, 0.0 ], [ 6.842345173231454, 47.825091229589255, 0.0 ], [ 6.84478914109459, 47.823991938038979, 0.0 ], [ 6.845879068477939, 47.822893797025252, 0.0 ], [ 6.841184689130597, 47.818774012349493, 0.0 ], [ 6.84223220590782, 47.816571670771822, 0.0 ], [ 6.842828487835931, 47.812570247231754, 0.0 ], [ 6.846834938258169, 47.810611342261687, 0.0 ], [ 6.850557805336781, 47.806809880465678, 0.0 ], [ 6.848198951796504, 47.804268854584343, 0.0 ], [ 6.849387994861456, 47.80083357762107, 0.0 ], [ 6.851476826844246, 47.798135513989045, 0.0 ], [ 6.854507375379429, 47.795886689238472, 0.0 ], [ 6.8600470269588, 47.794347149542858, 0.0 ], [ 6.862176100578531, 47.791808829379271, 0.0 ], [ 6.861111199351678, 47.789150562009446, 0.0 ], [ 6.862147775846847, 47.786430185471524, 0.0 ], [ 6.865381080087213, 47.784888915541529, 0.0 ], [ 6.856658597985747, 47.775269859619151, 0.0 ], [ 6.855584943960926, 47.773183127153423, 0.0 ], [ 6.850374673538242, 47.772319278518616, 0.0 ], [ 6.844194373703426, 47.770219219038069, 0.0 ], [ 6.842239992143732, 47.768847042213004, 0.0 ], [ 6.83452360923641, 47.757497560579061, 0.0 ], [ 6.831707596240848, 47.757380756210033, 0.0 ], [ 6.828154741052649, 47.754860431744326, 0.0 ], [ 6.826456210763885, 47.752944386704513, 0.0 ], [ 6.82596339729205, 47.751070895610617, 0.0 ], [ 6.824748754994998, 47.750400543766524, 0.0 ], [ 6.821623651842893, 47.749471811469888, 0.0 ], [ 6.818979317157731, 47.750418710012504, 0.0 ], [ 6.817275351653382, 47.750189573509708, 0.0 ], [ 6.815456472665787, 47.749233371643555, 0.0 ], [ 6.815319738467597, 47.746841815159357, 0.0 ], [ 6.809708347253299, 47.74704631549136, 0.0 ], [ 6.802032222837503, 47.749244195750514, 0.0 ], [ 6.799575848585672, 47.748617546038545, 0.0 ], [ 6.789685573590232, 47.752509326913895, 0.0 ], [ 6.791463568331728, 47.754603503317504, 0.0 ], [ 6.787663981566907, 47.76024295737615, 0.0 ], [ 6.781479137703171, 47.765033943610398, 0.0 ], [ 6.778456355011929, 47.76635522857103, 0.0 ], [ 6.774580573188883, 47.766732596161603, 0.0 ], [ 6.77463782478593, 47.768217506079729, 0.0 ], [ 6.775942729961946, 47.769428793450523, 0.0 ], [ 6.778446039331311, 47.770594176515978, 0.0 ], [ 6.779528019686421, 47.774741983306143, 0.0 ], [ 6.780495827958238, 47.776228119979983, 0.0 ], [ 6.78354632893764, 47.778821937139249, 0.0 ], [ 6.784701509918315, 47.781435523037629, 0.0 ], [ 6.792560268206053, 47.785099020487458, 0.0 ], [ 6.796874329053275, 47.786329710183523, 0.0 ], [ 6.81001514984802, 47.793933156128581, 0.0 ], [ 6.811110281087719, 47.796245706516281, 0.0 ], [ 6.813535666469823, 47.798104045216228, 0.0 ], [ 6.823475310473815, 47.808414390797012, 0.0 ], [ 6.823836709137797, 47.814255938009438, 0.0 ], [ 6.832343336197004, 47.817575915052473, 0.0 ], [ 6.838884487677083, 47.824398215175641, 0.0 ] ] ] } },
{ "type": "Feature", "properties": { "INSEE_COM": "90066", "NOM_COM": "Leval", "EPCI": "200069060", "code_serm": 2 }, "geometry": { "type": "Polygon", "coordinates": [ [ [ 6.98218061514367, 47.73625708007863, 0.0 ], [ 6.999010932372541, 47.745952919524449, 0.0 ], [ 7.004925694942215, 47.743514668692129, 0.0 ], [ 7.012485742942972, 47.741640600462489, 0.0 ], [ 7.01583418791076, 47.743803948054456, 0.0 ], [ 7.019404189276424, 47.736620296778213, 0.0 ], [ 7.02096692101916, 47.734600117578104, 0.0 ], [ 7.013642633221098, 47.732090391127926, 0.0 ], [ 7.006318132288789, 47.727296556772082, 0.0 ], [ 7.000971008644719, 47.725035550574887, 0.0 ], [ 6.981304009645903, 47.718752270094363, 0.0 ], [ 6.97843183680362, 47.720312694148063, 0.0 ], [ 6.974652817097868, 47.721052238498103, 0.0 ], [ 6.970353122639452, 47.723281894079477, 0.0 ], [ 6.968078849891431, 47.727011637572438, 0.0 ], [ 6.972745068370959, 47.728005825690829, 0.0 ], [ 6.976465534507626, 47.72987281404103, 0.0 ], [ 6.98218061514367, 47.73625708007863, 0.0 ] ] ] } },
{ "type": "Feature", "properties": { "INSEE_COM": "90067", "NOM_COM": "Menoncourt", "EPCI": "200069052", "code_serm": 2 }, "geometry": { "type": "Polygon", "coordinates": [ [ [ 6.96687817852774, 47.668742515974145, 0.0 ], [ 6.962383264725923, 47.667917266990095, 0.0 ], [ 6.953014207801057, 47.668630364501603, 0.0 ], [ 6.944509384199288, 47.666944244210562, 0.0 ], [ 6.938663802740603, 47.666790044578057, 0.0 ], [ 6.936400518618127, 47.67547011968243, 0.0 ], [ 6.93667541076013, 47.679588347880959, 0.0 ], [ 6.941973126366948, 47.681679836282463, 0.0 ], [ 6.943899385423979, 47.683219865608287, 0.0 ], [ 6.944270397714492, 47.689349013326726, 0.0 ], [ 6.937807599957191, 47.688696434781129, 0.0 ], [ 6.934285583121764, 47.692964159523726, 0.0 ], [ 6.938472914181985, 47.693976633616657, 0.0 ], [ 6.950237094010413, 47.692128623167413, 0.0 ], [ 6.954876550701464, 47.693078371300693, 0.0 ], [ 6.957156993527045, 47.690085774955442, 0.0 ], [ 6.959705391604885, 47.684291195772374, 0.0 ], [ 6.960253283316779, 47.682738767069608, 0.0 ], [ 6.960098912896494, 47.679656451940303, 0.0 ], [ 6.961915290605628, 47.678563879864164, 0.0 ], [ 6.962593909037494, 47.675630843239496, 0.0 ], [ 6.961939625231617, 47.672053582088651, 0.0 ], [ 6.96315498206906, 47.670526245950896, 0.0 ], [ 6.973704701259227, 47.673690699808951, 0.0 ], [ 6.972551734525179, 47.672275343887797, 0.0 ], [ 6.972168427060282, 47.669818128520035, 0.0 ], [ 6.967315019088294, 47.669341410088741, 0.0 ], [ 6.96687817852774, 47.668742515974145, 0.0 ] ] ] } },
{ "type": "Feature", "properties": { "INSEE_COM": "90068", "NOM_COM": "Meroux-Moval", "EPCI": "200069052", "code_serm": 2 }, "geometry": { "type": "Polygon", "coordinates": [ [ [ 6.931674275362076, 47.583129088609816, 0.0 ], [ 6.921947886303149, 47.578126711956678, 0.0 ], [ 6.919609542829617, 47.579403082534441, 0.0 ], [ 6.918039736860137, 47.581043814799266, 0.0 ], [ 6.915265222500304, 47.581842671163123, 0.0 ], [ 6.911502300059469, 47.582260051872296, 0.0 ], [ 6.896652190939727, 47.581424323324093, 0.0 ], [ 6.888191838394465, 47.58025757527993, 0.0 ], [ 6.879439299211632, 47.582340704164864, 0.0 ], [ 6.878128911812455, 47.584269621753762, 0.0 ], [ 6.877105237867386, 47.584847089002928, 0.0 ], [ 6.879412798859176, 47.585806738747493, 0.0 ], [ 6.877705074547484, 47.587255000100463, 0.0 ], [ 6.877424324904563, 47.590651971110077, 0.0 ], [ 6.878107550350296, 47.591584533488003, 0.0 ], [ 6.881714807551735, 47.591872780453613, 0.0 ], [ 6.88203187798563, 47.592733695423661, 0.0 ], [ 6.880000185894557, 47.595610358741176, 0.0 ], [ 6.881094257764352, 47.596438216073814, 0.0 ], [ 6.884183552414477, 47.597403314088538, 0.0 ], [ 6.885467468536544, 47.598458223959156, 0.0 ], [ 6.886222881905194, 47.601714352527217, 0.0 ], [ 6.885496329683138, 47.603704082888008, 0.0 ], [ 6.881018093968134, 47.609626242738365, 0.0 ], [ 6.880985611356356, 47.610553755979133, 0.0 ], [ 6.891245202018355, 47.610872617299954, 0.0 ], [ 6.892963012246978, 47.606762587869177, 0.0 ], [ 6.896128993183203, 47.606813710627414, 0.0 ], [ 6.900086388251709, 47.604565437184782, 0.0 ], [ 6.904598406510622, 47.603709756989218, 0.0 ], [ 6.907306374270769, 47.602512393634989, 0.0 ], [ 6.908842569716816, 47.600891006335786, 0.0 ], [ 6.91195550826954, 47.599659226250907, 0.0 ], [ 6.921526730838676, 47.599264849242076, 0.0 ], [ 6.924391145321144, 47.598191583822341, 0.0 ], [ 6.923535388764362, 47.597063193888864, 0.0 ], [ 6.920477656719761, 47.596628876239791, 0.0 ], [ 6.938484553064747, 47.594081876330058, 0.0 ], [ 6.944184935832261, 47.595984634851497, 0.0 ], [ 6.944474080282492, 47.594434634535105, 0.0 ], [ 6.950725199764168, 47.593244306850998, 0.0 ], [ 6.947322815171983, 47.591753489186729, 0.0 ], [ 6.944645739030349, 47.589582843035309, 0.0 ], [ 6.940257717374466, 47.588485661814111, 0.0 ], [ 6.938014368262866, 47.587204165472748, 0.0 ], [ 6.933509991416603, 47.585879050931688, 0.0 ], [ 6.931674275362076, 47.583129088609816, 0.0 ] ] ] } },
{ "type": "Feature", "properties": { "INSEE_COM": "90069", "NOM_COM": "Méziré", "EPCI": "200069052", "code_serm": 2 }, "geometry": { "type": "Polygon", "coordinates": [ [ [ 6.907203084555166, 47.542356882324604, 0.0 ], [ 6.912775337859463, 47.543947157208684, 0.0 ], [ 6.913542481964705, 47.545134473059136, 0.0 ], [ 6.915410291430948, 47.546064902387251, 0.0 ], [ 6.916727310046005, 47.545618685650958, 0.0 ], [ 6.918515783945773, 47.5458839084299, 0.0 ], [ 6.920396118117455, 47.545514237400965, 0.0 ], [ 6.923192070365991, 47.543982639771428, 0.0 ], [ 6.924509669329694, 47.543799477303644, 0.0 ], [ 6.926279297167964, 47.544550991344167, 0.0 ], [ 6.927355586828876, 47.542515736536664, 0.0 ], [ 6.928308835800077, 47.536455090513726, 0.0 ], [ 6.929360417385262, 47.534792854726142, 0.0 ], [ 6.934489672187608, 47.534976643371017, 0.0 ], [ 6.934793676464868, 47.534622994874766, 0.0 ], [ 6.933707308591983, 47.526609586117168, 0.0 ], [ 6.932792621616546, 47.524088986790105, 0.0 ], [ 6.935799002135498, 47.520520256330464, 0.0 ], [ 6.939004007028234, 47.521547509874559, 0.0 ], [ 6.939651567805625, 47.519953789181464, 0.0 ], [ 6.937574248453054, 47.517419361660139, 0.0 ], [ 6.93648641906637, 47.517913080474791, 0.0 ], [ 6.934611446230628, 47.51776283816838, 0.0 ], [ 6.932732763469773, 47.519098884531488, 0.0 ], [ 6.927979296291948, 47.518467985036729, 0.0 ], [ 6.925258694042488, 47.519574533519965, 0.0 ], [ 6.920806257413366, 47.520144493542034, 0.0 ], [ 6.919003851067243, 47.521219974516939, 0.0 ], [ 6.916337229192363, 47.524774104811293, 0.0 ], [ 6.907281749176537, 47.526671629818225, 0.0 ], [ 6.907187596845527, 47.527112796018777, 0.0 ], [ 6.910328149431512, 47.526989387864916, 0.0 ], [ 6.912581348215043, 47.527449974233285, 0.0 ], [ 6.916235183458255, 47.530317556489152, 0.0 ], [ 6.916272819237672, 47.532174677864482, 0.0 ], [ 6.914525237103868, 47.535185915716248, 0.0 ], [ 6.910895488912394, 47.539268806425945, 0.0 ], [ 6.908083852118271, 47.540769091691942, 0.0 ], [ 6.907281687342768, 47.541975723853817, 0.0 ], [ 6.907203084555166, 47.542356882324604, 0.0 ] ] ] } },
{ "type": "Feature", "properties": { "INSEE_COM": "90070", "NOM_COM": "Montbouton", "EPCI": "249000241", "code_serm": 2 }, "geometry": { "type": "Polygon", "coordinates": [ [ [ 6.915933134086916, 47.477875833523449, 0.0 ], [ 6.915702462987515, 47.478229685501589, 0.0 ], [ 6.927086727871286, 47.475519868475772, 0.0 ], [ 6.930788606252498, 47.475026257581845, 0.0 ], [ 6.936015895699923, 47.473241666934079, 0.0 ], [ 6.93847762512197, 47.473131334403725, 0.0 ], [ 6.935230199200769, 47.467566671677098, 0.0 ], [ 6.935434689974891, 47.465431802374688, 0.0 ], [ 6.93770580627456, 47.463350479219656, 0.0 ], [ 6.937849912276587, 47.459313200820667, 0.0 ], [ 6.935967475497592, 47.45576360535933, 0.0 ], [ 6.932507928297859, 47.455847262120223, 0.0 ], [ 6.930045844335484, 47.458873193136093, 0.0 ], [ 6.924942560520856, 47.460719178932479, 0.0 ], [ 6.922242365675279, 47.462209945301112, 0.0 ], [ 6.921207109084323, 47.467161356264093, 0.0 ], [ 6.919970960753532, 47.468575664511363, 0.0 ], [ 6.915924821257904, 47.469082333747068, 0.0 ], [ 6.909078602743341, 47.472689620072408, 0.0 ], [ 6.907442238607998, 47.472925735617729, 0.0 ], [ 6.908344214642435, 47.474427611496743, 0.0 ], [ 6.915933134086916, 47.477875833523449, 0.0 ] ] ] } },
{ "type": "Feature", "properties": { "INSEE_COM": "90071", "NOM_COM": "Montreux-Château", "EPCI": "200069052", "code_serm": 2 }, "geometry": { "type": "Polygon", "coordinates": [ [ [ 6.988485051968976, 47.617247648709487, 0.0 ], [ 6.985285566742083, 47.622255284770695, 0.0 ], [ 6.989856895270048, 47.621884579902392, 0.0 ], [ 6.994131510566682, 47.620436030902297, 0.0 ], [ 7.003264347059615, 47.620226716101818, 0.0 ], [ 7.004929360939001, 47.619837015960506, 0.0 ], [ 7.007726911594314, 47.610853552123857, 0.0 ], [ 7.010399437494375, 47.604953005328412, 0.0 ], [ 7.005653227329301, 47.602104019155327, 0.0 ], [ 7.009031052205716, 47.599670796103979, 0.0 ], [ 7.007732548109858, 47.598313933267747, 0.0 ], [ 7.005882687667647, 47.598592883990676, 0.0 ], [ 6.999415668673436, 47.601164418768221, 0.0 ], [ 6.995124090090575, 47.599676580823477, 0.0 ], [ 6.993878681436659, 47.598294324421083, 0.0 ], [ 6.990906896090622, 47.596703462030426, 0.0 ], [ 6.985872482010245, 47.595768857895365, 0.0 ], [ 6.979797105746932, 47.595362557019669, 0.0 ], [ 6.97781380785519, 47.596354005751422, 0.0 ], [ 6.980910146502334, 47.597691287394049, 0.0 ], [ 6.981431491225084, 47.599160574562966, 0.0 ], [ 6.978860723192208, 47.606607066971698, 0.0 ], [ 6.984325490581488, 47.608188826246916, 0.0 ], [ 6.985378116861163, 47.608863965606155, 0.0 ], [ 6.985513784329623, 47.610965572644851, 0.0 ], [ 6.984763143080614, 47.612674761341054, 0.0 ], [ 6.983021786929862, 47.61337951992563, 0.0 ], [ 6.987879003973896, 47.616058876145615, 0.0 ], [ 6.988485051968976, 47.617247648709487, 0.0 ] ] ] } },
{ "type": "Feature", "properties": { "INSEE_COM": "90072", "NOM_COM": "Morvillars", "EPCI": "200069052", "code_serm": 2 }, "geometry": { "type": "Polygon", "coordinates": [ [ [ 6.918515783945773, 47.5458839084299, 0.0 ], [ 6.916727310046005, 47.545618685650958, 0.0 ], [ 6.915410291430948, 47.546064902387251, 0.0 ], [ 6.925546841997689, 47.550233732725182, 0.0 ], [ 6.929562471385078, 47.552667869454311, 0.0 ], [ 6.930162247370525, 47.554848503039466, 0.0 ], [ 6.927758657108538, 47.556723920138246, 0.0 ], [ 6.927714181578762, 47.558128664200822, 0.0 ], [ 6.929629126458059, 47.558767092654094, 0.0 ], [ 6.933489379627762, 47.558429593818296, 0.0 ], [ 6.934945279986316, 47.559016735617185, 0.0 ], [ 6.938705739977379, 47.556098532793499, 0.0 ], [ 6.939325589467748, 47.556289379059116, 0.0 ], [ 6.939934195154748, 47.55531707947479, 0.0 ], [ 6.942191583254899, 47.555417392430641, 0.0 ], [ 6.947216610093055, 47.556919153040248, 0.0 ], [ 6.950878201372805, 47.554780765142688, 0.0 ], [ 6.954373736836874, 47.555438204441124, 0.0 ], [ 6.954920850455343, 47.553477411282373, 0.0 ], [ 6.950172319040452, 47.54374255610972, 0.0 ], [ 6.949984814086111, 47.54070262405876, 0.0 ], [ 6.948062608310081, 47.53625061144573, 0.0 ], [ 6.941479896933708, 47.532026643446578, 0.0 ], [ 6.941680001816017, 47.527685668097959, 0.0 ], [ 6.943675949549351, 47.523988687630812, 0.0 ], [ 6.941161447936523, 47.52226043653139, 0.0 ], [ 6.935799002135498, 47.520520256330464, 0.0 ], [ 6.932792621616546, 47.524088986790105, 0.0 ], [ 6.933707308591983, 47.526609586117168, 0.0 ], [ 6.934793676464868, 47.534622994874766, 0.0 ], [ 6.934489672187608, 47.534976643371017, 0.0 ], [ 6.929360417385262, 47.534792854726142, 0.0 ], [ 6.928308835800077, 47.536455090513726, 0.0 ], [ 6.927355586828876, 47.542515736536664, 0.0 ], [ 6.926279297167964, 47.544550991344167, 0.0 ], [ 6.924509669329694, 47.543799477303644, 0.0 ], [ 6.923192070365991, 47.543982639771428, 0.0 ], [ 6.920396118117455, 47.545514237400965, 0.0 ], [ 6.918515783945773, 47.5458839084299, 0.0 ] ] ] } },
{ "type": "Feature", "properties": { "INSEE_COM": "90074", "NOM_COM": "Novillard", "EPCI": "200069052", "code_serm": 2 }, "geometry": { "type": "Polygon", "coordinates": [ [ [ 6.950725199764168, 47.593244306850998, 0.0 ], [ 6.944474080282492, 47.594434634535105, 0.0 ], [ 6.943381730523855, 47.598295535962556, 0.0 ], [ 6.94605753765748, 47.603687288092551, 0.0 ], [ 6.942840730650045, 47.605093837815538, 0.0 ], [ 6.943487643071132, 47.606851012391658, 0.0 ], [ 6.945175485353983, 47.608374716114739, 0.0 ], [ 6.946050604296284, 47.608602873605378, 0.0 ], [ 6.947718265032791, 47.608212997972544, 0.0 ], [ 6.948980891247836, 47.609193172078818, 0.0 ], [ 6.949939112474683, 47.612757574352933, 0.0 ], [ 6.958884111352675, 47.614166766178705, 0.0 ], [ 6.963374493719564, 47.616087181951116, 0.0 ], [ 6.965441487021181, 47.613196056916522, 0.0 ], [ 6.967521105591522, 47.612699970289192, 0.0 ], [ 6.970001187442108, 47.61122768560557, 0.0 ], [ 6.975376561566389, 47.609675649689507, 0.0 ], [ 6.979311262423125, 47.606251024839764, 0.0 ], [ 6.979986868643206, 47.602194847498303, 0.0 ], [ 6.981431491225084, 47.599160574562966, 0.0 ], [ 6.980910146502334, 47.597691287394049, 0.0 ], [ 6.977763472175941, 47.596411600535703, 0.0 ], [ 6.977020284006564, 47.597327388164231, 0.0 ], [ 6.973232354014523, 47.598600176952921, 0.0 ], [ 6.963198958288068, 47.600519602646344, 0.0 ], [ 6.958429385522709, 47.600440020276771, 0.0 ], [ 6.956087615686265, 47.599515475866959, 0.0 ], [ 6.952672514089783, 47.598885920632029, 0.0 ], [ 6.951435348087694, 47.599236963917846, 0.0 ], [ 6.950222781347929, 47.601828550962729, 0.0 ], [ 6.948798685348732, 47.602715822578503, 0.0 ], [ 6.945934187815139, 47.600613727405523, 0.0 ], [ 6.947292256911521, 47.597699127062597, 0.0 ], [ 6.950783584226409, 47.596012758648619, 0.0 ], [ 6.951425193683738, 47.596112692367207, 0.0 ], [ 6.951725208788768, 47.593398789457567, 0.0 ], [ 6.950725199764168, 47.593244306850998, 0.0 ] ] ] } },
{ "type": "Feature", "properties": { "INSEE_COM": "90075", "NOM_COM": "Offemont", "EPCI": "200069052", "code_serm": 2 }, "geometry": { "type": "Polygon", "coordinates": [ [ [ 6.882427056242421, 47.667905968434795, 0.0 ], [ 6.883252102147881, 47.667163009950428, 0.0 ], [ 6.888349475257388, 47.665276685604972, 0.0 ], [ 6.891907154825589, 47.660523418462397, 0.0 ], [ 6.895135696309855, 47.65819256092739, 0.0 ], [ 6.896051567852923, 47.658313408213708, 0.0 ], [ 6.893482519343397, 47.654368990929996, 0.0 ], [ 6.889495383188548, 47.65279051604243, 0.0 ], [ 6.884632192117845, 47.651632173099578, 0.0 ], [ 6.88118072985568, 47.649894119689897, 0.0 ], [ 6.876949185871849, 47.64982292182048, 0.0 ], [ 6.875797545243921, 47.651152542056856, 0.0 ], [ 6.873109929696258, 47.652562843733783, 0.0 ], [ 6.862101254595493, 47.654548670563372, 0.0 ], [ 6.8549139302951, 47.657706826189759, 0.0 ], [ 6.850316556125055, 47.661164845040645, 0.0 ], [ 6.854162927286739, 47.660381028357271, 0.0 ], [ 6.865212997985968, 47.667904634910805, 0.0 ], [ 6.865678701014578, 47.671731780726439, 0.0 ], [ 6.864946970217852, 47.673986366504565, 0.0 ], [ 6.863570833333401, 47.675837810906344, 0.0 ], [ 6.863686497547596, 47.678113915600711, 0.0 ], [ 6.885199909140632, 47.673989507471383, 0.0 ], [ 6.882600099928815, 47.670043204773215, 0.0 ], [ 6.882427056242421, 47.667905968434795, 0.0 ] ] ] } },
{ "type": "Feature", "properties": { "INSEE_COM": "90076", "NOM_COM": "Pérouse", "EPCI": "200069052", "code_serm": 2 }, "geometry": { "type": "Polygon", "coordinates": [ [ [ 6.906165312016931, 47.647212598652722, 0.0 ], [ 6.909533256810918, 47.644946908771239, 0.0 ], [ 6.911246328013493, 47.640685428888091, 0.0 ], [ 6.910768399747467, 47.638605243884491, 0.0 ], [ 6.907688210223085, 47.633437260966446, 0.0 ], [ 6.905565798040852, 47.63176446848243, 0.0 ], [ 6.902348238883421, 47.631484569372766, 0.0 ], [ 6.900066017614886, 47.627039523684708, 0.0 ], [ 6.900609898106236, 47.625453254997254, 0.0 ], [ 6.89557548724156, 47.624731021457606, 0.0 ], [ 6.894143647365482, 47.621880546140524, 0.0 ], [ 6.89009051086432, 47.622178841868198, 0.0 ], [ 6.888500206464563, 47.624811068697483, 0.0 ], [ 6.884097447952555, 47.62853091087436, 0.0 ], [ 6.8795326960706, 47.630068759109783, 0.0 ], [ 6.876901502956232, 47.62954337841532, 0.0 ], [ 6.873772061906192, 47.630215031550151, 0.0 ], [ 6.873793230467396, 47.630946992921722, 0.0 ], [ 6.881202539622057, 47.636069231934989, 0.0 ], [ 6.879698283603597, 47.638337956696184, 0.0 ], [ 6.884296731866383, 47.640017152659993, 0.0 ], [ 6.887958953700143, 47.642257257677095, 0.0 ], [ 6.888308389002079, 47.646847983354547, 0.0 ], [ 6.892067361057966, 47.649363217723831, 0.0 ], [ 6.897227972392966, 47.650759151542715, 0.0 ], [ 6.899695650084686, 47.650563211667539, 0.0 ], [ 6.905209318794718, 47.649036154264699, 0.0 ], [ 6.906593220818081, 47.647847143029992, 0.0 ], [ 6.906165312016931, 47.647212598652722, 0.0 ] ] ] } },
{ "type": "Feature", "properties": { "INSEE_COM": "90077", "NOM_COM": "Petit-Croix", "EPCI": "200069052", "code_serm": 2 }, "geometry": { "type": "Polygon", "coordinates": [ [ [ 6.965441487021181, 47.613196056916522, 0.0 ], [ 6.963330303999667, 47.616138251310041, 0.0 ], [ 6.963332738477154, 47.617408920972089, 0.0 ], [ 6.965326837296124, 47.619651058750058, 0.0 ], [ 6.965562697338158, 47.620976882451551, 0.0 ], [ 6.963732596708901, 47.624135721599018, 0.0 ], [ 6.964377485724641, 47.627664698603944, 0.0 ], [ 6.963365102860475, 47.628680530632465, 0.0 ], [ 6.962226284312959, 47.628497493720282, 0.0 ], [ 6.962649315252272, 47.633491298903643, 0.0 ], [ 6.966384870524962, 47.637053177606724, 0.0 ], [ 6.972439073646126, 47.636791426008259, 0.0 ], [ 6.972998904246965, 47.63100803917709, 0.0 ], [ 6.974518743661952, 47.628752754448186, 0.0 ], [ 6.975333155012958, 47.628177961969129, 0.0 ], [ 6.978724936698447, 47.627768575820838, 0.0 ], [ 6.977508690663573, 47.627262976455739, 0.0 ], [ 6.982613873813192, 47.624519411121476, 0.0 ], [ 6.986360255419607, 47.620492676680016, 0.0 ], [ 6.988485051968976, 47.617247648709487, 0.0 ], [ 6.987879003973896, 47.616058876145615, 0.0 ], [ 6.983021786929862, 47.61337951992563, 0.0 ], [ 6.984763143080614, 47.612674761341054, 0.0 ], [ 6.985513784329623, 47.610965572644851, 0.0 ], [ 6.985417433546974, 47.608908586728205, 0.0 ], [ 6.984325490581488, 47.608188826246916, 0.0 ], [ 6.978860723192208, 47.606607066971698, 0.0 ], [ 6.975376561566389, 47.609675649689507, 0.0 ], [ 6.970001187442108, 47.61122768560557, 0.0 ], [ 6.967521105591522, 47.612699970289192, 0.0 ], [ 6.965441487021181, 47.613196056916522, 0.0 ] ] ] } },
{ "type": "Feature", "properties": { "INSEE_COM": "90078", "NOM_COM": "Petitefontaine", "EPCI": "200069060", "code_serm": 2 }, "geometry": { "type": "Polygon", "coordinates": [ [ [ 6.981691756065237, 47.718901282170961, 0.0 ], [ 7.000971008644719, 47.725035550574887, 0.0 ], [ 7.006318132288789, 47.727296556772082, 0.0 ], [ 7.013642633221098, 47.732090391127926, 0.0 ], [ 7.02096692101916, 47.734600117578104, 0.0 ], [ 7.026427641543315, 47.730108889079908, 0.0 ], [ 7.028982292865713, 47.729005214887799, 0.0 ], [ 7.032486052519551, 47.726114058208537, 0.0 ], [ 7.022258236169526, 47.722166590184599, 0.0 ], [ 7.020127135083425, 47.721748717320416, 0.0 ], [ 7.019890406018446, 47.722363381477329, 0.0 ], [ 7.013155486489494, 47.720137113362696, 0.0 ], [ 7.003089535949102, 47.718235463629071, 0.0 ], [ 6.991929731338318, 47.714415596966916, 0.0 ], [ 6.990537621123773, 47.716313313090978, 0.0 ], [ 6.987822647885202, 47.717970454181447, 0.0 ], [ 6.985470430202105, 47.717250392061722, 0.0 ], [ 6.984215160863792, 47.716358625812305, 0.0 ], [ 6.981691756065237, 47.718901282170961, 0.0 ] ] ] } },
{ "type": "Feature", "properties": { "INSEE_COM": "90079", "NOM_COM": "Petitmagny", "EPCI": "200069060", "code_serm": 2 }, "geometry": { "type": "Polygon", "coordinates": [ [ [ 6.901165827352045, 47.713611788598797, 0.0 ], [ 6.895381463013399, 47.713228830715074, 0.0 ], [ 6.893903222497991, 47.715619283522329, 0.0 ], [ 6.892987717523464, 47.720959375073221, 0.0 ], [ 6.89260460459629, 47.721893108546219, 0.0 ], [ 6.891724704525829, 47.722151291129528, 0.0 ], [ 6.891987082864616, 47.724297211284878, 0.0 ], [ 6.893567236434326, 47.727367995553792, 0.0 ], [ 6.897176803970057, 47.738123731663165, 0.0 ], [ 6.903948776309785, 47.73195478929869, 0.0 ], [ 6.906843060486019, 47.723507106440785, 0.0 ], [ 6.908151858967505, 47.722415318738136, 0.0 ], [ 6.908801995608884, 47.720411030143218, 0.0 ], [ 6.908435502074258, 47.718001857420454, 0.0 ], [ 6.906025764486381, 47.715425761852487, 0.0 ], [ 6.901165827352045, 47.713611788598797, 0.0 ] ] ] } },
{ "type": "Feature", "properties": { "INSEE_COM": "90080", "NOM_COM": "Phaffans", "EPCI": "200069052", "code_serm": 2 }, "geometry": { "type": "Polygon", "coordinates": [ [ [ 6.952302935231854, 47.668178594468976, 0.0 ], [ 6.956668434561944, 47.667262957080098, 0.0 ], [ 6.957253531125702, 47.666122923381138, 0.0 ], [ 6.958104991138447, 47.663521996943864, 0.0 ], [ 6.957664211600321, 47.662239180619814, 0.0 ], [ 6.952239716293183, 47.662396743864207, 0.0 ], [ 6.957297948633718, 47.656874917299689, 0.0 ], [ 6.961956451232831, 47.656056358379331, 0.0 ], [ 6.971255279361075, 47.658208953537887, 0.0 ], [ 6.971010372165632, 47.654796217887366, 0.0 ], [ 6.966049119832173, 47.654518723609456, 0.0 ], [ 6.956895023909109, 47.653207983438428, 0.0 ], [ 6.951662232464364, 47.653348240587654, 0.0 ], [ 6.949045371741791, 47.653979304503309, 0.0 ], [ 6.939738923592189, 47.650508577248196, 0.0 ], [ 6.938493917731786, 47.650626281234786, 0.0 ], [ 6.937426776414821, 47.65270081307839, 0.0 ], [ 6.934723578569328, 47.655362183252493, 0.0 ], [ 6.930404801725749, 47.656197049459408, 0.0 ], [ 6.926169814245501, 47.655418484007825, 0.0 ], [ 6.923966826515901, 47.660100374189646, 0.0 ], [ 6.926257917082247, 47.661467995607794, 0.0 ], [ 6.927988945651733, 47.663941261197564, 0.0 ], [ 6.938663802740603, 47.666790044578057, 0.0 ], [ 6.940850248945047, 47.666895632735347, 0.0 ], [ 6.941898615776966, 47.662923778717214, 0.0 ], [ 6.942850297402262, 47.662335607045051, 0.0 ], [ 6.946936822543514, 47.662737396806484, 0.0 ], [ 6.948811817086875, 47.664871171184913, 0.0 ], [ 6.949138025565048, 47.666176812048143, 0.0 ], [ 6.952302935231854, 47.668178594468976, 0.0 ] ] ] } },
{ "type": "Feature", "properties": { "INSEE_COM": "90081", "NOM_COM": "Réchésy", "EPCI": "249000241", "code_serm": 2 }, "geometry": { "type": "Polygon", "coordinates": [ [ [ 7.135758060054781, 47.536840182663731, 0.0 ], [ 7.136212326959495, 47.533956762703561, 0.0 ], [ 7.138175622892011, 47.530572648993065, 0.0 ], [ 7.138349805693456, 47.527718085035865, 0.0 ], [ 7.139922521663876, 47.526099191857355, 0.0 ], [ 7.143362828977242, 47.524591422055785, 0.0 ], [ 7.139439227529148, 47.519345141128028, 0.0 ], [ 7.137821561130351, 47.510550973801017, 0.0 ], [ 7.135052054650322, 47.505826913748976, 0.0 ], [ 7.133106318047464, 47.504232934226124, 0.0 ], [ 7.130257331923069, 47.502946799022276, 0.0 ], [ 7.128879296971681, 47.503481528580132, 0.0 ], [ 7.127186819310455, 47.503148533651554, 0.0 ], [ 7.115690335723789, 47.49629577185619, 0.0 ], [ 7.112525326734039, 47.49510873680677, 0.0 ], [ 7.100036022980223, 47.494319828037099, 0.0 ], [ 7.096906928076112, 47.495174536449447, 0.0 ], [ 7.094620738366132, 47.501635788868114, 0.0 ], [ 7.094787290586441, 47.506033122205764, 0.0 ], [ 7.091598515762494, 47.507734335410497, 0.0 ], [ 7.091639597186559, 47.508948834435358, 0.0 ], [ 7.092698723821765, 47.512599999115835, 0.0 ], [ 7.097000188672599, 47.517150261762829, 0.0 ], [ 7.097365865037363, 47.526085232748613, 0.0 ], [ 7.102271105648002, 47.531979647733351, 0.0 ], [ 7.1060568744062, 47.531866995992878, 0.0 ], [ 7.111198797425429, 47.532878142683913, 0.0 ], [ 7.122440899323576, 47.534097898424591, 0.0 ], [ 7.129134592893869, 47.536924604325101, 0.0 ], [ 7.132986684794083, 47.539522785930338, 0.0 ], [ 7.135758060054781, 47.536840182663731, 0.0 ] ] ] } },
{ "type": "Feature", "properties": { "INSEE_COM": "90082", "NOM_COM": "Autrechêne", "EPCI": "200069052", "code_serm": 2 }, "geometry": { "type": "Polygon", "coordinates": [ [ [ 6.951904245907318, 47.590059007859018, 0.0 ], [ 6.95111548703211, 47.591263663554109, 0.0 ], [ 6.95241172274092, 47.594069487324624, 0.0 ], [ 6.951739188452298, 47.594109399455405, 0.0 ], [ 6.951425193683738, 47.596112692367207, 0.0 ], [ 6.950783584226409, 47.596012758648619, 0.0 ], [ 6.947292256911521, 47.597699127062597, 0.0 ], [ 6.945934187815139, 47.600613727405523, 0.0 ], [ 6.948798685348732, 47.602715822578503, 0.0 ], [ 6.950222781347929, 47.601828550962729, 0.0 ], [ 6.951691778704375, 47.599047126807854, 0.0 ], [ 6.956087615686265, 47.599515475866959, 0.0 ], [ 6.958429385522709, 47.600440020276771, 0.0 ], [ 6.963198958288068, 47.600519602646344, 0.0 ], [ 6.973232354014523, 47.598600176952921, 0.0 ], [ 6.977020284006564, 47.597327388164231, 0.0 ], [ 6.979617020272195, 47.595359689079167, 0.0 ], [ 6.974330734072741, 47.59198627072545, 0.0 ], [ 6.973284589421014, 47.589369505914291, 0.0 ], [ 6.973960635852039, 47.588232511795802, 0.0 ], [ 6.974883627285958, 47.587943294970842, 0.0 ], [ 6.970601730189681, 47.587617802586628, 0.0 ], [ 6.965537866382131, 47.585570307452876, 0.0 ], [ 6.964773824634832, 47.583462106853673, 0.0 ], [ 6.961777918091701, 47.582384184460878, 0.0 ], [ 6.960029921104775, 47.579757813777206, 0.0 ], [ 6.959284600514947, 47.579442448727967, 0.0 ], [ 6.956474764226556, 47.580780656705222, 0.0 ], [ 6.957653181098988, 47.581978991336811, 0.0 ], [ 6.958558527965669, 47.585493797937083, 0.0 ], [ 6.955752888015867, 47.588205338413744, 0.0 ], [ 6.951904245907318, 47.590059007859018, 0.0 ] ] ] } },
{ "type": "Feature", "properties": { "INSEE_COM": "90083", "NOM_COM": "Recouvrance", "EPCI": "249000241", "code_serm": 2 }, "geometry": { "type": "Polygon", "coordinates": [ [ [ 6.966836140765317, 47.565683932918404, 0.0 ], [ 6.971224687846257, 47.569186453886921, 0.0 ], [ 6.977545182363412, 47.577107646433795, 0.0 ], [ 6.983290285458676, 47.580256133313235, 0.0 ], [ 6.985721094308487, 47.580736362706133, 0.0 ], [ 6.985650141489336, 47.578037673758153, 0.0 ], [ 6.986971297801012, 47.573737585269861, 0.0 ], [ 6.986672990772642, 47.571793819318927, 0.0 ], [ 6.98410960931033, 47.568157376483214, 0.0 ], [ 6.98014581565373, 47.566469498571699, 0.0 ], [ 6.979233330163769, 47.565125304766511, 0.0 ], [ 6.980801696461773, 47.563745977465992, 0.0 ], [ 6.975867316915738, 47.562912169883177, 0.0 ], [ 6.966836140765317, 47.565683932918404, 0.0 ] ] ] } },
{ "type": "Feature", "properties": { "INSEE_COM": "90084", "NOM_COM": "Reppe", "EPCI": "200069052", "code_serm": 2 }, "geometry": { "type": "Polygon", "coordinates": [ [ [ 7.025214553299986, 47.672520955888288, 0.0 ], [ 7.037450504223044, 47.675372928806659, 0.0 ], [ 7.041367329499923, 47.672367867718023, 0.0 ], [ 7.04611127034819, 47.671440263243014, 0.0 ], [ 7.043692297859339, 47.668453424567311, 0.0 ], [ 7.034859868546486, 47.6623256792804, 0.0 ], [ 7.034786606272018, 47.660230069429623, 0.0 ], [ 7.03930443014806, 47.650505116366723, 0.0 ], [ 7.034839299475399, 47.649700556596919, 0.0 ], [ 7.02522645505169, 47.649643917812334, 0.0 ], [ 7.018948351076991, 47.650917368127409, 0.0 ], [ 7.022561488141732, 47.655847209716747, 0.0 ], [ 7.022882427388739, 47.662132338056658, 0.0 ], [ 7.019873015801328, 47.664700894170416, 0.0 ], [ 7.012674345157653, 47.66548559299563, 0.0 ], [ 7.009640051970203, 47.668015958981329, 0.0 ], [ 7.025214553299986, 47.672520955888288, 0.0 ] ] ] } },
{ "type": "Feature", "properties": { "INSEE_COM": "90085", "NOM_COM": "Riervescemont", "EPCI": "200069060", "code_serm": 2 }, "geometry": { "type": "Polygon", "coordinates": [ [ [ 6.856658597985747, 47.775269859619151, 0.0 ], [ 6.865381080087213, 47.784888915541529, 0.0 ], [ 6.865898697777521, 47.784045509078233, 0.0 ], [ 6.869619914484023, 47.782341116943421, 0.0 ], [ 6.872001276926098, 47.781774873083478, 0.0 ], [ 6.877633252313579, 47.78244450772759, 0.0 ], [ 6.882767506556348, 47.781843590780859, 0.0 ], [ 6.891881661886695, 47.77875645772572, 0.0 ], [ 6.893248984226489, 47.777546734423218, 0.0 ], [ 6.902299450123576, 47.776633484825652, 0.0 ], [ 6.90542652949445, 47.766787017041167, 0.0 ], [ 6.89784070383392, 47.765155657731675, 0.0 ], [ 6.891963036545375, 47.757051854136812, 0.0 ], [ 6.889658401861158, 47.75482969867187, 0.0 ], [ 6.886049412077577, 47.755310077387463, 0.0 ], [ 6.878589933966904, 47.755270137924185, 0.0 ], [ 6.875951670813563, 47.756053236580605, 0.0 ], [ 6.861975651245815, 47.75486273166733, 0.0 ], [ 6.857816998156165, 47.754897199834907, 0.0 ], [ 6.862021240456807, 47.761676377693703, 0.0 ], [ 6.860899692024652, 47.766036932921295, 0.0 ], [ 6.857719082687133, 47.769525492522476, 0.0 ], [ 6.855584943960926, 47.773183127153423, 0.0 ], [ 6.856658597985747, 47.775269859619151, 0.0 ] ] ] } },
{ "type": "Feature", "properties": { "INSEE_COM": "90086", "NOM_COM": "Romagny-sous-Rougemont", "EPCI": "200069060", "code_serm": 2 }, "geometry": { "type": "Polygon", "coordinates": [ [ [ 6.980001808440869, 47.71966176290109, 0.0 ], [ 6.98062147801547, 47.718911592558619, 0.0 ], [ 6.981691756065237, 47.718901282170961, 0.0 ], [ 6.984215160863792, 47.716358625812305, 0.0 ], [ 6.966333559882053, 47.71109895637079, 0.0 ], [ 6.957250578428565, 47.713481338726559, 0.0 ], [ 6.955504156367149, 47.717797671468041, 0.0 ], [ 6.95393548233602, 47.717336154862593, 0.0 ], [ 6.952363536946637, 47.719456633141505, 0.0 ], [ 6.951568744917257, 47.722782741916177, 0.0 ], [ 6.949918669015211, 47.722755587474644, 0.0 ], [ 6.947295315436965, 47.72195831695111, 0.0 ], [ 6.950773681422431, 47.723964928269034, 0.0 ], [ 6.963688882553136, 47.725904267810094, 0.0 ], [ 6.968078849891431, 47.727011637572438, 0.0 ], [ 6.970353122639452, 47.723281894079477, 0.0 ], [ 6.974652817097868, 47.721052238498103, 0.0 ], [ 6.980001808440869, 47.71966176290109, 0.0 ] ] ] } },
{ "type": "Feature", "properties": { "INSEE_COM": "90087", "NOM_COM": "Roppe", "EPCI": "200069052", "code_serm": 2 }, "geometry": { "type": "Polygon", "coordinates": [ [ [ 6.910238117499255, 47.662867903181152, 0.0 ], [ 6.9088449795175, 47.664862910386098, 0.0 ], [ 6.909352940252628, 47.664949545875899, 0.0 ], [ 6.91004552016591, 47.668952874174906, 0.0 ], [ 6.907990856000222, 47.670989827296872, 0.0 ], [ 6.906258901373509, 47.671406430684414, 0.0 ], [ 6.903021508202125, 47.671216356242908, 0.0 ], [ 6.899583490321363, 47.672295445068023, 0.0 ], [ 6.898304119414359, 47.675343579817039, 0.0 ], [ 6.885566517650804, 47.680408064961362, 0.0 ], [ 6.886357463063407, 47.684738905048548, 0.0 ], [ 6.890931081340153, 47.686568358956208, 0.0 ], [ 6.890292401223797, 47.689939265279776, 0.0 ], [ 6.89226423766732, 47.692723092433638, 0.0 ], [ 6.893048653442871, 47.692461758289646, 0.0 ], [ 6.898397398994979, 47.693179208451504, 0.0 ], [ 6.901649857863174, 47.694395383802835, 0.0 ], [ 6.904196346910965, 47.69160501483713, 0.0 ], [ 6.906150916037003, 47.690920588082975, 0.0 ], [ 6.913932389995082, 47.690631373855574, 0.0 ], [ 6.918178374719124, 47.688766017797022, 0.0 ], [ 6.925225155985444, 47.690302145301331, 0.0 ], [ 6.926702692012134, 47.690247997273708, 0.0 ], [ 6.92627722990914, 47.685127323249411, 0.0 ], [ 6.929114988744717, 47.682997939360085, 0.0 ], [ 6.928429330426914, 47.677427290529444, 0.0 ], [ 6.928770639594085, 47.673821845273892, 0.0 ], [ 6.9275914676763, 47.670278340783369, 0.0 ], [ 6.927988945651733, 47.663941261197564, 0.0 ], [ 6.926257917082247, 47.661467995607794, 0.0 ], [ 6.923966826515901, 47.660100374189646, 0.0 ], [ 6.922096312830894, 47.660948153165862, 0.0 ], [ 6.916301681599188, 47.662293440086444, 0.0 ], [ 6.910238117499255, 47.662867903181152, 0.0 ] ] ] } },
{ "type": "Feature", "properties": { "INSEE_COM": "90088", "NOM_COM": "Rougegoutte", "EPCI": "200069060", "code_serm": 2 }, "geometry": { "type": "Polygon", "coordinates": [ [ [ 6.84154513144793, 47.723894456796081, 0.0 ], [ 6.840884725205291, 47.724551442591917, 0.0 ], [ 6.837128021784081, 47.723866473036281, 0.0 ], [ 6.833887359068529, 47.729622776616694, 0.0 ], [ 6.835342957458337, 47.732715436900968, 0.0 ], [ 6.836676601819502, 47.733706174285025, 0.0 ], [ 6.840955514722298, 47.735528359593417, 0.0 ], [ 6.842381969982545, 47.734878657405595, 0.0 ], [ 6.846105506222961, 47.734538196850281, 0.0 ], [ 6.851155854438016, 47.737970186801533, 0.0 ], [ 6.855079201522127, 47.737730101087735, 0.0 ], [ 6.858779849051587, 47.740535824265244, 0.0 ], [ 6.861001344925539, 47.747163274297812, 0.0 ], [ 6.866427714646706, 47.75033353215661, 0.0 ], [ 6.86935368361238, 47.75071619315375, 0.0 ], [ 6.873325321084914, 47.750190974666069, 0.0 ], [ 6.884952432339296, 47.752200653792855, 0.0 ], [ 6.886515061725591, 47.752062244800413, 0.0 ], [ 6.888282704199594, 47.75077976808619, 0.0 ], [ 6.887487117222153, 47.750260119396081, 0.0 ], [ 6.886104281356135, 47.747078194237119, 0.0 ], [ 6.887511737487766, 47.742495099572423, 0.0 ], [ 6.886054923689316, 47.738846131457734, 0.0 ], [ 6.88612646354065, 47.735782577433469, 0.0 ], [ 6.884994604803907, 47.734422509531676, 0.0 ], [ 6.881960315759907, 47.73237944998273, 0.0 ], [ 6.878066562746344, 47.730947859271225, 0.0 ], [ 6.870130259857863, 47.730033883653405, 0.0 ], [ 6.865115885758671, 47.728557855670417, 0.0 ], [ 6.864422582686258, 47.726845184673117, 0.0 ], [ 6.864391238240282, 47.721353798615091, 0.0 ], [ 6.862524175304821, 47.717228808242098, 0.0 ], [ 6.860853980449867, 47.715059966809925, 0.0 ], [ 6.860241128731671, 47.714802653552972, 0.0 ], [ 6.856461481575009, 47.716892768007312, 0.0 ], [ 6.842537693659092, 47.718736245738313, 0.0 ], [ 6.84154513144793, 47.723894456796081, 0.0 ] ] ] } },
{ "type": "Feature", "properties": { "INSEE_COM": "90089", "NOM_COM": "Rougemont-le-Château", "EPCI": "200069060", "code_serm": 2 }, "geometry": { "type": "Polygon", "coordinates": [ [ [ 6.927713925612983, 47.741941470769035, 0.0 ], [ 6.922156158230706, 47.747089740835243, 0.0 ], [ 6.923223233122612, 47.751468723563065, 0.0 ], [ 6.920987294235657, 47.75583317143785, 0.0 ], [ 6.921160538509135, 47.757295341269767, 0.0 ], [ 6.924629905752106, 47.763492487869392, 0.0 ], [ 6.925437290350083, 47.766102170647351, 0.0 ], [ 6.924817898492632, 47.768612818461037, 0.0 ], [ 6.922754243474055, 47.77187747168837, 0.0 ], [ 6.924512392362236, 47.769925221402026, 0.0 ], [ 6.927209714566273, 47.769488697712717, 0.0 ], [ 6.931486602852698, 47.769698350075977, 0.0 ], [ 6.934399215639846, 47.771540648693531, 0.0 ], [ 6.940170822391514, 47.771606012079666, 0.0 ], [ 6.943590389669758, 47.766541676272738, 0.0 ], [ 6.945857449736478, 47.765372147708803, 0.0 ], [ 6.951498354033557, 47.764477993261998, 0.0 ], [ 6.955478927731868, 47.760562206405218, 0.0 ], [ 6.95891116634555, 47.759683738197175, 0.0 ], [ 6.965631718461808, 47.755677522296544, 0.0 ], [ 6.970616403041667, 47.754190933250229, 0.0 ], [ 6.972173466561046, 47.751580522096731, 0.0 ], [ 6.976472543925784, 47.751101034067879, 0.0 ], [ 6.98166873005526, 47.751307300319489, 0.0 ], [ 6.983114806141892, 47.750828206260202, 0.0 ], [ 6.985159124669927, 47.74911300785309, 0.0 ], [ 6.987477293059192, 47.7482544803539, 0.0 ], [ 6.993616755916061, 47.746699554549167, 0.0 ], [ 6.999010932372541, 47.745952919524449, 0.0 ], [ 6.983045881470437, 47.736876476679342, 0.0 ], [ 6.978297711092932, 47.732332946802082, 0.0 ], [ 6.976465534507626, 47.72987281404103, 0.0 ], [ 6.972745068370959, 47.728005825690829, 0.0 ], [ 6.963688882553136, 47.725904267810094, 0.0 ], [ 6.950773681422431, 47.723964928269034, 0.0 ], [ 6.947295315436965, 47.72195831695111, 0.0 ], [ 6.944547945685329, 47.721757250657916, 0.0 ], [ 6.941847639297569, 47.728378261046565, 0.0 ], [ 6.938922138876599, 47.731947264559636, 0.0 ], [ 6.936062383560804, 47.734441568952732, 0.0 ], [ 6.930412300859821, 47.736962007816075, 0.0 ], [ 6.927713925612983, 47.741941470769035, 0.0 ] ] ] } },
{ "type": "Feature", "properties": { "INSEE_COM": "90090", "NOM_COM": "Saint-Dizier-l'Évêque", "EPCI": "249000241", "code_serm": 2 }, "geometry": { "type": "Polygon", "coordinates": [ [ [ 6.948857270943579, 47.485705936523708, 0.0 ], [ 6.953348182279659, 47.484672919463101, 0.0 ], [ 6.9573127053791, 47.482403915697368, 0.0 ], [ 6.962654035703125, 47.481477700043861, 0.0 ], [ 6.968712714527545, 47.479667827339831, 0.0 ], [ 6.972213614567158, 47.477416790511143, 0.0 ], [ 6.981422262788981, 47.473142619136908, 0.0 ], [ 6.98829592918297, 47.473101912650137, 0.0 ], [ 6.991552123759838, 47.472130399066209, 0.0 ], [ 6.992991694593341, 47.471131913517162, 0.0 ], [ 6.990833141429992, 47.467606982728938, 0.0 ], [ 6.991853998180143, 47.46580806875965, 0.0 ], [ 6.991172785068679, 47.464035097403951, 0.0 ], [ 6.988789758049886, 47.462556630795277, 0.0 ], [ 6.981757255953625, 47.460230570638309, 0.0 ], [ 6.976682901471182, 47.45666997133668, 0.0 ], [ 6.972579671238044, 47.452183698674972, 0.0 ], [ 6.971196736652066, 47.449090723014777, 0.0 ], [ 6.969233011693355, 47.449648072551625, 0.0 ], [ 6.964237268752863, 47.453150614884507, 0.0 ], [ 6.958751232761431, 47.454992261844296, 0.0 ], [ 6.94378345579637, 47.453395241306971, 0.0 ], [ 6.935967475497592, 47.45576360535933, 0.0 ], [ 6.937849912276587, 47.459313200820667, 0.0 ], [ 6.93770580627456, 47.463350479219656, 0.0 ], [ 6.935434689974891, 47.465431802374688, 0.0 ], [ 6.935299278403928, 47.467927556131905, 0.0 ], [ 6.937485381912539, 47.470721511316789, 0.0 ], [ 6.939560009290336, 47.474742257135802, 0.0 ], [ 6.940853772642366, 47.480755128599, 0.0 ], [ 6.943313006514708, 47.486917770216756, 0.0 ], [ 6.946826300162157, 47.487589122875896, 0.0 ], [ 6.948857270943579, 47.485705936523708, 0.0 ] ] ] } },
{ "type": "Feature", "properties": { "INSEE_COM": "90091", "NOM_COM": "Saint-Germain-le-Châtelet", "EPCI": "200069060", "code_serm": 2 }, "geometry": { "type": "Polygon", "coordinates": [ [ [ 6.974397125746022, 47.69995201317866, 0.0 ], [ 6.978221310495196, 47.694296562892063, 0.0 ], [ 6.969840912627925, 47.690837026313915, 0.0 ], [ 6.959861548844007, 47.689731901610656, 0.0 ], [ 6.957683918921831, 47.689093726356369, 0.0 ], [ 6.954495117961708, 47.694359270240071, 0.0 ], [ 6.951469754644433, 47.695430397622047, 0.0 ], [ 6.950263355656594, 47.696370579077907, 0.0 ], [ 6.951235117781286, 47.696909988136312, 0.0 ], [ 6.95056756988925, 47.700292217839262, 0.0 ], [ 6.952008169202959, 47.702453246746607, 0.0 ], [ 6.952397086951061, 47.70429385478527, 0.0 ], [ 6.952083102512135, 47.70655745776309, 0.0 ], [ 6.94912444031679, 47.70909608012569, 0.0 ], [ 6.952352601745582, 47.714650061475538, 0.0 ], [ 6.952479264472967, 47.716896049478109, 0.0 ], [ 6.955504156367149, 47.717797671468041, 0.0 ], [ 6.95854505645345, 47.710363536410227, 0.0 ], [ 6.960737974237187, 47.708179551400896, 0.0 ], [ 6.965769596460291, 47.70542700727362, 0.0 ], [ 6.970833562563326, 47.701521383946556, 0.0 ], [ 6.974397125746022, 47.69995201317866, 0.0 ] ] ] } },
{ "type": "Feature", "properties": { "INSEE_COM": "90093", "NOM_COM": "Sermamagny", "EPCI": "200069052", "code_serm": 2 }, "geometry": { "type": "Polygon", "coordinates": [ [ [ 6.797418404707924, 47.69050622470219, 0.0 ], [ 6.800653780702002, 47.691688738512262, 0.0 ], [ 6.804315820859926, 47.691891279795918, 0.0 ], [ 6.810404514443521, 47.693570844290697, 0.0 ], [ 6.811886097872017, 47.69237810282582, 0.0 ], [ 6.816164278234282, 47.693634316415491, 0.0 ], [ 6.818136214073469, 47.694890054282112, 0.0 ], [ 6.831317403537939, 47.698480415132771, 0.0 ], [ 6.852123069397071, 47.697457686851372, 0.0 ], [ 6.860173546397813, 47.698988045574424, 0.0 ], [ 6.861417622817743, 47.699871524913135, 0.0 ], [ 6.863236211770155, 47.697540535743663, 0.0 ], [ 6.862096896356849, 47.694806259686636, 0.0 ], [ 6.860067031137831, 47.692029300421559, 0.0 ], [ 6.854739337514078, 47.69037493444759, 0.0 ], [ 6.857404703838166, 47.684993628526932, 0.0 ], [ 6.855374432591277, 47.684175708243082, 0.0 ], [ 6.851781284481545, 47.684129304740203, 0.0 ], [ 6.847944251805331, 47.679874356635374, 0.0 ], [ 6.840681187393047, 47.677819030909696, 0.0 ], [ 6.83116043083732, 47.675865267117835, 0.0 ], [ 6.829578216414676, 47.673621940061395, 0.0 ], [ 6.823685883563424, 47.676702196766016, 0.0 ], [ 6.81912497128692, 47.678186864315791, 0.0 ], [ 6.815739503851854, 47.678499338452866, 0.0 ], [ 6.81026534689448, 47.680447812441706, 0.0 ], [ 6.797418404707924, 47.69050622470219, 0.0 ] ] ] } },
{ "type": "Feature", "properties": { "INSEE_COM": "90094", "NOM_COM": "Sevenans", "EPCI": "200069052", "code_serm": 2 }, "geometry": { "type": "Polygon", "coordinates": [ [ [ 6.884684790862888, 47.597956184907574, 0.0 ], [ 6.880000185894557, 47.595610358741176, 0.0 ], [ 6.88203187798563, 47.592733695423661, 0.0 ], [ 6.881714807551735, 47.591872780453613, 0.0 ], [ 6.878107550350296, 47.591584533488003, 0.0 ], [ 6.877424324904563, 47.590651971110077, 0.0 ], [ 6.877705074547484, 47.587255000100463, 0.0 ], [ 6.879412798859176, 47.585806738747493, 0.0 ], [ 6.871726397653005, 47.582164462943268, 0.0 ], [ 6.869975841615665, 47.581920667830822, 0.0 ], [ 6.860738481593269, 47.582340413347161, 0.0 ], [ 6.859114999768746, 47.584701220954692, 0.0 ], [ 6.859247567779083, 47.58870896590058, 0.0 ], [ 6.860160680502993, 47.592198820217952, 0.0 ], [ 6.86311567873458, 47.592237965116155, 0.0 ], [ 6.86608445944097, 47.592982217153455, 0.0 ], [ 6.867005654712067, 47.594884750193437, 0.0 ], [ 6.872361866792464, 47.596451775286305, 0.0 ], [ 6.884684790862888, 47.597956184907574, 0.0 ] ] ] } },
{ "type": "Feature", "properties": { "INSEE_COM": "90095", "NOM_COM": "Suarce", "EPCI": "249000241", "code_serm": 2 }, "geometry": { "type": "Polygon", "coordinates": [ [ [ 7.099504705890696, 47.572836143507352, 0.0 ], [ 7.102296028504573, 47.570560304795116, 0.0 ], [ 7.104099637168022, 47.569853259582118, 0.0 ], [ 7.105420619605862, 47.568291579765393, 0.0 ], [ 7.106122417376505, 47.566143283551803, 0.0 ], [ 7.108268285267637, 47.563880994968123, 0.0 ], [ 7.108414202208072, 47.561865836906669, 0.0 ], [ 7.107266386036258, 47.556101577192656, 0.0 ], [ 7.108110616971821, 47.554509772297557, 0.0 ], [ 7.108244015038829, 47.552141713979324, 0.0 ], [ 7.102727624753336, 47.551045320250019, 0.0 ], [ 7.099131354644409, 47.549377288166333, 0.0 ], [ 7.097168956794864, 47.549012754194678, 0.0 ], [ 7.08469759816088, 47.54884488692602, 0.0 ], [ 7.081049134252526, 47.54402705343179, 0.0 ], [ 7.07914060109601, 47.545130429862525, 0.0 ], [ 7.077355421979706, 47.54506041570972, 0.0 ], [ 7.066832758789062, 47.54200759235988, 0.0 ], [ 7.063390662801243, 47.543795155780693, 0.0 ], [ 7.062493830604799, 47.547353342699097, 0.0 ], [ 7.058307115095189, 47.554152834452296, 0.0 ], [ 7.056331066877678, 47.556393822868159, 0.0 ], [ 7.049869723129144, 47.560049853535766, 0.0 ], [ 7.049998874238775, 47.562507767203947, 0.0 ], [ 7.054138050176858, 47.563706837893207, 0.0 ], [ 7.056204270171899, 47.567819781777345, 0.0 ], [ 7.057748806820665, 47.569235178130036, 0.0 ], [ 7.060203296218245, 47.570268253351969, 0.0 ], [ 7.071493195202491, 47.573306737937962, 0.0 ], [ 7.073879035462267, 47.575266697287567, 0.0 ], [ 7.082188313330868, 47.578460589574227, 0.0 ], [ 7.08420167257808, 47.580923718333374, 0.0 ], [ 7.086460720651313, 47.585549507897646, 0.0 ], [ 7.089850234868707, 47.582945704244374, 0.0 ], [ 7.089972702704638, 47.58141455154496, 0.0 ], [ 7.093051045226631, 47.576616881201552, 0.0 ], [ 7.094137132889818, 47.573497071965164, 0.0 ], [ 7.095106850280966, 47.573185400367841, 0.0 ], [ 7.097425484070506, 47.573477085568172, 0.0 ], [ 7.099504705890696, 47.572836143507352, 0.0 ] ] ] } },
{ "type": "Feature", "properties": { "INSEE_COM": "90096", "NOM_COM": "Thiancourt", "EPCI": "249000241", "code_serm": 2 }, "geometry": { "type": "Polygon", "coordinates": [ [ [ 6.992471871413366, 47.517795448557358, 0.0 ], [ 6.969646680184388, 47.511042686550709, 0.0 ], [ 6.968760055685107, 47.511266685890767, 0.0 ], [ 6.965934293694136, 47.513181763932508, 0.0 ], [ 6.958037399049878, 47.515659484874931, 0.0 ], [ 6.960888999808371, 47.518432227869297, 0.0 ], [ 6.965334456116849, 47.517756405235673, 0.0 ], [ 6.970557906401607, 47.520605874080395, 0.0 ], [ 6.982138466905307, 47.52324516458382, 0.0 ], [ 6.984049603446826, 47.524303725437115, 0.0 ], [ 6.98564501112538, 47.5261770174452, 0.0 ], [ 6.987467501066173, 47.531537741490993, 0.0 ], [ 6.989016917877273, 47.533253938512381, 0.0 ], [ 6.990846222808019, 47.532283680110737, 0.0 ], [ 6.988726033982858, 47.531193622925855, 0.0 ], [ 6.988350928029345, 47.530411523232303, 0.0 ], [ 6.989607682519236, 47.529170664166216, 0.0 ], [ 6.992988375796563, 47.529143155346986, 0.0 ], [ 6.997789565176478, 47.527238063182708, 0.0 ], [ 6.99852192776573, 47.524399054669253, 0.0 ], [ 6.996907079712742, 47.522324698582125, 0.0 ], [ 6.995712950575201, 47.520964143214506, 0.0 ], [ 6.99306002318367, 47.52071713919684, 0.0 ], [ 6.99212418095136, 47.519909206489302, 0.0 ], [ 6.992471871413366, 47.517795448557358, 0.0 ] ] ] } },
{ "type": "Feature", "properties": { "INSEE_COM": "90097", "NOM_COM": "Trévenans", "EPCI": "200069052", "code_serm": 2 }, "geometry": { "type": "Polygon", "coordinates": [ [ [ 6.861000598699574, 47.54773254313627, 0.0 ], [ 6.855861882284638, 47.547981089865011, 0.0 ], [ 6.857726553256836, 47.553950293889542, 0.0 ], [ 6.860692927417027, 47.555373317155819, 0.0 ], [ 6.860914614267141, 47.556322160114192, 0.0 ], [ 6.860526057082953, 47.558111318724585, 0.0 ], [ 6.855963437730742, 47.564011149603012, 0.0 ], [ 6.85462620038298, 47.56669860857977, 0.0 ], [ 6.857054122268555, 47.568585634613413, 0.0 ], [ 6.857103598690067, 47.573160309558375, 0.0 ], [ 6.858910779190214, 47.578209426805643, 0.0 ], [ 6.861405182420647, 47.58236880585833, 0.0 ], [ 6.869975841615665, 47.581920667830822, 0.0 ], [ 6.871726397653005, 47.582164462943268, 0.0 ], [ 6.877105237867386, 47.584847089002928, 0.0 ], [ 6.878128911812455, 47.584269621753762, 0.0 ], [ 6.879439299211632, 47.582340704164864, 0.0 ], [ 6.884545912038978, 47.580873857079958, 0.0 ], [ 6.881554327028056, 47.574663175562456, 0.0 ], [ 6.877567954436285, 47.572311171860008, 0.0 ], [ 6.874884820596223, 47.566259504083014, 0.0 ], [ 6.882972300519259, 47.559532245388773, 0.0 ], [ 6.883369262434057, 47.555506770232633, 0.0 ], [ 6.876005188114537, 47.552434503966559, 0.0 ], [ 6.87432798372433, 47.551316881282474, 0.0 ], [ 6.871375396001075, 47.550729171018418, 0.0 ], [ 6.869210658107861, 47.550983107688801, 0.0 ], [ 6.864333779768674, 47.54992377041355, 0.0 ], [ 6.861000598699574, 47.54773254313627, 0.0 ] ] ] } },
{ "type": "Feature", "properties": { "INSEE_COM": "90098", "NOM_COM": "Urcerey", "EPCI": "200069052", "code_serm": 2 }, "geometry": { "type": "Polygon", "coordinates": [ [ [ 6.802799542396167, 47.624188023295304, 0.0 ], [ 6.80712085201205, 47.622710730481352, 0.0 ], [ 6.81008839654272, 47.620067223581323, 0.0 ], [ 6.815467383048371, 47.616706786017147, 0.0 ], [ 6.813189283524216, 47.615396170046068, 0.0 ], [ 6.814808921040318, 47.612828993898439, 0.0 ], [ 6.815135922244574, 47.610413101644177, 0.0 ], [ 6.814448129621747, 47.607782566568481, 0.0 ], [ 6.812351943660111, 47.604573551357788, 0.0 ], [ 6.807734988742896, 47.602333551113745, 0.0 ], [ 6.800822295773936, 47.600198839659143, 0.0 ], [ 6.79732250608145, 47.60055883208608, 0.0 ], [ 6.795905094546304, 47.599531684862143, 0.0 ], [ 6.79328596898799, 47.599272640188417, 0.0 ], [ 6.790828014831508, 47.602520094950577, 0.0 ], [ 6.790075710603969, 47.604665849344372, 0.0 ], [ 6.78934480147783, 47.604693196463074, 0.0 ], [ 6.789704989480644, 47.605806132983446, 0.0 ], [ 6.794546876629619, 47.611684669061674, 0.0 ], [ 6.798351384642798, 47.613797541063747, 0.0 ], [ 6.798013830743694, 47.61909016966564, 0.0 ], [ 6.799175421746134, 47.621027677851821, 0.0 ], [ 6.799252745806847, 47.623610554533357, 0.0 ], [ 6.802799542396167, 47.624188023295304, 0.0 ] ] ] } },
{ "type": "Feature", "properties": { "INSEE_COM": "90099", "NOM_COM": "Valdoie", "EPCI": "200069052", "code_serm": 2 }, "geometry": { "type": "Polygon", "coordinates": [ [ [ 6.854343137413428, 47.660475109866852, 0.0 ], [ 6.850011685705628, 47.661210040762413, 0.0 ], [ 6.843553856194737, 47.66142725174587, 0.0 ], [ 6.835926326361933, 47.660590333935161, 0.0 ], [ 6.834869738510028, 47.667003360622481, 0.0 ], [ 6.835216312455244, 47.668705061171458, 0.0 ], [ 6.834494049049128, 47.669866019162392, 0.0 ], [ 6.830843997624828, 47.67118520250196, 0.0 ], [ 6.83028947470574, 47.673196712247574, 0.0 ], [ 6.829578216414676, 47.673621940061395, 0.0 ], [ 6.83116043083732, 47.675865267117835, 0.0 ], [ 6.840681187393047, 47.677819030909696, 0.0 ], [ 6.847944251805331, 47.679874356635374, 0.0 ], [ 6.851781284481545, 47.684129304740203, 0.0 ], [ 6.85299296936124, 47.684368710195294, 0.0 ], [ 6.8618575754612, 47.67802839965794, 0.0 ], [ 6.863686497547596, 47.678113915600711, 0.0 ], [ 6.863570833333401, 47.675837810906344, 0.0 ], [ 6.864946970217852, 47.673986366504565, 0.0 ], [ 6.865678701014578, 47.671731780726439, 0.0 ], [ 6.865212997985968, 47.667904634910805, 0.0 ], [ 6.854343137413428, 47.660475109866852, 0.0 ] ] ] } },
{ "type": "Feature", "properties": { "INSEE_COM": "90100", "NOM_COM": "Vauthiermont", "EPCI": "200069052", "code_serm": 2 }, "geometry": { "type": "Polygon", "coordinates": [ [ [ 7.017922600129388, 47.675975044592533, 0.0 ], [ 7.00718835487342, 47.674429526048648, 0.0 ], [ 7.003182451223224, 47.674499285336154, 0.0 ], [ 7.004672891333517, 47.680712703771682, 0.0 ], [ 7.00581305480627, 47.681783938543695, 0.0 ], [ 7.008307211230867, 47.686802097120243, 0.0 ], [ 7.009679992716717, 47.687733736933637, 0.0 ], [ 7.019578701229666, 47.688906804307514, 0.0 ], [ 7.036363976363157, 47.692156669626208, 0.0 ], [ 7.036465753517921, 47.690910330340252, 0.0 ], [ 7.038581545454162, 47.687830644419812, 0.0 ], [ 7.03798049311715, 47.687437743260624, 0.0 ], [ 7.038466316919093, 47.686768444861549, 0.0 ], [ 7.048134579293757, 47.684514179858482, 0.0 ], [ 7.048114379657019, 47.682298680002589, 0.0 ], [ 7.042676861867252, 47.681116151265215, 0.0 ], [ 7.042072644873715, 47.679291280795908, 0.0 ], [ 7.038880707868382, 47.678326479835405, 0.0 ], [ 7.037450504223044, 47.675372928806659, 0.0 ], [ 7.025214553299986, 47.672520955888288, 0.0 ], [ 7.009640051970203, 47.668015958981329, 0.0 ], [ 7.009245585137512, 47.668837917164574, 0.0 ], [ 7.015262151825307, 47.672119966452129, 0.0 ], [ 7.020469458133339, 47.673473871971041, 0.0 ], [ 7.0199003644822, 47.675057124433508, 0.0 ], [ 7.017922600129388, 47.675975044592533, 0.0 ] ] ] } },
{ "type": "Feature", "properties": { "INSEE_COM": "90101", "NOM_COM": "Vellescot", "EPCI": "249000241", "code_serm": 2 }, "geometry": { "type": "Polygon", "coordinates": [ [ [ 7.032912312111307, 47.577892411185744, 0.0 ], [ 7.021939814808731, 47.563930882054287, 0.0 ], [ 7.012667487497818, 47.565328396925402, 0.0 ], [ 7.006611226070898, 47.567725953444274, 0.0 ], [ 7.002010450132052, 47.56419411831078, 0.0 ], [ 7.004101076323148, 47.566307048252938, 0.0 ], [ 7.005138539117325, 47.568474158373064, 0.0 ], [ 7.004939387132812, 47.571340787619228, 0.0 ], [ 7.007065622700828, 47.574260000909327, 0.0 ], [ 7.00875671897685, 47.581846579425495, 0.0 ], [ 7.009309135644573, 47.582462091127006, 0.0 ], [ 7.011595971961586, 47.582138288885275, 0.0 ], [ 7.014391391508774, 47.582927147680955, 0.0 ], [ 7.018707561282673, 47.586928010803867, 0.0 ], [ 7.021061909553706, 47.586189812289504, 0.0 ], [ 7.02225354573465, 47.584607508055214, 0.0 ], [ 7.025001455027215, 47.582854310535879, 0.0 ], [ 7.029867640085455, 47.58303053188444, 0.0 ], [ 7.03191284934848, 47.582401026852935, 0.0 ], [ 7.032462462414141, 47.581829525040312, 0.0 ], [ 7.031994950471264, 47.580560440046, 0.0 ], [ 7.032912312111307, 47.577892411185744, 0.0 ] ] ] } },
{ "type": "Feature", "properties": { "INSEE_COM": "90102", "NOM_COM": "Vescemont", "EPCI": "200069060", "code_serm": 2 }, "geometry": { "type": "Polygon", "coordinates": [ [ [ 6.850374673538242, 47.772319278518616, 0.0 ], [ 6.855584943960926, 47.773183127153423, 0.0 ], [ 6.857719082687133, 47.769525492522476, 0.0 ], [ 6.860396099281238, 47.766924921950441, 0.0 ], [ 6.861201892040941, 47.765394380918984, 0.0 ], [ 6.862021240456807, 47.761676377693703, 0.0 ], [ 6.857816998156165, 47.754897199834907, 0.0 ], [ 6.861975651245815, 47.75486273166733, 0.0 ], [ 6.875951670813563, 47.756053236580605, 0.0 ], [ 6.878589933966904, 47.755270137924185, 0.0 ], [ 6.886049412077577, 47.755310077387463, 0.0 ], [ 6.889658401861158, 47.75482969867187, 0.0 ], [ 6.888509539077025, 47.753828879459697, 0.0 ], [ 6.889007721614752, 47.751814503939315, 0.0 ], [ 6.888282704199594, 47.75077976808619, 0.0 ], [ 6.886515061725591, 47.752062244800413, 0.0 ], [ 6.884952432339296, 47.752200653792855, 0.0 ], [ 6.873325321084914, 47.750190974666069, 0.0 ], [ 6.86935368361238, 47.75071619315375, 0.0 ], [ 6.86552338019501, 47.749950701669114, 0.0 ], [ 6.861001344925539, 47.747163274297812, 0.0 ], [ 6.859823177340973, 47.742543348361252, 0.0 ], [ 6.858010856214375, 47.739750179024988, 0.0 ], [ 6.855079201522127, 47.737730101087735, 0.0 ], [ 6.851155854438016, 47.737970186801533, 0.0 ], [ 6.846105506222961, 47.734538196850281, 0.0 ], [ 6.844836562695744, 47.734538467980876, 0.0 ], [ 6.840003822317703, 47.735427145671807, 0.0 ], [ 6.838148024176374, 47.737218202102213, 0.0 ], [ 6.837583376081092, 47.74368959765313, 0.0 ], [ 6.838255690756445, 47.747676579811056, 0.0 ], [ 6.83452360923641, 47.757497560579061, 0.0 ], [ 6.842239992143732, 47.768847042213004, 0.0 ], [ 6.844194373703426, 47.770219219038069, 0.0 ], [ 6.850374673538242, 47.772319278518616, 0.0 ] ] ] } },
{ "type": "Feature", "properties": { "INSEE_COM": "90103", "NOM_COM": "Vétrigne", "EPCI": "200069052", "code_serm": 2 }, "geometry": { "type": "Polygon", "coordinates": [ [ [ 6.883252102147881, 47.667163009950428, 0.0 ], [ 6.882427056242421, 47.667905968434795, 0.0 ], [ 6.882600099928815, 47.670043204773215, 0.0 ], [ 6.88638302846155, 47.676051684781264, 0.0 ], [ 6.885566517650804, 47.680408064961362, 0.0 ], [ 6.898304119414359, 47.675343579817039, 0.0 ], [ 6.899583490321363, 47.672295445068023, 0.0 ], [ 6.903021508202125, 47.671216356242908, 0.0 ], [ 6.906258901373509, 47.671406430684414, 0.0 ], [ 6.907990856000222, 47.670989827296872, 0.0 ], [ 6.91004552016591, 47.668952874174906, 0.0 ], [ 6.909352940252628, 47.664949545875899, 0.0 ], [ 6.8999903340035, 47.663543092750466, 0.0 ], [ 6.896032042413231, 47.66103924153785, 0.0 ], [ 6.894832081758576, 47.659440914495192, 0.0 ], [ 6.895873080191724, 47.658517623489622, 0.0 ], [ 6.895216060075787, 47.65819708990346, 0.0 ], [ 6.891907154825589, 47.660523418462397, 0.0 ], [ 6.888349475257388, 47.665276685604972, 0.0 ], [ 6.883252102147881, 47.667163009950428, 0.0 ] ] ] } },
{ "type": "Feature", "properties": { "INSEE_COM": "90104", "NOM_COM": "Vézelois", "EPCI": "200069052", "code_serm": 2 }, "geometry": { "type": "Polygon", "coordinates": [ [ [ 6.896128993183203, 47.606813710627414, 0.0 ], [ 6.892963012246978, 47.606762587869177, 0.0 ], [ 6.891245202018355, 47.610872617299954, 0.0 ], [ 6.880985611356356, 47.610553755979133, 0.0 ], [ 6.884230906206289, 47.611307308932417, 0.0 ], [ 6.885771587346204, 47.615626829738218, 0.0 ], [ 6.89063245129875, 47.622353632087879, 0.0 ], [ 6.902092347322228, 47.62004242889445, 0.0 ], [ 6.906963335799617, 47.619993901910668, 0.0 ], [ 6.912371239250093, 47.620686893513721, 0.0 ], [ 6.914714931212945, 47.621690651474296, 0.0 ], [ 6.917528511817822, 47.620978000476754, 0.0 ], [ 6.918499690159432, 47.617631622059015, 0.0 ], [ 6.920840772351159, 47.617004140921317, 0.0 ], [ 6.924523205668762, 47.616673968215686, 0.0 ], [ 6.927965894124048, 47.617124997594161, 0.0 ], [ 6.932597437769747, 47.616923033653038, 0.0 ], [ 6.939073315468733, 47.617943790345613, 0.0 ], [ 6.942345963666952, 47.616740075893553, 0.0 ], [ 6.949609942340042, 47.615044339172293, 0.0 ], [ 6.949939112474683, 47.612757574352933, 0.0 ], [ 6.948980891247836, 47.609193172078818, 0.0 ], [ 6.947718265032791, 47.608212997972544, 0.0 ], [ 6.946050604296284, 47.608602873605378, 0.0 ], [ 6.945175485353983, 47.608374716114739, 0.0 ], [ 6.942909032282574, 47.605729604673321, 0.0 ], [ 6.942840730650045, 47.605093837815538, 0.0 ], [ 6.94605753765748, 47.603687288092551, 0.0 ], [ 6.943496619161927, 47.598786432525358, 0.0 ], [ 6.943371386181611, 47.597470349785368, 0.0 ], [ 6.944184935832261, 47.595984634851497, 0.0 ], [ 6.939176629984789, 47.594072023001402, 0.0 ], [ 6.920477656719761, 47.596628876239791, 0.0 ], [ 6.923535388764362, 47.597063193888864, 0.0 ], [ 6.924391145321144, 47.598191583822341, 0.0 ], [ 6.921526730838676, 47.599264849242076, 0.0 ], [ 6.91195550826954, 47.599659226250907, 0.0 ], [ 6.908842569716816, 47.600891006335786, 0.0 ], [ 6.907306374270769, 47.602512393634989, 0.0 ], [ 6.904598406510622, 47.603709756989218, 0.0 ], [ 6.900086388251709, 47.604565437184782, 0.0 ], [ 6.896128993183203, 47.606813710627414, 0.0 ] ] ] } },
{ "type": "Feature", "properties": { "INSEE_COM": "90105", "NOM_COM": "Villars-le-Sec", "EPCI": "249000241", "code_serm": 2 }, "geometry": { "type": "Polygon", "coordinates": [ [ [ 6.980981604434911, 47.449233923367544, 0.0 ], [ 6.973420929269284, 47.447174259566609, 0.0 ], [ 6.970285775503322, 47.447110075131704, 0.0 ], [ 6.972579671238044, 47.452183698674972, 0.0 ], [ 6.976682901471182, 47.45666997133668, 0.0 ], [ 6.981757255953625, 47.460230570638309, 0.0 ], [ 6.990173657263146, 47.463220320131015, 0.0 ], [ 6.991769739555182, 47.464821303896287, 0.0 ], [ 6.991705428361239, 47.46639992904008, 0.0 ], [ 7.000484843112849, 47.467201614116988, 0.0 ], [ 6.999792844338853, 47.464968474876166, 0.0 ], [ 7.000447352189731, 47.463465084130945, 0.0 ], [ 6.999999905587844, 47.46133800339156, 0.0 ], [ 6.998247979026692, 47.459734369368043, 0.0 ], [ 6.997745185820232, 47.45714950302002, 0.0 ], [ 6.999387050722879, 47.456215166528359, 0.0 ], [ 7.001435743936419, 47.455977062760795, 0.0 ], [ 7.002182484412258, 47.454163122025811, 0.0 ], [ 6.994827763214055, 47.449294566904825, 0.0 ], [ 6.990194620517636, 47.44797902917341, 0.0 ], [ 6.987807911864559, 47.447760744170857, 0.0 ], [ 6.984066181112164, 47.448188219036552, 0.0 ], [ 6.980981604434911, 47.449233923367544, 0.0 ] ] ] } }
]
}
