{
"type": "FeatureCollection",
"name": "perimetres_serm",
"crs": { "type": "name", "properties": { "name": "urn:ogc:def:crs:OGC:1.3:CRS84" } },
"features": [
{ "type": "Feature", "properties": { "code_serm": 1, "nom_serm": "SERM Dijonnais", "slug_serm": "dijon", "surface_km2": 8847.276908184991 }, "geometry": { "type": "Polygon", "coordinates": [ [ [ 4.454682369457003, 47.195669414484783, 0.0 ], [ 4.452970390805733, 47.19821660534739, 0.0 ], [ 4.451119947109726, 47.199064592881157, 0.0 ], [ 4.439954397921979, 47.202193334674845, 0.0 ], [ 4.436391091978034, 47.203923163509621, 0.0 ], [ 4.421188027622186, 47.220441528500174, 0.0 ], [ 4.418069310517492, 47.221757419360131, 0.0 ], [ 4.41148308311239, 47.228138897299438, 0.0 ], [ 4.404523780087951, 47.22971001120483, 0.0 ], [ 4.39689421114695, 47.224117940150627, 0.0 ], [ 4.390214655344984, 47.223876810122633, 0.0 ], [ 4.384671803726192, 47.225123597277751, 0.0 ], [ 4.380130924903542, 47.227207269711613, 0.0 ], [ 4.375687781280565, 47.229818134412909, 0.0 ], [ 4.369985087048298, 47.235308784982394, 0.0 ], [ 4.369756515887314, 47.238168449851898, 0.0 ], [ 4.373820828517093, 47.244701361536407, 0.0 ], [ 4.373683959643385, 47.249280593556293, 0.0 ], [ 4.375245387806404, 47.255526124570935, 0.0 ], [ 4.383930780039847, 47.268188558962763, 0.0 ], [ 4.373759583704638, 47.275319874326222, 0.0 ], [ 4.371792854519208, 47.27787952966569, 0.0 ], [ 4.362126208244495, 47.284483370856968, 0.0 ], [ 4.356982888059012, 47.287046686922068, 0.0 ], [ 4.361466352705967, 47.288520309665827, 0.0 ], [ 4.362780637301437, 47.290617168284832, 0.0 ], [ 4.358571942424891, 47.291435438664195, 0.0 ], [ 4.357679828902437, 47.293156593278837, 0.0 ], [ 4.359044539315526, 47.297404794993334, 0.0 ], [ 4.354492398418036, 47.308192236372953, 0.0 ], [ 4.350436952437189, 47.310900072687708, 0.0 ], [ 4.349783513764123, 47.313133378966477, 0.0 ], [ 4.350147607495794, 47.316240809812435, 0.0 ], [ 4.355487224918464, 47.319075069163574, 0.0 ], [ 4.35464323166205, 47.321361041192375, 0.0 ], [ 4.357727774052986, 47.322803412605829, 0.0 ], [ 4.362483343359718, 47.326636383239467, 0.0 ], [ 4.364127697161435, 47.326518938684515, 0.0 ], [ 4.359825240728274, 47.333574216890845, 0.0 ], [ 4.350944458016287, 47.33691374591038, 0.0 ], [ 4.344794073018608, 47.338043038750023, 0.0 ], [ 4.335258760755117, 47.336915961375034, 0.0 ], [ 4.329100361622889, 47.334792434446172, 0.0 ], [ 4.325478643185158, 47.338086798726344, 0.0 ], [ 4.32978915066945, 47.341104128733122, 0.0 ], [ 4.329834557801666, 47.343096987210444, 0.0 ], [ 4.324496464838095, 47.342190099518426, 0.0 ], [ 4.319256920480266, 47.342374873461814, 0.0 ], [ 4.317213615178148, 47.340940396372439, 0.0 ], [ 4.317997212302091, 47.339300073456315, 0.0 ], [ 4.316931756036242, 47.338414509140527, 0.0 ], [ 4.308145864887868, 47.337689072555435, 0.0 ], [ 4.303397239161232, 47.338001757675229, 0.0 ], [ 4.305605070846107, 47.33326093088089, 0.0 ], [ 4.303994743876009, 47.328795275193166, 0.0 ], [ 4.295363680490621, 47.328430891316302, 0.0 ], [ 4.292579389426098, 47.326696328914423, 0.0 ], [ 4.295315370669254, 47.324892150775739, 0.0 ], [ 4.296776247389047, 47.320081467239106, 0.0 ], [ 4.292556657504712, 47.321132410090705, 0.0 ], [ 4.289334615370144, 47.320998066275678, 0.0 ], [ 4.285492712717376, 47.322513637924189, 0.0 ], [ 4.285338375895329, 47.323810050283569, 0.0 ], [ 4.284104470019618, 47.324094707315083, 0.0 ], [ 4.281858565950898, 47.319984213590871, 0.0 ], [ 4.281890558469268, 47.313782235053743, 0.0 ], [ 4.282854527046766, 47.31185023227227, 0.0 ], [ 4.277284838323048, 47.312394234406064, 0.0 ], [ 4.27376056376234, 47.310042519047322, 0.0 ], [ 4.26746364812536, 47.308823936134416, 0.0 ], [ 4.262834082315043, 47.315788180920521, 0.0 ], [ 4.259497298453334, 47.31723527258589, 0.0 ], [ 4.254667242858226, 47.317225444235092, 0.0 ], [ 4.245823177582547, 47.314087536694828, 0.0 ], [ 4.241204732764603, 47.309130176437989, 0.0 ], [ 4.235169794560719, 47.312644670427183, 0.0 ], [ 4.234075470053202, 47.315719279894942, 0.0 ], [ 4.230435698132398, 47.316052323051792, 0.0 ], [ 4.227428081637417, 47.321453795149615, 0.0 ], [ 4.222021129271088, 47.325315656993816, 0.0 ], [ 4.220375867759419, 47.328665107048735, 0.0 ], [ 4.222840037657363, 47.330166156840306, 0.0 ], [ 4.223777680910743, 47.332666417082272, 0.0 ], [ 4.225189429705785, 47.332956746551389, 0.0 ], [ 4.227229280145973, 47.337896056526048, 0.0 ], [ 4.226514963612892, 47.340543379706823, 0.0 ], [ 4.223114098167196, 47.343705192247455, 0.0 ], [ 4.223292777321341, 47.348173451320562, 0.0 ], [ 4.218247167068446, 47.34975973038631, 0.0 ], [ 4.200332943685686, 47.35001642414538, 0.0 ], [ 4.198361501818424, 47.356532608058806, 0.0 ], [ 4.193530008813848, 47.360783231975219, 0.0 ], [ 4.195296790718866, 47.365742934413213, 0.0 ], [ 4.199147272745209, 47.368926405010157, 0.0 ], [ 4.204522146136437, 47.372397367089967, 0.0 ], [ 4.213128759482356, 47.374800834263795, 0.0 ], [ 4.212530160335366, 47.37874956631839, 0.0 ], [ 4.210682190055395, 47.381262700286783, 0.0 ], [ 4.212451166941872, 47.386336437882299, 0.0 ], [ 4.208804121339405, 47.390387102688003, 0.0 ], [ 4.214592622608107, 47.394903956095298, 0.0 ], [ 4.215057969136038, 47.397125559277924, 0.0 ], [ 4.21423346271472, 47.398891573724924, 0.0 ], [ 4.219978411663126, 47.402424575065588, 0.0 ], [ 4.220065494951037, 47.403570653123545, 0.0 ], [ 4.218787467149619, 47.404867891176494, 0.0 ], [ 4.217117262568753, 47.404490148019669, 0.0 ], [ 4.211495637304373, 47.408703749793524, 0.0 ], [ 4.213522775794056, 47.410491326895418, 0.0 ], [ 4.212955576952365, 47.412386078459086, 0.0 ], [ 4.207764501863317, 47.413684311683127, 0.0 ], [ 4.203516691004497, 47.419196756429564, 0.0 ], [ 4.203395104874387, 47.423292565526808, 0.0 ], [ 4.202065994031998, 47.423179364109586, 0.0 ], [ 4.196082325806927, 47.426469490855041, 0.0 ], [ 4.196592261804279, 47.429699901077065, 0.0 ], [ 4.187052165000999, 47.429897552059892, 0.0 ], [ 4.181325087029761, 47.42889349605187, 0.0 ], [ 4.181370280339724, 47.429920268088047, 0.0 ], [ 4.178782292167893, 47.430423668624073, 0.0 ], [ 4.174005509566797, 47.429613087615635, 0.0 ], [ 4.170789347330346, 47.430818568757445, 0.0 ], [ 4.163421893597476, 47.430817742614131, 0.0 ], [ 4.158944052574059, 47.431857244049219, 0.0 ], [ 4.159210646368773, 47.435961685964827, 0.0 ], [ 4.155098777274612, 47.44058230760163, 0.0 ], [ 4.155451381166208, 47.446347800681757, 0.0 ], [ 4.15381478303183, 47.447014036847172, 0.0 ], [ 4.151722742512859, 47.447177900547032, 0.0 ], [ 4.149075691564559, 47.444546442873801, 0.0 ], [ 4.145247413873553, 47.443197747319488, 0.0 ], [ 4.136868135030642, 47.441870964609031, 0.0 ], [ 4.131735820030396, 47.441835459228301, 0.0 ], [ 4.128549824492028, 47.440394445057507, 0.0 ], [ 4.119422572117989, 47.443554331704611, 0.0 ], [ 4.120032756459397, 47.446524765100762, 0.0 ], [ 4.12395562112858, 47.450440047064447, 0.0 ], [ 4.122609150774222, 47.453384322706221, 0.0 ], [ 4.125007388425958, 47.458619645216743, 0.0 ], [ 4.129792508493685, 47.462445361808733, 0.0 ], [ 4.127216249032461, 47.468394983517179, 0.0 ], [ 4.130258720161399, 47.470947450648168, 0.0 ], [ 4.130571943398207, 47.473645201245681, 0.0 ], [ 4.129919652920552, 47.474698537734632, 0.0 ], [ 4.128616806271226, 47.474497809130689, 0.0 ], [ 4.118033533966706, 47.478795105249866, 0.0 ], [ 4.115469421487131, 47.481349416654197, 0.0 ], [ 4.117274857436897, 47.486854285593274, 0.0 ], [ 4.123047518687381, 47.490871528904812, 0.0 ], [ 4.116226663491775, 47.497856422847271, 0.0 ], [ 4.112499740546382, 47.503569938381773, 0.0 ], [ 4.117346728831911, 47.506773454203341, 0.0 ], [ 4.117283985735266, 47.512039593349272, 0.0 ], [ 4.119747937678485, 47.51440969526368, 0.0 ], [ 4.123272976812686, 47.515471371301416, 0.0 ], [ 4.127851310029457, 47.518141392409028, 0.0 ], [ 4.136001913004784, 47.517535593022217, 0.0 ], [ 4.13843948031768, 47.519801132783194, 0.0 ], [ 4.138124027266165, 47.52146426397487, 0.0 ], [ 4.140408642793526, 47.524896168741712, 0.0 ], [ 4.150600418962757, 47.532699247016865, 0.0 ], [ 4.145919944887968, 47.540447787058859, 0.0 ], [ 4.148063305873119, 47.540769693793251, 0.0 ], [ 4.153347013325354, 47.543930498536831, 0.0 ], [ 4.15495181109598, 47.545778104692431, 0.0 ], [ 4.154348827539714, 47.547963545252621, 0.0 ], [ 4.156532721825932, 47.551617565586717, 0.0 ], [ 4.159633997543504, 47.552919117091996, 0.0 ], [ 4.164574466220174, 47.553606282170485, 0.0 ], [ 4.171940286211913, 47.550213330591298, 0.0 ], [ 4.174708335670438, 47.552735853230473, 0.0 ], [ 4.175410880636329, 47.555113500025406, 0.0 ], [ 4.180937232975566, 47.561714013250167, 0.0 ], [ 4.182173767513283, 47.566687876257433, 0.0 ], [ 4.187156814553438, 47.570477661909408, 0.0 ], [ 4.190943923731813, 47.570416559419044, 0.0 ], [ 4.196594447155285, 47.572305944275399, 0.0 ], [ 4.201385495785956, 47.570564272017066, 0.0 ], [ 4.204995380156368, 47.573026090982523, 0.0 ], [ 4.209944160577432, 47.573735573135494, 0.0 ], [ 4.210610030242604, 47.56983335343169, 0.0 ], [ 4.206157175276259, 47.562615471501907, 0.0 ], [ 4.205734621824924, 47.559508617404994, 0.0 ], [ 4.208689383361462, 47.559020715616107, 0.0 ], [ 4.212071572061609, 47.553162858783395, 0.0 ], [ 4.214655270323876, 47.551051915568515, 0.0 ], [ 4.216126260588915, 47.551298557009765, 0.0 ], [ 4.217444529442414, 47.552896240026314, 0.0 ], [ 4.223059883787029, 47.55195074753798, 0.0 ], [ 4.229716472805906, 47.554136766570963, 0.0 ], [ 4.238946449605884, 47.553433218464662, 0.0 ], [ 4.242512080542736, 47.555166973972284, 0.0 ], [ 4.246233972305346, 47.553325868496557, 0.0 ], [ 4.2473256166005, 47.554118120814479, 0.0 ], [ 4.248696323579951, 47.553420164825624, 0.0 ], [ 4.250480365598384, 47.550838039037778, 0.0 ], [ 4.255570629005521, 47.546874453472817, 0.0 ], [ 4.261303416706355, 47.547409457569223, 0.0 ], [ 4.261722946842969, 47.546142762754528, 0.0 ], [ 4.260459825728637, 47.544001212432413, 0.0 ], [ 4.266294389747314, 47.54210777706659, 0.0 ], [ 4.28129746160552, 47.539967810960526, 0.0 ], [ 4.289220141744241, 47.540419737738908, 0.0 ], [ 4.291893311434393, 47.539025351996813, 0.0 ], [ 4.299080425474229, 47.539354217798135, 0.0 ], [ 4.303132064682275, 47.541129341513681, 0.0 ], [ 4.309749517714601, 47.542231844736861, 0.0 ], [ 4.313160019928565, 47.541049248449262, 0.0 ], [ 4.316924083216318, 47.53684665858205, 0.0 ], [ 4.319379236666451, 47.538559121515519, 0.0 ], [ 4.325297822255332, 47.540482493248362, 0.0 ], [ 4.326859842737415, 47.543154731335214, 0.0 ], [ 4.33065269721152, 47.5451137076777, 0.0 ], [ 4.3325641595385, 47.544025061951103, 0.0 ], [ 4.334752881291686, 47.544192686925101, 0.0 ], [ 4.339722378251607, 47.547193913148654, 0.0 ], [ 4.342464992516567, 47.547437854994314, 0.0 ], [ 4.350388470938556, 47.543378874482066, 0.0 ], [ 4.35600803648393, 47.54513671357806, 0.0 ], [ 4.362288066625513, 47.548795149464084, 0.0 ], [ 4.364204013683947, 47.550246498499689, 0.0 ], [ 4.363484432348129, 47.551855596778388, 0.0 ], [ 4.365565799084198, 47.556340700780538, 0.0 ], [ 4.366487633898699, 47.557232874831179, 0.0 ], [ 4.369726343363792, 47.557296616579087, 0.0 ], [ 4.367152903570713, 47.561351910790464, 0.0 ], [ 4.363466385501611, 47.564024738766605, 0.0 ], [ 4.365762108479782, 47.566729289461456, 0.0 ], [ 4.368873388004796, 47.568234977803833, 0.0 ], [ 4.37524613223788, 47.567912454558645, 0.0 ], [ 4.378329406431935, 47.566823654354856, 0.0 ], [ 4.387063149329222, 47.56783917189788, 0.0 ], [ 4.397969846691495, 47.56764686535206, 0.0 ], [ 4.400655855455113, 47.56831865957038, 0.0 ], [ 4.405705713422779, 47.572628738898267, 0.0 ], [ 4.418086761462806, 47.575520929554791, 0.0 ], [ 4.422782334426375, 47.575291813268151, 0.0 ], [ 4.424122089711501, 47.574993682786605, 0.0 ], [ 4.425064409936148, 47.573362584692326, 0.0 ], [ 4.425088840054925, 47.568492697534637, 0.0 ], [ 4.429625915321069, 47.565992931834835, 0.0 ], [ 4.431244924396018, 47.561877707420066, 0.0 ], [ 4.436599231356128, 47.55606718182041, 0.0 ], [ 4.441943206333612, 47.558444609428207, 0.0 ], [ 4.446333233258136, 47.561874355965031, 0.0 ], [ 4.447831700206877, 47.564456685187629, 0.0 ], [ 4.447417495793524, 47.567432756291886, 0.0 ], [ 4.456579081279707, 47.573789952557661, 0.0 ], [ 4.4582551328421, 47.575828857715464, 0.0 ], [ 4.466724929703254, 47.573754675970989, 0.0 ], [ 4.474935930073076, 47.5705694877973, 0.0 ], [ 4.476382817610946, 47.574499837760889, 0.0 ], [ 4.481371247164107, 47.579037061337623, 0.0 ], [ 4.487151786126397, 47.597513810157373, 0.0 ], [ 4.51825314920684, 47.598645695266853, 0.0 ], [ 4.518485713964949, 47.599990392638531, 0.0 ], [ 4.52906945701027, 47.601822055097301, 0.0 ], [ 4.552019781819571, 47.611419627330029, 0.0 ], [ 4.55043751604718, 47.616578562370762, 0.0 ], [ 4.544091793089777, 47.622197562050268, 0.0 ], [ 4.547792276261347, 47.624123784120577, 0.0 ], [ 4.542209581438009, 47.627936483569862, 0.0 ], [ 4.531328563156676, 47.632372148212816, 0.0 ], [ 4.508192028179203, 47.634606051162862, 0.0 ], [ 4.503503963800211, 47.64317215103263, 0.0 ], [ 4.507334952145934, 47.655991052804808, 0.0 ], [ 4.485877384964021, 47.658863979620996, 0.0 ], [ 4.478144832317766, 47.665259249646333, 0.0 ], [ 4.477933439482096, 47.669942279497761, 0.0 ], [ 4.471669650939373, 47.678211669330025, 0.0 ], [ 4.464247985799529, 47.685071004475176, 0.0 ], [ 4.471313944832027, 47.686383062806655, 0.0 ], [ 4.470666073341455, 47.687980120745706, 0.0 ], [ 4.477304556402643, 47.695641115967788, 0.0 ], [ 4.481193735571811, 47.698072951311978, 0.0 ], [ 4.475551851509193, 47.69846204953808, 0.0 ], [ 4.467689335957019, 47.696807345202863, 0.0 ], [ 4.466512669512283, 47.697368542875388, 0.0 ], [ 4.464934711203872, 47.698807072728442, 0.0 ], [ 4.459787696319404, 47.710941578543093, 0.0 ], [ 4.455639528000225, 47.714406885507564, 0.0 ], [ 4.454637106806083, 47.717753744310386, 0.0 ], [ 4.449319703698852, 47.720738218649338, 0.0 ], [ 4.446611040135657, 47.718064807670551, 0.0 ], [ 4.443168058924982, 47.720330844977752, 0.0 ], [ 4.443323460201842, 47.721832276433375, 0.0 ], [ 4.441059141119168, 47.724283543555885, 0.0 ], [ 4.434890870052477, 47.724658214431095, 0.0 ], [ 4.435140669999082, 47.723233726473737, 0.0 ], [ 4.433315567838529, 47.723132769273214, 0.0 ], [ 4.434290278790211, 47.720041219053428, 0.0 ], [ 4.42856190183983, 47.718595353419168, 0.0 ], [ 4.427764196664855, 47.716107015742914, 0.0 ], [ 4.419743737283505, 47.713919896207571, 0.0 ], [ 4.420655497023461, 47.712846582720118, 0.0 ], [ 4.415378853263539, 47.711441403969722, 0.0 ], [ 4.415180687412411, 47.709353518424713, 0.0 ], [ 4.412918045997966, 47.707419315143625, 0.0 ], [ 4.410063834019485, 47.699199726912873, 0.0 ], [ 4.404868939146141, 47.703666971952039, 0.0 ], [ 4.399760438503606, 47.702468826661288, 0.0 ], [ 4.396496289374367, 47.702841822059924, 0.0 ], [ 4.390684783432046, 47.705866440461243, 0.0 ], [ 4.38938347658266, 47.704805259177967, 0.0 ], [ 4.386672405292972, 47.704505254899729, 0.0 ], [ 4.378519373695829, 47.709070230414959, 0.0 ], [ 4.376066257324773, 47.713652322969196, 0.0 ], [ 4.371814767942958, 47.713632037870205, 0.0 ], [ 4.374113730312103, 47.717592030957171, 0.0 ], [ 4.375825907925691, 47.724749162536597, 0.0 ], [ 4.372298788165508, 47.73289229363327, 0.0 ], [ 4.373668304628034, 47.735705517602426, 0.0 ], [ 4.374849981199856, 47.736095826577561, 0.0 ], [ 4.377489945131146, 47.734309418355274, 0.0 ], [ 4.381837704054693, 47.73283316443338, 0.0 ], [ 4.3854043330236, 47.735140494668187, 0.0 ], [ 4.391207235900148, 47.73502485011025, 0.0 ], [ 4.393845990590562, 47.740710561678185, 0.0 ], [ 4.396534546603892, 47.741403167312527, 0.0 ], [ 4.397692239562645, 47.743461583601963, 0.0 ], [ 4.397770016504373, 47.749577423500789, 0.0 ], [ 4.400493142885517, 47.750550385849358, 0.0 ], [ 4.398036215103047, 47.756106877296268, 0.0 ], [ 4.391663573589278, 47.758823023655857, 0.0 ], [ 4.38404625229854, 47.752920816941099, 0.0 ], [ 4.379127047429061, 47.755690205906795, 0.0 ], [ 4.366110129949518, 47.748966352318298, 0.0 ], [ 4.364868172996621, 47.751440125598059, 0.0 ], [ 4.365987402779718, 47.756357339827936, 0.0 ], [ 4.364436773209124, 47.759607946112432, 0.0 ], [ 4.35938236142954, 47.763315129421692, 0.0 ], [ 4.35793641261708, 47.763260792455391, 0.0 ], [ 4.355131321255612, 47.759796124121799, 0.0 ], [ 4.354342360180926, 47.76000689055433, 0.0 ], [ 4.349075929403142, 47.765438993128384, 0.0 ], [ 4.346502542761691, 47.765943898627818, 0.0 ], [ 4.346677101307693, 47.766932974873143, 0.0 ], [ 4.359352945797095, 47.766659601790849, 0.0 ], [ 4.375232081873667, 47.773168774451413, 0.0 ], [ 4.384738304268922, 47.773166589814366, 0.0 ], [ 4.38824907145107, 47.774708430581057, 0.0 ], [ 4.396646145455515, 47.760619868944154, 0.0 ], [ 4.401565517551075, 47.754780121571947, 0.0 ], [ 4.421696195515814, 47.754001796661086, 0.0 ], [ 4.421741246040178, 47.754489151352111, 0.0 ], [ 4.433412291445812, 47.753205402985344, 0.0 ], [ 4.436792589412866, 47.753568154023334, 0.0 ], [ 4.456074575421254, 47.76351921689534, 0.0 ], [ 4.458277511613921, 47.766637967626458, 0.0 ], [ 4.455371895750464, 47.768632022636083, 0.0 ], [ 4.45342375798941, 47.767164605710022, 0.0 ], [ 4.449296430881068, 47.77000183327403, 0.0 ], [ 4.45419505358457, 47.775456545146362, 0.0 ], [ 4.466369356387226, 47.781343202390566, 0.0 ], [ 4.467813975698681, 47.785296715791148, 0.0 ], [ 4.462126106581054, 47.794122076768467, 0.0 ], [ 4.459714619867558, 47.798934770106406, 0.0 ], [ 4.459484469739468, 47.801746174350491, 0.0 ], [ 4.453185304516013, 47.80200719146125, 0.0 ], [ 4.444781281743334, 47.800234252286302, 0.0 ], [ 4.436176063206204, 47.797222749211997, 0.0 ], [ 4.42814302881695, 47.796977066443979, 0.0 ], [ 4.426476846311997, 47.795821743325448, 0.0 ], [ 4.424310974277134, 47.796906687015145, 0.0 ], [ 4.424176799389438, 47.801426248635593, 0.0 ], [ 4.416400642363028, 47.804225481492473, 0.0 ], [ 4.410498043555538, 47.800915667187269, 0.0 ], [ 4.407850520029893, 47.793918130550573, 0.0 ], [ 4.405646381977477, 47.791695081247198, 0.0 ], [ 4.399832109712298, 47.789785229153829, 0.0 ], [ 4.388345586407766, 47.788800302947138, 0.0 ], [ 4.382369866707469, 47.799764694164772, 0.0 ], [ 4.377850918858432, 47.801908975978115, 0.0 ], [ 4.374084410528272, 47.800764996677124, 0.0 ], [ 4.363715424235504, 47.79998056732142, 0.0 ], [ 4.359939900286553, 47.798518488290185, 0.0 ], [ 4.351618128746504, 47.804354125604092, 0.0 ], [ 4.346947502889483, 47.799252747661527, 0.0 ], [ 4.340300787279512, 47.799562997610217, 0.0 ], [ 4.337415472919571, 47.800961487091627, 0.0 ], [ 4.333738520402372, 47.80446985419082, 0.0 ], [ 4.326718572255524, 47.807254463165997, 0.0 ], [ 4.320175935288624, 47.811748028337135, 0.0 ], [ 4.323359144084985, 47.814493559678688, 0.0 ], [ 4.325517806436931, 47.820891642449681, 0.0 ], [ 4.321177294652736, 47.825484509071067, 0.0 ], [ 4.324511509819863, 47.828890791757829, 0.0 ], [ 4.324569094194449, 47.831416805507665, 0.0 ], [ 4.320814187217472, 47.833466447150293, 0.0 ], [ 4.319282731759601, 47.837313723484655, 0.0 ], [ 4.330495792174165, 47.837588497396538, 0.0 ], [ 4.328694093062505, 47.841085210480287, 0.0 ], [ 4.32950471198289, 47.844414584286866, 0.0 ], [ 4.328834476942535, 47.846272832034764, 0.0 ], [ 4.327064452227191, 47.845698791589392, 0.0 ], [ 4.324895630299777, 47.847416438707882, 0.0 ], [ 4.31867538551304, 47.846083248187199, 0.0 ], [ 4.314792774897427, 47.848048589741403, 0.0 ], [ 4.304865727380952, 47.847571668756473, 0.0 ], [ 4.301260004228747, 47.848745872261752, 0.0 ], [ 4.297895625065107, 47.846119705399708, 0.0 ], [ 4.293399414389958, 47.847408831323662, 0.0 ], [ 4.286288253619696, 47.845528382658472, 0.0 ], [ 4.276948060400251, 47.840393578775036, 0.0 ], [ 4.271300803033674, 47.838781617946616, 0.0 ], [ 4.267894804441434, 47.842224521353401, 0.0 ], [ 4.260995562580555, 47.84385429569577, 0.0 ], [ 4.260130488958716, 47.846731343246894, 0.0 ], [ 4.264184024978734, 47.850018127200599, 0.0 ], [ 4.26330820283267, 47.863466121460149, 0.0 ], [ 4.261620965346386, 47.864231359238133, 0.0 ], [ 4.264459001613084, 47.86725214723878, 0.0 ], [ 4.266850181985152, 47.868293872885673, 0.0 ], [ 4.265875240814935, 47.871391730424961, 0.0 ], [ 4.260348637333489, 47.875666362048023, 0.0 ], [ 4.253708185172554, 47.873262231693232, 0.0 ], [ 4.246325541317591, 47.874378676214775, 0.0 ], [ 4.246685318627218, 47.877053526549318, 0.0 ], [ 4.267187501198471, 47.887203004607073, 0.0 ], [ 4.268821579465746, 47.888834315648076, 0.0 ], [ 4.270163636162443, 47.893303137154938, 0.0 ], [ 4.277816034955152, 47.899747516921266, 0.0 ], [ 4.279886705414835, 47.900470233136765, 0.0 ], [ 4.285389625167213, 47.900703546821966, 0.0 ], [ 4.296588668552644, 47.899866642741131, 0.0 ], [ 4.310997913203511, 47.903888451444658, 0.0 ], [ 4.31292102340204, 47.905114486536917, 0.0 ], [ 4.311021247074296, 47.905538051521852, 0.0 ], [ 4.310897556860979, 47.907305402460103, 0.0 ], [ 4.306976307060974, 47.908818949743946, 0.0 ], [ 4.305339756250326, 47.921260969484187, 0.0 ], [ 4.296680656793628, 47.923034618518031, 0.0 ], [ 4.29279701966587, 47.925881153724625, 0.0 ], [ 4.297329559635311, 47.932707732598743, 0.0 ], [ 4.302969370286315, 47.937884625159235, 0.0 ], [ 4.300228495535795, 47.94322717661057, 0.0 ], [ 4.300313033534389, 47.947441238008892, 0.0 ], [ 4.298659999235756, 47.949308242408101, 0.0 ], [ 4.303061921978694, 47.951524072414941, 0.0 ], [ 4.306774146063765, 47.955315312434784, 0.0 ], [ 4.3098880032148, 47.961605359053685, 0.0 ], [ 4.312718284088009, 47.962690757462383, 0.0 ], [ 4.314901503682543, 47.96091574688576, 0.0 ], [ 4.319528616517974, 47.959728024219309, 0.0 ], [ 4.334400903981807, 47.959065102589349, 0.0 ], [ 4.340350215775148, 47.95804514791449, 0.0 ], [ 4.342426590929759, 47.956909873060781, 0.0 ], [ 4.347232846477308, 47.956376048401985, 0.0 ], [ 4.358353529487727, 47.956970813891616, 0.0 ], [ 4.366198505663021, 47.95835600670766, 0.0 ], [ 4.369594084506003, 47.960121130142802, 0.0 ], [ 4.369080141868315, 47.960872373565692, 0.0 ], [ 4.386231979574505, 47.961449921290047, 0.0 ], [ 4.387664756571588, 47.962226879323616, 0.0 ], [ 4.397593030599649, 47.962765414612839, 0.0 ], [ 4.40192889292232, 47.965068376888595, 0.0 ], [ 4.410498697500662, 47.967613883306505, 0.0 ], [ 4.416626141955662, 47.96861129689308, 0.0 ], [ 4.427861611567459, 47.966021770759042, 0.0 ], [ 4.439500191414298, 47.958327251821814, 0.0 ], [ 4.445603377126663, 47.957616890607973, 0.0 ], [ 4.447132174555745, 47.956383862553473, 0.0 ], [ 4.455754901683044, 47.959849830334896, 0.0 ], [ 4.458253821473193, 47.959010577918178, 0.0 ], [ 4.463091702700646, 47.959022467119951, 0.0 ], [ 4.469910763787437, 47.959925690201153, 0.0 ], [ 4.473288976020052, 47.962382045294618, 0.0 ], [ 4.48418419533485, 47.963672533809252, 0.0 ], [ 4.49308777774982, 47.968176351099764, 0.0 ], [ 4.498993095917602, 47.968366731692583, 0.0 ], [ 4.508829400446497, 47.9665262267918, 0.0 ], [ 4.515103282494167, 47.966297922232016, 0.0 ], [ 4.532107335031042, 47.969974071476152, 0.0 ], [ 4.553550589553777, 47.967883469501153, 0.0 ], [ 4.559840448140733, 47.971613921713654, 0.0 ], [ 4.556840423293588, 47.982150636092236, 0.0 ], [ 4.555012174941601, 47.985912017212236, 0.0 ], [ 4.545265245378844, 47.988406827545866, 0.0 ], [ 4.540978064403488, 47.992029224953988, 0.0 ], [ 4.538983993726407, 47.996872587066633, 0.0 ], [ 4.535828343676718, 48.00098309950544, 0.0 ], [ 4.535718507969153, 48.006772039697715, 0.0 ], [ 4.549554078393976, 48.004856175403795, 0.0 ], [ 4.555618797581825, 48.013615827490462, 0.0 ], [ 4.563844644830535, 48.015798392098887, 0.0 ], [ 4.567090663544803, 48.018594955322293, 0.0 ], [ 4.570820375057388, 48.024615345104884, 0.0 ], [ 4.579762999861741, 48.029336256423178, 0.0 ], [ 4.590537252606014, 48.029529585451215, 0.0 ], [ 4.599129426699632, 48.030513061269247, 0.0 ], [ 4.608325294094195, 48.028430993957862, 0.0 ], [ 4.616545716422049, 48.031296751525055, 0.0 ], [ 4.617262584432432, 48.02844984443432, 0.0 ], [ 4.621959317350436, 48.024383435510359, 0.0 ], [ 4.623870572618392, 48.025453385964958, 0.0 ], [ 4.636185983556753, 48.0248633793625, 0.0 ], [ 4.639621645197665, 48.025580642804556, 0.0 ], [ 4.647583357068307, 48.025695380337993, 0.0 ], [ 4.653582483893533, 48.022557226602338, 0.0 ], [ 4.656847114676067, 48.017332150081366, 0.0 ], [ 4.665379430312965, 48.020996627318986, 0.0 ], [ 4.6701420130479, 48.016048783450231, 0.0 ], [ 4.670091923551731, 48.015055780464266, 0.0 ], [ 4.671817280752179, 48.014975473250018, 0.0 ], [ 4.678420372501962, 48.016925611139243, 0.0 ], [ 4.688390137810782, 48.021275413398598, 0.0 ], [ 4.699188879983573, 48.023892316608141, 0.0 ], [ 4.702168193531231, 48.022449597934681, 0.0 ], [ 4.716177155459, 48.01139167129358, 0.0 ], [ 4.721172290366296, 48.010056740640444, 0.0 ], [ 4.720042957322189, 48.009069623441498, 0.0 ], [ 4.742141036590688, 48.00461830805817, 0.0 ], [ 4.749296639196844, 48.004246587871435, 0.0 ], [ 4.767264194332519, 48.005763910161527, 0.0 ], [ 4.774057950639114, 48.005480731856352, 0.0 ], [ 4.778754944432126, 48.007268588471796, 0.0 ], [ 4.786681221846319, 48.006754222751134, 0.0 ], [ 4.789488927544799, 48.008111263546425, 0.0 ], [ 4.793359301992642, 48.00332929823999, 0.0 ], [ 4.793894337265964, 47.996749196767311, 0.0 ], [ 4.796837917164746, 47.994529514069093, 0.0 ], [ 4.809486627556395, 47.989929361395006, 0.0 ], [ 4.809877527446107, 47.988182449897337, 0.0 ], [ 4.806139875294461, 47.985844602457647, 0.0 ], [ 4.801345553704742, 47.984834353232372, 0.0 ], [ 4.796291806479666, 47.984748729833974, 0.0 ], [ 4.793186393778814, 47.981575378761235, 0.0 ], [ 4.787472356835937, 47.971361906698569, 0.0 ], [ 4.785585693963194, 47.971422981808161, 0.0 ], [ 4.78486803476047, 47.96830223079624, 0.0 ], [ 4.786515251763801, 47.964201285167064, 0.0 ], [ 4.791633346301495, 47.964068479629233, 0.0 ], [ 4.794216818447257, 47.962505998250101, 0.0 ], [ 4.801451046974366, 47.962651000013786, 0.0 ], [ 4.809001664713257, 47.961696984198539, 0.0 ], [ 4.812318395500944, 47.95949088603809, 0.0 ], [ 4.815964682069347, 47.959441809216479, 0.0 ], [ 4.819424319069914, 47.960358692843158, 0.0 ], [ 4.820062560514024, 47.96110945699381, 0.0 ], [ 4.817779194833748, 47.963857004290361, 0.0 ], [ 4.819819359270655, 47.964488862672589, 0.0 ], [ 4.821089203983377, 47.963022623087411, 0.0 ], [ 4.82632957949601, 47.961230091434011, 0.0 ], [ 4.836640815146475, 47.960442004217164, 0.0 ], [ 4.845185948425724, 47.961248857261104, 0.0 ], [ 4.847678376600522, 47.960160095519932, 0.0 ], [ 4.85759853377419, 47.951893973014712, 0.0 ], [ 4.865206884505239, 47.941562589678121, 0.0 ], [ 4.864388883011493, 47.939368294229681, 0.0 ], [ 4.859609160675819, 47.936510307120145, 0.0 ], [ 4.855513498202508, 47.932054279532878, 0.0 ], [ 4.852133433405042, 47.92996785083978, 0.0 ], [ 4.848211040973306, 47.929107827477232, 0.0 ], [ 4.846619330779414, 47.928016616151176, 0.0 ], [ 4.847040150967408, 47.921482657530838, 0.0 ], [ 4.843473589209665, 47.920976066158438, 0.0 ], [ 4.839532154134985, 47.922633915824896, 0.0 ], [ 4.836527462783607, 47.919865116515041, 0.0 ], [ 4.831010637545634, 47.917127331865579, 0.0 ], [ 4.829015182557861, 47.915257205761705, 0.0 ], [ 4.829476251546903, 47.912278462970839, 0.0 ], [ 4.833320800859713, 47.907247581509772, 0.0 ], [ 4.856787909678282, 47.895631553811889, 0.0 ], [ 4.860538755503754, 47.897125042783678, 0.0 ], [ 4.861037161670563, 47.899161535835646, 0.0 ], [ 4.859528771586554, 47.901195618740303, 0.0 ], [ 4.862643063323557, 47.906167648223864, 0.0 ], [ 4.870549499039313, 47.914768622379341, 0.0 ], [ 4.870436581161077, 47.918175914283808, 0.0 ], [ 4.875980480975837, 47.92029120293482, 0.0 ], [ 4.894336986322062, 47.923025779352841, 0.0 ], [ 4.902607571748615, 47.921096167007455, 0.0 ], [ 4.903901635100791, 47.918045065855345, 0.0 ], [ 4.905966325709275, 47.916470401258863, 0.0 ], [ 4.905862081536018, 47.91431336556181, 0.0 ], [ 4.907555216877251, 47.911981307531939, 0.0 ], [ 4.914002263952795, 47.905585623637052, 0.0 ], [ 4.913751087707218, 47.901812359158434, 0.0 ], [ 4.915428947038028, 47.89781587857393, 0.0 ], [ 4.92057515162088, 47.893607824956632, 0.0 ], [ 4.925809846994349, 47.89119764786841, 0.0 ], [ 4.927485958651907, 47.888551339184005, 0.0 ], [ 4.928317786708592, 47.885068144956918, 0.0 ], [ 4.927299620802764, 47.879287298708363, 0.0 ], [ 4.930033209691361, 47.875042719374562, 0.0 ], [ 4.92745490354949, 47.871545320813823, 0.0 ], [ 4.935920896327562, 47.869647752357785, 0.0 ], [ 4.940204538941392, 47.867032875340541, 0.0 ], [ 4.946649962739197, 47.866214006320327, 0.0 ], [ 4.95409956481277, 47.866767159312104, 0.0 ], [ 4.955639618109539, 47.862773148014384, 0.0 ], [ 4.960823828656709, 47.856762867663292, 0.0 ], [ 4.963404297425438, 47.852205756514579, 0.0 ], [ 4.963019236674602, 47.848480579421242, 0.0 ], [ 4.96013423577879, 47.845575940776023, 0.0 ], [ 4.961000814960716, 47.844161529043681, 0.0 ], [ 4.960628577471758, 47.840705298262087, 0.0 ], [ 4.963870785942172, 47.838698344708661, 0.0 ], [ 4.966745333745762, 47.838723088973907, 0.0 ], [ 4.96864947518783, 47.836700619401377, 0.0 ], [ 4.968346106104021, 47.831938726348447, 0.0 ], [ 4.984566783373018, 47.828961720920745, 0.0 ], [ 4.984094326928321, 47.824685242023698, 0.0 ], [ 4.984957744723983, 47.825253113163029, 0.0 ], [ 4.985983383526072, 47.822540270607334, 0.0 ], [ 4.994126637629452, 47.819746154606833, 0.0 ], [ 4.991036955204325, 47.819411549993212, 0.0 ], [ 4.990102588393, 47.818375873126804, 0.0 ], [ 4.99012174175052, 47.817137641644834, 0.0 ], [ 4.993453900460433, 47.814317103924388, 0.0 ], [ 4.993201360049395, 47.812999760801752, 0.0 ], [ 4.990224779636065, 47.809891196518471, 0.0 ], [ 4.989621381012695, 47.805587202095822, 0.0 ], [ 4.986189440770725, 47.802649218410785, 0.0 ], [ 4.982421036753135, 47.800568514880887, 0.0 ], [ 4.976820086413142, 47.799577379407836, 0.0 ], [ 4.964508952788524, 47.795255934737142, 0.0 ], [ 4.956267266368106, 47.789898414184812, 0.0 ], [ 4.943358299404698, 47.785887271861796, 0.0 ], [ 4.937070709200825, 47.78292320006819, 0.0 ], [ 4.927247561007468, 47.781342262569957, 0.0 ], [ 4.917962007038912, 47.777094036192189, 0.0 ], [ 4.923883657295242, 47.775343066665393, 0.0 ], [ 4.923788429411513, 47.773410788908549, 0.0 ], [ 4.920823614671038, 47.771451786940624, 0.0 ], [ 4.920883264136485, 47.767221196185069, 0.0 ], [ 4.91691578621516, 47.766848665138014, 0.0 ], [ 4.91942664626205, 47.766044079112419, 0.0 ], [ 4.924224521087708, 47.765932023255012, 0.0 ], [ 4.926707553916796, 47.764842338983065, 0.0 ], [ 4.925061201262958, 47.761042220726011, 0.0 ], [ 4.925747455197322, 47.760228762624351, 0.0 ], [ 4.942211905536126, 47.762606414947037, 0.0 ], [ 4.944416493247329, 47.763996816956016, 0.0 ], [ 4.944236399445535, 47.765756311084509, 0.0 ], [ 4.946008525583117, 47.766526348001072, 0.0 ], [ 4.948972839505902, 47.765718085569091, 0.0 ], [ 4.95082295298432, 47.762638821782893, 0.0 ], [ 4.955628280185825, 47.762665797788053, 0.0 ], [ 4.958991959376116, 47.761870409833072, 0.0 ], [ 4.95899659444137, 47.755211589767683, 0.0 ], [ 4.966143064925222, 47.740562355957579, 0.0 ], [ 4.957362012821455, 47.732976632515765, 0.0 ], [ 4.960489605117377, 47.732816236853786, 0.0 ], [ 4.964755058489133, 47.735464596345665, 0.0 ], [ 4.968513186405223, 47.735244782854309, 0.0 ], [ 4.971765157076767, 47.730221996802463, 0.0 ], [ 4.970703320871094, 47.727636116599399, 0.0 ], [ 4.963496342417989, 47.722174302605033, 0.0 ], [ 4.963482974539677, 47.719205216381553, 0.0 ], [ 4.965682000278764, 47.716500584653367, 0.0 ], [ 4.965668943195776, 47.714881092741145, 0.0 ], [ 4.953807610902551, 47.706914631445891, 0.0 ], [ 4.953725987221931, 47.702832945337654, 0.0 ], [ 4.954632664385699, 47.701152160291954, 0.0 ], [ 4.957346526010869, 47.699800369944732, 0.0 ], [ 4.960653435593753, 47.696663987482118, 0.0 ], [ 4.972422776276166, 47.691151283210566, 0.0 ], [ 4.972296603686749, 47.689939734516592, 0.0 ], [ 4.968567641898073, 47.687324024133297, 0.0 ], [ 4.969758181559181, 47.686561179787489, 0.0 ], [ 4.979124473999229, 47.687188115175189, 0.0 ], [ 4.984767493466443, 47.688801336405845, 0.0 ], [ 4.992273960509501, 47.688315326068569, 0.0 ], [ 4.995111737472931, 47.689105172739744, 0.0 ], [ 5.00244685788714, 47.693820123790566, 0.0 ], [ 5.002507790429916, 47.696577784305475, 0.0 ], [ 5.004769483466383, 47.701253312344171, 0.0 ], [ 5.007821495464204, 47.700625623991108, 0.0 ], [ 5.013120506417587, 47.705251510521251, 0.0 ], [ 5.01898855439479, 47.705296217255054, 0.0 ], [ 5.026267013978857, 47.709492979050147, 0.0 ], [ 5.029155372432103, 47.709920998248435, 0.0 ], [ 5.032014412056907, 47.708459596296755, 0.0 ], [ 5.031963106010387, 47.703511188524367, 0.0 ], [ 5.033022322365815, 47.702046793468568, 0.0 ], [ 5.032899895085369, 47.700970283056549, 0.0 ], [ 5.029122303212477, 47.697457833740778, 0.0 ], [ 5.028777913749028, 47.693280699939088, 0.0 ], [ 5.034720365215221, 47.692198740947276, 0.0 ], [ 5.044929971107022, 47.693761052527414, 0.0 ], [ 5.053274779055888, 47.69401638339972, 0.0 ], [ 5.055607324099302, 47.697303189375788, 0.0 ], [ 5.060480822432023, 47.695100631884394, 0.0 ], [ 5.057361699879747, 47.690546520202112, 0.0 ], [ 5.053879798539868, 47.688917726407304, 0.0 ], [ 5.052739088220619, 47.687482747953418, 0.0 ], [ 5.050284668443168, 47.679867184780946, 0.0 ], [ 5.044430707955571, 47.677407228167816, 0.0 ], [ 5.043803001747595, 47.67650881998717, 0.0 ], [ 5.049424042090052, 47.673814596136687, 0.0 ], [ 5.054633619020684, 47.668517098086333, 0.0 ], [ 5.064206561541633, 47.666852861393181, 0.0 ], [ 5.068944282952018, 47.66446047429006, 0.0 ], [ 5.067950610706451, 47.668189483535116, 0.0 ], [ 5.069158820602586, 47.66858137919737, 0.0 ], [ 5.071061305370466, 47.665432318034419, 0.0 ], [ 5.073830594654257, 47.664871783588772, 0.0 ], [ 5.076086612887696, 47.66533684950911, 0.0 ], [ 5.07927216697276, 47.668343364100124, 0.0 ], [ 5.076933001318591, 47.663043805845895, 0.0 ], [ 5.084916900154379, 47.657252517209479, 0.0 ], [ 5.095150385302018, 47.65788883919371, 0.0 ], [ 5.102246596295157, 47.659363208536604, 0.0 ], [ 5.10415374689021, 47.658754421474086, 0.0 ], [ 5.103637322537544, 47.65525752896734, 0.0 ], [ 5.108874341417499, 47.649687715839768, 0.0 ], [ 5.111888351936758, 47.65002044919769, 0.0 ], [ 5.116601179998067, 47.65189266463662, 0.0 ], [ 5.117435261862057, 47.649439225274463, 0.0 ], [ 5.119725880598438, 47.650177447677684, 0.0 ], [ 5.121946021938825, 47.647467405495085, 0.0 ], [ 5.125037991488949, 47.646780909026056, 0.0 ], [ 5.128215041934773, 47.647694627706365, 0.0 ], [ 5.128602415042081, 47.648720352259659, 0.0 ], [ 5.127696950084892, 47.649237479916906, 0.0 ], [ 5.128996521175958, 47.649881015505379, 0.0 ], [ 5.135276156068058, 47.651530336292893, 0.0 ], [ 5.136038594206693, 47.650836581123968, 0.0 ], [ 5.138571636619111, 47.650865876898806, 0.0 ], [ 5.137614149406803, 47.654173538232591, 0.0 ], [ 5.143506819169257, 47.656056412198993, 0.0 ], [ 5.149598993455348, 47.663606175433848, 0.0 ], [ 5.155940896371037, 47.667760940008129, 0.0 ], [ 5.160239049821817, 47.674553569987765, 0.0 ], [ 5.160484015992337, 47.678460452782069, 0.0 ], [ 5.162031671718964, 47.679506034023305, 0.0 ], [ 5.163637989240795, 47.680385733460227, 0.0 ], [ 5.178439513388894, 47.680982440259911, 0.0 ], [ 5.175564331270478, 47.668913600735586, 0.0 ], [ 5.173401200205703, 47.665815866139972, 0.0 ], [ 5.174120814625897, 47.65590497063917, 0.0 ], [ 5.173173128005073, 47.653513947718615, 0.0 ], [ 5.174396402879283, 47.651615587154033, 0.0 ], [ 5.179960333131959, 47.650091015228554, 0.0 ], [ 5.188123827517142, 47.649706088828616, 0.0 ], [ 5.198158165708196, 47.644374389020747, 0.0 ], [ 5.202348430184171, 47.644272051688276, 0.0 ], [ 5.212315146670166, 47.641415687960674, 0.0 ], [ 5.215182755295881, 47.639049882246333, 0.0 ], [ 5.217035986472635, 47.635619111524264, 0.0 ], [ 5.221271592531123, 47.632238460791847, 0.0 ], [ 5.228636493490036, 47.630281020353877, 0.0 ], [ 5.22984223162916, 47.628245473667754, 0.0 ], [ 5.229229214606761, 47.625560294058921, 0.0 ], [ 5.237431208947097, 47.620946116514006, 0.0 ], [ 5.23693798474925, 47.616772892428429, 0.0 ], [ 5.239232311984695, 47.616130998738903, 0.0 ], [ 5.250543513673898, 47.622148375058948, 0.0 ], [ 5.255652363769253, 47.623054720002244, 0.0 ], [ 5.25872217160867, 47.622166941663494, 0.0 ], [ 5.238112299537319, 47.59650232534355, 0.0 ], [ 5.241459053332, 47.594789315844487, 0.0 ], [ 5.248516834221865, 47.588806700535635, 0.0 ], [ 5.253115949950774, 47.576855834463885, 0.0 ], [ 5.256225133497778, 47.576552610973472, 0.0 ], [ 5.266220298901879, 47.580530872864863, 0.0 ], [ 5.273138415960408, 47.580536765072864, 0.0 ], [ 5.277888592232289, 47.581573342732582, 0.0 ], [ 5.27879775123768, 47.590248985313302, 0.0 ], [ 5.281392536787986, 47.592658436844403, 0.0 ], [ 5.285867336775971, 47.595380414971011, 0.0 ], [ 5.293993181363817, 47.597918857722703, 0.0 ], [ 5.300733014253801, 47.605443110555484, 0.0 ], [ 5.306285203194553, 47.607257000560608, 0.0 ], [ 5.314550251611283, 47.606214521030914, 0.0 ], [ 5.316874547717266, 47.607551577194627, 0.0 ], [ 5.319147530007702, 47.610739233649859, 0.0 ], [ 5.3224601014238, 47.612409539993173, 0.0 ], [ 5.339999937535663, 47.609069594415658, 0.0 ], [ 5.34102515353556, 47.608368254855051, 0.0 ], [ 5.339951155691983, 47.607045331684766, 0.0 ], [ 5.3453750609073, 47.604115177012943, 0.0 ], [ 5.3407376880416, 47.596224337912517, 0.0 ], [ 5.341475603048894, 47.595170342551775, 0.0 ], [ 5.346971451950844, 47.594815003364701, 0.0 ], [ 5.354896410651341, 47.591311724583107, 0.0 ], [ 5.356197042051099, 47.593123430820739, 0.0 ], [ 5.364523708343826, 47.599162299666183, 0.0 ], [ 5.366838940684001, 47.604957937299154, 0.0 ], [ 5.369226745857939, 47.605326433527168, 0.0 ], [ 5.373036326383197, 47.604069362861232, 0.0 ], [ 5.375819553024091, 47.60458637510866, 0.0 ], [ 5.3855936816919, 47.601086589032811, 0.0 ], [ 5.386954415032352, 47.600282513684654, 0.0 ], [ 5.387733697523862, 47.596986850936048, 0.0 ], [ 5.390078803392487, 47.594204837347014, 0.0 ], [ 5.395679654487445, 47.594891464261387, 0.0 ], [ 5.396642136284899, 47.59672949935451, 0.0 ], [ 5.399772264287105, 47.597058708217858, 0.0 ], [ 5.404221517102684, 47.602171312916681, 0.0 ], [ 5.405693394488277, 47.604607540633083, 0.0 ], [ 5.40607336911625, 47.608872725278161, 0.0 ], [ 5.413683392818691, 47.614254780344382, 0.0 ], [ 5.414551905002482, 47.617379667029979, 0.0 ], [ 5.416854210862821, 47.619369024597027, 0.0 ], [ 5.418147768147088, 47.62543070576875, 0.0 ], [ 5.425590952467092, 47.632074403074029, 0.0 ], [ 5.44099826526246, 47.630268389620525, 0.0 ], [ 5.449051852066123, 47.622266897708435, 0.0 ], [ 5.459050895134602, 47.615697995657385, 0.0 ], [ 5.466497237777688, 47.612729396665628, 0.0 ], [ 5.471056160142738, 47.608218478025393, 0.0 ], [ 5.477599675947861, 47.608671433396857, 0.0 ], [ 5.48358188069133, 47.589443396557201, 0.0 ], [ 5.484127619044372, 47.581715715694578, 0.0 ], [ 5.488239659956045, 47.577013555626294, 0.0 ], [ 5.485237972150084, 47.572368447043914, 0.0 ], [ 5.486180077031303, 47.569192755649432, 0.0 ], [ 5.482958465420097, 47.566444382216844, 0.0 ], [ 5.479980322509737, 47.565580153662516, 0.0 ], [ 5.480483250997906, 47.563945720426652, 0.0 ], [ 5.483832048350355, 47.563225131053507, 0.0 ], [ 5.4912891652093, 47.563383076137605, 0.0 ], [ 5.493988326778256, 47.568530738584101, 0.0 ], [ 5.502699254476806, 47.569643688358859, 0.0 ], [ 5.504347715909434, 47.567167726530677, 0.0 ], [ 5.505377144421144, 47.559893205155319, 0.0 ], [ 5.516111449615956, 47.555909328355469, 0.0 ], [ 5.525107532870695, 47.55458641792417, 0.0 ], [ 5.529663702842408, 47.559048285743543, 0.0 ], [ 5.537513372100562, 47.559101988783958, 0.0 ], [ 5.541512197056917, 47.561467238436279, 0.0 ], [ 5.554321096910305, 47.566055142772079, 0.0 ], [ 5.555330958491985, 47.564550628929197, 0.0 ], [ 5.554081032975175, 47.561479033315919, 0.0 ], [ 5.555060994946866, 47.560102156805293, 0.0 ], [ 5.557262644222311, 47.560011568683429, 0.0 ], [ 5.561661853979435, 47.561493778392176, 0.0 ], [ 5.563689751881957, 47.560942173087199, 0.0 ], [ 5.565789468216101, 47.554987993499068, 0.0 ], [ 5.569771614749291, 47.551591446474596, 0.0 ], [ 5.5730767539333, 47.551273586369341, 0.0 ], [ 5.58645287897514, 47.547506629813967, 0.0 ], [ 5.58344696308045, 47.545808059525136, 0.0 ], [ 5.582460524202869, 47.543809820030539, 0.0 ], [ 5.589382136462493, 47.541771275202024, 0.0 ], [ 5.590589441774753, 47.54412300398068, 0.0 ], [ 5.592909682517536, 47.545092730139054, 0.0 ], [ 5.596905831112819, 47.540884308310538, 0.0 ], [ 5.59825251345938, 47.536821276782241, 0.0 ], [ 5.60323285526025, 47.533701136100426, 0.0 ], [ 5.604352402150655, 47.529629568853458, 0.0 ], [ 5.600181969671101, 47.527109043419621, 0.0 ], [ 5.598458422763335, 47.522836138807229, 0.0 ], [ 5.600954835741318, 47.520200114660099, 0.0 ], [ 5.612507387503845, 47.496392402015928, 0.0 ], [ 5.61776643255449, 47.496182452142236, 0.0 ], [ 5.623437764017868, 47.490640980426512, 0.0 ], [ 5.624038521037865, 47.491320954402624, 0.0 ], [ 5.627848992923351, 47.489116676121803, 0.0 ], [ 5.629738248289844, 47.490679010765668, 0.0 ], [ 5.633456785214049, 47.489878953780256, 0.0 ], [ 5.638529158818836, 47.492606641591095, 0.0 ], [ 5.64031748006018, 47.489556983414452, 0.0 ], [ 5.642644766439529, 47.488545882937267, 0.0 ], [ 5.647343965779648, 47.4883706978191, 0.0 ], [ 5.651873042154372, 47.484602807884812, 0.0 ], [ 5.656218040062362, 47.485570173312865, 0.0 ], [ 5.661057236509689, 47.482418096273591, 0.0 ], [ 5.669174133702485, 47.48015893906534, 0.0 ], [ 5.667894642213891, 47.477519541060893, 0.0 ], [ 5.66244475686755, 47.475297120349403, 0.0 ], [ 5.667310921024963, 47.472471971346849, 0.0 ], [ 5.667805682972085, 47.471124917414222, 0.0 ], [ 5.673274730741989, 47.471314695805987, 0.0 ], [ 5.678199460105559, 47.469359588975749, 0.0 ], [ 5.678661942941756, 47.466418097509667, 0.0 ], [ 5.681774127738438, 47.46252299051357, 0.0 ], [ 5.683704435146447, 47.461605724322467, 0.0 ], [ 5.705416268368101, 47.465640814026045, 0.0 ], [ 5.707244930782137, 47.464977711735315, 0.0 ], [ 5.703804963069126, 47.458643758122868, 0.0 ], [ 5.70462772603009, 47.458184195796761, 0.0 ], [ 5.712809617786747, 47.469735376702516, 0.0 ], [ 5.720321216856993, 47.472605368735138, 0.0 ], [ 5.727292799447386, 47.478261719832155, 0.0 ], [ 5.725892562262058, 47.479019579985099, 0.0 ], [ 5.724751761905509, 47.48176821183867, 0.0 ], [ 5.731353668156152, 47.48644941515709, 0.0 ], [ 5.734400118153293, 47.490288776321307, 0.0 ], [ 5.740588752485895, 47.492209516780129, 0.0 ], [ 5.754905629444456, 47.504396067483441, 0.0 ], [ 5.771143988952271, 47.511098581061781, 0.0 ], [ 5.784618730102619, 47.514438678707954, 0.0 ], [ 5.786466941703917, 47.514417007152574, 0.0 ], [ 5.790679129984847, 47.508792989191505, 0.0 ], [ 5.791365172539804, 47.497537354660494, 0.0 ], [ 5.792713846898495, 47.493126598923013, 0.0 ], [ 5.796243343660874, 47.489180483812817, 0.0 ], [ 5.789562357263263, 47.48689885073604, 0.0 ], [ 5.785144496290623, 47.484304226278304, 0.0 ], [ 5.778429914057548, 47.48306852034559, 0.0 ], [ 5.775815495245237, 47.479159584463886, 0.0 ], [ 5.771974034890396, 47.47663810796422, 0.0 ], [ 5.779432109084952, 47.473636509173296, 0.0 ], [ 5.772341985714646, 47.46789229875457, 0.0 ], [ 5.765594200036992, 47.465916293167098, 0.0 ], [ 5.754642789265219, 47.464141250129458, 0.0 ], [ 5.751624078032867, 47.465931229878962, 0.0 ], [ 5.750314153589009, 47.464504822774003, 0.0 ], [ 5.752031190143713, 47.45638564942476, 0.0 ], [ 5.753586884990264, 47.454382565246441, 0.0 ], [ 5.755508783203829, 47.454078564699131, 0.0 ], [ 5.753434223984583, 47.449916767906785, 0.0 ], [ 5.754873110094237, 47.446809421781488, 0.0 ], [ 5.755148799048942, 47.43774242893452, 0.0 ], [ 5.749208842589545, 47.436778655279745, 0.0 ], [ 5.750289513710992, 47.434995781655815, 0.0 ], [ 5.751298140995651, 47.434938603790144, 0.0 ], [ 5.75235047782185, 47.432322296552471, 0.0 ], [ 5.751317712893838, 47.431960313284378, 0.0 ], [ 5.751017458237119, 47.430249712777226, 0.0 ], [ 5.744573665309873, 47.425238027021436, 0.0 ], [ 5.745340961883642, 47.42358328149475, 0.0 ], [ 5.743992491860829, 47.420111240687376, 0.0 ], [ 5.736079043496019, 47.416686643909948, 0.0 ], [ 5.724104618857064, 47.416103063334468, 0.0 ], [ 5.723388072629652, 47.4152686563, 0.0 ], [ 5.72470285553273, 47.411949284935197, 0.0 ], [ 5.723871721671665, 47.410713136529203, 0.0 ], [ 5.724734751365665, 47.410228137720893, 0.0 ], [ 5.720759057787481, 47.405491506235229, 0.0 ], [ 5.724716323026113, 47.401724731023577, 0.0 ], [ 5.722515581926586, 47.396297107178533, 0.0 ], [ 5.723979858642196, 47.39323902218063, 0.0 ], [ 5.720973909576405, 47.390805372254277, 0.0 ], [ 5.705878915729884, 47.384986829204649, 0.0 ], [ 5.704327473792361, 47.38543908000041, 0.0 ], [ 5.703043803662386, 47.387782928669466, 0.0 ], [ 5.700277155406376, 47.388626372844996, 0.0 ], [ 5.693182199553816, 47.384209876011987, 0.0 ], [ 5.693170136639896, 47.381989851860659, 0.0 ], [ 5.695900058070567, 47.379445033935106, 0.0 ], [ 5.703791766437284, 47.378709533171914, 0.0 ], [ 5.700817263884924, 47.377602341754248, 0.0 ], [ 5.692167248596204, 47.371684374394974, 0.0 ], [ 5.694714858691755, 47.370217465291582, 0.0 ], [ 5.6963870566769, 47.367717852339624, 0.0 ], [ 5.696269715247515, 47.366148785524409, 0.0 ], [ 5.698939505185359, 47.360926444908728, 0.0 ], [ 5.699284473423256, 47.356955157792612, 0.0 ], [ 5.701586388024644, 47.355627988475888, 0.0 ], [ 5.69897158824419, 47.354082747131322, 0.0 ], [ 5.698289614013264, 47.354438172860206, 0.0 ], [ 5.687284860112555, 47.347309916616048, 0.0 ], [ 5.67711388156307, 47.343075343890398, 0.0 ], [ 5.669886495311452, 47.343585815325163, 0.0 ], [ 5.667683165095209, 47.339944325646108, 0.0 ], [ 5.668867419300762, 47.336633016070941, 0.0 ], [ 5.666909578058929, 47.333898316375958, 0.0 ], [ 5.667673753068776, 47.332345898099071, 0.0 ], [ 5.659562919011718, 47.32438658229114, 0.0 ], [ 5.659112632353577, 47.322463905895397, 0.0 ], [ 5.654072211482386, 47.321257871718771, 0.0 ], [ 5.649218700601366, 47.321982144612861, 0.0 ], [ 5.647948005854889, 47.320713173749134, 0.0 ], [ 5.647336157421701, 47.315962219564355, 0.0 ], [ 5.642901698535963, 47.311900061793281, 0.0 ], [ 5.634920638926194, 47.31451351901746, 0.0 ], [ 5.629831523921406, 47.317855366694289, 0.0 ], [ 5.619658078221421, 47.311186725688486, 0.0 ], [ 5.611460943577688, 47.303252283210028, 0.0 ], [ 5.60892328150933, 47.295310867256021, 0.0 ], [ 5.610079082146715, 47.294738126733691, 0.0 ], [ 5.616323955712284, 47.296226903206097, 0.0 ], [ 5.620501127247729, 47.294217666667592, 0.0 ], [ 5.619333502596986, 47.291369778230901, 0.0 ], [ 5.620057592047866, 47.289143013736449, 0.0 ], [ 5.617641288715384, 47.286420581120041, 0.0 ], [ 5.618614172407141, 47.284436811101791, 0.0 ], [ 5.617861761716489, 47.283556656072712, 0.0 ], [ 5.613508046198604, 47.28287478949521, 0.0 ], [ 5.60815518532322, 47.284212166662563, 0.0 ], [ 5.599702214630399, 47.283012984474269, 0.0 ], [ 5.588140383295116, 47.274560555011597, 0.0 ], [ 5.584974039641453, 47.273832221388325, 0.0 ], [ 5.583487494459178, 47.2744859487876, 0.0 ], [ 5.578716528325033, 47.268118574973144, 0.0 ], [ 5.573820323891643, 47.267593234461089, 0.0 ], [ 5.573540426967476, 47.260699844353852, 0.0 ], [ 5.572150855775812, 47.258178002237749, 0.0 ], [ 5.574407308207314, 47.254187208155322, 0.0 ], [ 5.578158321139891, 47.252541975521254, 0.0 ], [ 5.581140304069658, 47.253068307205083, 0.0 ], [ 5.581593452623639, 47.253964359897722, 0.0 ], [ 5.590936495030189, 47.25915857560797, 0.0 ], [ 5.596608948685197, 47.258537171051152, 0.0 ], [ 5.603153420477931, 47.260242349282741, 0.0 ], [ 5.608935401614873, 47.259751192878035, 0.0 ], [ 5.610999857514992, 47.258697686030942, 0.0 ], [ 5.615113371866955, 47.258073536109627, 0.0 ], [ 5.620252376299434, 47.255988466898813, 0.0 ], [ 5.622501496094854, 47.254009101158957, 0.0 ], [ 5.629103181071622, 47.256119572223092, 0.0 ], [ 5.63416392142652, 47.255475053864878, 0.0 ], [ 5.640786449486822, 47.255788285373377, 0.0 ], [ 5.650517582438392, 47.260622200873847, 0.0 ], [ 5.652493195557448, 47.262126332626458, 0.0 ], [ 5.651486777733006, 47.262753762256096, 0.0 ], [ 5.652311306254235, 47.264526518722619, 0.0 ], [ 5.655998202234112, 47.265684278130642, 0.0 ], [ 5.661710373690849, 47.26490114651692, 0.0 ], [ 5.664583026987286, 47.265885462552262, 0.0 ], [ 5.672307895804487, 47.271303260783711, 0.0 ], [ 5.671970834047012, 47.271923548141757, 0.0 ], [ 5.669661674395694, 47.272194713519525, 0.0 ], [ 5.67033245085568, 47.274693304348276, 0.0 ], [ 5.67639768915942, 47.275694765717439, 0.0 ], [ 5.683539094588812, 47.273805673167764, 0.0 ], [ 5.684159130766377, 47.271461031699218, 0.0 ], [ 5.688151315818389, 47.270364200416111, 0.0 ], [ 5.691653756029001, 47.271144099168907, 0.0 ], [ 5.695929517512343, 47.26831722888501, 0.0 ], [ 5.69678054848284, 47.26573563013752, 0.0 ], [ 5.700228153095757, 47.263926802364296, 0.0 ], [ 5.707922522919483, 47.254256698458548, 0.0 ], [ 5.708966992929066, 47.250751654857879, 0.0 ], [ 5.712800721045355, 47.246057162085236, 0.0 ], [ 5.717482213707198, 47.243257732702752, 0.0 ], [ 5.718996582222813, 47.241292714883748, 0.0 ], [ 5.718297957661075, 47.237966250067714, 0.0 ], [ 5.715985904491745, 47.238095222245796, 0.0 ], [ 5.713855600227792, 47.236060687463663, 0.0 ], [ 5.717059193151973, 47.232978762974334, 0.0 ], [ 5.721285080062509, 47.230532119755615, 0.0 ], [ 5.722850936672784, 47.2249193748547, 0.0 ], [ 5.722392986493694, 47.223422192304845, 0.0 ], [ 5.720741755453707, 47.222722321387586, 0.0 ], [ 5.720486796969649, 47.219747551541388, 0.0 ], [ 5.728073052374103, 47.217132479168775, 0.0 ], [ 5.730431117664615, 47.215271705228012, 0.0 ], [ 5.733055618029128, 47.211034558576983, 0.0 ], [ 5.737469921901419, 47.208935018882606, 0.0 ], [ 5.739162769208449, 47.202954119529863, 0.0 ], [ 5.737629670604016, 47.201476997226578, 0.0 ], [ 5.743985673224901, 47.201912109477405, 0.0 ], [ 5.753059786599226, 47.205506335583621, 0.0 ], [ 5.754763558036805, 47.205272147890149, 0.0 ], [ 5.76076097815672, 47.202236796579847, 0.0 ], [ 5.757717591789707, 47.200264432621346, 0.0 ], [ 5.759518753653484, 47.198376636857539, 0.0 ], [ 5.756761818389037, 47.196701903874846, 0.0 ], [ 5.761460689771181, 47.193491999586449, 0.0 ], [ 5.769456480534153, 47.194063144021833, 0.0 ], [ 5.780365014609796, 47.192813515095864, 0.0 ], [ 5.778181061710566, 47.190751672480644, 0.0 ], [ 5.785173121494399, 47.188887415036504, 0.0 ], [ 5.785107166238376, 47.178167184369038, 0.0 ], [ 5.788340100372959, 47.174392287548685, 0.0 ], [ 5.783612650964983, 47.172338638198255, 0.0 ], [ 5.785097803861981, 47.1706336450941, 0.0 ], [ 5.787947214060558, 47.172954091361632, 0.0 ], [ 5.792090875426958, 47.174165846515734, 0.0 ], [ 5.804649467326686, 47.172266821389847, 0.0 ], [ 5.810202166790033, 47.169994409573491, 0.0 ], [ 5.811835092157955, 47.168834084227875, 0.0 ], [ 5.809758734358971, 47.159677739968089, 0.0 ], [ 5.811855311421891, 47.155085572441806, 0.0 ], [ 5.816071842549732, 47.152100263291217, 0.0 ], [ 5.813352116838999, 47.149964715030599, 0.0 ], [ 5.823148540881115, 47.14207049463505, 0.0 ], [ 5.827046370810256, 47.142602310184131, 0.0 ], [ 5.828194310686662, 47.141204923698325, 0.0 ], [ 5.82124793122957, 47.138680942097039, 0.0 ], [ 5.816204771534193, 47.134089581798584, 0.0 ], [ 5.805472612645663, 47.119374352211196, 0.0 ], [ 5.804702096858935, 47.11648863501906, 0.0 ], [ 5.80563884968413, 47.115673140807495, 0.0 ], [ 5.802149285826254, 47.110667838206368, 0.0 ], [ 5.79634143135106, 47.109615707703405, 0.0 ], [ 5.791863395534414, 47.105574529800883, 0.0 ], [ 5.790419153148755, 47.102144654193438, 0.0 ], [ 5.787271344588262, 47.106433060727625, 0.0 ], [ 5.548781221072916, 47.053011987063904, 0.0 ], [ 5.551866672080338, 47.048386735247355, 0.0 ], [ 5.534782021475822, 47.043711362260581, 0.0 ], [ 5.531322645844196, 47.041234409741968, 0.0 ], [ 5.527901097883657, 47.038207949604235, 0.0 ], [ 5.522889650952954, 47.029939321949776, 0.0 ], [ 5.518910286183938, 47.03093961624991, 0.0 ], [ 5.516271274917813, 47.026951726822617, 0.0 ], [ 5.512135926975603, 47.025107802191513, 0.0 ], [ 5.511191588049386, 47.02261965565669, 0.0 ], [ 5.517327152649546, 47.023661543031501, 0.0 ], [ 5.512779765793444, 47.016696632502232, 0.0 ], [ 5.516666022984634, 47.016290375010563, 0.0 ], [ 5.522548854923939, 47.018109464373836, 0.0 ], [ 5.5289200881961, 47.01437496310934, 0.0 ], [ 5.530273261870264, 47.01191405072435, 0.0 ], [ 5.535388874036308, 47.01054876395667, 0.0 ], [ 5.529938511859324, 46.99659157043407, 0.0 ], [ 5.525573292580542, 46.991200427264701, 0.0 ], [ 5.523413779563766, 46.991584584678101, 0.0 ], [ 5.523106876745383, 46.992398415445557, 0.0 ], [ 5.519556762483973, 46.985805574647472, 0.0 ], [ 5.540008213476248, 46.982234833266908, 0.0 ], [ 5.540789122480906, 46.979499886835811, 0.0 ], [ 5.546079653699834, 46.980492117675837, 0.0 ], [ 5.532005439874623, 46.957356537231853, 0.0 ], [ 5.541039270555842, 46.950818715371554, 0.0 ], [ 5.550620686189241, 46.952949245558017, 0.0 ], [ 5.554296720171715, 46.952511124571785, 0.0 ], [ 5.554098013797587, 46.949503170966004, 0.0 ], [ 5.558963281316273, 46.943013803915839, 0.0 ], [ 5.556968767994438, 46.940778975544056, 0.0 ], [ 5.548523768364652, 46.936154718303847, 0.0 ], [ 5.54161518557076, 46.935845170185708, 0.0 ], [ 5.539544866839138, 46.934607139177388, 0.0 ], [ 5.537521142340598, 46.931473615250439, 0.0 ], [ 5.530281349887813, 46.93581802728135, 0.0 ], [ 5.529248001008524, 46.940520464427905, 0.0 ], [ 5.524292937379085, 46.942171296636083, 0.0 ], [ 5.519843914188147, 46.93377486539088, 0.0 ], [ 5.501725602635962, 46.933877764625265, 0.0 ], [ 5.487839322869735, 46.939927319810188, 0.0 ], [ 5.478947145445389, 46.949334996946668, 0.0 ], [ 5.478950604501674, 46.955577442639608, 0.0 ], [ 5.48198173699015, 46.95815606230812, 0.0 ], [ 5.482567720347085, 46.960487316747574, 0.0 ], [ 5.483817301498642, 46.960680197926074, 0.0 ], [ 5.484211661113571, 46.97020391230042, 0.0 ], [ 5.488530585668355, 46.969774794011954, 0.0 ], [ 5.492247480683275, 46.971215967560354, 0.0 ], [ 5.496868643238323, 46.971175455444254, 0.0 ], [ 5.497503218806772, 46.973914551338247, 0.0 ], [ 5.504440142048606, 46.979622009105555, 0.0 ], [ 5.502217219417775, 46.981272774703086, 0.0 ], [ 5.506331795283461, 46.985046960117621, 0.0 ], [ 5.504628960308525, 46.988492560010044, 0.0 ], [ 5.501703015951509, 46.989496481085403, 0.0 ], [ 5.500717516091067, 46.991952693918023, 0.0 ], [ 5.503034150987323, 46.994245417631973, 0.0 ], [ 5.506032396168896, 46.99490817032585, 0.0 ], [ 5.50963802961204, 46.99710880509884, 0.0 ], [ 5.515613076930706, 47.003247321006349, 0.0 ], [ 5.504177403369415, 47.00430768075833, 0.0 ], [ 5.500923311971143, 47.006405030862183, 0.0 ], [ 5.501231829752589, 47.010051942933565, 0.0 ], [ 5.49223960024888, 47.01212912926681, 0.0 ], [ 5.469747789369743, 47.009323012367574, 0.0 ], [ 5.469595167384157, 47.013040179922932, 0.0 ], [ 5.463862079971872, 47.013265404767282, 0.0 ], [ 5.462565755217708, 47.016779063108132, 0.0 ], [ 5.456926203301428, 47.016521827885676, 0.0 ], [ 5.449789126628079, 47.014230652126841, 0.0 ], [ 5.448048595869427, 47.012296703145104, 0.0 ], [ 5.446236798258442, 47.007275503605129, 0.0 ], [ 5.44107417812553, 47.008309914435955, 0.0 ], [ 5.438287905791639, 47.010238808965511, 0.0 ], [ 5.438429740824776, 47.01267958850427, 0.0 ], [ 5.437145132489209, 47.015380190951035, 0.0 ], [ 5.439123670755721, 47.02025656463973, 0.0 ], [ 5.439440196662681, 47.026153471170041, 0.0 ], [ 5.438636573606001, 47.027551316745281, 0.0 ], [ 5.428242853103927, 47.028574783634028, 0.0 ], [ 5.426932352169857, 47.02664679857461, 0.0 ], [ 5.421121992423686, 47.027914564117346, 0.0 ], [ 5.421256978597672, 47.02390517468551, 0.0 ], [ 5.413371950454216, 47.025463758224596, 0.0 ], [ 5.410426898049779, 47.021961014914865, 0.0 ], [ 5.403785893085233, 47.023887489084032, 0.0 ], [ 5.399745254484933, 47.019989348987373, 0.0 ], [ 5.402965781344959, 47.018336126899257, 0.0 ], [ 5.404124447839372, 47.012738144971671, 0.0 ], [ 5.409025587062929, 47.006026200440857, 0.0 ], [ 5.409406943353264, 47.003919474641187, 0.0 ], [ 5.412365995746856, 47.003868460118802, 0.0 ], [ 5.415277034219264, 47.00592344871432, 0.0 ], [ 5.415502942360687, 47.003143480723701, 0.0 ], [ 5.419011079474993, 47.002799761866278, 0.0 ], [ 5.421881562391157, 47.001010085857523, 0.0 ], [ 5.42020148241328, 46.998218745355686, 0.0 ], [ 5.415812486773775, 46.998436832165048, 0.0 ], [ 5.412217062886196, 46.999591166922499, 0.0 ], [ 5.407265787897226, 46.99635456136221, 0.0 ], [ 5.403901734483192, 46.997649732037878, 0.0 ], [ 5.400507207620925, 46.997551965357324, 0.0 ], [ 5.394650379488214, 46.994863316949427, 0.0 ], [ 5.393107815339118, 46.992643437125729, 0.0 ], [ 5.390710038473537, 46.993196671429949, 0.0 ], [ 5.387524501455597, 46.99641977611742, 0.0 ], [ 5.385372576188263, 46.996433661077411, 0.0 ], [ 5.384778868505872, 46.995063281186184, 0.0 ], [ 5.385966800800919, 46.991378062856867, 0.0 ], [ 5.38053005595131, 46.989079065119583, 0.0 ], [ 5.380130612310086, 46.985271721411401, 0.0 ], [ 5.375372661388703, 46.978244848638646, 0.0 ], [ 5.369270196137571, 46.980560992758939, 0.0 ], [ 5.342290208805626, 46.995393248225248, 0.0 ], [ 5.352815282699323, 47.001944546874014, 0.0 ], [ 5.351694424789943, 47.00269158931529, 0.0 ], [ 5.340097441444152, 47.00139070256769, 0.0 ], [ 5.318260916439644, 47.012733860181214, 0.0 ], [ 5.310266875686501, 47.010353220626982, 0.0 ], [ 5.303712509181303, 47.01237935347676, 0.0 ], [ 5.302777874985022, 47.009577854306897, 0.0 ], [ 5.304141709230417, 47.007655517802306, 0.0 ], [ 5.303834786622388, 47.005646733403147, 0.0 ], [ 5.302216492192792, 47.002866078902706, 0.0 ], [ 5.298928989873074, 47.001509384102711, 0.0 ], [ 5.289051216500948, 47.001031119769088, 0.0 ], [ 5.276551759272141, 46.998165535690532, 0.0 ], [ 5.271923782929699, 46.993023610271649, 0.0 ], [ 5.271784135478477, 46.989546900132758, 0.0 ], [ 5.270057358485698, 46.989583593374604, 0.0 ], [ 5.26574293137053, 46.987742683586134, 0.0 ], [ 5.258239504920049, 46.983065598174178, 0.0 ], [ 5.255320386371125, 46.979852224229923, 0.0 ], [ 5.253617039500925, 46.981358180586007, 0.0 ], [ 5.251785360518674, 46.981745229908427, 0.0 ], [ 5.239519229828367, 46.981809294491569, 0.0 ], [ 5.240598675620281, 46.984195020034385, 0.0 ], [ 5.222097634931839, 46.989065398018603, 0.0 ], [ 5.22074384518816, 46.986456020998773, 0.0 ], [ 5.217608563144072, 46.985845314300221, 0.0 ], [ 5.216023035923762, 46.982744955454834, 0.0 ], [ 5.212200982062199, 46.98014054265694, 0.0 ], [ 5.204485970997705, 46.985358262218071, 0.0 ], [ 5.194019788764899, 46.977128217488428, 0.0 ], [ 5.197275842099221, 46.975291865489169, 0.0 ], [ 5.196292526578082, 46.971625850552591, 0.0 ], [ 5.195007628655209, 46.971091881731333, 0.0 ], [ 5.181665858484479, 46.974824410297799, 0.0 ], [ 5.180064643236759, 46.971699570106821, 0.0 ], [ 5.177348520718497, 46.969342436084041, 0.0 ], [ 5.167631020625675, 46.96926429684234, 0.0 ], [ 5.167212506935649, 46.968835329181445, 0.0 ], [ 5.170537936588457, 46.966784067086259, 0.0 ], [ 5.166126184972064, 46.963891148412209, 0.0 ], [ 5.162457570779178, 46.963842915326765, 0.0 ], [ 5.150894241010474, 46.966349620883477, 0.0 ], [ 5.146908121686805, 46.965697951151547, 0.0 ], [ 5.143338451708509, 46.962407515454508, 0.0 ], [ 5.141052954278749, 46.961901460246985, 0.0 ], [ 5.133378685212107, 46.96285521246444, 0.0 ], [ 5.130383691906683, 46.962804304440581, 0.0 ], [ 5.127853335260954, 46.961790028050679, 0.0 ], [ 5.124991785748682, 46.963525261072498, 0.0 ], [ 5.120024237989586, 46.963094305677117, 0.0 ], [ 5.119190956805292, 46.96046434191183, 0.0 ], [ 5.116145369861134, 46.95965472847459, 0.0 ], [ 5.108788234546587, 46.959263524749431, 0.0 ], [ 5.106812047240599, 46.958310713085361, 0.0 ], [ 5.106045790462908, 46.957112407842004, 0.0 ], [ 5.107045386967779, 46.953767961363312, 0.0 ], [ 5.106466207646038, 46.951326912656576, 0.0 ], [ 5.097615700729268, 46.94482331550951, 0.0 ], [ 5.097407076300571, 46.950056412005409, 0.0 ], [ 5.102426353780166, 46.955168166143977, 0.0 ], [ 5.102059388566375, 46.95824704475438, 0.0 ], [ 5.101042692303889, 46.958657367040246, 0.0 ], [ 5.098297943435322, 46.957725619997376, 0.0 ], [ 5.094600087894389, 46.955143089720671, 0.0 ], [ 5.093273743925611, 46.955607605043873, 0.0 ], [ 5.091882995797089, 46.957739508010803, 0.0 ], [ 5.092615782037048, 46.960085958756721, 0.0 ], [ 5.091274778106534, 46.960447137297592, 0.0 ], [ 5.074473969823748, 46.959444663810224, 0.0 ], [ 5.072612378390978, 46.961052496109609, 0.0 ], [ 5.073605857553376, 46.967231175054962, 0.0 ], [ 5.068562449690418, 46.96838902960458, 0.0 ], [ 5.065928372283191, 46.967011407926258, 0.0 ], [ 5.064571395398702, 46.968754161613276, 0.0 ], [ 5.065672569781777, 46.971023910418403, 0.0 ], [ 5.058890855726886, 46.973434638571248, 0.0 ], [ 5.049306229833311, 46.981583286522657, 0.0 ], [ 5.044918894657333, 46.980651521225923, 0.0 ], [ 5.029721278766297, 46.98042638629677, 0.0 ], [ 5.023002672589061, 46.977038216170889, 0.0 ], [ 5.019048264809183, 46.973231146378673, 0.0 ], [ 5.016885666066132, 46.968487479397169, 0.0 ], [ 5.013598375272254, 46.971716978696584, 0.0 ], [ 5.010493843193689, 46.972831191144124, 0.0 ], [ 5.005535724163829, 46.971052292392073, 0.0 ], [ 5.003364845546772, 46.972190600637546, 0.0 ], [ 4.99500563276421, 46.961530566757936, 0.0 ], [ 4.997450736787588, 46.960344427044035, 0.0 ], [ 5.005390788179386, 46.959240222621268, 0.0 ], [ 5.004476984502066, 46.958010525098373, 0.0 ], [ 4.989890670500201, 46.960486847718002, 0.0 ], [ 4.987703992192849, 46.95990492505851, 0.0 ], [ 4.986802983079366, 46.95818943110234, 0.0 ], [ 4.97387215323761, 46.962504887865599, 0.0 ], [ 4.965116115372069, 46.961710576655811, 0.0 ], [ 4.964539889749441, 46.962107665446503, 0.0 ], [ 4.966694576314804, 46.964599002399467, 0.0 ], [ 4.966250087754831, 46.965110033348708, 0.0 ], [ 4.955395549983011, 46.963118685313823, 0.0 ], [ 4.949839519613674, 46.965983984070668, 0.0 ], [ 4.941249106356604, 46.965226486383301, 0.0 ], [ 4.932437217362118, 46.967465720560952, 0.0 ], [ 4.915085945213854, 46.967961398727297, 0.0 ], [ 4.905352906830668, 46.967587648861048, 0.0 ], [ 4.896439479308489, 46.966234152749628, 0.0 ], [ 4.893620766255762, 46.964523384298126, 0.0 ], [ 4.891064476292231, 46.957524374019862, 0.0 ], [ 4.895139639321979, 46.952726555742871, 0.0 ], [ 4.893807866528019, 46.950940910909679, 0.0 ], [ 4.884159921329256, 46.949933598877834, 0.0 ], [ 4.879047957589969, 46.950883415259575, 0.0 ], [ 4.875589956597735, 46.950646125049374, 0.0 ], [ 4.87085855772137, 46.947814942310671, 0.0 ], [ 4.865394414722712, 46.946676861384653, 0.0 ], [ 4.862034815167402, 46.944628261996598, 0.0 ], [ 4.853495885167686, 46.945844793530661, 0.0 ], [ 4.846379639024464, 46.942559220393676, 0.0 ], [ 4.839369198686395, 46.942048981432102, 0.0 ], [ 4.832063939606914, 46.939159120318479, 0.0 ], [ 4.818246718346828, 46.937038157817774, 0.0 ], [ 4.816331228582265, 46.936027270331216, 0.0 ], [ 4.817643030406151, 46.934998823926868, 0.0 ], [ 4.816533801901263, 46.933094439456831, 0.0 ], [ 4.808869936729606, 46.930689708701465, 0.0 ], [ 4.808037837596956, 46.92982738761674, 0.0 ], [ 4.808927454544055, 46.923958653061938, 0.0 ], [ 4.812691939929439, 46.921125654921404, 0.0 ], [ 4.813831153113221, 46.918643688639449, 0.0 ], [ 4.813646346526435, 46.915326986587409, 0.0 ], [ 4.818095700848936, 46.91299274875638, 0.0 ], [ 4.82101529450223, 46.908599425626072, 0.0 ], [ 4.819039458592353, 46.907289642491108, 0.0 ], [ 4.815824711457163, 46.907042260687227, 0.0 ], [ 4.821454730438698, 46.897762696325202, 0.0 ], [ 4.820263329579586, 46.893591906551087, 0.0 ], [ 4.820837356309867, 46.891207027920316, 0.0 ], [ 4.814919281121208, 46.885808540463096, 0.0 ], [ 4.821390088401433, 46.882686624081003, 0.0 ], [ 4.824678157937631, 46.879267176373055, 0.0 ], [ 4.820051003296169, 46.874542853563788, 0.0 ], [ 4.814917227516295, 46.877050145148999, 0.0 ], [ 4.814958359236216, 46.877963616460519, 0.0 ], [ 4.804825776508713, 46.880061005590349, 0.0 ], [ 4.794440530426206, 46.883593387556147, 0.0 ], [ 4.783874438023354, 46.884986883146887, 0.0 ], [ 4.773054295328009, 46.885297191717363, 0.0 ], [ 4.770817201604094, 46.883045899662342, 0.0 ], [ 4.764974522741152, 46.885134927762351, 0.0 ], [ 4.752298869493148, 46.88745301192931, 0.0 ], [ 4.752301956470967, 46.886858574289477, 0.0 ], [ 4.739249319702965, 46.889982465681229, 0.0 ], [ 4.739928845973994, 46.8960007323209, 0.0 ], [ 4.742947889373258, 46.900648041656865, 0.0 ], [ 4.738959510538755, 46.904308860557506, 0.0 ], [ 4.733951000781149, 46.905103925808724, 0.0 ], [ 4.732436338094845, 46.90790771178893, 0.0 ], [ 4.733354618510503, 46.912411213578601, 0.0 ], [ 4.731833588005137, 46.915639250725192, 0.0 ], [ 4.724934231994059, 46.922213391251553, 0.0 ], [ 4.722654169200346, 46.922105208526261, 0.0 ], [ 4.718535110132962, 46.919759476755388, 0.0 ], [ 4.721506365014497, 46.9142486256765, 0.0 ], [ 4.715244040832603, 46.911639396902949, 0.0 ], [ 4.717297129482534, 46.907882223556093, 0.0 ], [ 4.70632077792958, 46.904181855091402, 0.0 ], [ 4.6966891938109, 46.903721637562001, 0.0 ], [ 4.687244491755215, 46.899977996873325, 0.0 ], [ 4.680371264102615, 46.904708302607091, 0.0 ], [ 4.678504543992648, 46.903664740867399, 0.0 ], [ 4.671772949752284, 46.907064111146035, 0.0 ], [ 4.671995123552797, 46.910341650216978, 0.0 ], [ 4.668041212483323, 46.91265397903495, 0.0 ], [ 4.66605705179096, 46.912022575063602, 0.0 ], [ 4.667059135890388, 46.908760643105303, 0.0 ], [ 4.653082322555123, 46.90905840572723, 0.0 ], [ 4.646606278013052, 46.907325712482866, 0.0 ], [ 4.636849561143114, 46.901118513813046, 0.0 ], [ 4.634030109740422, 46.901516066292643, 0.0 ], [ 4.628944031267606, 46.904006100503935, 0.0 ], [ 4.628810700948708, 46.908699886424216, 0.0 ], [ 4.631216221698015, 46.911950179794005, 0.0 ], [ 4.629627612328904, 46.91226263984467, 0.0 ], [ 4.63149322957605, 46.915383677548327, 0.0 ], [ 4.630368818538987, 46.916754928155882, 0.0 ], [ 4.629142962516893, 46.91646157604869, 0.0 ], [ 4.621291729020383, 46.918485991568133, 0.0 ], [ 4.619641927326791, 46.919835705183921, 0.0 ], [ 4.619743265713005, 46.921639885060245, 0.0 ], [ 4.614890340193288, 46.923790966748371, 0.0 ], [ 4.608360051879391, 46.924007470138619, 0.0 ], [ 4.608985699368295, 46.930016188681684, 0.0 ], [ 4.608022332618829, 46.935108706873265, 0.0 ], [ 4.607018147123481, 46.935427095683309, 0.0 ], [ 4.610752172993754, 46.936625831148717, 0.0 ], [ 4.612664899629381, 46.940409289358918, 0.0 ], [ 4.617663766801789, 46.942864374623518, 0.0 ], [ 4.618272846162711, 46.945509729439216, 0.0 ], [ 4.616958285046764, 46.947766024238391, 0.0 ], [ 4.613162620666673, 46.949644594444955, 0.0 ], [ 4.608852166315294, 46.948949271152223, 0.0 ], [ 4.601731861624834, 46.949683291506773, 0.0 ], [ 4.589540631970935, 46.955702790158881, 0.0 ], [ 4.589313901376041, 46.958190488325307, 0.0 ], [ 4.592286684319332, 46.962664752476812, 0.0 ], [ 4.59360460416453, 46.967123095678865, 0.0 ], [ 4.592548658823498, 46.967940055061781, 0.0 ], [ 4.573900517561412, 46.97283555542009, 0.0 ], [ 4.566161238920754, 46.98520151095105, 0.0 ], [ 4.56900357848579, 46.985924732351883, 0.0 ], [ 4.568525709058341, 46.991221786012083, 0.0 ], [ 4.566980644093187, 46.992673703473898, 0.0 ], [ 4.555908943783509, 46.98990945512935, 0.0 ], [ 4.551485083027733, 46.992223015718608, 0.0 ], [ 4.548396175660903, 46.992129430211143, 0.0 ], [ 4.546638376465486, 46.993295757250529, 0.0 ], [ 4.548329368399545, 46.99861492553228, 0.0 ], [ 4.555834817237959, 46.999491039446376, 0.0 ], [ 4.555863591400399, 47.004922548146382, 0.0 ], [ 4.558145270323698, 47.008676621404724, 0.0 ], [ 4.557240310276781, 47.010941013448914, 0.0 ], [ 4.557874670292051, 47.016090577787246, 0.0 ], [ 4.55485753564353, 47.02000074016042, 0.0 ], [ 4.547422503910616, 47.016442777521419, 0.0 ], [ 4.529949660476202, 47.011914704780899, 0.0 ], [ 4.518405448046102, 47.013203570815314, 0.0 ], [ 4.510198893027997, 47.011875829918758, 0.0 ], [ 4.506816180080864, 47.012990730748236, 0.0 ], [ 4.503239609025421, 47.018166597849053, 0.0 ], [ 4.498865649845548, 47.019499472226912, 0.0 ], [ 4.498291913371134, 47.022027405797495, 0.0 ], [ 4.500187932546636, 47.028987918463756, 0.0 ], [ 4.504814090883158, 47.031621098785713, 0.0 ], [ 4.503672165169565, 47.044479680794218, 0.0 ], [ 4.505254222488836, 47.049200148068913, 0.0 ], [ 4.508187137178643, 47.050811586809914, 0.0 ], [ 4.51596005130109, 47.046859342932208, 0.0 ], [ 4.518697473120868, 47.04629209320732, 0.0 ], [ 4.519245086313068, 47.043750005254736, 0.0 ], [ 4.521950344597298, 47.041862073858816, 0.0 ], [ 4.532947878983575, 47.041008839393768, 0.0 ], [ 4.539633185634002, 47.042076151467768, 0.0 ], [ 4.54775423031743, 47.041750586899838, 0.0 ], [ 4.54577428871642, 47.039541162322834, 0.0 ], [ 4.547759032823426, 47.033190358797427, 0.0 ], [ 4.55029787385683, 47.032209873426517, 0.0 ], [ 4.552295864002081, 47.033217710799391, 0.0 ], [ 4.562719916154539, 47.032328794125064, 0.0 ], [ 4.570840255642899, 47.033526152786159, 0.0 ], [ 4.570708216554426, 47.035144359342297, 0.0 ], [ 4.566470840465467, 47.040812964014613, 0.0 ], [ 4.566831123681925, 47.042242579995673, 0.0 ], [ 4.567925912007555, 47.045012080587576, 0.0 ], [ 4.575221185911949, 47.050008771461052, 0.0 ], [ 4.577347541268137, 47.053791586358031, 0.0 ], [ 4.579732865386379, 47.053942694686093, 0.0 ], [ 4.585841457711041, 47.052245294100608, 0.0 ], [ 4.589637351466217, 47.052468675931571, 0.0 ], [ 4.592833688422045, 47.053760098314122, 0.0 ], [ 4.593166476800379, 47.055838380053594, 0.0 ], [ 4.586149525724199, 47.059946678738427, 0.0 ], [ 4.580622590571613, 47.067898202211424, 0.0 ], [ 4.576124786917067, 47.071563431496131, 0.0 ], [ 4.576989454042763, 47.073954160909558, 0.0 ], [ 4.576444516491243, 47.076550521964371, 0.0 ], [ 4.572346236143027, 47.078128187628259, 0.0 ], [ 4.572301986482868, 47.078780747364725, 0.0 ], [ 4.573810651097341, 47.079073585502393, 0.0 ], [ 4.579903045515581, 47.07784503341734, 0.0 ], [ 4.581724238009129, 47.080029040101948, 0.0 ], [ 4.579326354972609, 47.082054626259477, 0.0 ], [ 4.573592872498514, 47.081594331549098, 0.0 ], [ 4.569704871055637, 47.082078535409835, 0.0 ], [ 4.567810518601427, 47.083802574005723, 0.0 ], [ 4.566460203811173, 47.083972164215346, 0.0 ], [ 4.56597135546694, 47.08579687883423, 0.0 ], [ 4.57093886327285, 47.08918645953694, 0.0 ], [ 4.575545448598976, 47.090355637999444, 0.0 ], [ 4.578782801202164, 47.099422632427256, 0.0 ], [ 4.57936263326046, 47.106251218705076, 0.0 ], [ 4.581247761337305, 47.107255613414111, 0.0 ], [ 4.580399040824542, 47.111371632010282, 0.0 ], [ 4.584460702207442, 47.10936740146122, 0.0 ], [ 4.589996386386514, 47.111156333077069, 0.0 ], [ 4.5910693077024, 47.112694918181717, 0.0 ], [ 4.589072017500545, 47.11434145441855, 0.0 ], [ 4.588475725145436, 47.118009220477603, 0.0 ], [ 4.583979545582989, 47.125669158589304, 0.0 ], [ 4.585268213075878, 47.13103908458087, 0.0 ], [ 4.579169752193168, 47.136358769372585, 0.0 ], [ 4.579729520286288, 47.138347485385601, 0.0 ], [ 4.587319118551683, 47.140324620321508, 0.0 ], [ 4.589816240416406, 47.14180764313582, 0.0 ], [ 4.590161070555376, 47.144547560170594, 0.0 ], [ 4.593033897616323, 47.144622407986319, 0.0 ], [ 4.59355837095393, 47.147762354646289, 0.0 ], [ 4.600131298846152, 47.153665234701549, 0.0 ], [ 4.6077802969913, 47.163237552680634, 0.0 ], [ 4.610028830095244, 47.163372888988938, 0.0 ], [ 4.609301275377673, 47.164872391289734, 0.0 ], [ 4.604901060081485, 47.170778445829207, 0.0 ], [ 4.599548638306468, 47.171781803093168, 0.0 ], [ 4.592770205935182, 47.175608592293734, 0.0 ], [ 4.58959444513415, 47.175840432064753, 0.0 ], [ 4.583522897878247, 47.173972317872554, 0.0 ], [ 4.575146261519818, 47.173279762702407, 0.0 ], [ 4.568804147385587, 47.176282465887986, 0.0 ], [ 4.563628771495978, 47.177192599736195, 0.0 ], [ 4.56019358998722, 47.176408713462124, 0.0 ], [ 4.554934970988143, 47.171241479502953, 0.0 ], [ 4.546662644512796, 47.173782619126285, 0.0 ], [ 4.542940021242131, 47.17318125656125, 0.0 ], [ 4.543774488318558, 47.172625356791876, 0.0 ], [ 4.542220488881419, 47.171296281591978, 0.0 ], [ 4.539855373430346, 47.173414119126562, 0.0 ], [ 4.535236207506842, 47.173598821688707, 0.0 ], [ 4.533502329400876, 47.174756371520886, 0.0 ], [ 4.530605232525016, 47.174901859074303, 0.0 ], [ 4.529105839294741, 47.176601915062179, 0.0 ], [ 4.529578318340331, 47.178357859858281, 0.0 ], [ 4.524709187658356, 47.179198264531635, 0.0 ], [ 4.521612122899888, 47.18092194316862, 0.0 ], [ 4.522159865875783, 47.184646204780719, 0.0 ], [ 4.519752461291081, 47.185501731718759, 0.0 ], [ 4.515055968618106, 47.185230102331737, 0.0 ], [ 4.512091014388296, 47.189187590172843, 0.0 ], [ 4.509468926565367, 47.190690417313071, 0.0 ], [ 4.507619405618717, 47.190635267784195, 0.0 ], [ 4.507721572575897, 47.192773389698814, 0.0 ], [ 4.504206447666246, 47.194805466308537, 0.0 ], [ 4.504191725545544, 47.195649370442979, 0.0 ], [ 4.507630938369379, 47.200713757234077, 0.0 ], [ 4.507653139660481, 47.202873621948498, 0.0 ], [ 4.502681164701452, 47.204001637221261, 0.0 ], [ 4.49853073617213, 47.20991813224407, 0.0 ], [ 4.495703887670296, 47.210807369464668, 0.0 ], [ 4.49092084980608, 47.205436699822222, 0.0 ], [ 4.487910122995164, 47.20612281716933, 0.0 ], [ 4.487257277688224, 47.207934766912878, 0.0 ], [ 4.48342717611797, 47.2095812348905, 0.0 ], [ 4.48069835674116, 47.20904706812366, 0.0 ], [ 4.477105674587889, 47.205874786931098, 0.0 ], [ 4.471743788604936, 47.194712836610613, 0.0 ], [ 4.465563088344093, 47.190892327168939, 0.0 ], [ 4.454682369457003, 47.195669414484783, 0.0 ] ], [ [ 4.997237225336731, 47.202566761216069, 0.0 ], [ 4.997237225336733, 47.202566761216069, 0.0 ], [ 4.997768730379989, 47.207273984807721, 0.0 ], [ 4.997237225336731, 47.202566761216069, 0.0 ] ], [ [ 4.892881933025579, 47.31512091063189, 0.0 ], [ 4.893141265827935, 47.314552072628913, 0.0 ], [ 4.893086225796132, 47.314672802202097, 0.0 ], [ 4.892881933025579, 47.31512091063189, 0.0 ] ], [ [ 5.294413142331354, 47.232035419324816, 0.0 ], [ 5.292073845128399, 47.231409827467637, 0.0 ], [ 5.293387812711042, 47.231761225848054, 0.0 ], [ 5.294413142331354, 47.232035419324816, 0.0 ] ] ] } },
{ "type": "Feature", "properties": { "code_serm": 2, "nom_serm": "SERM Nord Franche-Comte", "slug_serm": "nfc", "surface_km2": 1225.2583554499963 }, "geometry": { "type": "Polygon", "coordinates": [ [ [ 6.721655385135126, 47.337657925718332, 0.0 ], [ 6.719108445408921, 47.333640784946816, 0.0 ], [ 6.713215206364968, 47.330988815991901, 0.0 ], [ 6.695241295369338, 47.329254465895744, 0.0 ], [ 6.687406906038182, 47.330289503605819, 0.0 ], [ 6.682431324265749, 47.331920053347005, 0.0 ], [ 6.678724361219704, 47.331176956515833, 0.0 ], [ 6.676406343968965, 47.332633754632688, 0.0 ], [ 6.680293169670145, 47.33493481580507, 0.0 ], [ 6.687731027052897, 47.33635426096771, 0.0 ], [ 6.691714402733977, 47.341606958449049, 0.0 ], [ 6.694666961346432, 47.343953499759508, 0.0 ], [ 6.691607345321329, 47.347602492393136, 0.0 ], [ 6.691035009730345, 47.350326109084158, 0.0 ], [ 6.692032054192738, 47.352827695440226, 0.0 ], [ 6.690942145345026, 47.357049337529801, 0.0 ], [ 6.685991203801272, 47.35627566311635, 0.0 ], [ 6.681123332391516, 47.353367814781741, 0.0 ], [ 6.669451317195485, 47.351767264003165, 0.0 ], [ 6.661515487369742, 47.354244631426404, 0.0 ], [ 6.65638523698326, 47.353825030444348, 0.0 ], [ 6.652915648956928, 47.354324448099369, 0.0 ], [ 6.65300258028118, 47.355989802985789, 0.0 ], [ 6.651074046885232, 47.356745268583225, 0.0 ], [ 6.648489294351269, 47.357407771625809, 0.0 ], [ 6.646131758526759, 47.356829367460527, 0.0 ], [ 6.636895717856316, 47.359109700231734, 0.0 ], [ 6.641525290741717, 47.366388486862093, 0.0 ], [ 6.633846876369564, 47.368289836382772, 0.0 ], [ 6.636519502602474, 47.373253630451167, 0.0 ], [ 6.638754076657961, 47.374532699730032, 0.0 ], [ 6.643438845234815, 47.374344398121124, 0.0 ], [ 6.64974862984941, 47.376648871556803, 0.0 ], [ 6.653451869018132, 47.380081283921065, 0.0 ], [ 6.658273776760807, 47.382400563133672, 0.0 ], [ 6.663765223653843, 47.390314669902061, 0.0 ], [ 6.659083604634752, 47.392123955732842, 0.0 ], [ 6.654159460569453, 47.39203559785571, 0.0 ], [ 6.650555245609912, 47.394199040946326, 0.0 ], [ 6.647231853866499, 47.398054944133143, 0.0 ], [ 6.65196470087843, 47.399943843667536, 0.0 ], [ 6.654258209469181, 47.407785775390117, 0.0 ], [ 6.65905879753408, 47.407559952275669, 0.0 ], [ 6.654913784884214, 47.416343318756276, 0.0 ], [ 6.65479734044288, 47.418781010617565, 0.0 ], [ 6.644385091617327, 47.423557764848347, 0.0 ], [ 6.641498940778408, 47.421320523677764, 0.0 ], [ 6.640611165522636, 47.418300634562023, 0.0 ], [ 6.635501480908368, 47.417058345853256, 0.0 ], [ 6.63292113416941, 47.41511052532676, 0.0 ], [ 6.626897766801119, 47.418071427911777, 0.0 ], [ 6.621318480125003, 47.423505308177788, 0.0 ], [ 6.623896689296235, 47.42569675243935, 0.0 ], [ 6.624213848631128, 47.427557632474667, 0.0 ], [ 6.629279960110844, 47.431026710488204, 0.0 ], [ 6.629969726384915, 47.433463490934237, 0.0 ], [ 6.625789162487081, 47.439879334530261, 0.0 ], [ 6.620476765449355, 47.443873732114014, 0.0 ], [ 6.622152443282507, 47.446867383122225, 0.0 ], [ 6.619503510318841, 47.449596451936095, 0.0 ], [ 6.618815723511412, 47.4549462083382, 0.0 ], [ 6.623884363782039, 47.464737760238513, 0.0 ], [ 6.621796161744597, 47.465573235073798, 0.0 ], [ 6.616688124903933, 47.471649753085167, 0.0 ], [ 6.614100275389118, 47.472865553415751, 0.0 ], [ 6.61549481429429, 47.478849792369012, 0.0 ], [ 6.617666426227547, 47.483464499861682, 0.0 ], [ 6.620461032380256, 47.485395205559563, 0.0 ], [ 6.621135117414216, 47.489520256574416, 0.0 ], [ 6.628680532514254, 47.490432429361462, 0.0 ], [ 6.631469861203711, 47.498774481639458, 0.0 ], [ 6.636031743617011, 47.506103248434172, 0.0 ], [ 6.638256337142248, 47.505864358353541, 0.0 ], [ 6.640923661426587, 47.504003092701083, 0.0 ], [ 6.645884164264371, 47.504981494547309, 0.0 ], [ 6.651500809254946, 47.504873993279446, 0.0 ], [ 6.655592424223782, 47.506152272391802, 0.0 ], [ 6.662253010627698, 47.505498739491166, 0.0 ], [ 6.664360412922829, 47.504909790060729, 0.0 ], [ 6.670578496668077, 47.499925338112803, 0.0 ], [ 6.674077321477172, 47.501012595736206, 0.0 ], [ 6.675960064913843, 47.503078950761747, 0.0 ], [ 6.675370369517379, 47.507404081782617, 0.0 ], [ 6.681066651859655, 47.513896159388281, 0.0 ], [ 6.68433196603324, 47.515940312426785, 0.0 ], [ 6.681572636268204, 47.520625135758806, 0.0 ], [ 6.68213158169848, 47.524529183972156, 0.0 ], [ 6.684242770380871, 47.528406674379411, 0.0 ], [ 6.687603190828949, 47.528825712851635, 0.0 ], [ 6.689223291820552, 47.533290881955942, 0.0 ], [ 6.686225838102625, 47.533875067534105, 0.0 ], [ 6.685031210464538, 47.537564217090925, 0.0 ], [ 6.678318988784876, 47.542239548561184, 0.0 ], [ 6.676321553727576, 47.544794169999513, 0.0 ], [ 6.675952813415586, 47.550460300093143, 0.0 ], [ 6.676843584943286, 47.550406970647067, 0.0 ], [ 6.677244780036648, 47.555481099459257, 0.0 ], [ 6.670280592704193, 47.558023653199335, 0.0 ], [ 6.668383614489443, 47.555232263745651, 0.0 ], [ 6.663181632106035, 47.552166300773862, 0.0 ], [ 6.658322448411465, 47.545506562586482, 0.0 ], [ 6.651363188035734, 47.539857724288261, 0.0 ], [ 6.648419393154938, 47.536093201691529, 0.0 ], [ 6.642898747115912, 47.533382401655118, 0.0 ], [ 6.63687303346581, 47.533427370885498, 0.0 ], [ 6.628418040499617, 47.530870546351949, 0.0 ], [ 6.624596904148616, 47.528948503470367, 0.0 ], [ 6.618112598371313, 47.531349625092695, 0.0 ], [ 6.611195540400441, 47.530505444455962, 0.0 ], [ 6.609490479943534, 47.530967374660634, 0.0 ], [ 6.606584234401872, 47.533424526558825, 0.0 ], [ 6.606430717348901, 47.536926385919429, 0.0 ], [ 6.607984311099197, 47.538119984550256, 0.0 ], [ 6.605343479774259, 47.539823670527475, 0.0 ], [ 6.609969547111759, 47.543613677994919, 0.0 ], [ 6.604869661639182, 47.546449551836346, 0.0 ], [ 6.607915446935793, 47.548037616812628, 0.0 ], [ 6.607813165690273, 47.549991618562913, 0.0 ], [ 6.604335424039799, 47.551649069833729, 0.0 ], [ 6.599701471771804, 47.559380200984293, 0.0 ], [ 6.608302312912063, 47.562140099509968, 0.0 ], [ 6.61073945200956, 47.566624072161126, 0.0 ], [ 6.609796366690241, 47.567700320955389, 0.0 ], [ 6.60520376229226, 47.569406677926828, 0.0 ], [ 6.601767945433261, 47.57480482157559, 0.0 ], [ 6.601650621660149, 47.576441172790318, 0.0 ], [ 6.60623351711575, 47.578602657632004, 0.0 ], [ 6.601890132486894, 47.59459913110318, 0.0 ], [ 6.616630538751747, 47.599334069922293, 0.0 ], [ 6.623810838173457, 47.600724156380323, 0.0 ], [ 6.623011966040303, 47.602870070285, 0.0 ], [ 6.624594281821246, 47.607336145887103, 0.0 ], [ 6.627874548558486, 47.609196713651514, 0.0 ], [ 6.625488618295449, 47.612066861499009, 0.0 ], [ 6.620701759234771, 47.615299803745074, 0.0 ], [ 6.619928161695246, 47.616939394365964, 0.0 ], [ 6.626400644781336, 47.62062380300695, 0.0 ], [ 6.631094638842011, 47.620194923214463, 0.0 ], [ 6.636976689965777, 47.621848131215039, 0.0 ], [ 6.640701717277876, 47.621730189406676, 0.0 ], [ 6.636778774522341, 47.62250306231455, 0.0 ], [ 6.635714774740938, 47.624804178720744, 0.0 ], [ 6.627696590784986, 47.633194677769701, 0.0 ], [ 6.627441710108412, 47.636346361772716, 0.0 ], [ 6.642152015562762, 47.635144984944674, 0.0 ], [ 6.644410857838415, 47.636187297618996, 0.0 ], [ 6.650233759111654, 47.647033436170801, 0.0 ], [ 6.656698321229594, 47.650536323746579, 0.0 ], [ 6.657967883890053, 47.652228395782132, 0.0 ], [ 6.661622477304325, 47.661947103903344, 0.0 ], [ 6.67572653231544, 47.663715302229647, 0.0 ], [ 6.673801370661403, 47.66007070377642, 0.0 ], [ 6.674300823510348, 47.658996243180411, 0.0 ], [ 6.678527823678512, 47.661766416833515, 0.0 ], [ 6.679545432468459, 47.663620291243689, 0.0 ], [ 6.677687081328073, 47.665355695891776, 0.0 ], [ 6.69563256024348, 47.667115863420094, 0.0 ], [ 6.707503480248305, 47.669112222523786, 0.0 ], [ 6.711205473926389, 47.668405362732294, 0.0 ], [ 6.70994130480918, 47.666227064033357, 0.0 ], [ 6.704955875815167, 47.662937779063135, 0.0 ], [ 6.708414787235649, 47.660602341180507, 0.0 ], [ 6.714963368976651, 47.658147824825384, 0.0 ], [ 6.716525169812419, 47.656062579513488, 0.0 ], [ 6.715836705961439, 47.652537805288326, 0.0 ], [ 6.720056420675404, 47.651031095104493, 0.0 ], [ 6.723879160066346, 47.648082517404248, 0.0 ], [ 6.728862310049808, 47.645716699292493, 0.0 ], [ 6.72609536807636, 47.638903514269991, 0.0 ], [ 6.730524160979561, 47.637869986524308, 0.0 ], [ 6.733359863154516, 47.632631317027091, 0.0 ], [ 6.740367103798848, 47.630774181737863, 0.0 ], [ 6.745447756711835, 47.630531968893415, 0.0 ], [ 6.752260465944754, 47.629026367815428, 0.0 ], [ 6.756696193293775, 47.631269857050953, 0.0 ], [ 6.76312397197969, 47.633153417221429, 0.0 ], [ 6.761969927440779, 47.63745021740246, 0.0 ], [ 6.756463993051812, 47.639992047377817, 0.0 ], [ 6.754646043241847, 47.642671871205508, 0.0 ], [ 6.754708828997371, 47.645192069358302, 0.0 ], [ 6.756693352836178, 47.647695506881632, 0.0 ], [ 6.757086662001628, 47.650022140668874, 0.0 ], [ 6.765149276993437, 47.650114780077942, 0.0 ], [ 6.771008393042672, 47.647711655797671, 0.0 ], [ 6.772963035994994, 47.647594444462051, 0.0 ], [ 6.787486822985947, 47.651655106329194, 0.0 ], [ 6.786183076264475, 47.653596961451335, 0.0 ], [ 6.779552282141014, 47.656666515085959, 0.0 ], [ 6.781969952077502, 47.660270228130891, 0.0 ], [ 6.781743627626899, 47.661874342143939, 0.0 ], [ 6.77728018334364, 47.665107808730795, 0.0 ], [ 6.776128718035813, 47.668079069870558, 0.0 ], [ 6.778580732452374, 47.673480352311778, 0.0 ], [ 6.778717999565519, 47.678295057540048, 0.0 ], [ 6.781744790734622, 47.684169684138006, 0.0 ], [ 6.782022171497083, 47.687325400176043, 0.0 ], [ 6.779788313150035, 47.690280317987018, 0.0 ], [ 6.778148430223951, 47.697774653987281, 0.0 ], [ 6.773934382275884, 47.699241724080508, 0.0 ], [ 6.770531022198065, 47.701623227635253, 0.0 ], [ 6.770018845777223, 47.706702090748998, 0.0 ], [ 6.772569697586077, 47.711635274824928, 0.0 ], [ 6.769747039667933, 47.714197112955915, 0.0 ], [ 6.76685818311856, 47.719148878335936, 0.0 ], [ 6.762431553514819, 47.72048894077475, 0.0 ], [ 6.758330900513521, 47.723347479966122, 0.0 ], [ 6.75704076580777, 47.726278689664262, 0.0 ], [ 6.761030707604831, 47.730090842063497, 0.0 ], [ 6.76035518278452, 47.737997857948727, 0.0 ], [ 6.757822371295567, 47.747719779964029, 0.0 ], [ 6.764473784967544, 47.753830531582331, 0.0 ], [ 6.7644071840061, 47.758517309289694, 0.0 ], [ 6.774580573188883, 47.766732596161603, 0.0 ], [ 6.774794184973659, 47.768480980127059, 0.0 ], [ 6.778446039331311, 47.770594176515978, 0.0 ], [ 6.779528019686421, 47.774741983306143, 0.0 ], [ 6.78354632893764, 47.778821937139249, 0.0 ], [ 6.784701509918316, 47.781435523037608, 0.0 ], [ 6.796874329053276, 47.786329710183523, 0.0 ], [ 6.810015149848021, 47.793933156128574, 0.0 ], [ 6.811110281087719, 47.796245706516281, 0.0 ], [ 6.823475310473817, 47.808414390797012, 0.0 ], [ 6.823836709137797, 47.814255938009438, 0.0 ], [ 6.832343336197004, 47.817575915052466, 0.0 ], [ 6.838884487677083, 47.824398215175641, 0.0 ], [ 6.842345173231454, 47.825091229589255, 0.0 ], [ 6.845879068477939, 47.822893797025252, 0.0 ], [ 6.841184689130597, 47.818774012349493, 0.0 ], [ 6.842828487835931, 47.812570247231754, 0.0 ], [ 6.846834938258169, 47.810611342261673, 0.0 ], [ 6.850557805336781, 47.806809880465678, 0.0 ], [ 6.848198951796504, 47.804268854584343, 0.0 ], [ 6.849016524857351, 47.801447714752165, 0.0 ], [ 6.854019053387277, 47.796197420540672, 0.0 ], [ 6.8600470269588, 47.794347149542858, 0.0 ], [ 6.86217610057853, 47.791808829379271, 0.0 ], [ 6.861111199351678, 47.789150562009446, 0.0 ], [ 6.862147775846847, 47.786430185471531, 0.0 ], [ 6.865898697777521, 47.784045509078233, 0.0 ], [ 6.872001276926098, 47.781774873083478, 0.0 ], [ 6.877633252313579, 47.78244450772759, 0.0 ], [ 6.882767506556348, 47.781843590780859, 0.0 ], [ 6.891881661886694, 47.778756457725706, 0.0 ], [ 6.893248984226489, 47.777546734423218, 0.0 ], [ 6.896320606372087, 47.777120121960408, 0.0 ], [ 6.902299450123576, 47.776633484825652, 0.0 ], [ 6.905034549168616, 47.777469531212915, 0.0 ], [ 6.912388662262344, 47.777741201657385, 0.0 ], [ 6.922194132335965, 47.772819916656914, 0.0 ], [ 6.925450563855484, 47.769560332636836, 0.0 ], [ 6.931486602852698, 47.769698350075977, 0.0 ], [ 6.934399215639846, 47.771540648693531, 0.0 ], [ 6.940170822391514, 47.771606012079666, 0.0 ], [ 6.943590389669758, 47.766541676272738, 0.0 ], [ 6.945857449736478, 47.765372147708803, 0.0 ], [ 6.951498354033556, 47.764477993261984, 0.0 ], [ 6.955478927731867, 47.760562206405218, 0.0 ], [ 6.958911166345549, 47.759683738197168, 0.0 ], [ 6.965631718461808, 47.755677522296544, 0.0 ], [ 6.970616403041666, 47.754190933250236, 0.0 ], [ 6.972173466561048, 47.751580522096731, 0.0 ], [ 6.982066015547188, 47.751223485180951, 0.0 ], [ 6.987477293059192, 47.7482544803539, 0.0 ], [ 6.99901093237254, 47.745952919524441, 0.0 ], [ 7.004925694942215, 47.743514668692129, 0.0 ], [ 7.012485742942972, 47.741640600462489, 0.0 ], [ 7.01583418791076, 47.743803948054456, 0.0 ], [ 7.021340210464612, 47.733988872028455, 0.0 ], [ 7.035157696566802, 47.724619572066921, 0.0 ], [ 7.037784671226401, 47.721622398942813, 0.0 ], [ 7.036026593416953, 47.720999965703236, 0.0 ], [ 7.036456496098385, 47.718567107766056, 0.0 ], [ 7.027579558049314, 47.705399798198378, 0.0 ], [ 7.026476379037991, 47.700963158781811, 0.0 ], [ 7.032776010073537, 47.699668964651217, 0.0 ], [ 7.03412248418303, 47.69588953491585, 0.0 ], [ 7.037307157943723, 47.694720585048728, 0.0 ], [ 7.038230609177027, 47.69262120949351, 0.0 ], [ 7.036363976363157, 47.692156669626208, 0.0 ], [ 7.036465753517922, 47.690910330340245, 0.0 ], [ 7.038466316919095, 47.686768444861549, 0.0 ], [ 7.048134579293757, 47.684514179858482, 0.0 ], [ 7.048114379657019, 47.682298680002589, 0.0 ], [ 7.042676861867251, 47.681116151265215, 0.0 ], [ 7.042072644873715, 47.679291280795908, 0.0 ], [ 7.038880707868382, 47.678326479835391, 0.0 ], [ 7.037418565165937, 47.675567803225093, 0.0 ], [ 7.041234408720942, 47.672427443558256, 0.0 ], [ 7.04611127034819, 47.671440263243014, 0.0 ], [ 7.043692297859339, 47.668453424567311, 0.0 ], [ 7.034859868546485, 47.6623256792804, 0.0 ], [ 7.034786606272017, 47.660230069429616, 0.0 ], [ 7.03930443014806, 47.650505116366723, 0.0 ], [ 7.034839299475399, 47.649700556596919, 0.0 ], [ 7.02522645505169, 47.649643917812334, 0.0 ], [ 7.018948351076991, 47.650917368127409, 0.0 ], [ 7.017974893222004, 47.650000043678752, 0.0 ], [ 7.016564490572341, 47.645407087374345, 0.0 ], [ 7.018476396176387, 47.641188277088503, 0.0 ], [ 7.013301787160247, 47.64011984681887, 0.0 ], [ 7.012399833953788, 47.63892603923005, 0.0 ], [ 7.012456899224214, 47.63803633557086, 0.0 ], [ 7.014375618523897, 47.637520635793251, 0.0 ], [ 7.015984002675911, 47.635912433346824, 0.0 ], [ 7.013839359683231, 47.634045781035667, 0.0 ], [ 7.013293384480849, 47.631858260412493, 0.0 ], [ 7.016787024405597, 47.626941530917577, 0.0 ], [ 7.014327092685581, 47.625841004808983, 0.0 ], [ 7.010915437513867, 47.63044931234154, 0.0 ], [ 7.005928740514232, 47.62891989668541, 0.0 ], [ 7.00776785940354, 47.619879256537182, 0.0 ], [ 7.004956909364052, 47.619209690917437, 0.0 ], [ 7.010399237156191, 47.604843957891106, 0.0 ], [ 7.005653227329303, 47.602104019155327, 0.0 ], [ 7.009103594708199, 47.599536716348751, 0.0 ], [ 7.01287375175383, 47.599224112810894, 0.0 ], [ 7.019545686592188, 47.595934525651622, 0.0 ], [ 7.021212221883589, 47.593224594496924, 0.0 ], [ 7.020337057074722, 47.592449015530292, 0.0 ], [ 7.016544801404978, 47.592691438721673, 0.0 ], [ 7.015782461156937, 47.591856062715564, 0.0 ], [ 7.0196395857333, 47.590052199645534, 0.0 ], [ 7.019767069356968, 47.588613856423208, 0.0 ], [ 7.024818163465715, 47.589203933073627, 0.0 ], [ 7.025332352855476, 47.592718343286471, 0.0 ], [ 7.034435656707733, 47.595070720734967, 0.0 ], [ 7.039077537275157, 47.600154698379917, 0.0 ], [ 7.041268174219321, 47.600558310363972, 0.0 ], [ 7.04620394313211, 47.600452093471901, 0.0 ], [ 7.047419552690377, 47.600016952860663, 0.0 ], [ 7.0475794728308, 47.59868198668395, 0.0 ], [ 7.051905184384026, 47.60049393153222, 0.0 ], [ 7.054209481917038, 47.598936626787577, 0.0 ], [ 7.0565919360224, 47.598812332032367, 0.0 ], [ 7.066108843678808, 47.601224542535206, 0.0 ], [ 7.070771035664429, 47.599801894102335, 0.0 ], [ 7.070160066278262, 47.596334230957794, 0.0 ], [ 7.073059480131544, 47.597363263477945, 0.0 ], [ 7.074240721277029, 47.598907421514674, 0.0 ], [ 7.085214889832973, 47.593327441269373, 0.0 ], [ 7.087472627990731, 47.588673198784115, 0.0 ], [ 7.085322181050564, 47.585991394043326, 0.0 ], [ 7.089850234868708, 47.582945704244374, 0.0 ], [ 7.094137132889819, 47.573497071965157, 0.0 ], [ 7.098719315478029, 47.573136865682862, 0.0 ], [ 7.104099637168022, 47.569853259582132, 0.0 ], [ 7.108268285267636, 47.563880994968137, 0.0 ], [ 7.107266386036258, 47.556101577192671, 0.0 ], [ 7.108244015038828, 47.552141713979324, 0.0 ], [ 7.105710313830663, 47.5516045679434, 0.0 ], [ 7.112401708893212, 47.548558177927553, 0.0 ], [ 7.118833319338434, 47.547642370323835, 0.0 ], [ 7.122938007528924, 47.543730386026567, 0.0 ], [ 7.127430926316685, 47.542800638553516, 0.0 ], [ 7.133117914259135, 47.539859752305603, 0.0 ], [ 7.135758060054782, 47.536840182663745, 0.0 ], [ 7.138349805693456, 47.527718085035865, 0.0 ], [ 7.139922521663878, 47.526099191857355, 0.0 ], [ 7.143362828977242, 47.524591422055785, 0.0 ], [ 7.139439227529148, 47.519345141128028, 0.0 ], [ 7.137821561130351, 47.510550973801017, 0.0 ], [ 7.134239750902124, 47.504956171039332, 0.0 ], [ 7.130257331923069, 47.502946799022276, 0.0 ], [ 7.127186819310455, 47.503148533651554, 0.0 ], [ 7.11252532673404, 47.495108736806756, 0.0 ], [ 7.100036022980225, 47.494319828037099, 0.0 ], [ 7.094228781601918, 47.495440925497569, 0.0 ], [ 7.08135247428875, 47.489716930944851, 0.0 ], [ 7.074851482299025, 47.488188847851255, 0.0 ], [ 7.072549627311066, 47.489743141416582, 0.0 ], [ 7.072067968096721, 47.492376646580439, 0.0 ], [ 7.060765102873444, 47.495387235254839, 0.0 ], [ 7.052429449677363, 47.495113472006516, 0.0 ], [ 7.044534380372013, 47.498447208113561, 0.0 ], [ 7.037977663046572, 47.497640982218535, 0.0 ], [ 7.036649959811824, 47.499203979458514, 0.0 ], [ 7.034204134219877, 47.499187810335869, 0.0 ], [ 7.027055026184954, 47.501886948182026, 0.0 ], [ 7.024252387599536, 47.504323705457594, 0.0 ], [ 7.019082034969787, 47.504181425642315, 0.0 ], [ 7.003736993506103, 47.50074612066696, 0.0 ], [ 6.988280956526372, 47.494849377247235, 0.0 ], [ 6.986025946586786, 47.493339405743882, 0.0 ], [ 6.98296850597029, 47.494551767100774, 0.0 ], [ 6.982639823388184, 47.493656296282339, 0.0 ], [ 6.986427341993211, 47.492141337530633, 0.0 ], [ 6.988649325600226, 47.486897989079559, 0.0 ], [ 6.988591000595259, 47.481017097301986, 0.0 ], [ 6.986440188534468, 47.476330934897554, 0.0 ], [ 6.988295929182969, 47.473101912650137, 0.0 ], [ 6.992991694593341, 47.471131913517162, 0.0 ], [ 6.990833141429992, 47.467606982728931, 0.0 ], [ 6.991705428361239, 47.46639992904008, 0.0 ], [ 7.000484843112849, 47.467201614116988, 0.0 ], [ 6.999999905587845, 47.46133800339156, 0.0 ], [ 6.998247979026692, 47.459734369368043, 0.0 ], [ 6.997745185820232, 47.457149503020005, 0.0 ], [ 7.001435743936417, 47.455977062760795, 0.0 ], [ 7.002182484412258, 47.454163122025811, 0.0 ], [ 6.994827763214055, 47.449294566904825, 0.0 ], [ 6.990194620517637, 47.44797902917341, 0.0 ], [ 6.984066181112164, 47.448188219036552, 0.0 ], [ 6.980981604434911, 47.449233923367544, 0.0 ], [ 6.973420929269284, 47.447174259566609, 0.0 ], [ 6.970285775503322, 47.447110075131704, 0.0 ], [ 6.966284396604618, 47.437652042022336, 0.0 ], [ 6.963711754740808, 47.435793809474617, 0.0 ], [ 6.957570106057672, 47.433810993770798, 0.0 ], [ 6.954294949226036, 47.435131087070033, 0.0 ], [ 6.940302981815963, 47.433323050271092, 0.0 ], [ 6.941546791653716, 47.415703470131952, 0.0 ], [ 6.938434329090058, 47.406081049960513, 0.0 ], [ 6.924116240781566, 47.405779448715634, 0.0 ], [ 6.919707015753632, 47.406629464695214, 0.0 ], [ 6.915424489315529, 47.404528668974919, 0.0 ], [ 6.917437532570007, 47.403409001284473, 0.0 ], [ 6.915525705810756, 47.39852164345016, 0.0 ], [ 6.909310161431073, 47.396095498795397, 0.0 ], [ 6.910877490508427, 47.394418598528695, 0.0 ], [ 6.91329946367721, 47.387853017994452, 0.0 ], [ 6.912068733561576, 47.386192790170021, 0.0 ], [ 6.903867646487221, 47.382629995418725, 0.0 ], [ 6.895095293267663, 47.381707707895124, 0.0 ], [ 6.895815669665261, 47.379898064278215, 0.0 ], [ 6.88850293573736, 47.376498225149319, 0.0 ], [ 6.883599611562522, 47.372865092054006, 0.0 ], [ 6.884660858284908, 47.36680348572952, 0.0 ], [ 6.882529328773829, 47.361203758552975, 0.0 ], [ 6.879363312575096, 47.357780065094673, 0.0 ], [ 6.879039579141127, 47.350464159895012, 0.0 ], [ 6.868728758413204, 47.35216196782163, 0.0 ], [ 6.86835154699992, 47.353569750919519, 0.0 ], [ 6.863168604616958, 47.355781057473244, 0.0 ], [ 6.859601683041467, 47.358520646833206, 0.0 ], [ 6.854209226321828, 47.35740461044395, 0.0 ], [ 6.853308129095564, 47.360608862312603, 0.0 ], [ 6.826541505790737, 47.361215502420166, 0.0 ], [ 6.820471879026165, 47.361999379352717, 0.0 ], [ 6.809400316287316, 47.365139900562504, 0.0 ], [ 6.805534918842572, 47.365402722029785, 0.0 ], [ 6.797832295805587, 47.365578267761542, 0.0 ], [ 6.796987117981611, 47.36340323227742, 0.0 ], [ 6.795362955766991, 47.363151701007993, 0.0 ], [ 6.776818519625226, 47.362070068399802, 0.0 ], [ 6.770275106771524, 47.364160889015288, 0.0 ], [ 6.767002757398521, 47.36410485922648, 0.0 ], [ 6.772129352208955, 47.361048160629657, 0.0 ], [ 6.772144481051822, 47.359472292913324, 0.0 ], [ 6.770370282048907, 47.358271776637963, 0.0 ], [ 6.769896078075522, 47.36007253801349, 0.0 ], [ 6.766193048498275, 47.35875341466798, 0.0 ], [ 6.763728776752012, 47.3525192118612, 0.0 ], [ 6.764153665330232, 47.351241893650275, 0.0 ], [ 6.76604146167389, 47.352365810941095, 0.0 ], [ 6.771491873866272, 47.351816673775474, 0.0 ], [ 6.774331769763597, 47.352917641636296, 0.0 ], [ 6.776971037893669, 47.352486635562116, 0.0 ], [ 6.772242930900428, 47.348015139048158, 0.0 ], [ 6.767574070109377, 47.346810372124899, 0.0 ], [ 6.768209613945516, 47.345815495461657, 0.0 ], [ 6.774522626862457, 47.342930982502416, 0.0 ], [ 6.775401558684078, 47.341440566422222, 0.0 ], [ 6.771083983610219, 47.338417516065874, 0.0 ], [ 6.76486485007971, 47.335853465121879, 0.0 ], [ 6.764509370850615, 47.334188669059273, 0.0 ], [ 6.765374852383512, 47.332410363303879, 0.0 ], [ 6.768866673438477, 47.329617594722826, 0.0 ], [ 6.778209116526289, 47.328989366331982, 0.0 ], [ 6.778164049040022, 47.327276635736766, 0.0 ], [ 6.772688519920606, 47.326848225261152, 0.0 ], [ 6.765230299199924, 47.328556790078977, 0.0 ], [ 6.761974678269842, 47.329993519276847, 0.0 ], [ 6.758540050149663, 47.333115874981978, 0.0 ], [ 6.756973928340515, 47.331935477451331, 0.0 ], [ 6.751208462271548, 47.330132019439027, 0.0 ], [ 6.740536468998908, 47.329682479809499, 0.0 ], [ 6.739793150590057, 47.3308852556356, 0.0 ], [ 6.744939495364532, 47.3337564902872, 0.0 ], [ 6.745028453444645, 47.334764811548155, 0.0 ], [ 6.740503528217771, 47.339361933784765, 0.0 ], [ 6.736625413001641, 47.338809110796397, 0.0 ], [ 6.733182712636149, 47.336567667468685, 0.0 ], [ 6.724494184366861, 47.338273433569377, 0.0 ], [ 6.721655385135126, 47.337657925718332, 0.0 ] ], [ [ 6.726561273534653, 47.566275687858514, 0.0 ], [ 6.725733322896763, 47.568486313347876, 0.0 ], [ 6.725477044993482, 47.569170535762026, 0.0 ], [ 6.726561273534653, 47.566275687858514, 0.0 ] ], [ [ 6.8143230443348, 47.480668184331975, 0.0 ], [ 6.813859032685623, 47.477218200760952, 0.0 ], [ 6.814055874236776, 47.478681797073541, 0.0 ], [ 6.8143230443348, 47.480668184331975, 0.0 ] ], [ [ 6.950692422878405, 47.696756206721211, 0.0 ], [ 6.952083102512137, 47.70655745776309, 0.0 ], [ 6.94912444031679, 47.709096080125683, 0.0 ], [ 6.952352601745582, 47.714650061475538, 0.0 ], [ 6.952479264472968, 47.716896049478109, 0.0 ], [ 6.948762886490472, 47.714267603789352, 0.0 ], [ 6.945098543742492, 47.709542932023275, 0.0 ], [ 6.943659582830066, 47.703544508941711, 0.0 ], [ 6.944275735204253, 47.70083185878169, 0.0 ], [ 6.946526623597542, 47.698220815132466, 0.0 ], [ 6.950692422878405, 47.696756206721211, 0.0 ] ] ] } },
{ "type": "Feature", "properties": { "code_serm": 3, "nom_serm": "SERM Bisontain", "slug_serm": "besancon", "surface_km2": 4596.1636450850083 }, "geometry": { "type": "Polygon", "coordinates": [ [ [ 5.81162160804532, 46.971884276585193, 0.0 ], [ 5.800954717145427, 46.972024054428964, 0.0 ], [ 5.791768651718929, 46.96253860044137, 0.0 ], [ 5.78622156158445, 46.96247909496072, 0.0 ], [ 5.783581408535325, 46.966814079058103, 0.0 ], [ 5.779859676083321, 46.968604781442536, 0.0 ], [ 5.777923587676659, 46.96686134254751, 0.0 ], [ 5.778167276011297, 46.966097808875865, 0.0 ], [ 5.780568737966854, 46.964993064721426, 0.0 ], [ 5.781847818387807, 46.962870300607918, 0.0 ], [ 5.771029354266161, 46.962712810505195, 0.0 ], [ 5.768081553183341, 46.963429571071494, 0.0 ], [ 5.76251469706361, 46.962365794667875, 0.0 ], [ 5.76202947532146, 46.964483726069929, 0.0 ], [ 5.758963787984831, 46.965318387110372, 0.0 ], [ 5.757547295100548, 46.962678406420835, 0.0 ], [ 5.754904080905467, 46.960906466823232, 0.0 ], [ 5.752908865414383, 46.960615389497988, 0.0 ], [ 5.751190806146738, 46.958582535839852, 0.0 ], [ 5.746449608273226, 46.957721717108939, 0.0 ], [ 5.741400922472577, 46.962649954139728, 0.0 ], [ 5.735482509147229, 46.965259869083397, 0.0 ], [ 5.733769944936266, 46.970582395231013, 0.0 ], [ 5.733293646261558, 46.979143996134653, 0.0 ], [ 5.732425832285664, 46.979839322664162, 0.0 ], [ 5.730688882115301, 46.979668754363672, 0.0 ], [ 5.716960485996098, 46.973454407365665, 0.0 ], [ 5.704232424388496, 46.970413143213221, 0.0 ], [ 5.691247795496571, 46.97275919797692, 0.0 ], [ 5.68356825487708, 46.975065114691823, 0.0 ], [ 5.681054503920203, 46.974988453633394, 0.0 ], [ 5.678247433418241, 46.973933004554567, 0.0 ], [ 5.675698090409287, 46.971541833841478, 0.0 ], [ 5.668209642664023, 46.969624449815754, 0.0 ], [ 5.664015843563771, 46.966349493507273, 0.0 ], [ 5.659826536099883, 46.964304865059439, 0.0 ], [ 5.656678133248167, 46.968089891471244, 0.0 ], [ 5.653353257735983, 46.968879927664688, 0.0 ], [ 5.650413564778916, 46.972078006621473, 0.0 ], [ 5.651471826003863, 46.961836164560459, 0.0 ], [ 5.638920214349174, 46.949389654668458, 0.0 ], [ 5.628701444443201, 46.940819105963641, 0.0 ], [ 5.626174674226227, 46.934698648563803, 0.0 ], [ 5.621822081702037, 46.929747568904979, 0.0 ], [ 5.616801708275996, 46.93233813848807, 0.0 ], [ 5.60487254257004, 46.935178542400131, 0.0 ], [ 5.597833236033892, 46.939053430212375, 0.0 ], [ 5.592078743799044, 46.938691143088214, 0.0 ], [ 5.585274696216381, 46.936209022412065, 0.0 ], [ 5.578615895507038, 46.937034741434303, 0.0 ], [ 5.57229467740152, 46.939016414711517, 0.0 ], [ 5.556815786826893, 46.940686881733974, 0.0 ], [ 5.558963281316273, 46.943013803915839, 0.0 ], [ 5.554098013797587, 46.949503170966004, 0.0 ], [ 5.554296720171715, 46.952511124571785, 0.0 ], [ 5.550620686189241, 46.952949245558017, 0.0 ], [ 5.541039270555842, 46.950818715371554, 0.0 ], [ 5.532005439874623, 46.957356537231853, 0.0 ], [ 5.546079653699834, 46.980492117675837, 0.0 ], [ 5.540789122480906, 46.979499886835811, 0.0 ], [ 5.540008213476248, 46.982234833266908, 0.0 ], [ 5.519556762483973, 46.985805574647472, 0.0 ], [ 5.523106876745383, 46.992398415445557, 0.0 ], [ 5.523413779563766, 46.991584584678101, 0.0 ], [ 5.525573292580542, 46.991200427264701, 0.0 ], [ 5.529938511859324, 46.99659157043407, 0.0 ], [ 5.535388874036308, 47.01054876395667, 0.0 ], [ 5.530273261870264, 47.01191405072435, 0.0 ], [ 5.5289200881961, 47.01437496310934, 0.0 ], [ 5.522548854923939, 47.018109464373836, 0.0 ], [ 5.516666022984634, 47.016290375010563, 0.0 ], [ 5.512779765793444, 47.016696632502232, 0.0 ], [ 5.517327152649546, 47.023661543031501, 0.0 ], [ 5.511191588049386, 47.02261965565669, 0.0 ], [ 5.512135926975603, 47.025107802191513, 0.0 ], [ 5.516271274917813, 47.026951726822617, 0.0 ], [ 5.518910286183938, 47.03093961624991, 0.0 ], [ 5.522889650952954, 47.029939321949776, 0.0 ], [ 5.527901097883657, 47.038207949604235, 0.0 ], [ 5.534782021475822, 47.043711362260581, 0.0 ], [ 5.551866672080338, 47.048386735247355, 0.0 ], [ 5.548781221072916, 47.053011987063904, 0.0 ], [ 5.787271344588262, 47.106433060727625, 0.0 ], [ 5.790419153148755, 47.102144654193438, 0.0 ], [ 5.791863395534414, 47.105574529800883, 0.0 ], [ 5.79634143135106, 47.109615707703405, 0.0 ], [ 5.802149285826254, 47.110667838206368, 0.0 ], [ 5.80563884968413, 47.115673140807495, 0.0 ], [ 5.804702096858935, 47.11648863501906, 0.0 ], [ 5.805472612645663, 47.119374352211196, 0.0 ], [ 5.816204771534193, 47.134089581798584, 0.0 ], [ 5.82124793122957, 47.138680942097039, 0.0 ], [ 5.828194310686662, 47.141204923698325, 0.0 ], [ 5.827046370810256, 47.142602310184131, 0.0 ], [ 5.823148540881115, 47.14207049463505, 0.0 ], [ 5.813352116838999, 47.149964715030599, 0.0 ], [ 5.816071842549732, 47.152100263291217, 0.0 ], [ 5.811855311421891, 47.155085572441806, 0.0 ], [ 5.809758734358971, 47.159677739968089, 0.0 ], [ 5.811835092157955, 47.168834084227875, 0.0 ], [ 5.810202166790033, 47.169994409573491, 0.0 ], [ 5.804649467326686, 47.172266821389847, 0.0 ], [ 5.792090875426958, 47.174165846515734, 0.0 ], [ 5.787947214060558, 47.172954091361632, 0.0 ], [ 5.785097803861981, 47.1706336450941, 0.0 ], [ 5.783612650964983, 47.172338638198255, 0.0 ], [ 5.788340100372959, 47.174392287548685, 0.0 ], [ 5.785107166238376, 47.178167184369038, 0.0 ], [ 5.785173121494399, 47.188887415036504, 0.0 ], [ 5.778181061710566, 47.190751672480644, 0.0 ], [ 5.780365014609796, 47.192813515095864, 0.0 ], [ 5.769456480534153, 47.194063144021833, 0.0 ], [ 5.761460689771181, 47.193491999586449, 0.0 ], [ 5.756761818389037, 47.196701903874846, 0.0 ], [ 5.759518753653484, 47.198376636857539, 0.0 ], [ 5.757717591789707, 47.200264432621346, 0.0 ], [ 5.76076097815672, 47.202236796579847, 0.0 ], [ 5.754763558036805, 47.205272147890149, 0.0 ], [ 5.753059786599226, 47.205506335583621, 0.0 ], [ 5.743985673224901, 47.201912109477405, 0.0 ], [ 5.737629670604016, 47.201476997226578, 0.0 ], [ 5.739162769208449, 47.202954119529863, 0.0 ], [ 5.737469921901419, 47.208935018882606, 0.0 ], [ 5.733055618029128, 47.211034558576983, 0.0 ], [ 5.730431117664615, 47.215271705228012, 0.0 ], [ 5.728073052374103, 47.217132479168775, 0.0 ], [ 5.720486796969649, 47.219747551541388, 0.0 ], [ 5.720741755453707, 47.222722321387586, 0.0 ], [ 5.722392986493694, 47.223422192304845, 0.0 ], [ 5.722850936672784, 47.2249193748547, 0.0 ], [ 5.721285080062509, 47.230532119755615, 0.0 ], [ 5.717059193151973, 47.232978762974334, 0.0 ], [ 5.713855600227792, 47.236060687463663, 0.0 ], [ 5.715985904491745, 47.238095222245796, 0.0 ], [ 5.718297957661075, 47.237966250067714, 0.0 ], [ 5.718996582222813, 47.241292714883748, 0.0 ], [ 5.717482213707198, 47.243257732702752, 0.0 ], [ 5.712800721045355, 47.246057162085236, 0.0 ], [ 5.708966992929066, 47.250751654857879, 0.0 ], [ 5.707922522919483, 47.254256698458548, 0.0 ], [ 5.700228153095757, 47.263926802364296, 0.0 ], [ 5.69678054848284, 47.26573563013752, 0.0 ], [ 5.695929517512343, 47.26831722888501, 0.0 ], [ 5.691653756029001, 47.271144099168907, 0.0 ], [ 5.688151315818389, 47.270364200416111, 0.0 ], [ 5.684159130766377, 47.271461031699218, 0.0 ], [ 5.683539094588812, 47.273805673167764, 0.0 ], [ 5.67639768915942, 47.275694765717439, 0.0 ], [ 5.67033245085568, 47.274693304348276, 0.0 ], [ 5.669661674395694, 47.272194713519525, 0.0 ], [ 5.671970834047012, 47.271923548141757, 0.0 ], [ 5.672307895804487, 47.271303260783711, 0.0 ], [ 5.664583026987286, 47.265885462552262, 0.0 ], [ 5.661710373690849, 47.26490114651692, 0.0 ], [ 5.655998202234112, 47.265684278130642, 0.0 ], [ 5.652311306254235, 47.264526518722619, 0.0 ], [ 5.651486777733006, 47.262753762256096, 0.0 ], [ 5.652493195557448, 47.262126332626458, 0.0 ], [ 5.650517582438392, 47.260622200873847, 0.0 ], [ 5.640786449486822, 47.255788285373377, 0.0 ], [ 5.63416392142652, 47.255475053864878, 0.0 ], [ 5.629103181071622, 47.256119572223092, 0.0 ], [ 5.622501496094854, 47.254009101158957, 0.0 ], [ 5.620252376299434, 47.255988466898813, 0.0 ], [ 5.615113371866955, 47.258073536109627, 0.0 ], [ 5.610999857514992, 47.258697686030942, 0.0 ], [ 5.608935401614873, 47.259751192878035, 0.0 ], [ 5.603153420477931, 47.260242349282741, 0.0 ], [ 5.596608948685197, 47.258537171051152, 0.0 ], [ 5.590936495030189, 47.25915857560797, 0.0 ], [ 5.581593452623639, 47.253964359897722, 0.0 ], [ 5.581140304069658, 47.253068307205083, 0.0 ], [ 5.578158321139891, 47.252541975521254, 0.0 ], [ 5.574407308207314, 47.254187208155322, 0.0 ], [ 5.572152317277032, 47.258291462169133, 0.0 ], [ 5.573540426967476, 47.260699844353852, 0.0 ], [ 5.573820323891643, 47.267593234461089, 0.0 ], [ 5.578716528325033, 47.268118574973144, 0.0 ], [ 5.583487494459178, 47.2744859487876, 0.0 ], [ 5.584974039641453, 47.273832221388325, 0.0 ], [ 5.588140383295116, 47.274560555011597, 0.0 ], [ 5.599702214630399, 47.283012984474269, 0.0 ], [ 5.60815518532322, 47.284212166662563, 0.0 ], [ 5.613508046198604, 47.28287478949521, 0.0 ], [ 5.617861761716489, 47.283556656072712, 0.0 ], [ 5.618614172407141, 47.284436811101791, 0.0 ], [ 5.617641288715384, 47.286420581120041, 0.0 ], [ 5.620057592047866, 47.289143013736449, 0.0 ], [ 5.619333502596986, 47.291369778230901, 0.0 ], [ 5.620501127247729, 47.294217666667592, 0.0 ], [ 5.616323955712284, 47.296226903206097, 0.0 ], [ 5.610079082146715, 47.294738126733691, 0.0 ], [ 5.60892328150933, 47.295310867256021, 0.0 ], [ 5.611460943577688, 47.303252283210028, 0.0 ], [ 5.619658078221421, 47.311186725688486, 0.0 ], [ 5.629831523921406, 47.317855366694289, 0.0 ], [ 5.634920638926194, 47.31451351901746, 0.0 ], [ 5.642901698535963, 47.311900061793281, 0.0 ], [ 5.647336157421701, 47.315962219564355, 0.0 ], [ 5.647948005854889, 47.320713173749134, 0.0 ], [ 5.649218700601366, 47.321982144612861, 0.0 ], [ 5.654072211482386, 47.321257871718771, 0.0 ], [ 5.659112632353577, 47.322463905895397, 0.0 ], [ 5.659562919011718, 47.32438658229114, 0.0 ], [ 5.667673753068776, 47.332345898099071, 0.0 ], [ 5.666909578058929, 47.333898316375958, 0.0 ], [ 5.668867419300762, 47.336633016070941, 0.0 ], [ 5.667683165095209, 47.339944325646108, 0.0 ], [ 5.669886495311452, 47.343585815325163, 0.0 ], [ 5.67711388156307, 47.343075343890398, 0.0 ], [ 5.687284860112555, 47.347309916616048, 0.0 ], [ 5.698289614013264, 47.354438172860206, 0.0 ], [ 5.69897158824419, 47.354082747131322, 0.0 ], [ 5.701373861988743, 47.355408645649121, 0.0 ], [ 5.699284473423256, 47.356955157792612, 0.0 ], [ 5.698939505185359, 47.360926444908728, 0.0 ], [ 5.696269715247515, 47.366148785524409, 0.0 ], [ 5.6963870566769, 47.367717852339624, 0.0 ], [ 5.694714858691755, 47.370217465291582, 0.0 ], [ 5.692167248596204, 47.371684374394974, 0.0 ], [ 5.700817263884924, 47.377602341754248, 0.0 ], [ 5.703791766437284, 47.378709533171914, 0.0 ], [ 5.695900058070567, 47.379445033935106, 0.0 ], [ 5.693170136639896, 47.381989851860659, 0.0 ], [ 5.693182199553816, 47.384209876011987, 0.0 ], [ 5.700277155406376, 47.388626372844996, 0.0 ], [ 5.703043803662386, 47.387782928669466, 0.0 ], [ 5.704327473792361, 47.38543908000041, 0.0 ], [ 5.705878915729884, 47.384986829204649, 0.0 ], [ 5.72233921859491, 47.391440850753867, 0.0 ], [ 5.723979858642196, 47.39323902218063, 0.0 ], [ 5.722515581926586, 47.396297107178533, 0.0 ], [ 5.724716323026113, 47.401724731023577, 0.0 ], [ 5.720759057787481, 47.405491506235229, 0.0 ], [ 5.724734751365665, 47.410228137720893, 0.0 ], [ 5.723871721671665, 47.410713136529203, 0.0 ], [ 5.72470285553273, 47.411949284935197, 0.0 ], [ 5.723388072629652, 47.4152686563, 0.0 ], [ 5.724104618857064, 47.416103063334468, 0.0 ], [ 5.736079043496019, 47.416686643909948, 0.0 ], [ 5.741718814571887, 47.418783136291928, 0.0 ], [ 5.744565044338547, 47.420769679706943, 0.0 ], [ 5.745340961883642, 47.42358328149475, 0.0 ], [ 5.744573665309873, 47.425238027021436, 0.0 ], [ 5.751017458237119, 47.430249712777226, 0.0 ], [ 5.751317712893838, 47.431960313284378, 0.0 ], [ 5.75235047782185, 47.432322296552471, 0.0 ], [ 5.751298140995651, 47.434938603790144, 0.0 ], [ 5.750289513710992, 47.434995781655815, 0.0 ], [ 5.749208842589545, 47.436778655279745, 0.0 ], [ 5.754840307119952, 47.437603815614551, 0.0 ], [ 5.755659593549892, 47.439645290928162, 0.0 ], [ 5.754873110094237, 47.446809421781488, 0.0 ], [ 5.753434223984583, 47.449916767906785, 0.0 ], [ 5.755508783203829, 47.454078564699131, 0.0 ], [ 5.753586884990264, 47.454382565246441, 0.0 ], [ 5.752031190143713, 47.45638564942476, 0.0 ], [ 5.750314153589009, 47.464504822774003, 0.0 ], [ 5.751624078032867, 47.465931229878962, 0.0 ], [ 5.754642789265219, 47.464141250129458, 0.0 ], [ 5.765594200036992, 47.465916293167098, 0.0 ], [ 5.772341985714646, 47.46789229875457, 0.0 ], [ 5.779432109084952, 47.473636509173296, 0.0 ], [ 5.771974034890396, 47.47663810796422, 0.0 ], [ 5.775815495245237, 47.479159584463886, 0.0 ], [ 5.778429914057548, 47.48306852034559, 0.0 ], [ 5.785144496290623, 47.484304226278304, 0.0 ], [ 5.789562357263263, 47.48689885073604, 0.0 ], [ 5.796243343660874, 47.489180483812817, 0.0 ], [ 5.7925272476715, 47.49354901029804, 0.0 ], [ 5.790738988263351, 47.499928467315939, 0.0 ], [ 5.79124552015382, 47.506705964089306, 0.0 ], [ 5.789629846170047, 47.510059310051943, 0.0 ], [ 5.799566988995412, 47.512697829201713, 0.0 ], [ 5.803912174276067, 47.517270775389015, 0.0 ], [ 5.809991723303845, 47.517612499012571, 0.0 ], [ 5.828943982815075, 47.529224518541575, 0.0 ], [ 5.832238105183608, 47.52980113577393, 0.0 ], [ 5.835866171941708, 47.52937603317293, 0.0 ], [ 5.84111114971151, 47.530298531344982, 0.0 ], [ 5.840751750767891, 47.532920307055853, 0.0 ], [ 5.84855200469564, 47.541327379791163, 0.0 ], [ 5.840577948059835, 47.549446534291214, 0.0 ], [ 5.83416344630279, 47.554226032661383, 0.0 ], [ 5.827886995152101, 47.55585290133444, 0.0 ], [ 5.82726205544407, 47.557696502619471, 0.0 ], [ 5.83793448475008, 47.566857802996253, 0.0 ], [ 5.842416146172049, 47.568722119497345, 0.0 ], [ 5.837523815113053, 47.573758230368277, 0.0 ], [ 5.829674965466498, 47.575795358896535, 0.0 ], [ 5.829000027977574, 47.577276275669838, 0.0 ], [ 5.832770896544517, 47.577273928307477, 0.0 ], [ 5.835830922129745, 47.584766395151064, 0.0 ], [ 5.835979163856836, 47.586379553220588, 0.0 ], [ 5.834695004372999, 47.587393428338395, 0.0 ], [ 5.831217869345731, 47.588128167332755, 0.0 ], [ 5.831890923455335, 47.593036854040058, 0.0 ], [ 5.834978403382126, 47.595890948965852, 0.0 ], [ 5.83540765200898, 47.597855748860319, 0.0 ], [ 5.838133385710295, 47.598380343138125, 0.0 ], [ 5.846089634005832, 47.593280434678249, 0.0 ], [ 5.848848742014549, 47.592486231717771, 0.0 ], [ 5.851424193185558, 47.593215940965592, 0.0 ], [ 5.85349961914234, 47.592710345778613, 0.0 ], [ 5.855128855590852, 47.590783506089608, 0.0 ], [ 5.855619270168394, 47.585439301898461, 0.0 ], [ 5.858417746035546, 47.579098197735966, 0.0 ], [ 5.860476117427698, 47.576868906375708, 0.0 ], [ 5.864304831062178, 47.575189684317287, 0.0 ], [ 5.866764255060379, 47.578158381676154, 0.0 ], [ 5.864457416271417, 47.580640685819894, 0.0 ], [ 5.865440055972052, 47.582182898698733, 0.0 ], [ 5.871429484151879, 47.584463959394618, 0.0 ], [ 5.871831615749518, 47.58837668445819, 0.0 ], [ 5.869340022929773, 47.594981676040497, 0.0 ], [ 5.870279143941301, 47.599347746719346, 0.0 ], [ 5.873324264575394, 47.601146286021141, 0.0 ], [ 5.880689120702326, 47.60357318006281, 0.0 ], [ 5.882868696390765, 47.607187963334574, 0.0 ], [ 5.885464958940222, 47.60724539953506, 0.0 ], [ 5.888830783397886, 47.605796651349429, 0.0 ], [ 5.891503686033327, 47.606015985111661, 0.0 ], [ 5.888987438100745, 47.609478498389649, 0.0 ], [ 5.898089367406079, 47.613050267796005, 0.0 ], [ 5.900867149385209, 47.617789287864348, 0.0 ], [ 5.907580320546074, 47.620169496585262, 0.0 ], [ 5.916256396805834, 47.626471581592185, 0.0 ], [ 5.911890001079562, 47.627688445297494, 0.0 ], [ 5.909267795339467, 47.625683972782483, 0.0 ], [ 5.902380901564383, 47.623283848453511, 0.0 ], [ 5.897940786059908, 47.624591194348952, 0.0 ], [ 5.893002332993508, 47.624427248032731, 0.0 ], [ 5.885035277640187, 47.628224515167638, 0.0 ], [ 5.882776028128465, 47.630428493781167, 0.0 ], [ 5.872954762332809, 47.631125414174782, 0.0 ], [ 5.87108691639, 47.632467459289231, 0.0 ], [ 5.873084297503643, 47.6375640032768, 0.0 ], [ 5.872576660027418, 47.640213722077952, 0.0 ], [ 5.868407464854426, 47.646300381228038, 0.0 ], [ 5.867984847980265, 47.650239556871149, 0.0 ], [ 5.865075205610464, 47.654088431200954, 0.0 ], [ 5.862462551757651, 47.655878187582132, 0.0 ], [ 5.859736201923109, 47.662983762770331, 0.0 ], [ 5.855987644775158, 47.668768614193247, 0.0 ], [ 5.856745237028331, 47.674147819439781, 0.0 ], [ 5.852991081633499, 47.676185876242997, 0.0 ], [ 5.8575787752263, 47.680269102963081, 0.0 ], [ 5.856904596977908, 47.680580102907378, 0.0 ], [ 5.857578660778311, 47.681684954836172, 0.0 ], [ 5.862204549905549, 47.686091314565353, 0.0 ], [ 5.865049416910807, 47.690777139033159, 0.0 ], [ 5.87395935003339, 47.692047231007663, 0.0 ], [ 5.876957112330255, 47.691434892546518, 0.0 ], [ 5.882881244904643, 47.692740829329459, 0.0 ], [ 5.888141465074055, 47.692030955163325, 0.0 ], [ 5.898602808714758, 47.692989744372134, 0.0 ], [ 5.906059874056826, 47.695066216855452, 0.0 ], [ 5.910155572217525, 47.693381833722917, 0.0 ], [ 5.911716552863034, 47.697461787512836, 0.0 ], [ 5.911243678672355, 47.698549878090013, 0.0 ], [ 5.913705684985022, 47.702339859765225, 0.0 ], [ 5.925595507548963, 47.707809138913191, 0.0 ], [ 5.928592112215751, 47.715300759572933, 0.0 ], [ 5.934709493155157, 47.71374234617867, 0.0 ], [ 5.946944328078043, 47.716410553863966, 0.0 ], [ 5.965718243511477, 47.714003088020618, 0.0 ], [ 5.971497581882197, 47.714371582991014, 0.0 ], [ 5.973672359131463, 47.713619161945921, 0.0 ], [ 5.977444813779722, 47.710603096665089, 0.0 ], [ 5.988210827268397, 47.706186116837067, 0.0 ], [ 5.988864797258369, 47.705093953305628, 0.0 ], [ 5.987857374868629, 47.702620226855288, 0.0 ], [ 5.990520212795327, 47.695314003532552, 0.0 ], [ 6.000400671677216, 47.692064130299009, 0.0 ], [ 6.003704777007571, 47.688649296443536, 0.0 ], [ 6.01123294262217, 47.68410147096678, 0.0 ], [ 6.011927173585494, 47.681917322601528, 0.0 ], [ 6.008730728531854, 47.678385918676256, 0.0 ], [ 6.008016795460938, 47.672919729797648, 0.0 ], [ 6.010373484244549, 47.670656739085643, 0.0 ], [ 6.015592219630274, 47.668875617655132, 0.0 ], [ 6.014295883223574, 47.664320694438835, 0.0 ], [ 6.014542600179625, 47.660170911602009, 0.0 ], [ 6.017974998333705, 47.656458588209439, 0.0 ], [ 6.021074078791259, 47.656165903844588, 0.0 ], [ 6.026237396874719, 47.65106640804936, 0.0 ], [ 6.027963977246992, 47.65290243469687, 0.0 ], [ 6.032707875302618, 47.649656441218653, 0.0 ], [ 6.037078943521995, 47.64331410677044, 0.0 ], [ 6.035256049143348, 47.636881414099072, 0.0 ], [ 6.046643548818574, 47.639508751058472, 0.0 ], [ 6.041723359198154, 47.645756804128979, 0.0 ], [ 6.042951792972657, 47.646167979185748, 0.0 ], [ 6.04382498570352, 47.645329133374375, 0.0 ], [ 6.04994662096378, 47.647115080959026, 0.0 ], [ 6.059686581770142, 47.647298997118121, 0.0 ], [ 6.071526893048729, 47.652727037269401, 0.0 ], [ 6.077069081879766, 47.65430434785776, 0.0 ], [ 6.080014690156265, 47.657338891165772, 0.0 ], [ 6.078982988871256, 47.662076228350813, 0.0 ], [ 6.083193506430211, 47.660365407996359, 0.0 ], [ 6.083779294631372, 47.65827546181962, 0.0 ], [ 6.087552090252473, 47.656449914963787, 0.0 ], [ 6.088467963720843, 47.654837630497411, 0.0 ], [ 6.092548957130353, 47.656011466415315, 0.0 ], [ 6.092467076176521, 47.657680076845779, 0.0 ], [ 6.094573337090305, 47.660132969929521, 0.0 ], [ 6.094660138918765, 47.663236554836857, 0.0 ], [ 6.097758989121723, 47.666587293907469, 0.0 ], [ 6.096388055760293, 47.669937590367525, 0.0 ], [ 6.096498197678144, 47.676953500543192, 0.0 ], [ 6.099664319424575, 47.67649123679093, 0.0 ], [ 6.109004426981778, 47.680330839278426, 0.0 ], [ 6.113970517469742, 47.679854521337944, 0.0 ], [ 6.116413286620093, 47.685132822673381, 0.0 ], [ 6.123897077743234, 47.687230020903641, 0.0 ], [ 6.127511089340585, 47.686482106908265, 0.0 ], [ 6.128294086374466, 47.689071616178076, 0.0 ], [ 6.134462630112228, 47.685756315134967, 0.0 ], [ 6.137441005162183, 47.686428557554294, 0.0 ], [ 6.144496512522659, 47.690043877400761, 0.0 ], [ 6.147576530884561, 47.690149241821281, 0.0 ], [ 6.148563928933655, 47.688300350757508, 0.0 ], [ 6.138855192838942, 47.684120603091472, 0.0 ], [ 6.145238625430236, 47.678838795073595, 0.0 ], [ 6.146380547341702, 47.679067483753883, 0.0 ], [ 6.148954090207566, 47.677767678710261, 0.0 ], [ 6.151534339843882, 47.674711076584529, 0.0 ], [ 6.153066538596612, 47.674706674927549, 0.0 ], [ 6.155473126470649, 47.676653196286154, 0.0 ], [ 6.157942473348878, 47.675761356507721, 0.0 ], [ 6.156644832751092, 47.673330927276965, 0.0 ], [ 6.159105930636421, 47.672910399187437, 0.0 ], [ 6.162144430554961, 47.673298428928675, 0.0 ], [ 6.165584704472355, 47.675420355138961, 0.0 ], [ 6.172951621207901, 47.674555751943636, 0.0 ], [ 6.180181687336686, 47.677235489392103, 0.0 ], [ 6.181521204672885, 47.679230353781378, 0.0 ], [ 6.184753010995664, 47.681147527024244, 0.0 ], [ 6.188060673703141, 47.676479409647044, 0.0 ], [ 6.195857492991844, 47.679694939895448, 0.0 ], [ 6.198953461007934, 47.684028735409292, 0.0 ], [ 6.207120834953424, 47.688272950234889, 0.0 ], [ 6.210207958476399, 47.687630593002275, 0.0 ], [ 6.214097246344363, 47.685204088636141, 0.0 ], [ 6.215290773182899, 47.683273225691153, 0.0 ], [ 6.217082698520344, 47.68316896168276, 0.0 ], [ 6.220194507314808, 47.684685827307462, 0.0 ], [ 6.222957861815491, 47.684188067651121, 0.0 ], [ 6.225279000885904, 47.680373884827908, 0.0 ], [ 6.226888865205551, 47.679599769951665, 0.0 ], [ 6.235268743402137, 47.680219358431117, 0.0 ], [ 6.236161483684985, 47.681037820304127, 0.0 ], [ 6.23667898853144, 47.685649266673735, 0.0 ], [ 6.237687500031871, 47.68639514736595, 0.0 ], [ 6.246315624762708, 47.688638510899963, 0.0 ], [ 6.247963602363391, 47.689716068465238, 0.0 ], [ 6.2490912987175, 47.689524376967803, 0.0 ], [ 6.246910954404993, 47.686935609289556, 0.0 ], [ 6.246567202111486, 47.683351720045394, 0.0 ], [ 6.251969182413408, 47.677173994012698, 0.0 ], [ 6.251813698647784, 47.674035276332539, 0.0 ], [ 6.255565032704367, 47.669767098577566, 0.0 ], [ 6.257074657954956, 47.670158332221796, 0.0 ], [ 6.257338122155382, 47.665150366850142, 0.0 ], [ 6.262711250927885, 47.661928512999737, 0.0 ], [ 6.259372504381973, 47.655455380197452, 0.0 ], [ 6.25877826013712, 47.650313647883266, 0.0 ], [ 6.25370436874335, 47.641359139170369, 0.0 ], [ 6.24614606178281, 47.63513286040606, 0.0 ], [ 6.241661193200042, 47.63359808242366, 0.0 ], [ 6.228168265130536, 47.636151990201022, 0.0 ], [ 6.222789090395008, 47.631829669172632, 0.0 ], [ 6.218852411615483, 47.62615571082894, 0.0 ], [ 6.213699341340337, 47.626730090667266, 0.0 ], [ 6.210327744518199, 47.626018400229746, 0.0 ], [ 6.203380258478886, 47.620499687751874, 0.0 ], [ 6.192919725842304, 47.615849668509085, 0.0 ], [ 6.191952161355, 47.614441088115903, 0.0 ], [ 6.197933767550349, 47.611991894069732, 0.0 ], [ 6.201931870665727, 47.608841899509642, 0.0 ], [ 6.203808585628376, 47.598962964169871, 0.0 ], [ 6.207270986569415, 47.597137289485509, 0.0 ], [ 6.20732898850695, 47.595198845467927, 0.0 ], [ 6.208692730359624, 47.593802847902154, 0.0 ], [ 6.217004435854686, 47.590801085939873, 0.0 ], [ 6.224113443942573, 47.589948996649724, 0.0 ], [ 6.228480847539939, 47.586792266333156, 0.0 ], [ 6.229931826377864, 47.573467751174441, 0.0 ], [ 6.231842208125445, 47.567682505054385, 0.0 ], [ 6.231702328823251, 47.560838747326734, 0.0 ], [ 6.250640830667837, 47.560888839170552, 0.0 ], [ 6.261834695067775, 47.568372596555619, 0.0 ], [ 6.269434247317805, 47.57091652568932, 0.0 ], [ 6.269987928231621, 47.567457754339266, 0.0 ], [ 6.278979984120593, 47.561043026950237, 0.0 ], [ 6.274985209092633, 47.561403957713488, 0.0 ], [ 6.271268400007743, 47.558828104835861, 0.0 ], [ 6.268169587771166, 47.555601479684164, 0.0 ], [ 6.266632412649183, 47.552009402816282, 0.0 ], [ 6.271777185226432, 47.543231675848112, 0.0 ], [ 6.279480885791296, 47.537701543754643, 0.0 ], [ 6.281728715499227, 47.534832795158167, 0.0 ], [ 6.289969428004289, 47.534777912780605, 0.0 ], [ 6.289938287540052, 47.533472448112192, 0.0 ], [ 6.292713784116511, 47.533242698406212, 0.0 ], [ 6.296885794496823, 47.533655383173915, 0.0 ], [ 6.307744493458011, 47.541855172522716, 0.0 ], [ 6.315527389436573, 47.541843940317264, 0.0 ], [ 6.327417699029719, 47.544995317448588, 0.0 ], [ 6.330906516777913, 47.543500104786453, 0.0 ], [ 6.333378263240095, 47.539098597297219, 0.0 ], [ 6.345178591091185, 47.532387132723969, 0.0 ], [ 6.353735100286916, 47.526428191130854, 0.0 ], [ 6.359943382059828, 47.518540658416626, 0.0 ], [ 6.36467685824264, 47.520464552029537, 0.0 ], [ 6.365951103043035, 47.52031782360028, 0.0 ], [ 6.370977994733463, 47.516595609428514, 0.0 ], [ 6.37119637340793, 47.515271164910573, 0.0 ], [ 6.36510029550326, 47.512358901907163, 0.0 ], [ 6.360902864311721, 47.511251167934958, 0.0 ], [ 6.358549422690583, 47.50860983506626, 0.0 ], [ 6.350099959074447, 47.507543172454568, 0.0 ], [ 6.348057653962608, 47.505315246286685, 0.0 ], [ 6.340550181489168, 47.505608310217255, 0.0 ], [ 6.336140856925877, 47.506521238883437, 0.0 ], [ 6.333820527500943, 47.505752491105959, 0.0 ], [ 6.33152641431406, 47.503674755442944, 0.0 ], [ 6.331323685161537, 47.500804688998123, 0.0 ], [ 6.329413272753179, 47.499033977504922, 0.0 ], [ 6.326472475981133, 47.491980607972494, 0.0 ], [ 6.320068381876529, 47.489418168903121, 0.0 ], [ 6.320255343331221, 47.487997427819337, 0.0 ], [ 6.322363666274379, 47.487016499252483, 0.0 ], [ 6.326025643195698, 47.488963434701709, 0.0 ], [ 6.332099903509528, 47.487635611420494, 0.0 ], [ 6.336705323901668, 47.492085135211617, 0.0 ], [ 6.343170852847001, 47.493995325528417, 0.0 ], [ 6.345166119353212, 47.494291200599278, 0.0 ], [ 6.346036286607346, 47.493495867944638, 0.0 ], [ 6.347356342274725, 47.49426069183999, 0.0 ], [ 6.348313680728253, 47.495983754379964, 0.0 ], [ 6.344820153138941, 47.497793297506554, 0.0 ], [ 6.348527140533768, 47.498947215791723, 0.0 ], [ 6.348049564369311, 47.499961925034597, 0.0 ], [ 6.346027179998392, 47.499958786614769, 0.0 ], [ 6.344812634060793, 47.501244221313179, 0.0 ], [ 6.350064343686512, 47.50285736030213, 0.0 ], [ 6.353274048527302, 47.50508498260514, 0.0 ], [ 6.35566070616715, 47.504045893452279, 0.0 ], [ 6.357987352504912, 47.501417363742803, 0.0 ], [ 6.359946981661735, 47.501097755940059, 0.0 ], [ 6.361712039062006, 47.501257644662061, 0.0 ], [ 6.367920016599132, 47.505083116210137, 0.0 ], [ 6.369328202604218, 47.504451343291251, 0.0 ], [ 6.368807170588573, 47.501795015848231, 0.0 ], [ 6.37011827223588, 47.499940705333813, 0.0 ], [ 6.373962170334549, 47.50337926396503, 0.0 ], [ 6.378791578786235, 47.511631887686534, 0.0 ], [ 6.382485129767724, 47.508846065328299, 0.0 ], [ 6.387398888432694, 47.508095091749155, 0.0 ], [ 6.389871919321951, 47.505783285128111, 0.0 ], [ 6.392834946465449, 47.507718820244513, 0.0 ], [ 6.393519405999193, 47.516701534734629, 0.0 ], [ 6.401247736898844, 47.520379210971107, 0.0 ], [ 6.40972898554899, 47.521892713249002, 0.0 ], [ 6.412973413031821, 47.521085022974361, 0.0 ], [ 6.414851485618964, 47.51956497052376, 0.0 ], [ 6.416473687874713, 47.520015655724272, 0.0 ], [ 6.416706001578159, 47.521132381968236, 0.0 ], [ 6.417866255487301, 47.521138891675243, 0.0 ], [ 6.423110953893959, 47.518607165626939, 0.0 ], [ 6.432390355068931, 47.515972584031068, 0.0 ], [ 6.44362061209716, 47.514712179367862, 0.0 ], [ 6.450583124020949, 47.516199134041429, 0.0 ], [ 6.453013790993061, 47.515819858837126, 0.0 ], [ 6.460661940252687, 47.512441119527736, 0.0 ], [ 6.463494819983796, 47.512115441110325, 0.0 ], [ 6.465152963467563, 47.502406243341042, 0.0 ], [ 6.468165278359622, 47.498213285171708, 0.0 ], [ 6.46796505358289, 47.494346621035305, 0.0 ], [ 6.471330549947868, 47.489768193637978, 0.0 ], [ 6.470480189070807, 47.489078124100473, 0.0 ], [ 6.471514737765453, 47.487014544000886, 0.0 ], [ 6.475749663241245, 47.488484821286271, 0.0 ], [ 6.475910273207664, 47.496540691886004, 0.0 ], [ 6.479457030555057, 47.497719636366568, 0.0 ], [ 6.482711408115039, 47.497693525682578, 0.0 ], [ 6.495896739991269, 47.505688006590049, 0.0 ], [ 6.498951830791057, 47.510757417408826, 0.0 ], [ 6.505728349418916, 47.508172181077498, 0.0 ], [ 6.504838059360804, 47.505342666760072, 0.0 ], [ 6.505769918185099, 47.501910465987336, 0.0 ], [ 6.514907864886015, 47.49956979030943, 0.0 ], [ 6.516503350526958, 47.49665716822301, 0.0 ], [ 6.520094844573009, 47.496440518850498, 0.0 ], [ 6.530713424003356, 47.501325340680005, 0.0 ], [ 6.533580573797976, 47.506401446164993, 0.0 ], [ 6.546433705705629, 47.498830135699528, 0.0 ], [ 6.547578707492527, 47.495545997523301, 0.0 ], [ 6.553428838149495, 47.492866219827327, 0.0 ], [ 6.553914410751866, 47.4904500318153, 0.0 ], [ 6.556016119114273, 47.490528225303002, 0.0 ], [ 6.555612090581628, 47.495789333066156, 0.0 ], [ 6.557798959100716, 47.496704702655165, 0.0 ], [ 6.560267214024403, 47.49723207627153, 0.0 ], [ 6.573867500469677, 47.495954886413351, 0.0 ], [ 6.577992095956605, 47.499853358398582, 0.0 ], [ 6.577330448962395, 47.504909841830667, 0.0 ], [ 6.57852568051389, 47.507508784449946, 0.0 ], [ 6.583891757872254, 47.510009177342432, 0.0 ], [ 6.579080113408269, 47.522744304849475, 0.0 ], [ 6.581464875142273, 47.529429074780772, 0.0 ], [ 6.575475865272176, 47.529576081228043, 0.0 ], [ 6.57259075813623, 47.527037067282983, 0.0 ], [ 6.567927613596399, 47.530301267633185, 0.0 ], [ 6.567398126589798, 47.53173665968675, 0.0 ], [ 6.572036673668002, 47.536422458996135, 0.0 ], [ 6.581650580643394, 47.540101062396481, 0.0 ], [ 6.580735105644177, 47.544211934343657, 0.0 ], [ 6.584377029105621, 47.542876325783133, 0.0 ], [ 6.596676581043848, 47.542115314373952, 0.0 ], [ 6.599465032551564, 47.539436817467262, 0.0 ], [ 6.606891733277838, 47.5366201651875, 0.0 ], [ 6.606584234401872, 47.533424526558825, 0.0 ], [ 6.609898154262326, 47.530699736167755, 0.0 ], [ 6.618112598371313, 47.531349625092695, 0.0 ], [ 6.624596904148616, 47.528948503470367, 0.0 ], [ 6.628418040499617, 47.530870546351949, 0.0 ], [ 6.63687303346581, 47.533427370885498, 0.0 ], [ 6.642275608766359, 47.53316128839549, 0.0 ], [ 6.648419393154938, 47.536093201691529, 0.0 ], [ 6.651363188035734, 47.539857724288261, 0.0 ], [ 6.658322448411465, 47.545506562586482, 0.0 ], [ 6.663181632106035, 47.552166300773862, 0.0 ], [ 6.668383614489443, 47.555232263745651, 0.0 ], [ 6.670280592704193, 47.558023653199335, 0.0 ], [ 6.677244780036648, 47.555481099459257, 0.0 ], [ 6.676843584943286, 47.550406970647067, 0.0 ], [ 6.675952813415586, 47.550460300093143, 0.0 ], [ 6.676321553727576, 47.544794169999513, 0.0 ], [ 6.678318988784876, 47.542239548561184, 0.0 ], [ 6.684756801574452, 47.537849540306432, 0.0 ], [ 6.686225838102625, 47.533875067534105, 0.0 ], [ 6.689223291820552, 47.533290881955942, 0.0 ], [ 6.689216231537122, 47.531685293670463, 0.0 ], [ 6.687603190828949, 47.528825712851635, 0.0 ], [ 6.684242770380871, 47.528406674379411, 0.0 ], [ 6.68213158169848, 47.524529183972156, 0.0 ], [ 6.681572636268204, 47.520625135758806, 0.0 ], [ 6.68433196603324, 47.515940312426785, 0.0 ], [ 6.681066651859655, 47.513896159388281, 0.0 ], [ 6.675370369517379, 47.507404081782617, 0.0 ], [ 6.675960064913843, 47.503078950761747, 0.0 ], [ 6.674077321477172, 47.501012595736206, 0.0 ], [ 6.671187286742306, 47.499825042855036, 0.0 ], [ 6.668562966189824, 47.500899902996913, 0.0 ], [ 6.664360412922829, 47.504909790060729, 0.0 ], [ 6.662253010627698, 47.505498739491166, 0.0 ], [ 6.655592424223782, 47.506152272391802, 0.0 ], [ 6.651500809254946, 47.504873993279446, 0.0 ], [ 6.645884164264371, 47.504981494547309, 0.0 ], [ 6.640923661426587, 47.504003092701083, 0.0 ], [ 6.637753614608963, 47.506059385202299, 0.0 ], [ 6.635465281120008, 47.50586952369698, 0.0 ], [ 6.631469861203711, 47.498774481639458, 0.0 ], [ 6.628680532514254, 47.490432429361462, 0.0 ], [ 6.621135117414216, 47.489520256574416, 0.0 ], [ 6.620461032380256, 47.485395205559563, 0.0 ], [ 6.617666426227547, 47.483464499861682, 0.0 ], [ 6.615813292275296, 47.479766243301839, 0.0 ], [ 6.614100275389118, 47.472865553415751, 0.0 ], [ 6.616688124903933, 47.471649753085167, 0.0 ], [ 6.621796161744597, 47.465573235073798, 0.0 ], [ 6.623884363782039, 47.464737760238513, 0.0 ], [ 6.618815723511412, 47.4549462083382, 0.0 ], [ 6.619503510318841, 47.449596451936095, 0.0 ], [ 6.622152443282507, 47.446867383122225, 0.0 ], [ 6.620476765449355, 47.443873732114014, 0.0 ], [ 6.625789162487081, 47.439879334530261, 0.0 ], [ 6.629969726384915, 47.433463490934237, 0.0 ], [ 6.629279960110844, 47.431026710488204, 0.0 ], [ 6.624213848631128, 47.427557632474667, 0.0 ], [ 6.623896689296235, 47.42569675243935, 0.0 ], [ 6.621318480125003, 47.423505308177788, 0.0 ], [ 6.626897766801119, 47.418071427911777, 0.0 ], [ 6.63292113416941, 47.41511052532676, 0.0 ], [ 6.635501480908368, 47.417058345853256, 0.0 ], [ 6.640611165522636, 47.418300634562023, 0.0 ], [ 6.641498940778408, 47.421320523677764, 0.0 ], [ 6.644385091617327, 47.423557764848347, 0.0 ], [ 6.65479734044288, 47.418781010617565, 0.0 ], [ 6.654913784884214, 47.416343318756276, 0.0 ], [ 6.65905879753408, 47.407559952275669, 0.0 ], [ 6.654258209469181, 47.407785775390117, 0.0 ], [ 6.65196470087843, 47.399943843667536, 0.0 ], [ 6.647231853866499, 47.398054944133143, 0.0 ], [ 6.650555245609912, 47.394199040946326, 0.0 ], [ 6.654159460569453, 47.39203559785571, 0.0 ], [ 6.659083604634752, 47.392123955732842, 0.0 ], [ 6.663765223653843, 47.390314669902061, 0.0 ], [ 6.658273776760807, 47.382400563133672, 0.0 ], [ 6.653451869018132, 47.380081283921065, 0.0 ], [ 6.64974862984941, 47.376648871556803, 0.0 ], [ 6.643438845234815, 47.374344398121124, 0.0 ], [ 6.638754076657961, 47.374532699730032, 0.0 ], [ 6.636519502602474, 47.373253630451167, 0.0 ], [ 6.633846876369564, 47.368289836382772, 0.0 ], [ 6.641525290741717, 47.366388486862093, 0.0 ], [ 6.636895717856316, 47.359109700231734, 0.0 ], [ 6.646131758526759, 47.356829367460527, 0.0 ], [ 6.648489294351269, 47.357407771625809, 0.0 ], [ 6.651074046885232, 47.356745268583225, 0.0 ], [ 6.65300258028118, 47.355989802985789, 0.0 ], [ 6.652915648956928, 47.354324448099369, 0.0 ], [ 6.65638523698326, 47.353825030444348, 0.0 ], [ 6.661515487369742, 47.354244631426404, 0.0 ], [ 6.669451317195485, 47.351767264003165, 0.0 ], [ 6.681123332391516, 47.353367814781741, 0.0 ], [ 6.685991203801272, 47.35627566311635, 0.0 ], [ 6.690942145345026, 47.357049337529801, 0.0 ], [ 6.692032054192738, 47.352827695440226, 0.0 ], [ 6.691035009730345, 47.350326109084158, 0.0 ], [ 6.691607345321329, 47.347602492393136, 0.0 ], [ 6.694666961346432, 47.343953499759508, 0.0 ], [ 6.691714402733977, 47.341606958449049, 0.0 ], [ 6.687731027052897, 47.33635426096771, 0.0 ], [ 6.680293169670145, 47.33493481580507, 0.0 ], [ 6.676406343968965, 47.332633754632688, 0.0 ], [ 6.678724361219704, 47.331176956515833, 0.0 ], [ 6.682431324265749, 47.331920053347005, 0.0 ], [ 6.692578192182453, 47.329484323935837, 0.0 ], [ 6.704806439026394, 47.330021968232977, 0.0 ], [ 6.705153822421638, 47.327451411050923, 0.0 ], [ 6.708278934966441, 47.322152432452654, 0.0 ], [ 6.709121528759146, 47.315878198857177, 0.0 ], [ 6.699640597476712, 47.313971096698133, 0.0 ], [ 6.703421909887764, 47.312635606662198, 0.0 ], [ 6.70445995705542, 47.310070018498152, 0.0 ], [ 6.699644315113138, 47.308277942024553, 0.0 ], [ 6.699670076435311, 47.307210068964309, 0.0 ], [ 6.701311122430596, 47.306605269458181, 0.0 ], [ 6.706685387540634, 47.308083824266255, 0.0 ], [ 6.707245849791291, 47.306836637348731, 0.0 ], [ 6.70369490813515, 47.306011882192671, 0.0 ], [ 6.703056986411855, 47.304466813193564, 0.0 ], [ 6.704117223678389, 47.301917629862473, 0.0 ], [ 6.707408537748105, 47.301059050378996, 0.0 ], [ 6.709020279464613, 47.301587017429554, 0.0 ], [ 6.711370131508346, 47.296809208807261, 0.0 ], [ 6.704122213884762, 47.29553945381641, 0.0 ], [ 6.705951500186831, 47.291296584616049, 0.0 ], [ 6.708600134401495, 47.29126869368482, 0.0 ], [ 6.709621262549446, 47.290288834392598, 0.0 ], [ 6.706344524276473, 47.287990907352381, 0.0 ], [ 6.708071299568045, 47.282384975067536, 0.0 ], [ 6.705009121337586, 47.279753008650104, 0.0 ], [ 6.700086291375372, 47.277749945004722, 0.0 ], [ 6.697707150778241, 47.274623752683809, 0.0 ], [ 6.699723335927861, 47.273020114538845, 0.0 ], [ 6.702959428312798, 47.272268804250913, 0.0 ], [ 6.711994033904346, 47.272152913543884, 0.0 ], [ 6.712750609277063, 47.270665963084021, 0.0 ], [ 6.709596274497763, 47.26979900600243, 0.0 ], [ 6.700700072619671, 47.270764680214825, 0.0 ], [ 6.698931759993151, 47.269352095531836, 0.0 ], [ 6.694794709823999, 47.270208622179666, 0.0 ], [ 6.694240561347878, 47.271623199481155, 0.0 ], [ 6.68599190996453, 47.269895838221295, 0.0 ], [ 6.683982817675139, 47.269174729258232, 0.0 ], [ 6.685223183636499, 47.265871038487582, 0.0 ], [ 6.677558464551342, 47.262734847089646, 0.0 ], [ 6.675307127648379, 47.260866807889805, 0.0 ], [ 6.675871098871223, 47.259493472310872, 0.0 ], [ 6.674735548019124, 47.257426909218609, 0.0 ], [ 6.675842964854013, 47.257554013445343, 0.0 ], [ 6.678063900178445, 47.255982999920903, 0.0 ], [ 6.680386106132108, 47.249651097239862, 0.0 ], [ 6.68238540542779, 47.247363325853037, 0.0 ], [ 6.686979497771496, 47.24935228072912, 0.0 ], [ 6.6905758140791, 47.248449213153485, 0.0 ], [ 6.688229109650701, 47.24241350350578, 0.0 ], [ 6.690266702724215, 47.239034745213928, 0.0 ], [ 6.689997155120529, 47.2365739154789, 0.0 ], [ 6.68799674357218, 47.233455312457203, 0.0 ], [ 6.682069595330508, 47.23136010145636, 0.0 ], [ 6.684467647294686, 47.229206481098942, 0.0 ], [ 6.692368438165248, 47.228504280723108, 0.0 ], [ 6.692775312536056, 47.227224150977356, 0.0 ], [ 6.691254780072982, 47.22398214775955, 0.0 ], [ 6.687386806751994, 47.222656142657272, 0.0 ], [ 6.679881849111792, 47.221533949616543, 0.0 ], [ 6.676284230144875, 47.219743868006582, 0.0 ], [ 6.670860663186263, 47.220538656425582, 0.0 ], [ 6.668931536618648, 47.217799626169906, 0.0 ], [ 6.662788542791773, 47.212829067917014, 0.0 ], [ 6.657281201860719, 47.212403810109322, 0.0 ], [ 6.654156432146439, 47.210719810132694, 0.0 ], [ 6.652002512005072, 47.210981525951937, 0.0 ], [ 6.65334076283368, 47.209440556305665, 0.0 ], [ 6.650744907928956, 47.207809177796342, 0.0 ], [ 6.647997916006716, 47.207592939547347, 0.0 ], [ 6.643322768633014, 47.208528714048825, 0.0 ], [ 6.641739940250559, 47.207868335392313, 0.0 ], [ 6.641684681203214, 47.205744067920946, 0.0 ], [ 6.640073223399957, 47.205206235678411, 0.0 ], [ 6.635784369982448, 47.206768535460739, 0.0 ], [ 6.633390345875525, 47.20684188054409, 0.0 ], [ 6.631480976808345, 47.205573371536779, 0.0 ], [ 6.630875376166057, 47.202009986449227, 0.0 ], [ 6.627610270397531, 47.200360351562637, 0.0 ], [ 6.625484959696505, 47.200806340437381, 0.0 ], [ 6.623213424345649, 47.202556429732653, 0.0 ], [ 6.619186024355815, 47.202859031394851, 0.0 ], [ 6.610711970309589, 47.200471326761807, 0.0 ], [ 6.607037898958906, 47.20018481015466, 0.0 ], [ 6.609673549586923, 47.197411629773889, 0.0 ], [ 6.611899386315728, 47.197498118260434, 0.0 ], [ 6.611072858286774, 47.193281861845037, 0.0 ], [ 6.610425776389522, 47.192367480077799, 0.0 ], [ 6.607238131339229, 47.191420541260698, 0.0 ], [ 6.605956623611183, 47.189047906518567, 0.0 ], [ 6.610250948020839, 47.186985433281514, 0.0 ], [ 6.611269280247144, 47.185022345554493, 0.0 ], [ 6.609605825768581, 47.181863177800686, 0.0 ], [ 6.604780914259519, 47.178171650688888, 0.0 ], [ 6.60474994911921, 47.175578896735161, 0.0 ], [ 6.602060899011907, 47.173455536859578, 0.0 ], [ 6.600966794828948, 47.170219954556899, 0.0 ], [ 6.603435311878956, 47.166685107549, 0.0 ], [ 6.609685259680204, 47.166222625526444, 0.0 ], [ 6.615673615545227, 47.149437604583468, 0.0 ], [ 6.626298736225176, 47.151474340440807, 0.0 ], [ 6.627749481549627, 47.149673227127067, 0.0 ], [ 6.627107470017231, 47.148007134835865, 0.0 ], [ 6.628158799052419, 47.149023208866723, 0.0 ], [ 6.629113062995736, 47.146423821548652, 0.0 ], [ 6.628866201755363, 47.145132872474356, 0.0 ], [ 6.623861732679218, 47.141983125081921, 0.0 ], [ 6.623359936437432, 47.140120654951367, 0.0 ], [ 6.620249221013516, 47.138330874946476, 0.0 ], [ 6.613620393359485, 47.131288623938062, 0.0 ], [ 6.613995923369536, 47.12879666629965, 0.0 ], [ 6.611205657207011, 47.124602947657081, 0.0 ], [ 6.615062325633301, 47.123889396661646, 0.0 ], [ 6.615147740339053, 47.12276197104952, 0.0 ], [ 6.61165658353617, 47.119749179830293, 0.0 ], [ 6.606583492487103, 47.11301936173691, 0.0 ], [ 6.604923711674916, 47.112284353746766, 0.0 ], [ 6.604645692754467, 47.110161582085318, 0.0 ], [ 6.606956878760347, 47.110669880478468, 0.0 ], [ 6.6084215687111, 47.109379540508137, 0.0 ], [ 6.610807344684648, 47.112654966514931, 0.0 ], [ 6.61561978417298, 47.113527445137919, 0.0 ], [ 6.61087862338141, 47.107081225616461, 0.0 ], [ 6.607078328377222, 47.105149560546856, 0.0 ], [ 6.605177114481906, 47.103130610194981, 0.0 ], [ 6.604622051470981, 47.102074539806765, 0.0 ], [ 6.605608122323469, 47.100537792667168, 0.0 ], [ 6.601534338677333, 47.093122292686068, 0.0 ], [ 6.594670555470167, 47.088430558774263, 0.0 ], [ 6.589412268478412, 47.088848195995951, 0.0 ], [ 6.586789316754738, 47.086374634534984, 0.0 ], [ 6.58188529257593, 47.08713692464363, 0.0 ], [ 6.580828422665411, 47.086283768506945, 0.0 ], [ 6.579968613964065, 47.086907035677449, 0.0 ], [ 6.575355300072167, 47.087001231649602, 0.0 ], [ 6.572066935396927, 47.086301753355926, 0.0 ], [ 6.5604950511798, 47.075954148529839, 0.0 ], [ 6.558946679513916, 47.077518639250705, 0.0 ], [ 6.555737314857568, 47.077244368517164, 0.0 ], [ 6.550817257208792, 47.071126776305867, 0.0 ], [ 6.547174613594001, 47.069232576073212, 0.0 ], [ 6.531109439002216, 47.069504975677468, 0.0 ], [ 6.525570057866802, 47.072741041954899, 0.0 ], [ 6.522431828541317, 47.072053636122099, 0.0 ], [ 6.520528311476953, 47.072517218564748, 0.0 ], [ 6.515684885315977, 47.076082135538044, 0.0 ], [ 6.513289565444699, 47.072807926722525, 0.0 ], [ 6.509774866999509, 47.071116872696585, 0.0 ], [ 6.506972648158467, 47.072832275134964, 0.0 ], [ 6.506792390412696, 47.075070034410984, 0.0 ], [ 6.504923687131676, 47.076133398218772, 0.0 ], [ 6.497191878683655, 47.077860133658959, 0.0 ], [ 6.495295809212579, 47.077529105423245, 0.0 ], [ 6.485917717740423, 47.073185762292987, 0.0 ], [ 6.48473418708633, 47.070834209713801, 0.0 ], [ 6.482586037175006, 47.070883681767427, 0.0 ], [ 6.476800061428276, 47.06774341498452, 0.0 ], [ 6.476836694329266, 47.066061587874444, 0.0 ], [ 6.478378085069981, 47.06470573845602, 0.0 ], [ 6.476456953175318, 47.063219842011186, 0.0 ], [ 6.474517766309439, 47.065115733778441, 0.0 ], [ 6.473218740859417, 47.065116958815956, 0.0 ], [ 6.471771616561855, 47.064313352189167, 0.0 ], [ 6.47185797376928, 47.062868850159447, 0.0 ], [ 6.468841907772983, 47.060922796351583, 0.0 ], [ 6.467036014289242, 47.061899847576932, 0.0 ], [ 6.462141599482802, 47.060723745546262, 0.0 ], [ 6.4566625297669, 47.058096914433555, 0.0 ], [ 6.455827826445321, 47.056965677982866, 0.0 ], [ 6.451475928527795, 47.055725141891571, 0.0 ], [ 6.441305034986602, 47.064999930879942, 0.0 ], [ 6.439708466647591, 47.068254773272621, 0.0 ], [ 6.428566245402371, 47.065851029703822, 0.0 ], [ 6.427982708310754, 47.067501268776134, 0.0 ], [ 6.422431766672336, 47.071662558526313, 0.0 ], [ 6.420838012028901, 47.072030585650062, 0.0 ], [ 6.42114502427696, 47.070923875464459, 0.0 ], [ 6.41490646169622, 47.070428116147475, 0.0 ], [ 6.410213877117263, 47.072101434439105, 0.0 ], [ 6.412867873503891, 47.075770964518441, 0.0 ], [ 6.411878568996198, 47.078522585404606, 0.0 ], [ 6.398026894792057, 47.076715840006031, 0.0 ], [ 6.389896466591595, 47.072949122021605, 0.0 ], [ 6.37909208732593, 47.07212305297832, 0.0 ], [ 6.371705819964598, 47.068707307462347, 0.0 ], [ 6.36523365363037, 47.06730736036134, 0.0 ], [ 6.361283236090781, 47.061376673659495, 0.0 ], [ 6.360712342270646, 47.062542238211648, 0.0 ], [ 6.358660511998303, 47.06317955746831, 0.0 ], [ 6.347761318422017, 47.06473507156818, 0.0 ], [ 6.34128258647856, 47.061230772417453, 0.0 ], [ 6.33336410785646, 47.058227272830564, 0.0 ], [ 6.336282601884538, 47.05580366642517, 0.0 ], [ 6.33456449868792, 47.053478826148798, 0.0 ], [ 6.323451275649023, 47.04792210935824, 0.0 ], [ 6.317204554621551, 47.042857232609748, 0.0 ], [ 6.311414854893471, 47.035318874097058, 0.0 ], [ 6.306741234526313, 47.031988052535333, 0.0 ], [ 6.299592279269719, 47.02844760129188, 0.0 ], [ 6.290152128157065, 47.026324644924983, 0.0 ], [ 6.295287550793084, 47.0263448337776, 0.0 ], [ 6.30069248774083, 47.023725819091929, 0.0 ], [ 6.298728168755311, 47.018623978058436, 0.0 ], [ 6.294480303107031, 47.014482141617151, 0.0 ], [ 6.29150210534616, 47.016071102832733, 0.0 ], [ 6.289594299162516, 47.016006561141538, 0.0 ], [ 6.288648143517484, 47.0182097255733, 0.0 ], [ 6.285952425409176, 47.018514503195277, 0.0 ], [ 6.28353176763431, 47.019853977647735, 0.0 ], [ 6.282286189001218, 47.021190618356364, 0.0 ], [ 6.282947947846966, 47.022841553595654, 0.0 ], [ 6.281061577845017, 47.025148877318109, 0.0 ], [ 6.275443811012481, 47.026080703179552, 0.0 ], [ 6.267954254644788, 47.020196150993158, 0.0 ], [ 6.257389854559817, 47.009964570472306, 0.0 ], [ 6.251190103636753, 47.014249354938855, 0.0 ], [ 6.244465615943991, 47.014511622369554, 0.0 ], [ 6.239743451432064, 47.01277273397109, 0.0 ], [ 6.230035972444666, 47.011023750855088, 0.0 ], [ 6.220416866354999, 47.010877235876336, 0.0 ], [ 6.210923182109591, 47.007633017986123, 0.0 ], [ 6.205329556394599, 47.004298676357507, 0.0 ], [ 6.178346748425488, 46.99937838890574, 0.0 ], [ 6.174899333082434, 47.00089070160945, 0.0 ], [ 6.175371504976869, 47.003141186119635, 0.0 ], [ 6.185755813037072, 47.005503139374937, 0.0 ], [ 6.184338972164287, 47.012010129978499, 0.0 ], [ 6.181650914707678, 47.015844434192715, 0.0 ], [ 6.179839551256237, 47.017546917112547, 0.0 ], [ 6.175481495055545, 47.017753427800308, 0.0 ], [ 6.174371387966475, 47.016262076491358, 0.0 ], [ 6.178580467113284, 47.013147466500108, 0.0 ], [ 6.177089626598299, 47.011790073159936, 0.0 ], [ 6.165776896588198, 47.008749973089714, 0.0 ], [ 6.166139849104963, 47.006089091255483, 0.0 ], [ 6.164272497451243, 47.006187177396704, 0.0 ], [ 6.163400360126011, 47.008770104612964, 0.0 ], [ 6.1592070438251, 47.008043412801754, 0.0 ], [ 6.162158708015538, 47.004394355392719, 0.0 ], [ 6.161815403008242, 47.003075601706655, 0.0 ], [ 6.157972029985599, 46.999789286638133, 0.0 ], [ 6.1585890617198, 46.998089212719044, 0.0 ], [ 6.161293687988939, 46.997247418574538, 0.0 ], [ 6.158742106757372, 46.996270285340678, 0.0 ], [ 6.150224098857919, 46.994965122855675, 0.0 ], [ 6.139364169902006, 46.991741690489604, 0.0 ], [ 6.131924400684543, 46.990501365617163, 0.0 ], [ 6.114220862858653, 46.985200537709147, 0.0 ], [ 6.104152295557525, 46.980460396141069, 0.0 ], [ 6.1013853716114, 46.983908334750154, 0.0 ], [ 6.099884310985374, 46.984526257702861, 0.0 ], [ 6.089385886813938, 46.986009946283978, 0.0 ], [ 6.078587165547393, 46.985260724501572, 0.0 ], [ 6.074927423249574, 46.985617855144319, 0.0 ], [ 6.073197368654645, 46.985387354090982, 0.0 ], [ 6.0687769526089, 46.98102426650523, 0.0 ], [ 6.066184639063338, 46.979609234698081, 0.0 ], [ 6.057101057043194, 46.978197028728793, 0.0 ], [ 6.053497724414313, 46.976587771958286, 0.0 ], [ 6.053937454274367, 46.976099487350709, 0.0 ], [ 6.048687385688247, 46.974743625313387, 0.0 ], [ 6.042642569293155, 46.974159952183705, 0.0 ], [ 6.038053496653621, 46.974811651854381, 0.0 ], [ 6.029139785368804, 46.971821445755253, 0.0 ], [ 6.029807359852058, 46.967248393525722, 0.0 ], [ 6.031241977961141, 46.965863669677887, 0.0 ], [ 6.028369017974155, 46.964129940063671, 0.0 ], [ 6.028745585006113, 46.960869194067286, 0.0 ], [ 6.024669166031116, 46.956249515042572, 0.0 ], [ 6.027536956264012, 46.952733253738302, 0.0 ], [ 6.011686951980172, 46.944266346694931, 0.0 ], [ 6.009148808619942, 46.942157612605818, 0.0 ], [ 6.008064150120178, 46.941744436092506, 0.0 ], [ 6.005186491813346, 46.943438627485733, 0.0 ], [ 5.997143320527855, 46.933527998319512, 0.0 ], [ 5.995819347558074, 46.933775968934576, 0.0 ], [ 5.993789894706873, 46.935916347067575, 0.0 ], [ 5.98959055467163, 46.935501895484911, 0.0 ], [ 5.981452741710015, 46.938612164981947, 0.0 ], [ 5.968661168554857, 46.944935818550142, 0.0 ], [ 5.964127830417472, 46.948395174790292, 0.0 ], [ 5.960590601767098, 46.946413821628788, 0.0 ], [ 5.956387073560628, 46.948649855472709, 0.0 ], [ 5.961466838640877, 46.9524891896545, 0.0 ], [ 5.96867442763914, 46.955668970344384, 0.0 ], [ 5.973334419545931, 46.959767295420924, 0.0 ], [ 5.979508284847729, 46.963525398917049, 0.0 ], [ 5.972555298144326, 46.969598242711001, 0.0 ], [ 5.976371411890318, 46.971899124758657, 0.0 ], [ 5.976439280244787, 46.972892062607933, 0.0 ], [ 5.975168353220871, 46.973309583793764, 0.0 ], [ 5.975995711229884, 46.976070478776684, 0.0 ], [ 5.968949462982356, 46.976387260458829, 0.0 ], [ 5.968166565204911, 46.980586168618693, 0.0 ], [ 5.96021787271365, 46.980541806989571, 0.0 ], [ 5.951293113392036, 46.981474210657368, 0.0 ], [ 5.943959308976276, 46.979862417849077, 0.0 ], [ 5.945829180774503, 46.984579004131305, 0.0 ], [ 5.948916369567365, 46.987686845307032, 0.0 ], [ 5.94951779366858, 46.990116701858511, 0.0 ], [ 5.946804996970298, 46.989554460507705, 0.0 ], [ 5.940993949094607, 46.986401630697813, 0.0 ], [ 5.940459555834771, 46.983187988000545, 0.0 ], [ 5.933463791848768, 46.984040963880609, 0.0 ], [ 5.923540005111278, 46.978597967424051, 0.0 ], [ 5.921746374268032, 46.979656105913122, 0.0 ], [ 5.920779018914129, 46.982581704390896, 0.0 ], [ 5.921554642080755, 46.98577398232603, 0.0 ], [ 5.91486904196603, 46.98745674778398, 0.0 ], [ 5.913039321063144, 46.989440929461651, 0.0 ], [ 5.915449364274315, 46.995256069493259, 0.0 ], [ 5.915927806372965, 47.005213926672752, 0.0 ], [ 5.921786314636229, 47.014467161885591, 0.0 ], [ 5.9185376416398, 47.015461131459212, 0.0 ], [ 5.915507090074106, 47.011934839872389, 0.0 ], [ 5.915011427763416, 47.008048950932888, 0.0 ], [ 5.911090665438793, 46.999553771619063, 0.0 ], [ 5.898861947474797, 46.99899048058478, 0.0 ], [ 5.897110692538578, 46.995729801277442, 0.0 ], [ 5.89182638885013, 46.997033617915726, 0.0 ], [ 5.886622781373146, 46.996969338713733, 0.0 ], [ 5.884831232025522, 46.997745717988259, 0.0 ], [ 5.882086079608676, 47.005008328781337, 0.0 ], [ 5.85582661311009, 47.008827132613696, 0.0 ], [ 5.853788646092113, 47.007025251528233, 0.0 ], [ 5.849071690354361, 47.005940887714978, 0.0 ], [ 5.849433940339714, 47.003396741093027, 0.0 ], [ 5.846654194045398, 47.00335364393456, 0.0 ], [ 5.847371802454717, 46.997632181793712, 0.0 ], [ 5.846337729708117, 46.991054812431706, 0.0 ], [ 5.840935575027489, 46.984523839952111, 0.0 ], [ 5.836406865874848, 46.972666492731157, 0.0 ], [ 5.837611784077984, 46.971775559820955, 0.0 ], [ 5.842483791066892, 46.971040225906954, 0.0 ], [ 5.836228902321646, 46.966267967503256, 0.0 ], [ 5.829985898373447, 46.968510622499693, 0.0 ], [ 5.825525930803066, 46.967710969215283, 0.0 ], [ 5.824259388928403, 46.964630204822441, 0.0 ], [ 5.819947535876979, 46.965778117107277, 0.0 ], [ 5.814169132251691, 46.964646300609147, 0.0 ], [ 5.81162160804532, 46.971884276585193, 0.0 ] ], [ [ 6.121158515689213, 47.175052202919538, 0.0 ], [ 6.121236823190158, 47.175094631313719, 0.0 ], [ 6.125041190091948, 47.177155759717309, 0.0 ], [ 6.121158515689213, 47.175052202919538, 0.0 ] ], [ [ 6.531517968340662, 47.3861991463653, 0.0 ], [ 6.531531434660732, 47.389021004658183, 0.0 ], [ 6.531531025260588, 47.388935219562946, 0.0 ], [ 6.531517968340662, 47.3861991463653, 0.0 ] ], [ [ 6.504095975164056, 47.383308648892353, 0.0 ], [ 6.505120164436253, 47.383506693328037, 0.0 ], [ 6.504095975164054, 47.383308648892353, 0.0 ], [ 6.504095975164056, 47.383308648892353, 0.0 ] ] ] } }
]
}
