{
"type": "FeatureCollection",
"name": "limites_communes_serm2",
"crs": { "type": "name", "properties": { "name": "urn:ogc:def:crs:OGC:1.3:CRS84" } },
"features": [
{ "type": "Feature", "properties": { "INSEE_COM": "25004", "NOM_COM": "Abbévillers", "EPCI": "200065647", "code_serm": 2 }, "geometry": { "type": "Polygon", "coordinates": [ [ [ 6.912225151054667, 47.419598935324601, 0.0 ], [ 6.911977024930714, 47.421892077666364, 0.0 ], [ 6.901001118878313, 47.424244649575016, 0.0 ], [ 6.898955277074089, 47.424910834557998, 0.0 ], [ 6.898259829654325, 47.426121153099103, 0.0 ], [ 6.901683470391333, 47.431622242602266, 0.0 ], [ 6.901411201558065, 47.432424512030892, 0.0 ], [ 6.898905425677596, 47.434074996926014, 0.0 ], [ 6.89738845823412, 47.435953656773535, 0.0 ], [ 6.899775764067539, 47.437470696028193, 0.0 ], [ 6.900712940657395, 47.439011104463638, 0.0 ], [ 6.900641070233161, 47.441397412047536, 0.0 ], [ 6.902694525131445, 47.442776883800846, 0.0 ], [ 6.907515772558123, 47.444287782346684, 0.0 ], [ 6.908249576688629, 47.446622693347962, 0.0 ], [ 6.919806412687779, 47.447318027693846, 0.0 ], [ 6.928664788007666, 47.445710459579722, 0.0 ], [ 6.93504240587296, 47.44719560752462, 0.0 ], [ 6.935741749864084, 47.443949789832658, 0.0 ], [ 6.933053449287731, 47.440560808530016, 0.0 ], [ 6.939102292368283, 47.4336133951021, 0.0 ], [ 6.940302981815964, 47.433323050271092, 0.0 ], [ 6.941546791653716, 47.415703470131945, 0.0 ], [ 6.940864542883896, 47.411593159043207, 0.0 ], [ 6.938434329090061, 47.406081049960541, 0.0 ], [ 6.924116240781564, 47.405779448715641, 0.0 ], [ 6.919707015753631, 47.406629464695236, 0.0 ], [ 6.917183531599312, 47.405345461596184, 0.0 ], [ 6.917589913750505, 47.405837396929613, 0.0 ], [ 6.916433150097784, 47.407012032012211, 0.0 ], [ 6.912212841210953, 47.407397527130648, 0.0 ], [ 6.912553133286178, 47.411583442108068, 0.0 ], [ 6.91488375992251, 47.41404123187386, 0.0 ], [ 6.912225151054667, 47.419598935324601, 0.0 ] ] ] } },
{ "type": "Feature", "properties": { "INSEE_COM": "25008", "NOM_COM": "Aibre", "EPCI": "247000722", "code_serm": 2 }, "geometry": { "type": "Polygon", "coordinates": [ [ [ 6.677244780036648, 47.555481099459278, 0.0 ], [ 6.681455236596443, 47.557026968029326, 0.0 ], [ 6.682710585802722, 47.557992957093113, 0.0 ], [ 6.68240727340906, 47.559231658605789, 0.0 ], [ 6.685199999721855, 47.563473256043402, 0.0 ], [ 6.688602362112556, 47.560689339327226, 0.0 ], [ 6.704868204397042, 47.557563850730737, 0.0 ], [ 6.708472818763224, 47.556581439018075, 0.0 ], [ 6.714750827474839, 47.553060856342213, 0.0 ], [ 6.719391029674017, 47.552849793135529, 0.0 ], [ 6.721257309203426, 47.550022827809272, 0.0 ], [ 6.722095853642137, 47.545934613481691, 0.0 ], [ 6.720934119521453, 47.545879796175562, 0.0 ], [ 6.71675005401581, 47.544125430097807, 0.0 ], [ 6.712957850948575, 47.543141524193885, 0.0 ], [ 6.706846244402836, 47.543520825702871, 0.0 ], [ 6.703788453251282, 47.545064368611655, 0.0 ], [ 6.699567294260438, 47.544628936664282, 0.0 ], [ 6.688672249309282, 47.545567242250215, 0.0 ], [ 6.676843584943287, 47.550406970647067, 0.0 ], [ 6.677244780036648, 47.555481099459278, 0.0 ] ] ] } },
{ "type": "Feature", "properties": { "INSEE_COM": "25011", "NOM_COM": "Allenjoie", "EPCI": "200065647", "code_serm": 2 }, "geometry": { "type": "Polygon", "coordinates": [ [ [ 6.900517619852803, 47.549924163937945, 0.0 ], [ 6.902382925386608, 47.549418307758152, 0.0 ], [ 6.905976298605207, 47.546895213990709, 0.0 ], [ 6.907751926554223, 47.541162352342553, 0.0 ], [ 6.910307073254217, 47.539794155550581, 0.0 ], [ 6.914150530299874, 47.535666254706825, 0.0 ], [ 6.916170260366342, 47.532445797938301, 0.0 ], [ 6.916235183458255, 47.530317556489152, 0.0 ], [ 6.912581348215043, 47.527449974233285, 0.0 ], [ 6.910328149431512, 47.526989387864916, 0.0 ], [ 6.898228658967903, 47.526840660032427, 0.0 ], [ 6.897064748727329, 47.526517303963765, 0.0 ], [ 6.89671846388241, 47.525691631369078, 0.0 ], [ 6.894135753862374, 47.524065636993889, 0.0 ], [ 6.887624254242963, 47.524469702198644, 0.0 ], [ 6.885508554564129, 47.526114761155839, 0.0 ], [ 6.881548662532541, 47.523475475163686, 0.0 ], [ 6.877040024606528, 47.521372542736835, 0.0 ], [ 6.875695070516199, 47.520071758204018, 0.0 ], [ 6.874877941399861, 47.524178837051103, 0.0 ], [ 6.875706331687079, 47.525786115785863, 0.0 ], [ 6.878701665554103, 47.525991033380798, 0.0 ], [ 6.878226269372022, 47.526700813100646, 0.0 ], [ 6.873982350945258, 47.527700903893695, 0.0 ], [ 6.873671972413776, 47.528981060918753, 0.0 ], [ 6.877244793247947, 47.53131084991044, 0.0 ], [ 6.877876591761289, 47.533268926906743, 0.0 ], [ 6.87732960640141, 47.535945764042097, 0.0 ], [ 6.876155842476792, 47.536881543977806, 0.0 ], [ 6.874976420977741, 47.536730616889464, 0.0 ], [ 6.874945550137612, 47.537038962589371, 0.0 ], [ 6.877066268126097, 47.538735722240894, 0.0 ], [ 6.879878743487634, 47.53881333507821, 0.0 ], [ 6.880023727802339, 47.542147563924445, 0.0 ], [ 6.880842565580012, 47.544276936106108, 0.0 ], [ 6.885355181796819, 47.546643695210953, 0.0 ], [ 6.888920138399906, 47.549664669065223, 0.0 ], [ 6.890186382842189, 47.550089244820995, 0.0 ], [ 6.900517619852803, 47.549924163937945, 0.0 ] ] ] } },
{ "type": "Feature", "properties": { "INSEE_COM": "25013", "NOM_COM": "Allondans", "EPCI": "200065647", "code_serm": 2 }, "geometry": { "type": "Polygon", "coordinates": [ [ [ 6.768605970629575, 47.524422994665656, 0.0 ], [ 6.765276306121709, 47.517328478054061, 0.0 ], [ 6.765569472111039, 47.513880106887733, 0.0 ], [ 6.753726326965726, 47.510290955230843, 0.0 ], [ 6.747059460591589, 47.511175225729303, 0.0 ], [ 6.744360001292455, 47.512855313918912, 0.0 ], [ 6.740357872196078, 47.514246448542401, 0.0 ], [ 6.736989081532625, 47.514063514854385, 0.0 ], [ 6.732941969373604, 47.514661906288033, 0.0 ], [ 6.734384980469542, 47.518086014691598, 0.0 ], [ 6.734518662488261, 47.520741949895658, 0.0 ], [ 6.736323617923045, 47.523706552979064, 0.0 ], [ 6.743438768307573, 47.530490045852765, 0.0 ], [ 6.746273894763823, 47.534167562789428, 0.0 ], [ 6.750281829583971, 47.537276491192252, 0.0 ], [ 6.752120655767802, 47.536287292734521, 0.0 ], [ 6.752478089593444, 47.533892208497903, 0.0 ], [ 6.753952908872118, 47.532136993575548, 0.0 ], [ 6.754748099500905, 47.531845525135054, 0.0 ], [ 6.762139164392619, 47.532197352504319, 0.0 ], [ 6.766283626491958, 47.531246985598976, 0.0 ], [ 6.767290369624607, 47.5301636688408, 0.0 ], [ 6.768488223687247, 47.526904133270961, 0.0 ], [ 6.768605970629575, 47.524422994665656, 0.0 ] ] ] } },
{ "type": "Feature", "properties": { "INSEE_COM": "25020", "NOM_COM": "Arbouans", "EPCI": "200065647", "code_serm": 2 }, "geometry": { "type": "Polygon", "coordinates": [ [ [ 6.806364796827578, 47.484620998150042, 0.0 ], [ 6.80068393194427, 47.4864918952672, 0.0 ], [ 6.798180832382928, 47.486534846847931, 0.0 ], [ 6.796361393997798, 47.486001207004676, 0.0 ], [ 6.797457225368218, 47.48950720457379, 0.0 ], [ 6.797249327807106, 47.492796176252696, 0.0 ], [ 6.798934698925319, 47.492356375348088, 0.0 ], [ 6.802712154617002, 47.492335781750207, 0.0 ], [ 6.808616333709399, 47.493125989472851, 0.0 ], [ 6.809869506221762, 47.492481172368223, 0.0 ], [ 6.810825762157296, 47.492932021523536, 0.0 ], [ 6.815115988104512, 47.492344499372848, 0.0 ], [ 6.817437612833253, 47.491077884660449, 0.0 ], [ 6.819917148891954, 47.490757723955106, 0.0 ], [ 6.822300982049815, 47.491294106560808, 0.0 ], [ 6.822532211458761, 47.490845817740272, 0.0 ], [ 6.81816556651245, 47.488218780337199, 0.0 ], [ 6.815836713884263, 47.486214235221688, 0.0 ], [ 6.814358864036292, 47.483519367289801, 0.0 ], [ 6.812900502329187, 47.483389610680113, 0.0 ], [ 6.806364796827578, 47.484620998150042, 0.0 ] ] ] } },
{ "type": "Feature", "properties": { "INSEE_COM": "25031", "NOM_COM": "Audincourt", "EPCI": "200065647", "code_serm": 2 }, "geometry": { "type": "Polygon", "coordinates": [ [ [ 6.85245995150477, 47.470003084759533, 0.0 ], [ 6.849685372849405, 47.471398108789835, 0.0 ], [ 6.848845023329965, 47.470895075232264, 0.0 ], [ 6.844305211540413, 47.465909874353486, 0.0 ], [ 6.84425269258498, 47.46323672170702, 0.0 ], [ 6.843338614048118, 47.462592790915224, 0.0 ], [ 6.842301440031923, 47.462584689755339, 0.0 ], [ 6.842440543599021, 47.464854830323858, 0.0 ], [ 6.838901765660849, 47.469398526778541, 0.0 ], [ 6.837348929816945, 47.474155098002242, 0.0 ], [ 6.836560424425833, 47.47795095575303, 0.0 ], [ 6.837708085513628, 47.482403957246625, 0.0 ], [ 6.83736456342081, 47.483508476813647, 0.0 ], [ 6.834099026521653, 47.484839060302853, 0.0 ], [ 6.826754899371133, 47.485174472704927, 0.0 ], [ 6.814358864036292, 47.483519367289801, 0.0 ], [ 6.815836713884263, 47.486214235221688, 0.0 ], [ 6.81816556651245, 47.488218780337199, 0.0 ], [ 6.821237851085716, 47.489851010472385, 0.0 ], [ 6.822579264803846, 47.490890234830815, 0.0 ], [ 6.822300982049815, 47.491294106560808, 0.0 ], [ 6.824460028370457, 47.49283277363854, 0.0 ], [ 6.827143604645249, 47.490104902516265, 0.0 ], [ 6.831076115116421, 47.491377851033569, 0.0 ], [ 6.834376526489939, 47.493141933326633, 0.0 ], [ 6.848039326347951, 47.491606927380431, 0.0 ], [ 6.855282611687662, 47.491816083502329, 0.0 ], [ 6.855833242616961, 47.488535364106248, 0.0 ], [ 6.858365215820684, 47.486329042892798, 0.0 ], [ 6.860562793429771, 47.486713106300272, 0.0 ], [ 6.862746263411561, 47.487711344024177, 0.0 ], [ 6.865419965363664, 47.487691081037291, 0.0 ], [ 6.876449129550097, 47.490773384377967, 0.0 ], [ 6.88238455574455, 47.490402536628451, 0.0 ], [ 6.885201583783973, 47.483586079743162, 0.0 ], [ 6.885100505576556, 47.481700417503298, 0.0 ], [ 6.883776191835971, 47.479574388163449, 0.0 ], [ 6.880805372875111, 47.477216662772769, 0.0 ], [ 6.878022801229949, 47.47728688860186, 0.0 ], [ 6.87905866843134, 47.470068436830566, 0.0 ], [ 6.876693897842202, 47.469332508452752, 0.0 ], [ 6.874362469382767, 47.469202871355876, 0.0 ], [ 6.859779031042915, 47.473421406181629, 0.0 ], [ 6.859232363867202, 47.472108394559932, 0.0 ], [ 6.857689669662577, 47.472226239473777, 0.0 ], [ 6.854714929452409, 47.471507388324468, 0.0 ], [ 6.85245995150477, 47.470003084759533, 0.0 ] ] ] } },
{ "type": "Feature", "properties": { "INSEE_COM": "25033", "NOM_COM": "Autechaux-Roide", "EPCI": "200065647", "code_serm": 2 }, "geometry": { "type": "Polygon", "coordinates": [ [ [ 6.823293913340517, 47.382412159075287, 0.0 ], [ 6.8161364737899, 47.379060482231566, 0.0 ], [ 6.804907269736463, 47.377753405790365, 0.0 ], [ 6.799570518995447, 47.377618964008597, 0.0 ], [ 6.796846054234396, 47.376787871473894, 0.0 ], [ 6.790467989865319, 47.376541947439392, 0.0 ], [ 6.787789034199427, 47.375694743578265, 0.0 ], [ 6.784816439153045, 47.38359551548411, 0.0 ], [ 6.785043355498914, 47.386676679769046, 0.0 ], [ 6.789282282246577, 47.386269028977807, 0.0 ], [ 6.795572353551095, 47.386699080123648, 0.0 ], [ 6.796832988293883, 47.38864604078951, 0.0 ], [ 6.796414411688453, 47.389013007822228, 0.0 ], [ 6.793872289337836, 47.388684176655907, 0.0 ], [ 6.791940176879477, 47.390355071820046, 0.0 ], [ 6.796892772222681, 47.391905698957274, 0.0 ], [ 6.800126800514733, 47.392107297171115, 0.0 ], [ 6.806640797842293, 47.397265519806552, 0.0 ], [ 6.814028404249098, 47.401009515173655, 0.0 ], [ 6.81684553274386, 47.403007929315599, 0.0 ], [ 6.822224480243171, 47.40393878546098, 0.0 ], [ 6.827185954220682, 47.40389176366439, 0.0 ], [ 6.82952226582866, 47.40450336325118, 0.0 ], [ 6.831957537186077, 47.403992289260536, 0.0 ], [ 6.833292196007466, 47.401680699423395, 0.0 ], [ 6.835515120315643, 47.40145053334475, 0.0 ], [ 6.83727665767848, 47.400598366029598, 0.0 ], [ 6.830574040048023, 47.398438364661594, 0.0 ], [ 6.828966569790821, 47.39752789441043, 0.0 ], [ 6.830061714472503, 47.39643372099777, 0.0 ], [ 6.830294588566944, 47.395179598289936, 0.0 ], [ 6.828981225368169, 47.392737201370494, 0.0 ], [ 6.827066267853836, 47.386367071644763, 0.0 ], [ 6.823293913340517, 47.382412159075287, 0.0 ] ] ] } },
{ "type": "Feature", "properties": { "INSEE_COM": "25040", "NOM_COM": "Badevel", "EPCI": "200065647", "code_serm": 2 }, "geometry": { "type": "Polygon", "coordinates": [ [ [ 6.935628829560459, 47.517992534977338, 0.0 ], [ 6.938213678776465, 47.517123754009653, 0.0 ], [ 6.942763863134904, 47.513609840290236, 0.0 ], [ 6.945001514596067, 47.513340284244663, 0.0 ], [ 6.946156810573788, 47.511312017309066, 0.0 ], [ 6.949652271458594, 47.508695156938472, 0.0 ], [ 6.949001663249541, 47.507324740783268, 0.0 ], [ 6.945480706992568, 47.503575795529436, 0.0 ], [ 6.945222094210265, 47.499512558767144, 0.0 ], [ 6.947706766175767, 47.493140051602495, 0.0 ], [ 6.947304926691565, 47.489281739219635, 0.0 ], [ 6.949121072611239, 47.485695183563145, 0.0 ], [ 6.946494844702536, 47.487602164168436, 0.0 ], [ 6.943313006514709, 47.486917770216763, 0.0 ], [ 6.942673461282275, 47.48491604173482, 0.0 ], [ 6.94104072295591, 47.486016832898748, 0.0 ], [ 6.939560792239941, 47.486304873422512, 0.0 ], [ 6.935224770703401, 47.485616963563281, 0.0 ], [ 6.934444084398231, 47.48812639302524, 0.0 ], [ 6.934841160133748, 47.491173727329695, 0.0 ], [ 6.933591773941388, 47.495953985511477, 0.0 ], [ 6.931608193896413, 47.496649183205449, 0.0 ], [ 6.930187923377773, 47.500413102430379, 0.0 ], [ 6.922712862595713, 47.500078470171545, 0.0 ], [ 6.927721405079455, 47.501978033037155, 0.0 ], [ 6.931453811389116, 47.507662577581705, 0.0 ], [ 6.934679919552305, 47.509403925710131, 0.0 ], [ 6.931642290698462, 47.51250415766868, 0.0 ], [ 6.929186267382587, 47.513856940262201, 0.0 ], [ 6.93045488064584, 47.515351696716756, 0.0 ], [ 6.935628829560459, 47.517992534977338, 0.0 ] ] ] } },
{ "type": "Feature", "properties": { "INSEE_COM": "25043", "NOM_COM": "Bart", "EPCI": "200065647", "code_serm": 2 }, "geometry": { "type": "Polygon", "coordinates": [ [ [ 6.762351679110452, 47.4805592013142, 0.0 ], [ 6.765200649600323, 47.482733569192888, 0.0 ], [ 6.764766800911171, 47.486391115500595, 0.0 ], [ 6.760857677201667, 47.487443901911931, 0.0 ], [ 6.757292855611227, 47.489292900351884, 0.0 ], [ 6.750354236764068, 47.49030247740037, 0.0 ], [ 6.748905479244083, 47.491181831517842, 0.0 ], [ 6.749070179613084, 47.493569156460573, 0.0 ], [ 6.745695065370811, 47.494037366340834, 0.0 ], [ 6.745192651319855, 47.49565401733139, 0.0 ], [ 6.749313179699743, 47.495897183254499, 0.0 ], [ 6.753182301314891, 47.495304805677996, 0.0 ], [ 6.758630729269017, 47.499948552216246, 0.0 ], [ 6.766112075583154, 47.502304914983846, 0.0 ], [ 6.766255341966786, 47.501714511593292, 0.0 ], [ 6.772181291464829, 47.499716699174407, 0.0 ], [ 6.773011893455144, 47.499784410904908, 0.0 ], [ 6.774322445686943, 47.495555005806295, 0.0 ], [ 6.77630034211965, 47.493510947190245, 0.0 ], [ 6.777498124108179, 47.492848461859417, 0.0 ], [ 6.780445462244465, 47.493555753320656, 0.0 ], [ 6.784652303871471, 47.491240872024257, 0.0 ], [ 6.785914234480169, 47.487617569306018, 0.0 ], [ 6.785584819726508, 47.483320540251086, 0.0 ], [ 6.785481250105383, 47.482871505125601, 0.0 ], [ 6.77563716104413, 47.485097278845267, 0.0 ], [ 6.77462945759483, 47.484758668854099, 0.0 ], [ 6.772639347512246, 47.481857354984406, 0.0 ], [ 6.770261824605643, 47.48011398036585, 0.0 ], [ 6.767269134492404, 47.479769301844321, 0.0 ], [ 6.764825902135151, 47.48041250597614, 0.0 ], [ 6.762561633075143, 47.479424122970954, 0.0 ], [ 6.762351679110452, 47.4805592013142, 0.0 ] ] ] } },
{ "type": "Feature", "properties": { "INSEE_COM": "25048", "NOM_COM": "Bavans", "EPCI": "200065647", "code_serm": 2 }, "geometry": { "type": "Polygon", "coordinates": [ [ [ 6.717601291098632, 47.476237789038876, 0.0 ], [ 6.708515709685068, 47.468867753000119, 0.0 ], [ 6.700136261505034, 47.466368830946969, 0.0 ], [ 6.697947388727579, 47.468982392702863, 0.0 ], [ 6.697432589272479, 47.472860220805948, 0.0 ], [ 6.697567695261879, 47.474872721195283, 0.0 ], [ 6.699747694379533, 47.476585931161246, 0.0 ], [ 6.695179251312026, 47.481107979798821, 0.0 ], [ 6.692831756293704, 47.484401398695738, 0.0 ], [ 6.700779372387471, 47.489577544472077, 0.0 ], [ 6.706834581957539, 47.491273713762482, 0.0 ], [ 6.710883164511779, 47.49332463189247, 0.0 ], [ 6.717682199411525, 47.494156665300487, 0.0 ], [ 6.730919532022499, 47.492869884172869, 0.0 ], [ 6.736707592570077, 47.492872591357063, 0.0 ], [ 6.742026565687175, 47.493410968663227, 0.0 ], [ 6.748935116988011, 47.493140940390276, 0.0 ], [ 6.748905479244083, 47.491181831517842, 0.0 ], [ 6.750354236764068, 47.49030247740037, 0.0 ], [ 6.757292855611227, 47.489292900351884, 0.0 ], [ 6.760857677201667, 47.487443901911931, 0.0 ], [ 6.764766800911171, 47.486391115500595, 0.0 ], [ 6.765200649600323, 47.482733569192888, 0.0 ], [ 6.762351679110452, 47.4805592013142, 0.0 ], [ 6.762561633075143, 47.479424122970954, 0.0 ], [ 6.761083572629652, 47.478707686734559, 0.0 ], [ 6.744427741006323, 47.480001729686016, 0.0 ], [ 6.741828813549344, 47.479468004216031, 0.0 ], [ 6.735792523565404, 47.476518605054899, 0.0 ], [ 6.734115595358485, 47.476374162572704, 0.0 ], [ 6.730360792590062, 47.477616538109878, 0.0 ], [ 6.729391295593259, 47.480526857879944, 0.0 ], [ 6.727902624046388, 47.481025134325385, 0.0 ], [ 6.725913522314773, 47.480961760880774, 0.0 ], [ 6.717601291098632, 47.476237789038876, 0.0 ] ] ] } },
{ "type": "Feature", "properties": { "INSEE_COM": "25054", "NOM_COM": "Berche", "EPCI": "200065647", "code_serm": 2 }, "geometry": { "type": "Polygon", "coordinates": [ [ [ 6.752609601698323, 47.476570546164126, 0.0 ], [ 6.751243372547523, 47.47448869137537, 0.0 ], [ 6.752589968051858, 47.470719763169598, 0.0 ], [ 6.752523048554679, 47.466980178823597, 0.0 ], [ 6.753666674585473, 47.464394720092862, 0.0 ], [ 6.759403532962344, 47.459304286662366, 0.0 ], [ 6.754288528002747, 47.456646911502339, 0.0 ], [ 6.75303537620329, 47.454390196061411, 0.0 ], [ 6.753196746717255, 47.453356724131815, 0.0 ], [ 6.750694921996784, 47.452238824277551, 0.0 ], [ 6.748511901832989, 47.451972143322799, 0.0 ], [ 6.739914159454472, 47.452710288607335, 0.0 ], [ 6.742422902627415, 47.462974360460116, 0.0 ], [ 6.74332483676468, 47.464640479953943, 0.0 ], [ 6.737572504862683, 47.468663538322375, 0.0 ], [ 6.736325183723584, 47.470176125465315, 0.0 ], [ 6.737903092938302, 47.472082817360032, 0.0 ], [ 6.739106425043852, 47.47589310330261, 0.0 ], [ 6.738059491901274, 47.477593015211966, 0.0 ], [ 6.743030230990803, 47.479806066337538, 0.0 ], [ 6.747689852756716, 47.480020198186956, 0.0 ], [ 6.753144613404511, 47.479402846679008, 0.0 ], [ 6.752609601698323, 47.476570546164126, 0.0 ] ] ] } },
{ "type": "Feature", "properties": { "INSEE_COM": "25057", "NOM_COM": "Bethoncourt", "EPCI": "200065647", "code_serm": 2 }, "geometry": { "type": "Polygon", "coordinates": [ [ [ 6.814470257686332, 47.542197709852651, 0.0 ], [ 6.812335906459627, 47.534612824277879, 0.0 ], [ 6.807142545938612, 47.530473139903954, 0.0 ], [ 6.801484485854936, 47.530993148772865, 0.0 ], [ 6.79987982803533, 47.529104335698925, 0.0 ], [ 6.799614847969919, 47.527454787835588, 0.0 ], [ 6.800177832101878, 47.526035070735311, 0.0 ], [ 6.804974335924642, 47.523419135430188, 0.0 ], [ 6.801914769246321, 47.520564020348971, 0.0 ], [ 6.795733934941249, 47.522344491673707, 0.0 ], [ 6.791447583739147, 47.523004076499546, 0.0 ], [ 6.789887124688619, 47.5249383392485, 0.0 ], [ 6.786147230579433, 47.527737373662426, 0.0 ], [ 6.784491067694645, 47.529959432736419, 0.0 ], [ 6.784235835091628, 47.53266856277331, 0.0 ], [ 6.780631930601869, 47.536648914297217, 0.0 ], [ 6.782874511907144, 47.537686376138147, 0.0 ], [ 6.782113036446677, 47.539637811444642, 0.0 ], [ 6.785008860958831, 47.542360859616544, 0.0 ], [ 6.787437000114735, 47.543777016694726, 0.0 ], [ 6.789245426464345, 47.544222884774271, 0.0 ], [ 6.792361937061052, 47.545995955303503, 0.0 ], [ 6.793673390287213, 47.547576293098437, 0.0 ], [ 6.797286741010077, 47.549180766505309, 0.0 ], [ 6.799604037798904, 47.55421312823853, 0.0 ], [ 6.800067055275186, 47.558868840622175, 0.0 ], [ 6.801484668402457, 47.562494012713856, 0.0 ], [ 6.807086799254708, 47.563066374657666, 0.0 ], [ 6.809268087592356, 47.558928083729597, 0.0 ], [ 6.81260903603442, 47.55515102950401, 0.0 ], [ 6.816734191235525, 47.548159765364005, 0.0 ], [ 6.816740206730914, 47.545039641648515, 0.0 ], [ 6.814470257686332, 47.542197709852651, 0.0 ] ] ] } },
{ "type": "Feature", "properties": { "INSEE_COM": "25059", "NOM_COM": "Beutal", "EPCI": "200065647", "code_serm": 2 }, "geometry": { "type": "Polygon", "coordinates": [ [ [ 6.660042331512477, 47.47846943255734, 0.0 ], [ 6.657200231569412, 47.474382907452444, 0.0 ], [ 6.646314082400886, 47.465713159358764, 0.0 ], [ 6.638206974445914, 47.464585487437937, 0.0 ], [ 6.633588863013801, 47.463406031620998, 0.0 ], [ 6.628596489856568, 47.463013940740048, 0.0 ], [ 6.621796161744598, 47.465573235073812, 0.0 ], [ 6.616855930051162, 47.471497655930122, 0.0 ], [ 6.614100275389119, 47.472865553415772, 0.0 ], [ 6.615170594797052, 47.475389674375769, 0.0 ], [ 6.615813292275297, 47.479766243301853, 0.0 ], [ 6.617666426227547, 47.483464499861682, 0.0 ], [ 6.620461032380256, 47.48539520555957, 0.0 ], [ 6.621135117414216, 47.489520256574416, 0.0 ], [ 6.621889848685441, 47.489651769300046, 0.0 ], [ 6.622646603418858, 47.489557936209209, 0.0 ], [ 6.621636512663455, 47.483181548461701, 0.0 ], [ 6.622658799234787, 47.482122465850871, 0.0 ], [ 6.629172203464928, 47.482983789372874, 0.0 ], [ 6.633316275169946, 47.482014665755706, 0.0 ], [ 6.637465576684854, 47.481886875525333, 0.0 ], [ 6.643601795073651, 47.48269069960169, 0.0 ], [ 6.646558745568794, 47.483245111492216, 0.0 ], [ 6.649251470911184, 47.486998628504246, 0.0 ], [ 6.652693704441183, 47.484648657515919, 0.0 ], [ 6.655282882445537, 47.48141341823974, 0.0 ], [ 6.660042331512477, 47.47846943255734, 0.0 ] ] ] } },
{ "type": "Feature", "properties": { "INSEE_COM": "25063", "NOM_COM": "Blamont", "EPCI": "200065647", "code_serm": 2 }, "geometry": { "type": "Polygon", "coordinates": [ [ [ 6.863107877633934, 47.37684358853199, 0.0 ], [ 6.853478252962662, 47.375708783139693, 0.0 ], [ 6.852664182201965, 47.375938576789679, 0.0 ], [ 6.851324848873565, 47.380639014082824, 0.0 ], [ 6.844777177717307, 47.382628724651063, 0.0 ], [ 6.840821429119719, 47.38192499977022, 0.0 ], [ 6.832585705730243, 47.37853965037781, 0.0 ], [ 6.826481565367088, 47.379089681468393, 0.0 ], [ 6.823036975243588, 47.382381860698047, 0.0 ], [ 6.827066267853836, 47.386367071644763, 0.0 ], [ 6.828981225368169, 47.392737201370494, 0.0 ], [ 6.830294588566944, 47.395179598289936, 0.0 ], [ 6.830061714472503, 47.39643372099777, 0.0 ], [ 6.828966569790821, 47.39752789441043, 0.0 ], [ 6.830574040048023, 47.398438364661594, 0.0 ], [ 6.83727665767848, 47.400598366029598, 0.0 ], [ 6.838334974736756, 47.398824872896483, 0.0 ], [ 6.847428341319618, 47.399279417641814, 0.0 ], [ 6.854989933138867, 47.403476602551159, 0.0 ], [ 6.857148102438147, 47.404043094902065, 0.0 ], [ 6.858377704312183, 47.402646759601296, 0.0 ], [ 6.87102706633847, 47.405654570441541, 0.0 ], [ 6.878531334570837, 47.397543341252465, 0.0 ], [ 6.880003239190566, 47.39704626101836, 0.0 ], [ 6.881570849150767, 47.395763643177752, 0.0 ], [ 6.882406719404184, 47.39231531145694, 0.0 ], [ 6.881105192820854, 47.389115941395026, 0.0 ], [ 6.889360661464606, 47.387476200339783, 0.0 ], [ 6.890081365451003, 47.384314643996376, 0.0 ], [ 6.887062775881277, 47.384248044465551, 0.0 ], [ 6.876159069428592, 47.381799435400183, 0.0 ], [ 6.868327011051488, 47.381355701054176, 0.0 ], [ 6.865004082797147, 47.380138711436935, 0.0 ], [ 6.863107877633934, 47.37684358853199, 0.0 ] ] ] } },
{ "type": "Feature", "properties": { "INSEE_COM": "25071", "NOM_COM": "Bondeval", "EPCI": "200065647", "code_serm": 2 }, "geometry": { "type": "Polygon", "coordinates": [ [ [ 6.852834086395436, 47.452201849159266, 0.0 ], [ 6.852702174747911, 47.449520484454673, 0.0 ], [ 6.853418684678677, 47.446923667958252, 0.0 ], [ 6.854152111804424, 47.445448345071, 0.0 ], [ 6.856229359831089, 47.443632853802399, 0.0 ], [ 6.858065315247131, 47.438766446584602, 0.0 ], [ 6.857025028031388, 47.438229555092718, 0.0 ], [ 6.856076761317724, 47.436590966992064, 0.0 ], [ 6.856075080443787, 47.43516612903489, 0.0 ], [ 6.857181490792812, 47.433432357254972, 0.0 ], [ 6.856417618202014, 47.4309044162124, 0.0 ], [ 6.851498440861542, 47.428639466911953, 0.0 ], [ 6.849197783537033, 47.426473318394216, 0.0 ], [ 6.847872866331203, 47.42051116828533, 0.0 ], [ 6.848180912659754, 47.41868132110131, 0.0 ], [ 6.842724274504641, 47.418268795950716, 0.0 ], [ 6.839841598800398, 47.41512221994811, 0.0 ], [ 6.833615171988911, 47.415820722149718, 0.0 ], [ 6.832666194558073, 47.417774393822988, 0.0 ], [ 6.833888758997604, 47.4181585707111, 0.0 ], [ 6.835592777040303, 47.423354877745808, 0.0 ], [ 6.838124515090249, 47.427124190039606, 0.0 ], [ 6.836208613817901, 47.429096274889559, 0.0 ], [ 6.832640170781838, 47.430806465237779, 0.0 ], [ 6.830666738122636, 47.432758710840538, 0.0 ], [ 6.836276846663641, 47.435831779237809, 0.0 ], [ 6.837657968823199, 47.437124564903101, 0.0 ], [ 6.839212716476196, 47.440114966723307, 0.0 ], [ 6.838332284383338, 47.443472340193694, 0.0 ], [ 6.841230851963586, 47.445209784045424, 0.0 ], [ 6.844730876414204, 47.448529702680048, 0.0 ], [ 6.846476155388928, 47.454659976820231, 0.0 ], [ 6.848030032860769, 47.452745703967274, 0.0 ], [ 6.852182472979938, 47.453394156368887, 0.0 ], [ 6.852834086395436, 47.452201849159266, 0.0 ] ] ] } },
{ "type": "Feature", "properties": { "INSEE_COM": "25082", "NOM_COM": "Bourguignon", "EPCI": "200065647", "code_serm": 2 }, "geometry": { "type": "Polygon", "coordinates": [ [ [ 6.753798665684664, 47.41537673076698, 0.0 ], [ 6.753274213226286, 47.416077685742088, 0.0 ], [ 6.754483756761368, 47.418596268174241, 0.0 ], [ 6.755387568023929, 47.419101494077935, 0.0 ], [ 6.758041119458589, 47.420150372409275, 0.0 ], [ 6.764658832304087, 47.421657584353909, 0.0 ], [ 6.77169074241942, 47.425080504954906, 0.0 ], [ 6.775346093691383, 47.426315499777218, 0.0 ], [ 6.776705512549789, 47.423296416962849, 0.0 ], [ 6.791285376570724, 47.424258438109597, 0.0 ], [ 6.791559606984748, 47.423517696252333, 0.0 ], [ 6.787792656141836, 47.42106477270179, 0.0 ], [ 6.786973695829739, 47.419116859464204, 0.0 ], [ 6.789379545561625, 47.414253821450259, 0.0 ], [ 6.791599612581678, 47.411704834107475, 0.0 ], [ 6.788396247875971, 47.409043397107595, 0.0 ], [ 6.787593007679411, 47.407728538610627, 0.0 ], [ 6.787945442700298, 47.406817620326521, 0.0 ], [ 6.791675073882812, 47.404462737901483, 0.0 ], [ 6.791124177009832, 47.404181498808647, 0.0 ], [ 6.785846490445884, 47.405782899141592, 0.0 ], [ 6.783795571125379, 47.405934404199179, 0.0 ], [ 6.780890812734101, 47.404860038913874, 0.0 ], [ 6.775198535720809, 47.399773786958818, 0.0 ], [ 6.776006032082922, 47.395166587200748, 0.0 ], [ 6.774531901791627, 47.394908963464751, 0.0 ], [ 6.77192976405192, 47.395859543907463, 0.0 ], [ 6.768321272788278, 47.399203919328087, 0.0 ], [ 6.766721104297407, 47.403799777611944, 0.0 ], [ 6.764114613794071, 47.406245430488241, 0.0 ], [ 6.763545656899984, 47.407934720887944, 0.0 ], [ 6.759314581699197, 47.409577585767181, 0.0 ], [ 6.756368024155809, 47.409814340817313, 0.0 ], [ 6.755326243333879, 47.410577087963368, 0.0 ], [ 6.754897784415078, 47.411585871819192, 0.0 ], [ 6.755374032759232, 47.412981789125318, 0.0 ], [ 6.754318839194008, 47.414236118645121, 0.0 ], [ 6.755839314741745, 47.41494041658887, 0.0 ], [ 6.755489577724065, 47.41534915151864, 0.0 ], [ 6.753798665684664, 47.41537673076698, 0.0 ] ] ] } },
{ "type": "Feature", "properties": { "INSEE_COM": "25093", "NOM_COM": "Bretigney", "EPCI": "200065647", "code_serm": 2 }, "geometry": { "type": "Polygon", "coordinates": [ [ [ 6.629172203464928, 47.482983789372874, 0.0 ], [ 6.622658799234787, 47.482122465850871, 0.0 ], [ 6.621636512663455, 47.483181548461701, 0.0 ], [ 6.622646603418858, 47.489557936209209, 0.0 ], [ 6.629533017937178, 47.490750080750622, 0.0 ], [ 6.635894681534417, 47.49073089323646, 0.0 ], [ 6.64370822435549, 47.49159047726593, 0.0 ], [ 6.645512068376836, 47.491059114149067, 0.0 ], [ 6.649081110874619, 47.487404970537391, 0.0 ], [ 6.646558745568794, 47.483245111492216, 0.0 ], [ 6.637465576684854, 47.481886875525333, 0.0 ], [ 6.633316275169946, 47.482014665755706, 0.0 ], [ 6.629172203464928, 47.482983789372874, 0.0 ] ] ] } },
{ "type": "Feature", "properties": { "INSEE_COM": "25097", "NOM_COM": "Brognard", "EPCI": "200065647", "code_serm": 2 }, "geometry": { "type": "Polygon", "coordinates": [ [ [ 6.875029181721644, 47.519603641783753, 0.0 ], [ 6.868214412897977, 47.519321876106005, 0.0 ], [ 6.863287908733976, 47.518640036417217, 0.0 ], [ 6.85829895761071, 47.520500620249322, 0.0 ], [ 6.851886905786354, 47.525326202503237, 0.0 ], [ 6.853899547080514, 47.533364304994805, 0.0 ], [ 6.876155842476792, 47.536881543977806, 0.0 ], [ 6.87732960640141, 47.535945764042097, 0.0 ], [ 6.877693642273022, 47.532123241895533, 0.0 ], [ 6.877244793247947, 47.53131084991044, 0.0 ], [ 6.873671972413776, 47.528981060918753, 0.0 ], [ 6.873982350945258, 47.527700903893695, 0.0 ], [ 6.878226269372022, 47.526700813100646, 0.0 ], [ 6.878701665554103, 47.525991033380798, 0.0 ], [ 6.875706331687079, 47.525786115785863, 0.0 ], [ 6.874877941399861, 47.524178837051103, 0.0 ], [ 6.875695070516199, 47.520071758204018, 0.0 ], [ 6.875029181721644, 47.519603641783753, 0.0 ] ] ] } },
{ "type": "Feature", "properties": { "INSEE_COM": "25159", "NOM_COM": "Colombier-Fontaine", "EPCI": "200065647", "code_serm": 2 }, "geometry": { "type": "Polygon", "coordinates": [ [ [ 6.709257627043889, 47.458980810626038, 0.0 ], [ 6.711391478032813, 47.456392179339772, 0.0 ], [ 6.710844662815551, 47.454695590635367, 0.0 ], [ 6.706504977810031, 47.452427808512667, 0.0 ], [ 6.70563869069866, 47.451199173086287, 0.0 ], [ 6.706787150030777, 47.449346718174624, 0.0 ], [ 6.713140278304025, 47.443718096651821, 0.0 ], [ 6.713635922349873, 47.442169364906249, 0.0 ], [ 6.71300306206336, 47.440820677299115, 0.0 ], [ 6.71391906631826, 47.43918552457459, 0.0 ], [ 6.702208320292694, 47.437216748999568, 0.0 ], [ 6.694571935608481, 47.437036947859056, 0.0 ], [ 6.680204978067237, 47.433292146704204, 0.0 ], [ 6.673575719285879, 47.433998296231714, 0.0 ], [ 6.674216024466205, 47.436284141629649, 0.0 ], [ 6.673923148603082, 47.438635512287902, 0.0 ], [ 6.671573395907625, 47.439544190728796, 0.0 ], [ 6.670853384799835, 47.440395083389539, 0.0 ], [ 6.671641220031454, 47.442043665821373, 0.0 ], [ 6.664941152717955, 47.442857854380698, 0.0 ], [ 6.664568470557309, 47.443254389776037, 0.0 ], [ 6.663691196649428, 47.446312603098455, 0.0 ], [ 6.663597685395066, 47.451817074727593, 0.0 ], [ 6.674801672384753, 47.452381961486353, 0.0 ], [ 6.680828696940905, 47.453762134423521, 0.0 ], [ 6.684074893713979, 47.455003007119814, 0.0 ], [ 6.692287136477572, 47.460181171393302, 0.0 ], [ 6.697449263740416, 47.464889826112625, 0.0 ], [ 6.699282107537377, 47.465931890117034, 0.0 ], [ 6.702434779619962, 47.463326379030562, 0.0 ], [ 6.699555364558767, 47.461849941706376, 0.0 ], [ 6.699171295108849, 47.46086906965354, 0.0 ], [ 6.709257627043889, 47.458980810626038, 0.0 ] ] ] } },
{ "type": "Feature", "properties": { "INSEE_COM": "25170", "NOM_COM": "Courcelles-lès-Montbéliard", "EPCI": "200065647", "code_serm": 2 }, "geometry": { "type": "Polygon", "coordinates": [ [ [ 6.781838896705901, 47.507054524945772, 0.0 ], [ 6.783057091560151, 47.501320323382352, 0.0 ], [ 6.789269562100444, 47.498851797748905, 0.0 ], [ 6.792090488412425, 47.493587965264275, 0.0 ], [ 6.797249327807106, 47.492796176252696, 0.0 ], [ 6.797457225368218, 47.48950720457379, 0.0 ], [ 6.796361393997798, 47.486001207004676, 0.0 ], [ 6.789212737920542, 47.482399516652343, 0.0 ], [ 6.785481250105383, 47.482871505125601, 0.0 ], [ 6.785914234480169, 47.487617569306018, 0.0 ], [ 6.784652303871471, 47.491240872024257, 0.0 ], [ 6.780445462244465, 47.493555753320656, 0.0 ], [ 6.777498124108179, 47.492848461859417, 0.0 ], [ 6.774489644445039, 47.495267512422778, 0.0 ], [ 6.773906400492204, 47.49648049770235, 0.0 ], [ 6.772813110041739, 47.500604625228533, 0.0 ], [ 6.773318689291691, 47.502058980376887, 0.0 ], [ 6.774977988815914, 47.503842718766172, 0.0 ], [ 6.77546497545904, 47.507405544139893, 0.0 ], [ 6.779629848048776, 47.509501779122303, 0.0 ], [ 6.780902712562757, 47.507000213601422, 0.0 ], [ 6.781838896705901, 47.507054524945772, 0.0 ] ] ] } },
{ "type": "Feature", "properties": { "INSEE_COM": "25187", "NOM_COM": "Dambelin", "EPCI": "200065647", "code_serm": 2 }, "geometry": { "type": "Polygon", "coordinates": [ [ [ 6.653451869018131, 47.380081283921093, 0.0 ], [ 6.658273776760807, 47.382400563133672, 0.0 ], [ 6.659811068418409, 47.381577133540624, 0.0 ], [ 6.659833531664566, 47.382780397053686, 0.0 ], [ 6.661011612558258, 47.383807567885441, 0.0 ], [ 6.664101222822196, 47.385311559462444, 0.0 ], [ 6.666833114709196, 47.385075774310735, 0.0 ], [ 6.670691640107048, 47.387011324585764, 0.0 ], [ 6.671764813411953, 47.388420203892572, 0.0 ], [ 6.673459905355055, 47.389357021060214, 0.0 ], [ 6.674406934121228, 47.389195503684739, 0.0 ], [ 6.676051231965936, 47.385541465833953, 0.0 ], [ 6.681243353373749, 47.386370175217557, 0.0 ], [ 6.684112495442025, 47.388478127675562, 0.0 ], [ 6.688280195985216, 47.388664923313705, 0.0 ], [ 6.691395315270799, 47.387961296397691, 0.0 ], [ 6.691395363053624, 47.386844719560962, 0.0 ], [ 6.689712272018816, 47.386355665897817, 0.0 ], [ 6.689244762567699, 47.385270158732943, 0.0 ], [ 6.689769151829747, 47.382190356591842, 0.0 ], [ 6.695386979815414, 47.37830247229693, 0.0 ], [ 6.694529667110889, 47.376355220242893, 0.0 ], [ 6.689022526409476, 47.37471704292237, 0.0 ], [ 6.686158403050703, 47.37008931765331, 0.0 ], [ 6.685925808770462, 47.368539434360905, 0.0 ], [ 6.686552519925729, 47.367795883260364, 0.0 ], [ 6.686086710421845, 47.366596757075399, 0.0 ], [ 6.684070722237506, 47.364071589082435, 0.0 ], [ 6.685937340309391, 47.363517602875149, 0.0 ], [ 6.69065339075253, 47.363566989182495, 0.0 ], [ 6.695873276575915, 47.36259350768907, 0.0 ], [ 6.697818629952318, 47.359529667629545, 0.0 ], [ 6.697682839063062, 47.358329981382276, 0.0 ], [ 6.685991203801273, 47.356275663116364, 0.0 ], [ 6.681123332391516, 47.353367814781741, 0.0 ], [ 6.669451317195487, 47.351767264003165, 0.0 ], [ 6.661515487369742, 47.354244631426404, 0.0 ], [ 6.656385236983261, 47.353825030444362, 0.0 ], [ 6.652915648956927, 47.354324448099419, 0.0 ], [ 6.65300258028118, 47.355989802985789, 0.0 ], [ 6.651074046885232, 47.356745268583239, 0.0 ], [ 6.64848929435127, 47.357407771625809, 0.0 ], [ 6.64613175852676, 47.356829367460541, 0.0 ], [ 6.636895717856317, 47.359109700231734, 0.0 ], [ 6.641525290741717, 47.366388486862093, 0.0 ], [ 6.639334066988573, 47.367072670415091, 0.0 ], [ 6.634746210350958, 47.367624569391367, 0.0 ], [ 6.633846876369561, 47.368289836382779, 0.0 ], [ 6.633717355850011, 47.369275260055915, 0.0 ], [ 6.636519502602474, 47.373253630451181, 0.0 ], [ 6.638754076657963, 47.374532699730054, 0.0 ], [ 6.643438845234815, 47.374344398121124, 0.0 ], [ 6.647915512901801, 47.375698941470887, 0.0 ], [ 6.651999075501728, 47.378231796643561, 0.0 ], [ 6.653451869018131, 47.380081283921093, 0.0 ] ] ] } },
{ "type": "Feature", "properties": { "INSEE_COM": "25188", "NOM_COM": "Dambenois", "EPCI": "200065647", "code_serm": 2 }, "geometry": { "type": "Polygon", "coordinates": [ [ [ 6.880023727802339, 47.542147563924445, 0.0 ], [ 6.879878743487634, 47.53881333507821, 0.0 ], [ 6.877066268126097, 47.538735722240894, 0.0 ], [ 6.874976420977741, 47.536730616889464, 0.0 ], [ 6.856891283912498, 47.533865512627109, 0.0 ], [ 6.857336854319316, 47.536424644143857, 0.0 ], [ 6.856991375981745, 47.540856555075614, 0.0 ], [ 6.859617200478172, 47.545221620008014, 0.0 ], [ 6.860213034907784, 47.547701857288189, 0.0 ], [ 6.861000598699574, 47.54773254313627, 0.0 ], [ 6.864333779768674, 47.54992377041355, 0.0 ], [ 6.869210658107864, 47.550983107688822, 0.0 ], [ 6.871375396001076, 47.550729171018439, 0.0 ], [ 6.874327983724332, 47.551316881282474, 0.0 ], [ 6.876005188114537, 47.552434503966587, 0.0 ], [ 6.883369262434058, 47.555506770232647, 0.0 ], [ 6.885555678221459, 47.554670561337183, 0.0 ], [ 6.890186382842189, 47.550089244820995, 0.0 ], [ 6.888920138399906, 47.549664669065223, 0.0 ], [ 6.885355181796819, 47.546643695210953, 0.0 ], [ 6.880842565580012, 47.544276936106108, 0.0 ], [ 6.880023727802339, 47.542147563924445, 0.0 ] ] ] } },
{ "type": "Feature", "properties": { "INSEE_COM": "25190", "NOM_COM": "Dampierre-les-Bois", "EPCI": "200065647", "code_serm": 2 }, "geometry": { "type": "Polygon", "coordinates": [ [ [ 6.903181118946774, 47.508348740923616, 0.0 ], [ 6.901019954232998, 47.510649966473203, 0.0 ], [ 6.9044436566478, 47.512449491707763, 0.0 ], [ 6.909343872926065, 47.513680242355868, 0.0 ], [ 6.912203135710218, 47.513832070256143, 0.0 ], [ 6.914162292532885, 47.517823710606791, 0.0 ], [ 6.915619616023496, 47.518739071590105, 0.0 ], [ 6.917667502306326, 47.518744107035253, 0.0 ], [ 6.920841799207079, 47.517836065452506, 0.0 ], [ 6.924000914191453, 47.518661576871651, 0.0 ], [ 6.925171761513707, 47.519586475960466, 0.0 ], [ 6.927979296291949, 47.518467985036729, 0.0 ], [ 6.932732763469774, 47.51909888453153, 0.0 ], [ 6.934611446230629, 47.51776283816838, 0.0 ], [ 6.93045488064584, 47.515351696716756, 0.0 ], [ 6.929186267382587, 47.513856940262201, 0.0 ], [ 6.931642290698462, 47.51250415766868, 0.0 ], [ 6.934679919552305, 47.509403925710131, 0.0 ], [ 6.931453811389116, 47.507662577581705, 0.0 ], [ 6.927721405079455, 47.501978033037155, 0.0 ], [ 6.922751554583273, 47.500352054333725, 0.0 ], [ 6.923463001793068, 47.497976661563634, 0.0 ], [ 6.920064818456594, 47.497120464332227, 0.0 ], [ 6.920010009241796, 47.498023580974547, 0.0 ], [ 6.916973866461553, 47.498132981592931, 0.0 ], [ 6.907492317615175, 47.494848344429329, 0.0 ], [ 6.897899337082011, 47.496530841667152, 0.0 ], [ 6.897421788982885, 47.498754912708186, 0.0 ], [ 6.903181118946774, 47.508348740923616, 0.0 ] ] ] } },
{ "type": "Feature", "properties": { "INSEE_COM": "25191", "NOM_COM": "Dampierre-sur-le-Doubs", "EPCI": "200065647", "code_serm": 2 }, "geometry": { "type": "Polygon", "coordinates": [ [ [ 6.732441190752627, 47.476799158682184, 0.0 ], [ 6.73523947642836, 47.476384057248623, 0.0 ], [ 6.738059491901274, 47.477593015211966, 0.0 ], [ 6.739106425043852, 47.47589310330261, 0.0 ], [ 6.737903092938302, 47.472082817360032, 0.0 ], [ 6.736325183723584, 47.470176125465315, 0.0 ], [ 6.737572504862683, 47.468663538322375, 0.0 ], [ 6.74332483676468, 47.464640479953943, 0.0 ], [ 6.742422902627415, 47.462974360460116, 0.0 ], [ 6.739914159454472, 47.452710288607335, 0.0 ], [ 6.749384854994457, 47.451991773251123, 0.0 ], [ 6.749488317634971, 47.451553160846139, 0.0 ], [ 6.746402611891315, 47.449322992392567, 0.0 ], [ 6.745180587956257, 47.447295003241571, 0.0 ], [ 6.741697661212902, 47.445096434152099, 0.0 ], [ 6.739124172446618, 47.446651742710124, 0.0 ], [ 6.743197157795624, 47.448112247672846, 0.0 ], [ 6.74449970849756, 47.449450051893407, 0.0 ], [ 6.743828907407769, 47.449964596714473, 0.0 ], [ 6.741775210619712, 47.449531416209624, 0.0 ], [ 6.736519502280985, 47.450426719475985, 0.0 ], [ 6.736015092953396, 47.45374487525681, 0.0 ], [ 6.734960612956164, 47.454513202952725, 0.0 ], [ 6.734056467247092, 47.4544277771708, 0.0 ], [ 6.732703054450378, 47.457482971623669, 0.0 ], [ 6.734267147803905, 47.459370325095499, 0.0 ], [ 6.734810262120468, 47.461687859894262, 0.0 ], [ 6.731758963588914, 47.465742853855041, 0.0 ], [ 6.727099833086422, 47.468206408710884, 0.0 ], [ 6.724882179488145, 47.47065652094853, 0.0 ], [ 6.725223807542632, 47.471707168875845, 0.0 ], [ 6.724166193572846, 47.472227653702213, 0.0 ], [ 6.722819656604121, 47.472149079583517, 0.0 ], [ 6.714266629826799, 47.469426895241021, 0.0 ], [ 6.711859429511194, 47.471318656637514, 0.0 ], [ 6.716120299549224, 47.475219906833104, 0.0 ], [ 6.725069416422231, 47.480828370827091, 0.0 ], [ 6.727902624046388, 47.481025134325385, 0.0 ], [ 6.729391295593259, 47.480526857879944, 0.0 ], [ 6.730360792590062, 47.477616538109878, 0.0 ], [ 6.732441190752627, 47.476799158682184, 0.0 ] ] ] } },
{ "type": "Feature", "properties": { "INSEE_COM": "25192", "NOM_COM": "Dampjoux", "EPCI": "200023075", "code_serm": 2 }, "geometry": { "type": "Polygon", "coordinates": [ [ [ 6.758362937657365, 47.333218043966248, 0.0 ], [ 6.756973928340512, 47.331935477451346, 0.0 ], [ 6.751208462271548, 47.330132019439077, 0.0 ], [ 6.748987008553732, 47.330287616598476, 0.0 ], [ 6.74128789818001, 47.329470800399292, 0.0 ], [ 6.739989059436012, 47.330196704680759, 0.0 ], [ 6.739793150590055, 47.3308852556356, 0.0 ], [ 6.744939495364534, 47.3337564902872, 0.0 ], [ 6.745028453444646, 47.334764811548176, 0.0 ], [ 6.741531109995823, 47.338773654283635, 0.0 ], [ 6.740503528217773, 47.339361933784787, 0.0 ], [ 6.736625413001642, 47.338809110796412, 0.0 ], [ 6.733182712636149, 47.336567667468685, 0.0 ], [ 6.731130205480429, 47.336697651393905, 0.0 ], [ 6.731947829869726, 47.338521595045705, 0.0 ], [ 6.733466116587968, 47.339515496200164, 0.0 ], [ 6.738968025813104, 47.342116910298465, 0.0 ], [ 6.741126800391784, 47.342633160002144, 0.0 ], [ 6.744768954216187, 47.34527080405406, 0.0 ], [ 6.74709419251455, 47.346325925359452, 0.0 ], [ 6.749527080052435, 47.347288303335219, 0.0 ], [ 6.757306616944135, 47.34717016690611, 0.0 ], [ 6.758106134599998, 47.344728055844136, 0.0 ], [ 6.760258936379564, 47.342525997585092, 0.0 ], [ 6.759781021744462, 47.340645257098046, 0.0 ], [ 6.755555834176961, 47.336238860467716, 0.0 ], [ 6.756218002786547, 47.334770933635113, 0.0 ], [ 6.758362937657365, 47.333218043966248, 0.0 ] ] ] } },
{ "type": "Feature", "properties": { "INSEE_COM": "25194", "NOM_COM": "Dannemarie", "EPCI": "200065647", "code_serm": 2 }, "geometry": { "type": "Polygon", "coordinates": [ [ [ 6.889926729383537, 47.384524417365128, 0.0 ], [ 6.889242195900641, 47.388477002955412, 0.0 ], [ 6.885520115573128, 47.389309062836702, 0.0 ], [ 6.88648380635151, 47.39070177929667, 0.0 ], [ 6.890201326119548, 47.392931554365283, 0.0 ], [ 6.900815612573706, 47.396067329204449, 0.0 ], [ 6.909146609841486, 47.397328581061515, 0.0 ], [ 6.909310161431073, 47.396095498795397, 0.0 ], [ 6.910877490508428, 47.394418598528716, 0.0 ], [ 6.913299463677211, 47.387853017994459, 0.0 ], [ 6.912068733561576, 47.386192790170021, 0.0 ], [ 6.910192718347001, 47.385054500692213, 0.0 ], [ 6.903867646487223, 47.382629995418725, 0.0 ], [ 6.896738921215117, 47.382211392821006, 0.0 ], [ 6.895095293267665, 47.381707707895139, 0.0 ], [ 6.892920416766245, 47.384010437539672, 0.0 ], [ 6.889926729383537, 47.384524417365128, 0.0 ] ] ] } },
{ "type": "Feature", "properties": { "INSEE_COM": "25196", "NOM_COM": "Dasle", "EPCI": "200065647", "code_serm": 2 }, "geometry": { "type": "Polygon", "coordinates": [ [ [ 6.882336200479792, 47.490578992432688, 0.0 ], [ 6.882359213730251, 47.493533430930668, 0.0 ], [ 6.887525902711078, 47.493504306062896, 0.0 ], [ 6.892568342195564, 47.494307361935128, 0.0 ], [ 6.895557385672707, 47.495105932409551, 0.0 ], [ 6.897899337082011, 47.496530841667152, 0.0 ], [ 6.907492317615175, 47.494848344429329, 0.0 ], [ 6.908950455362809, 47.494930075810984, 0.0 ], [ 6.909530276481577, 47.49443924283657, 0.0 ], [ 6.909577862923928, 47.489560885816474, 0.0 ], [ 6.91103777759496, 47.485450718664268, 0.0 ], [ 6.915891460688293, 47.477815047659199, 0.0 ], [ 6.908344214642435, 47.474427611496743, 0.0 ], [ 6.907442238607998, 47.472925735617736, 0.0 ], [ 6.903030686731093, 47.473494681506828, 0.0 ], [ 6.88582527931719, 47.470211280205859, 0.0 ], [ 6.880072871026659, 47.468309609481615, 0.0 ], [ 6.87905866843134, 47.470068436830566, 0.0 ], [ 6.878022801229949, 47.47728688860186, 0.0 ], [ 6.880805372875111, 47.477216662772769, 0.0 ], [ 6.883776191835971, 47.479574388163449, 0.0 ], [ 6.885100505576556, 47.481700417503298, 0.0 ], [ 6.885201583783973, 47.483586079743162, 0.0 ], [ 6.882336200479792, 47.490578992432688, 0.0 ] ] ] } },
{ "type": "Feature", "properties": { "INSEE_COM": "25207", "NOM_COM": "Dung", "EPCI": "200065647", "code_serm": 2 }, "geometry": { "type": "Polygon", "coordinates": [ [ [ 6.732552697178948, 47.514725748541331, 0.0 ], [ 6.736989081532625, 47.514063514854385, 0.0 ], [ 6.740357872196078, 47.514246448542401, 0.0 ], [ 6.744360001292455, 47.512855313918912, 0.0 ], [ 6.747059460591589, 47.511175225729303, 0.0 ], [ 6.751312544935875, 47.510560683191727, 0.0 ], [ 6.753726326965726, 47.510290955230843, 0.0 ], [ 6.757721452949537, 47.511666173034143, 0.0 ], [ 6.758321660712834, 47.510497806093049, 0.0 ], [ 6.758479311432124, 47.504037585648454, 0.0 ], [ 6.765298441148818, 47.503932630414802, 0.0 ], [ 6.766112075583154, 47.502304914983846, 0.0 ], [ 6.758630729269017, 47.499948552216246, 0.0 ], [ 6.753182301314891, 47.495304805677996, 0.0 ], [ 6.749917533305244, 47.495868707342062, 0.0 ], [ 6.745240954368265, 47.495774122105068, 0.0 ], [ 6.74258538781749, 47.498754987076907, 0.0 ], [ 6.741199016015184, 47.502146491046041, 0.0 ], [ 6.737211306731684, 47.503733538994879, 0.0 ], [ 6.735403979354843, 47.506398603386998, 0.0 ], [ 6.728908571045298, 47.509012879987779, 0.0 ], [ 6.724851671348162, 47.511852493493187, 0.0 ], [ 6.722254954768511, 47.512343740578245, 0.0 ], [ 6.724012050623055, 47.51327974154227, 0.0 ], [ 6.732552697178948, 47.514725748541331, 0.0 ] ] ] } },
{ "type": "Feature", "properties": { "INSEE_COM": "25210", "NOM_COM": "Échenans", "EPCI": "200065647", "code_serm": 2 }, "geometry": { "type": "Polygon", "coordinates": [ [ [ 6.681712555072871, 47.520280987268272, 0.0 ], [ 6.68132888445751, 47.52162498341923, 0.0 ], [ 6.682140313265295, 47.521643491918461, 0.0 ], [ 6.68213158169848, 47.524529183972156, 0.0 ], [ 6.683478989702857, 47.527362989443603, 0.0 ], [ 6.684242770380872, 47.528406674379461, 0.0 ], [ 6.68760319082895, 47.528825712851642, 0.0 ], [ 6.689216231537123, 47.531685293670485, 0.0 ], [ 6.689223291820552, 47.533290881955942, 0.0 ], [ 6.700410070453295, 47.533642610540753, 0.0 ], [ 6.703604356402204, 47.533116679984779, 0.0 ], [ 6.704225878600097, 47.531525338265595, 0.0 ], [ 6.704150471007445, 47.528076376698728, 0.0 ], [ 6.701282365969213, 47.525162239875293, 0.0 ], [ 6.69438505494298, 47.522094741405134, 0.0 ], [ 6.681712555072871, 47.520280987268272, 0.0 ] ] ] } },
{ "type": "Feature", "properties": { "INSEE_COM": "25214", "NOM_COM": "Écot", "EPCI": "200065647", "code_serm": 2 }, "geometry": { "type": "Polygon", "coordinates": [ [ [ 6.739124172446618, 47.446651742710124, 0.0 ], [ 6.74254783468674, 47.444449960260826, 0.0 ], [ 6.746258962362941, 47.437894126683709, 0.0 ], [ 6.745656793205189, 47.433768001472508, 0.0 ], [ 6.74933594495845, 47.430204132102887, 0.0 ], [ 6.748055109409342, 47.42936134387088, 0.0 ], [ 6.749717984888752, 47.425475802658362, 0.0 ], [ 6.749999710080757, 47.423070405878349, 0.0 ], [ 6.746929580997878, 47.418800339423164, 0.0 ], [ 6.746522397009675, 47.417364320070163, 0.0 ], [ 6.754318839194008, 47.414236118645121, 0.0 ], [ 6.755390885092924, 47.41269195465577, 0.0 ], [ 6.755137132921438, 47.412348678657466, 0.0 ], [ 6.752032677930981, 47.412247957843149, 0.0 ], [ 6.747258358151639, 47.408147349361712, 0.0 ], [ 6.738963117516526, 47.403571397170431, 0.0 ], [ 6.727659410893571, 47.401099316260613, 0.0 ], [ 6.723852009208811, 47.399028751988197, 0.0 ], [ 6.720845103991807, 47.398026501606971, 0.0 ], [ 6.715456157889305, 47.398137642950587, 0.0 ], [ 6.713759376207217, 47.397804365395103, 0.0 ], [ 6.712309913938074, 47.399833312454078, 0.0 ], [ 6.715096836971414, 47.402219843592974, 0.0 ], [ 6.714995483381842, 47.404146238044042, 0.0 ], [ 6.71575838992242, 47.405251049067829, 0.0 ], [ 6.716559187000403, 47.406002276020537, 0.0 ], [ 6.719661271173252, 47.406534778771366, 0.0 ], [ 6.725766828341712, 47.409786311847128, 0.0 ], [ 6.725104172868454, 47.411654108516295, 0.0 ], [ 6.722550641684898, 47.411206911033048, 0.0 ], [ 6.718354167633493, 47.41210634439382, 0.0 ], [ 6.716375791983955, 47.414992151892726, 0.0 ], [ 6.71704849637015, 47.423307568176391, 0.0 ], [ 6.714409110004619, 47.432330792704072, 0.0 ], [ 6.715746676801654, 47.434208485519086, 0.0 ], [ 6.715789596388349, 47.435745436181584, 0.0 ], [ 6.713627510938328, 47.439712112996595, 0.0 ], [ 6.715910885638767, 47.438851545558443, 0.0 ], [ 6.718396587591082, 47.439279463817684, 0.0 ], [ 6.72616482004976, 47.44230034207807, 0.0 ], [ 6.728364362666949, 47.443994379096523, 0.0 ], [ 6.73388253053634, 47.445079026310339, 0.0 ], [ 6.73736743943812, 47.446682968990622, 0.0 ], [ 6.739124172446618, 47.446651742710124, 0.0 ] ] ] } },
{ "type": "Feature", "properties": { "INSEE_COM": "25216", "NOM_COM": "Écurcey", "EPCI": "200065647", "code_serm": 2 }, "geometry": { "type": "Polygon", "coordinates": [ [ [ 6.778553741503634, 47.402403585351834, 0.0 ], [ 6.780114741787814, 47.404415741839713, 0.0 ], [ 6.783097921849706, 47.405886818983475, 0.0 ], [ 6.785846490445884, 47.405782899141592, 0.0 ], [ 6.791520504614936, 47.404285730574209, 0.0 ], [ 6.796392538148561, 47.407172874325745, 0.0 ], [ 6.80279710508746, 47.412022169129351, 0.0 ], [ 6.806237807520858, 47.412629643489694, 0.0 ], [ 6.814028213457879, 47.412566244328673, 0.0 ], [ 6.818368035335459, 47.414292050527393, 0.0 ], [ 6.82021715778429, 47.418139109880457, 0.0 ], [ 6.821891853206313, 47.419110585408781, 0.0 ], [ 6.82306620783636, 47.419266640600448, 0.0 ], [ 6.829593357005166, 47.417697217003848, 0.0 ], [ 6.832798224200864, 47.41535197091595, 0.0 ], [ 6.834112729543274, 47.415926882758463, 0.0 ], [ 6.838948041280409, 47.415159845383194, 0.0 ], [ 6.83738666138658, 47.411584731562165, 0.0 ], [ 6.834265015046429, 47.408595529095393, 0.0 ], [ 6.833075063648058, 47.406679045624465, 0.0 ], [ 6.83240873779031, 47.403953076984699, 0.0 ], [ 6.829413279874749, 47.40450154689723, 0.0 ], [ 6.827185954220682, 47.40389176366439, 0.0 ], [ 6.822224480243171, 47.40393878546098, 0.0 ], [ 6.81684553274386, 47.403007929315599, 0.0 ], [ 6.814028404249098, 47.401009515173655, 0.0 ], [ 6.806640797842293, 47.397265519806552, 0.0 ], [ 6.800126800514733, 47.392107297171115, 0.0 ], [ 6.796892772222681, 47.391905698957274, 0.0 ], [ 6.791940176879477, 47.390355071820046, 0.0 ], [ 6.793872289337836, 47.388684176655907, 0.0 ], [ 6.796414411688453, 47.389013007822228, 0.0 ], [ 6.796832988293883, 47.38864604078951, 0.0 ], [ 6.795572353551095, 47.386699080123648, 0.0 ], [ 6.789282282246577, 47.386269028977807, 0.0 ], [ 6.784588366874595, 47.386735662904321, 0.0 ], [ 6.779508698730455, 47.388262794269004, 0.0 ], [ 6.777368104691813, 47.3898248568984, 0.0 ], [ 6.776056801228155, 47.39266671712442, 0.0 ], [ 6.775996101528508, 47.396343920325435, 0.0 ], [ 6.775073442720062, 47.399279469911285, 0.0 ], [ 6.775872110117202, 47.40047919671143, 0.0 ], [ 6.778553741503634, 47.402403585351834, 0.0 ] ] ] } },
{ "type": "Feature", "properties": { "INSEE_COM": "25224", "NOM_COM": "Étouvans", "EPCI": "200065647", "code_serm": 2 }, "geometry": { "type": "Polygon", "coordinates": [ [ [ 6.735014088154736, 47.461028859637118, 0.0 ], [ 6.732703054450378, 47.457482971623669, 0.0 ], [ 6.734056467247092, 47.4544277771708, 0.0 ], [ 6.734960612956164, 47.454513202952725, 0.0 ], [ 6.736015092953396, 47.45374487525681, 0.0 ], [ 6.736519502280985, 47.450426719475985, 0.0 ], [ 6.741775210619712, 47.449531416209624, 0.0 ], [ 6.743828907407769, 47.449964596714473, 0.0 ], [ 6.74449970849756, 47.449450051893407, 0.0 ], [ 6.744014286290649, 47.448740216019615, 0.0 ], [ 6.740151649829594, 47.446754788398273, 0.0 ], [ 6.73736743943812, 47.446682968990622, 0.0 ], [ 6.73388253053634, 47.445079026310339, 0.0 ], [ 6.728364362666949, 47.443994379096523, 0.0 ], [ 6.72616482004976, 47.44230034207807, 0.0 ], [ 6.718396587591082, 47.439279463817684, 0.0 ], [ 6.715910885638767, 47.438851545558443, 0.0 ], [ 6.713627510938328, 47.439712112996595, 0.0 ], [ 6.71300306206336, 47.440820677299115, 0.0 ], [ 6.713635922349873, 47.442169364906249, 0.0 ], [ 6.713140278304025, 47.443718096651821, 0.0 ], [ 6.706787150030777, 47.449346718174624, 0.0 ], [ 6.705619505803088, 47.451325047191972, 0.0 ], [ 6.706504977810031, 47.452427808512667, 0.0 ], [ 6.710844662815551, 47.454695590635367, 0.0 ], [ 6.711281647932248, 47.456666936216827, 0.0 ], [ 6.709257627043889, 47.458980810626038, 0.0 ], [ 6.699171295108849, 47.46086906965354, 0.0 ], [ 6.699555364558767, 47.461849941706376, 0.0 ], [ 6.702434779619962, 47.463326379030562, 0.0 ], [ 6.699282107537377, 47.465931890117034, 0.0 ], [ 6.706480115720638, 47.467991791500268, 0.0 ], [ 6.708515709685068, 47.468867753000119, 0.0 ], [ 6.711859429511194, 47.471318656637514, 0.0 ], [ 6.714266629826799, 47.469426895241021, 0.0 ], [ 6.722819656604121, 47.472149079583517, 0.0 ], [ 6.724166193572846, 47.472227653702213, 0.0 ], [ 6.725223807542632, 47.471707168875845, 0.0 ], [ 6.724882179488145, 47.47065652094853, 0.0 ], [ 6.727099833086422, 47.468206408710884, 0.0 ], [ 6.731944297074737, 47.465580104378731, 0.0 ], [ 6.735014088154736, 47.461028859637118, 0.0 ] ] ] } },
{ "type": "Feature", "properties": { "INSEE_COM": "25228", "NOM_COM": "Étupes", "EPCI": "200065647", "code_serm": 2 }, "geometry": { "type": "Polygon", "coordinates": [ [ [ 6.881548662532541, 47.523475475163686, 0.0 ], [ 6.887302432911173, 47.515362567250243, 0.0 ], [ 6.891212991204182, 47.512686848650333, 0.0 ], [ 6.901019954232998, 47.510649966473203, 0.0 ], [ 6.902722913268538, 47.509323937076346, 0.0 ], [ 6.903181118946774, 47.508348740923616, 0.0 ], [ 6.897421788982885, 47.498754912708186, 0.0 ], [ 6.897899337082011, 47.496530841667152, 0.0 ], [ 6.895557385672707, 47.495105932409551, 0.0 ], [ 6.892568342195564, 47.494307361935128, 0.0 ], [ 6.887525902711078, 47.493504306062896, 0.0 ], [ 6.882359213730251, 47.493533430930668, 0.0 ], [ 6.88238455574455, 47.490402536628451, 0.0 ], [ 6.876449129550097, 47.490773384377967, 0.0 ], [ 6.865419965363664, 47.487691081037291, 0.0 ], [ 6.864363856115534, 47.487777518408095, 0.0 ], [ 6.865464386278645, 47.497760990457266, 0.0 ], [ 6.85400542119848, 47.501825124879737, 0.0 ], [ 6.851524558074272, 47.503110359648417, 0.0 ], [ 6.849208923114703, 47.505491375701979, 0.0 ], [ 6.846878298837322, 47.504931228968672, 0.0 ], [ 6.844931376206934, 47.507985799090115, 0.0 ], [ 6.843064775245698, 47.513307851502496, 0.0 ], [ 6.850026113133204, 47.514992123635018, 0.0 ], [ 6.852644806755666, 47.515998711256906, 0.0 ], [ 6.853081393615937, 47.517090972773403, 0.0 ], [ 6.857870168185908, 47.516937853387354, 0.0 ], [ 6.85829895761071, 47.520500620249322, 0.0 ], [ 6.863287908733976, 47.518640036417217, 0.0 ], [ 6.868214412897977, 47.519321876106005, 0.0 ], [ 6.874531342989245, 47.519471500034371, 0.0 ], [ 6.877500542657558, 47.521650114755708, 0.0 ], [ 6.881548662532541, 47.523475475163686, 0.0 ] ] ] } },
{ "type": "Feature", "properties": { "INSEE_COM": "25230", "NOM_COM": "Exincourt", "EPCI": "200065647", "code_serm": 2 }, "geometry": { "type": "Polygon", "coordinates": [ [ [ 6.85020995780617, 47.498946893943355, 0.0 ], [ 6.840597768571323, 47.498152257604531, 0.0 ], [ 6.839930261819943, 47.492579457403878, 0.0 ], [ 6.834376526489939, 47.493141933326633, 0.0 ], [ 6.831076115116421, 47.491377851033569, 0.0 ], [ 6.827143604645249, 47.490104902516265, 0.0 ], [ 6.822595757613631, 47.495138938504994, 0.0 ], [ 6.821523577841972, 47.502594746012477, 0.0 ], [ 6.819545328284326, 47.506234764798236, 0.0 ], [ 6.820584084854312, 47.50729565923681, 0.0 ], [ 6.824226005651495, 47.508414377835159, 0.0 ], [ 6.830313179740931, 47.507848418435294, 0.0 ], [ 6.83400473186813, 47.508375809912522, 0.0 ], [ 6.841558453785414, 47.511616391178308, 0.0 ], [ 6.843064775245698, 47.513307851502496, 0.0 ], [ 6.844931376206934, 47.507985799090115, 0.0 ], [ 6.846878298837322, 47.504931228968672, 0.0 ], [ 6.849208923114703, 47.505491375701979, 0.0 ], [ 6.851524558074272, 47.503110359648417, 0.0 ], [ 6.854731340583882, 47.501582094553953, 0.0 ], [ 6.853449083678022, 47.499678778736417, 0.0 ], [ 6.85020995780617, 47.498946893943355, 0.0 ] ] ] } },
{ "type": "Feature", "properties": { "INSEE_COM": "25237", "NOM_COM": "Fesches-le-Châtel", "EPCI": "200065647", "code_serm": 2 }, "geometry": { "type": "Polygon", "coordinates": [ [ [ 6.892299270544981, 47.512332405784896, 0.0 ], [ 6.88660718061323, 47.516046383879868, 0.0 ], [ 6.881548662532541, 47.523475475163686, 0.0 ], [ 6.885508554564129, 47.526114761155839, 0.0 ], [ 6.887624254242963, 47.524469702198644, 0.0 ], [ 6.894135753862374, 47.524065636993889, 0.0 ], [ 6.89671846388241, 47.525691631369078, 0.0 ], [ 6.897064748727329, 47.526517303963765, 0.0 ], [ 6.898228658967903, 47.526840660032427, 0.0 ], [ 6.90718759684553, 47.527112796018777, 0.0 ], [ 6.907281749176537, 47.526671629818225, 0.0 ], [ 6.911504593919099, 47.525555649887721, 0.0 ], [ 6.916337229192363, 47.524774104811307, 0.0 ], [ 6.919003851067245, 47.52121997451696, 0.0 ], [ 6.920806257413368, 47.520144493542048, 0.0 ], [ 6.925171761513707, 47.519586475960466, 0.0 ], [ 6.924000914191453, 47.518661576871651, 0.0 ], [ 6.920841799207079, 47.517836065452506, 0.0 ], [ 6.917667502306326, 47.518744107035253, 0.0 ], [ 6.915619616023496, 47.518739071590105, 0.0 ], [ 6.914162292532885, 47.517823710606791, 0.0 ], [ 6.912203135710218, 47.513832070256143, 0.0 ], [ 6.909343872926065, 47.513680242355868, 0.0 ], [ 6.9044436566478, 47.512449491707763, 0.0 ], [ 6.901019954232998, 47.510649966473203, 0.0 ], [ 6.897384940460357, 47.5116594146563, 0.0 ], [ 6.892299270544981, 47.512332405784896, 0.0 ] ] ] } },
{ "type": "Feature", "properties": { "INSEE_COM": "25239", "NOM_COM": "Feule", "EPCI": "200065647", "code_serm": 2 }, "geometry": { "type": "Polygon", "coordinates": [ [ [ 6.722289171717239, 47.337792613989308, 0.0 ], [ 6.724067430537436, 47.348128509000659, 0.0 ], [ 6.728613238119054, 47.354100117880087, 0.0 ], [ 6.725390262884053, 47.36006961834083, 0.0 ], [ 6.731341040794486, 47.361053750897277, 0.0 ], [ 6.739200926523476, 47.364170614536995, 0.0 ], [ 6.744504332060706, 47.357546929099264, 0.0 ], [ 6.74888337613422, 47.357845433850542, 0.0 ], [ 6.75124202796281, 47.357606136505673, 0.0 ], [ 6.75252360889287, 47.356872578020926, 0.0 ], [ 6.753043652859422, 47.355320965117606, 0.0 ], [ 6.752433479932411, 47.35221159180275, 0.0 ], [ 6.743727876312107, 47.34830729629774, 0.0 ], [ 6.74207863596814, 47.34477806205885, 0.0 ], [ 6.739409638473513, 47.342270314916767, 0.0 ], [ 6.731947829869726, 47.338521595045705, 0.0 ], [ 6.731130205480429, 47.336697651393905, 0.0 ], [ 6.725298830284207, 47.338176415124401, 0.0 ], [ 6.722289171717239, 47.337792613989308, 0.0 ] ] ] } },
{ "type": "Feature", "properties": { "INSEE_COM": "25274", "NOM_COM": "Glay", "EPCI": "200065647", "code_serm": 2 }, "geometry": { "type": "Polygon", "coordinates": [ [ [ 6.889379205902119, 47.388298465580078, 0.0 ], [ 6.889360661464606, 47.387476200339783, 0.0 ], [ 6.881105192820854, 47.389115941395026, 0.0 ], [ 6.882406719404184, 47.39231531145694, 0.0 ], [ 6.881570849150767, 47.395763643177752, 0.0 ], [ 6.880003239190566, 47.39704626101836, 0.0 ], [ 6.878531334570837, 47.397543341252465, 0.0 ], [ 6.871636639013798, 47.404647360855293, 0.0 ], [ 6.87102706633847, 47.405654570441541, 0.0 ], [ 6.871823228165586, 47.409561240575634, 0.0 ], [ 6.874662505715537, 47.412562523486372, 0.0 ], [ 6.879965401627273, 47.412340563635354, 0.0 ], [ 6.885581621763816, 47.414699085943909, 0.0 ], [ 6.890959734382629, 47.413736861490953, 0.0 ], [ 6.895003983542089, 47.4121638481041, 0.0 ], [ 6.897593370139215, 47.412149149853455, 0.0 ], [ 6.900028820005861, 47.412883127809124, 0.0 ], [ 6.902967590009022, 47.415311718330386, 0.0 ], [ 6.905892800852749, 47.415711877356983, 0.0 ], [ 6.912110880086881, 47.415290060278544, 0.0 ], [ 6.913655401782155, 47.416292589869741, 0.0 ], [ 6.91488375992251, 47.41404123187386, 0.0 ], [ 6.912553133286178, 47.411583442108068, 0.0 ], [ 6.912212841210953, 47.407397527130648, 0.0 ], [ 6.916433150097784, 47.407012032012211, 0.0 ], [ 6.917589913750505, 47.405837396929613, 0.0 ], [ 6.91542448931553, 47.404528668974919, 0.0 ], [ 6.917437532570005, 47.403409001284487, 0.0 ], [ 6.915525705810757, 47.398521643450167, 0.0 ], [ 6.91240642101997, 47.396852034872317, 0.0 ], [ 6.909534796952853, 47.396190689831826, 0.0 ], [ 6.908941347552642, 47.397462570580423, 0.0 ], [ 6.904891980425719, 47.396923645706799, 0.0 ], [ 6.890201326119548, 47.392931554365283, 0.0 ], [ 6.88648380635151, 47.39070177929667, 0.0 ], [ 6.885520115573128, 47.389309062836702, 0.0 ], [ 6.888226120282914, 47.388959859546269, 0.0 ], [ 6.889379205902119, 47.388298465580078, 0.0 ] ] ] } },
{ "type": "Feature", "properties": { "INSEE_COM": "25281", "NOM_COM": "Goux-lès-Dambelin", "EPCI": "200065647", "code_serm": 2 }, "geometry": { "type": "Polygon", "coordinates": [ [ [ 6.687927249307872, 47.40825526037267, 0.0 ], [ 6.689637812162299, 47.407649450069854, 0.0 ], [ 6.692058867635894, 47.404795122613294, 0.0 ], [ 6.699781735974832, 47.403199554060514, 0.0 ], [ 6.701426001607144, 47.39844929102857, 0.0 ], [ 6.702613545472009, 47.398117671369548, 0.0 ], [ 6.707066597828701, 47.398637180599707, 0.0 ], [ 6.711166379457365, 47.397561871174709, 0.0 ], [ 6.713462917091013, 47.398122950287252, 0.0 ], [ 6.71574139348868, 47.396336937613363, 0.0 ], [ 6.714584478188043, 47.395022125566435, 0.0 ], [ 6.712361698921971, 47.393799938616844, 0.0 ], [ 6.701313744136042, 47.390964852852974, 0.0 ], [ 6.695403480904997, 47.392030733120947, 0.0 ], [ 6.693802412144383, 47.389731336206836, 0.0 ], [ 6.694876930207045, 47.38849408008992, 0.0 ], [ 6.699103563286164, 47.387688202075857, 0.0 ], [ 6.694716169530502, 47.386047047365153, 0.0 ], [ 6.692074310438629, 47.385720988845861, 0.0 ], [ 6.691201693524491, 47.386730113075323, 0.0 ], [ 6.691395315270799, 47.387961296397691, 0.0 ], [ 6.688280195985216, 47.388664923313705, 0.0 ], [ 6.684112495442025, 47.388478127675562, 0.0 ], [ 6.681243353373749, 47.386370175217557, 0.0 ], [ 6.676051231965936, 47.385541465833953, 0.0 ], [ 6.674406934121228, 47.389195503684739, 0.0 ], [ 6.673459905355055, 47.389357021060214, 0.0 ], [ 6.671764813411953, 47.388420203892572, 0.0 ], [ 6.670691640107048, 47.387011324585764, 0.0 ], [ 6.666833114709196, 47.385075774310735, 0.0 ], [ 6.664101222822196, 47.385311559462444, 0.0 ], [ 6.660186747876179, 47.383172996186737, 0.0 ], [ 6.659811068418409, 47.381577133540624, 0.0 ], [ 6.659090918856055, 47.381931450758977, 0.0 ], [ 6.658273776760807, 47.382400563133672, 0.0 ], [ 6.661452532339979, 47.387697564976428, 0.0 ], [ 6.663765223653844, 47.390314669902082, 0.0 ], [ 6.662109737185768, 47.39133381780632, 0.0 ], [ 6.659083604634751, 47.392123955732885, 0.0 ], [ 6.654159460569455, 47.39203559785571, 0.0 ], [ 6.650555245609913, 47.394199040946368, 0.0 ], [ 6.647231853866497, 47.398054944133165, 0.0 ], [ 6.649050895110359, 47.399196387902329, 0.0 ], [ 6.651964700878432, 47.399943843667543, 0.0 ], [ 6.65425820946918, 47.407785775390153, 0.0 ], [ 6.661373063321891, 47.407489777839309, 0.0 ], [ 6.672065429338009, 47.409731621239885, 0.0 ], [ 6.673059900421078, 47.414051054488297, 0.0 ], [ 6.673867686189189, 47.413943521156376, 0.0 ], [ 6.674864334968943, 47.41465368214908, 0.0 ], [ 6.676848540891682, 47.414702684498259, 0.0 ], [ 6.678270398130375, 47.413542050636956, 0.0 ], [ 6.680841854361965, 47.409290014178517, 0.0 ], [ 6.68291142954612, 47.408633285161812, 0.0 ], [ 6.687927249307872, 47.40825526037267, 0.0 ] ] ] } },
{ "type": "Feature", "properties": { "INSEE_COM": "25284", "NOM_COM": "Grand-Charmont", "EPCI": "200065647", "code_serm": 2 }, "geometry": { "type": "Polygon", "coordinates": [ [ [ 6.817861080646698, 47.522134114942652, 0.0 ], [ 6.810276869621267, 47.530016498803157, 0.0 ], [ 6.80968576420705, 47.531281282214884, 0.0 ], [ 6.808456328690136, 47.531786495720311, 0.0 ], [ 6.812335906459627, 47.534612824277879, 0.0 ], [ 6.814470257686332, 47.542197709852651, 0.0 ], [ 6.816740206730914, 47.545039641648515, 0.0 ], [ 6.816779797955496, 47.547829336822751, 0.0 ], [ 6.830637430049223, 47.546435598926678, 0.0 ], [ 6.832520944731784, 47.54352407037716, 0.0 ], [ 6.834770016021396, 47.541295298949954, 0.0 ], [ 6.83568043122671, 47.537903836436108, 0.0 ], [ 6.837198145544795, 47.536651652031864, 0.0 ], [ 6.83542979249054, 47.536080835536403, 0.0 ], [ 6.837467859163511, 47.53095704066348, 0.0 ], [ 6.834236570342682, 47.52739010564612, 0.0 ], [ 6.829124155933117, 47.525007848221989, 0.0 ], [ 6.827907444635268, 47.522119812119591, 0.0 ], [ 6.832637464151575, 47.521975986330276, 0.0 ], [ 6.832874688721618, 47.521443675093217, 0.0 ], [ 6.829099060667218, 47.519829422539829, 0.0 ], [ 6.823139403533649, 47.518663469989484, 0.0 ], [ 6.818331929050871, 47.519432191227423, 0.0 ], [ 6.817861080646698, 47.522134114942652, 0.0 ] ] ] } },
{ "type": "Feature", "properties": { "INSEE_COM": "25304", "NOM_COM": "Hérimoncourt", "EPCI": "200065647", "code_serm": 2 }, "geometry": { "type": "Polygon", "coordinates": [ [ [ 6.87764086963707, 47.452524850331208, 0.0 ], [ 6.881193543776619, 47.450650694075215, 0.0 ], [ 6.884960601331726, 47.451220717206965, 0.0 ], [ 6.887772177028182, 47.451074504188526, 0.0 ], [ 6.891903580209077, 47.450093651306055, 0.0 ], [ 6.894657295458486, 47.450577395187288, 0.0 ], [ 6.903760152148008, 47.446841060517961, 0.0 ], [ 6.905234612145327, 47.447091689729746, 0.0 ], [ 6.908453752698391, 47.446416648030713, 0.0 ], [ 6.907515772558123, 47.444287782346684, 0.0 ], [ 6.902694525131445, 47.442776883800846, 0.0 ], [ 6.901035800587245, 47.441782539299368, 0.0 ], [ 6.900477240463466, 47.441118101251497, 0.0 ], [ 6.900712940657395, 47.439011104463638, 0.0 ], [ 6.899775764067539, 47.437470696028193, 0.0 ], [ 6.89738845823412, 47.435953656773535, 0.0 ], [ 6.901714506677703, 47.431829398752107, 0.0 ], [ 6.901229104485695, 47.43019903213235, 0.0 ], [ 6.898284703090881, 47.426845856377838, 0.0 ], [ 6.899371549904266, 47.424809448223549, 0.0 ], [ 6.89677153237949, 47.423883576534578, 0.0 ], [ 6.885699813724394, 47.423904458920546, 0.0 ], [ 6.882789377713268, 47.423473547999272, 0.0 ], [ 6.876732739135355, 47.420398624355499, 0.0 ], [ 6.874779247246397, 47.419057759609586, 0.0 ], [ 6.874896873910996, 47.418095779603036, 0.0 ], [ 6.873915440893024, 47.418754878737097, 0.0 ], [ 6.873263284653562, 47.420166379695715, 0.0 ], [ 6.869825192489972, 47.421966264533374, 0.0 ], [ 6.867140347321134, 47.422798254552845, 0.0 ], [ 6.866427198872994, 47.423772816506336, 0.0 ], [ 6.865137806811666, 47.426570874875594, 0.0 ], [ 6.866286587144637, 47.428373072359953, 0.0 ], [ 6.868481471181292, 47.429762827149013, 0.0 ], [ 6.865419633607465, 47.431376084818417, 0.0 ], [ 6.866222807763498, 47.433872030723883, 0.0 ], [ 6.869245468778787, 47.437007945934958, 0.0 ], [ 6.86919974509121, 47.438139656957176, 0.0 ], [ 6.874808648799604, 47.441871622653188, 0.0 ], [ 6.876853159817381, 47.443889023886996, 0.0 ], [ 6.875002459255567, 47.447007800842158, 0.0 ], [ 6.873827168986229, 47.450484378461276, 0.0 ], [ 6.874197829830949, 47.45219074530182, 0.0 ], [ 6.875931395569377, 47.453138805894049, 0.0 ], [ 6.877032454405849, 47.453480644385735, 0.0 ], [ 6.87764086963707, 47.452524850331208, 0.0 ] ] ] } },
{ "type": "Feature", "properties": { "INSEE_COM": "25316", "NOM_COM": "Issans", "EPCI": "200065647", "code_serm": 2 }, "geometry": { "type": "Polygon", "coordinates": [ [ [ 6.731585902557195, 47.514805391139454, 0.0 ], [ 6.726923388650195, 47.513904835618071, 0.0 ], [ 6.725599686510114, 47.515428687773088, 0.0 ], [ 6.725471149341742, 47.517535194874895, 0.0 ], [ 6.723578343675643, 47.522482673706534, 0.0 ], [ 6.719409087604622, 47.525752773268394, 0.0 ], [ 6.717791686471781, 47.528225784182716, 0.0 ], [ 6.724963213318519, 47.530785755402981, 0.0 ], [ 6.726384136173477, 47.532806650602978, 0.0 ], [ 6.726539514471971, 47.534157008309997, 0.0 ], [ 6.727363534762512, 47.534524451412572, 0.0 ], [ 6.74363123365725, 47.536067435638813, 0.0 ], [ 6.749814986162406, 47.537166255239661, 0.0 ], [ 6.746273894763823, 47.534167562789428, 0.0 ], [ 6.743438768307573, 47.530490045852765, 0.0 ], [ 6.736323617923045, 47.523706552979064, 0.0 ], [ 6.734518662488261, 47.520741949895658, 0.0 ], [ 6.734384980469542, 47.518086014691598, 0.0 ], [ 6.732941969373604, 47.514661906288033, 0.0 ], [ 6.731585902557195, 47.514805391139454, 0.0 ] ] ] } },
{ "type": "Feature", "properties": { "INSEE_COM": "25322", "NOM_COM": "Laire", "EPCI": "247000722", "code_serm": 2 }, "geometry": { "type": "Polygon", "coordinates": [ [ [ 6.739018856941984, 47.557097878371167, 0.0 ], [ 6.742261540770771, 47.554758069114442, 0.0 ], [ 6.744225978831301, 47.551372442072477, 0.0 ], [ 6.746066805870938, 47.549720053071944, 0.0 ], [ 6.749428322508061, 47.548628796747373, 0.0 ], [ 6.753114291407533, 47.543613262546891, 0.0 ], [ 6.755266418038032, 47.542364310374211, 0.0 ], [ 6.758202633875187, 47.541573952469925, 0.0 ], [ 6.756799799969301, 47.541023520640266, 0.0 ], [ 6.749690285423877, 47.542652014061311, 0.0 ], [ 6.7421248781394, 47.542888901512825, 0.0 ], [ 6.739496566880575, 47.544013203539947, 0.0 ], [ 6.727291202048054, 47.544456496806966, 0.0 ], [ 6.723724882142223, 47.545017476165903, 0.0 ], [ 6.722095853642137, 47.545934613481691, 0.0 ], [ 6.721257309203426, 47.550022827809272, 0.0 ], [ 6.719257734054897, 47.553439785126017, 0.0 ], [ 6.719867810562507, 47.556217440660539, 0.0 ], [ 6.722309916567244, 47.559455657172784, 0.0 ], [ 6.726163150828888, 47.560455365417333, 0.0 ], [ 6.734108243596295, 47.557996935580945, 0.0 ], [ 6.739018856941984, 47.557097878371167, 0.0 ] ] ] } },
{ "type": "Feature", "properties": { "INSEE_COM": "25345", "NOM_COM": "Longevelle-sur-Doubs", "EPCI": "200065647", "code_serm": 2 }, "geometry": { "type": "Polygon", "coordinates": [ [ [ 6.623666301783772, 47.464500346837383, 0.0 ], [ 6.624744714391724, 47.464609135603517, 0.0 ], [ 6.627768561889369, 47.463247917032483, 0.0 ], [ 6.629723422150366, 47.462995913062244, 0.0 ], [ 6.646314082400886, 47.465713159358764, 0.0 ], [ 6.657200231569412, 47.474382907452444, 0.0 ], [ 6.660042331512477, 47.47846943255734, 0.0 ], [ 6.663666740580114, 47.478328366621852, 0.0 ], [ 6.667582770406244, 47.475519631093782, 0.0 ], [ 6.669049497491062, 47.47114971322528, 0.0 ], [ 6.668918929948486, 47.467501487941149, 0.0 ], [ 6.67163200642141, 47.462728139637683, 0.0 ], [ 6.674489433094704, 47.459909249045005, 0.0 ], [ 6.679427331649479, 47.456762259735363, 0.0 ], [ 6.681854693575265, 47.454172135848381, 0.0 ], [ 6.678497111884844, 47.45310684714326, 0.0 ], [ 6.672901400603602, 47.452143692033069, 0.0 ], [ 6.655389841914021, 47.451699497708972, 0.0 ], [ 6.642354276932492, 47.449221126732965, 0.0 ], [ 6.627989082635405, 47.448822072490827, 0.0 ], [ 6.624026590844835, 47.447825483722625, 0.0 ], [ 6.622152443282507, 47.446867383122225, 0.0 ], [ 6.619503510318843, 47.449596451936102, 0.0 ], [ 6.618815723511414, 47.454946208338214, 0.0 ], [ 6.623666301783772, 47.464500346837383, 0.0 ] ] ] } },
{ "type": "Feature", "properties": { "INSEE_COM": "25350", "NOM_COM": "Lougres", "EPCI": "200065647", "code_serm": 2 }, "geometry": { "type": "Polygon", "coordinates": [ [ [ 6.667582770406244, 47.475519631093782, 0.0 ], [ 6.663666740580114, 47.478328366621852, 0.0 ], [ 6.660042331512477, 47.47846943255734, 0.0 ], [ 6.668601931738023, 47.479217335185247, 0.0 ], [ 6.678219501745464, 47.478238834466673, 0.0 ], [ 6.680119606495608, 47.481223744952061, 0.0 ], [ 6.680621145108161, 47.483084072559841, 0.0 ], [ 6.679416894409481, 47.486042754735628, 0.0 ], [ 6.680593824987271, 47.487516766241065, 0.0 ], [ 6.682668468820333, 47.488839815689367, 0.0 ], [ 6.685924028447526, 47.489471214516882, 0.0 ], [ 6.693526841678089, 47.48384045600266, 0.0 ], [ 6.695179251312026, 47.481107979798821, 0.0 ], [ 6.699747694379533, 47.476585931161246, 0.0 ], [ 6.697567695261879, 47.474872721195283, 0.0 ], [ 6.697432589272479, 47.472860220805948, 0.0 ], [ 6.697947388727579, 47.468982392702863, 0.0 ], [ 6.700136261505034, 47.466368830946969, 0.0 ], [ 6.697449263740416, 47.464889826112625, 0.0 ], [ 6.692287136477572, 47.460181171393302, 0.0 ], [ 6.684990375461151, 47.45552462102625, 0.0 ], [ 6.681854693575265, 47.454172135848381, 0.0 ], [ 6.679427331649479, 47.456762259735363, 0.0 ], [ 6.674489433094704, 47.459909249045005, 0.0 ], [ 6.67163200642141, 47.462728139637683, 0.0 ], [ 6.668918929948486, 47.467501487941149, 0.0 ], [ 6.669049497491062, 47.47114971322528, 0.0 ], [ 6.667582770406244, 47.475519631093782, 0.0 ] ] ] } },
{ "type": "Feature", "properties": { "INSEE_COM": "25367", "NOM_COM": "Mandeure", "EPCI": "200065647", "code_serm": 2 }, "geometry": { "type": "Polygon", "coordinates": [ [ [ 6.808520957909868, 47.456854169116404, 0.0 ], [ 6.812413475850962, 47.451824885849646, 0.0 ], [ 6.81136812778355, 47.4515121683514, 0.0 ], [ 6.811621113782035, 47.45043772357532, 0.0 ], [ 6.818985895681685, 47.446715586485993, 0.0 ], [ 6.820791192643767, 47.446638272201106, 0.0 ], [ 6.836657530604182, 47.450076952393118, 0.0 ], [ 6.839212716476196, 47.440114966723307, 0.0 ], [ 6.836670961021712, 47.436141424320574, 0.0 ], [ 6.830666738122636, 47.432758710840538, 0.0 ], [ 6.832640170781838, 47.430806465237779, 0.0 ], [ 6.836208613817901, 47.429096274889559, 0.0 ], [ 6.838124515090249, 47.427124190039606, 0.0 ], [ 6.835592777040303, 47.423354877745808, 0.0 ], [ 6.833888758997604, 47.4181585707111, 0.0 ], [ 6.832666194558073, 47.417774393822988, 0.0 ], [ 6.833615171988911, 47.415820722149718, 0.0 ], [ 6.832798224200864, 47.41535197091595, 0.0 ], [ 6.829593357005166, 47.417697217003848, 0.0 ], [ 6.82306620783636, 47.419266640600448, 0.0 ], [ 6.821479395666305, 47.419006081284238, 0.0 ], [ 6.819841061023841, 47.417613423627962, 0.0 ], [ 6.818368035335459, 47.414292050527393, 0.0 ], [ 6.814028213457879, 47.412566244328673, 0.0 ], [ 6.806237807520858, 47.412629643489694, 0.0 ], [ 6.80279710508746, 47.412022169129351, 0.0 ], [ 6.796392538148561, 47.407172874325745, 0.0 ], [ 6.791739240530783, 47.404600336343073, 0.0 ], [ 6.787945442700298, 47.406817620326521, 0.0 ], [ 6.787593007679411, 47.407728538610627, 0.0 ], [ 6.788396247875971, 47.409043397107595, 0.0 ], [ 6.791599612581678, 47.411704834107475, 0.0 ], [ 6.789379545561625, 47.414253821450259, 0.0 ], [ 6.786973695829739, 47.419116859464204, 0.0 ], [ 6.787792656141836, 47.42106477270179, 0.0 ], [ 6.791815731603086, 47.4239653657174, 0.0 ], [ 6.791423758877113, 47.425875237657451, 0.0 ], [ 6.790158592908454, 47.427213355287563, 0.0 ], [ 6.790620688105447, 47.430326452450039, 0.0 ], [ 6.791464486177578, 47.431364192167443, 0.0 ], [ 6.791539567011515, 47.433718451837748, 0.0 ], [ 6.790396333107961, 47.436087191781773, 0.0 ], [ 6.786035355788155, 47.439351085579375, 0.0 ], [ 6.785932363613476, 47.440655800945954, 0.0 ], [ 6.790308372336439, 47.444393926277939, 0.0 ], [ 6.791190701344005, 47.447829462217889, 0.0 ], [ 6.790775494745063, 47.450652095652259, 0.0 ], [ 6.796099185888187, 47.456550904550596, 0.0 ], [ 6.799698610727081, 47.458119580295516, 0.0 ], [ 6.803493016759014, 47.458446200442538, 0.0 ], [ 6.806889988730806, 47.457892590651483, 0.0 ], [ 6.808520957909868, 47.456854169116404, 0.0 ] ] ] } },
{ "type": "Feature", "properties": { "INSEE_COM": "25370", "NOM_COM": "Mathay", "EPCI": "200065647", "code_serm": 2 }, "geometry": { "type": "Polygon", "coordinates": [ [ [ 6.754606165213511, 47.414357514428055, 0.0 ], [ 6.75239988345331, 47.414722551241766, 0.0 ], [ 6.751511296111691, 47.415551508169386, 0.0 ], [ 6.746522397009675, 47.417364320070163, 0.0 ], [ 6.746929580997878, 47.418800339423164, 0.0 ], [ 6.749999710080757, 47.423070405878349, 0.0 ], [ 6.749717984888752, 47.425475802658362, 0.0 ], [ 6.748055109409342, 47.42936134387088, 0.0 ], [ 6.74933594495845, 47.430204132102887, 0.0 ], [ 6.745656793205189, 47.433768001472508, 0.0 ], [ 6.746258962362941, 47.437894126683709, 0.0 ], [ 6.74254783468674, 47.444449960260826, 0.0 ], [ 6.741697661212902, 47.445096434152099, 0.0 ], [ 6.745180587956257, 47.447295003241571, 0.0 ], [ 6.746402611891315, 47.449322992392567, 0.0 ], [ 6.749488317634971, 47.451553160846139, 0.0 ], [ 6.749384854994457, 47.451991773251123, 0.0 ], [ 6.753196746717255, 47.453356724131815, 0.0 ], [ 6.75303537620329, 47.454390196061411, 0.0 ], [ 6.754288528002747, 47.456646911502339, 0.0 ], [ 6.763377286346588, 47.461466663131489, 0.0 ], [ 6.767719757606055, 47.461594677289945, 0.0 ], [ 6.76989509627313, 47.462292036423122, 0.0 ], [ 6.775046749209704, 47.462021360320058, 0.0 ], [ 6.782726522391564, 47.463732956895853, 0.0 ], [ 6.790162059867338, 47.464428240197016, 0.0 ], [ 6.79771716098207, 47.464333291299283, 0.0 ], [ 6.803881344158865, 47.462507027137839, 0.0 ], [ 6.807611658340375, 47.460788940419725, 0.0 ], [ 6.809321119044507, 47.458910704195297, 0.0 ], [ 6.808104323784143, 47.457217483589545, 0.0 ], [ 6.80509397072091, 47.458273985948843, 0.0 ], [ 6.801613632009512, 47.458384161428505, 0.0 ], [ 6.798631035628572, 47.457700228506631, 0.0 ], [ 6.794927678125082, 47.455658167037583, 0.0 ], [ 6.790775494745063, 47.450652095652259, 0.0 ], [ 6.791190701344005, 47.447829462217889, 0.0 ], [ 6.790308372336439, 47.444393926277939, 0.0 ], [ 6.785932363613476, 47.440655800945954, 0.0 ], [ 6.786035355788155, 47.439351085579375, 0.0 ], [ 6.790076634508639, 47.436393213399811, 0.0 ], [ 6.791387636410135, 47.434348856432983, 0.0 ], [ 6.791464486177578, 47.431364192167443, 0.0 ], [ 6.790620688105447, 47.430326452450039, 0.0 ], [ 6.790158592908454, 47.427213355287563, 0.0 ], [ 6.791609634311684, 47.425480746199376, 0.0 ], [ 6.791662600193408, 47.423659435440896, 0.0 ], [ 6.790651009498, 47.424301653614073, 0.0 ], [ 6.776705512549789, 47.423296416962849, 0.0 ], [ 6.775346093691383, 47.426315499777218, 0.0 ], [ 6.77169074241942, 47.425080504954906, 0.0 ], [ 6.764658832304087, 47.421657584353909, 0.0 ], [ 6.758041119458589, 47.420150372409275, 0.0 ], [ 6.754483756761368, 47.418596268174241, 0.0 ], [ 6.753208566300255, 47.415785108776483, 0.0 ], [ 6.755683685683181, 47.415182464221957, 0.0 ], [ 6.754606165213511, 47.414357514428055, 0.0 ] ] ] } },
{ "type": "Feature", "properties": { "INSEE_COM": "25378", "NOM_COM": "Meslières", "EPCI": "200065647", "code_serm": 2 }, "geometry": { "type": "Polygon", "coordinates": [ [ [ 6.911977024930714, 47.421892077666364, 0.0 ], [ 6.913655401782155, 47.416292589869741, 0.0 ], [ 6.912110880086881, 47.415290060278544, 0.0 ], [ 6.905892800852749, 47.415711877356983, 0.0 ], [ 6.902967590009022, 47.415311718330386, 0.0 ], [ 6.900028820005861, 47.412883127809124, 0.0 ], [ 6.897593370139215, 47.412149149853455, 0.0 ], [ 6.895003983542089, 47.4121638481041, 0.0 ], [ 6.890959734382629, 47.413736861490953, 0.0 ], [ 6.885581621763816, 47.414699085943909, 0.0 ], [ 6.879965401627273, 47.412340563635354, 0.0 ], [ 6.874662505715537, 47.412562523486372, 0.0 ], [ 6.875471436622573, 47.413539581871341, 0.0 ], [ 6.874779247246397, 47.419057759609586, 0.0 ], [ 6.880506664238728, 47.422596210460441, 0.0 ], [ 6.882789377713268, 47.423473547999272, 0.0 ], [ 6.885699813724394, 47.423904458920546, 0.0 ], [ 6.89677153237949, 47.423883576534578, 0.0 ], [ 6.899371549904266, 47.424809448223549, 0.0 ], [ 6.911977024930714, 47.421892077666364, 0.0 ] ] ] } },
{ "type": "Feature", "properties": { "INSEE_COM": "25388", "NOM_COM": "Montbéliard", "EPCI": "200065647", "code_serm": 2 }, "geometry": { "type": "Polygon", "coordinates": [ [ [ 6.789983477335602, 47.496954067792558, 0.0 ], [ 6.789269562100444, 47.498851797748905, 0.0 ], [ 6.783057091560151, 47.501320323382352, 0.0 ], [ 6.781967022941403, 47.507004403048882, 0.0 ], [ 6.780902712562757, 47.507000213601422, 0.0 ], [ 6.779615989441101, 47.509606766702227, 0.0 ], [ 6.775914643683948, 47.511230015999203, 0.0 ], [ 6.770105749691647, 47.512225672437992, 0.0 ], [ 6.765460372412132, 47.517883059245939, 0.0 ], [ 6.768605970629575, 47.524422994665656, 0.0 ], [ 6.768107472313885, 47.52807085334198, 0.0 ], [ 6.766283626491958, 47.531246985598976, 0.0 ], [ 6.762816431429091, 47.532140334785076, 0.0 ], [ 6.754748099500905, 47.531845525135054, 0.0 ], [ 6.753388278047735, 47.532357947240335, 0.0 ], [ 6.752478089593444, 47.533892208497903, 0.0 ], [ 6.752120655767802, 47.536287292734521, 0.0 ], [ 6.750281829583971, 47.537276491192252, 0.0 ], [ 6.747924290187432, 47.536790926929456, 0.0 ], [ 6.745258921906879, 47.538975426587868, 0.0 ], [ 6.7421248781394, 47.542888901512825, 0.0 ], [ 6.749690285423877, 47.542652014061311, 0.0 ], [ 6.756799799969301, 47.541023520640266, 0.0 ], [ 6.758202633875187, 47.541573952469925, 0.0 ], [ 6.759276415910326, 47.541476234341687, 0.0 ], [ 6.763172586514167, 47.540523203331553, 0.0 ], [ 6.767132498825787, 47.538305439852174, 0.0 ], [ 6.769678395130752, 47.537759899400584, 0.0 ], [ 6.778946898607902, 47.537529054636082, 0.0 ], [ 6.780772681163006, 47.536531700059371, 0.0 ], [ 6.784235835091628, 47.53266856277331, 0.0 ], [ 6.784491067694645, 47.529959432736419, 0.0 ], [ 6.786147230579433, 47.527737373662426, 0.0 ], [ 6.789887124688619, 47.5249383392485, 0.0 ], [ 6.791447583739147, 47.523004076499546, 0.0 ], [ 6.795733934941249, 47.522344491673707, 0.0 ], [ 6.801914769246321, 47.520564020348971, 0.0 ], [ 6.804974335924642, 47.523419135430188, 0.0 ], [ 6.800177832101878, 47.526035070735311, 0.0 ], [ 6.799614847969919, 47.527454787835588, 0.0 ], [ 6.79987982803533, 47.529104335698925, 0.0 ], [ 6.801484485854936, 47.530993148772865, 0.0 ], [ 6.807142545938612, 47.530473139903954, 0.0 ], [ 6.808456328690136, 47.531786495720311, 0.0 ], [ 6.809558815053492, 47.531404391228378, 0.0 ], [ 6.810276869621267, 47.530016498803157, 0.0 ], [ 6.817861080646698, 47.522134114942652, 0.0 ], [ 6.818571154427838, 47.517939162257719, 0.0 ], [ 6.81728805081995, 47.51453951874182, 0.0 ], [ 6.819363881718281, 47.510564722544288, 0.0 ], [ 6.820209090444876, 47.509586222463824, 0.0 ], [ 6.824226005651495, 47.508414377835159, 0.0 ], [ 6.820584084854312, 47.50729565923681, 0.0 ], [ 6.819545328284326, 47.506234764798236, 0.0 ], [ 6.821523577841972, 47.502594746012477, 0.0 ], [ 6.822595757613631, 47.495138938504994, 0.0 ], [ 6.824705460731384, 47.492936461602788, 0.0 ], [ 6.822300982049815, 47.491294106560808, 0.0 ], [ 6.819917148891954, 47.490757723955106, 0.0 ], [ 6.817437612833253, 47.491077884660449, 0.0 ], [ 6.815115988104512, 47.492344499372848, 0.0 ], [ 6.810825762157296, 47.492932021523536, 0.0 ], [ 6.809869506221762, 47.492481172368223, 0.0 ], [ 6.808616333709399, 47.493125989472851, 0.0 ], [ 6.805136270936647, 47.492468355528004, 0.0 ], [ 6.798934698925319, 47.492356375348088, 0.0 ], [ 6.792613833919378, 47.493317679251639, 0.0 ], [ 6.789983477335602, 47.496954067792558, 0.0 ] ] ] } },
{ "type": "Feature", "properties": { "INSEE_COM": "25394", "NOM_COM": "Montenois", "EPCI": "200065647", "code_serm": 2 }, "geometry": { "type": "Polygon", "coordinates": [ [ [ 6.655592424223782, 47.506152272391816, 0.0 ], [ 6.662253010627698, 47.505498739491188, 0.0 ], [ 6.664360412922829, 47.504909790060729, 0.0 ], [ 6.668562966189823, 47.500899902996935, 0.0 ], [ 6.670578496668079, 47.499925338112824, 0.0 ], [ 6.674077321477174, 47.501012595736228, 0.0 ], [ 6.676909869099473, 47.498828942519147, 0.0 ], [ 6.679760200769868, 47.494414327477124, 0.0 ], [ 6.685607450168897, 47.489970559783906, 0.0 ], [ 6.685924028447526, 47.489471214516882, 0.0 ], [ 6.682668468820333, 47.488839815689367, 0.0 ], [ 6.680593824987271, 47.487516766241065, 0.0 ], [ 6.679416894409481, 47.486042754735628, 0.0 ], [ 6.680621145108161, 47.483084072559841, 0.0 ], [ 6.680119606495608, 47.481223744952061, 0.0 ], [ 6.678219501745464, 47.478238834466673, 0.0 ], [ 6.668601931738023, 47.479217335185247, 0.0 ], [ 6.660042331512477, 47.47846943255734, 0.0 ], [ 6.655282882445537, 47.48141341823974, 0.0 ], [ 6.652693704441183, 47.484648657515919, 0.0 ], [ 6.649251470911184, 47.486998628504246, 0.0 ], [ 6.645512068376836, 47.491059114149067, 0.0 ], [ 6.644430164970238, 47.491434513428572, 0.0 ], [ 6.635894681534417, 47.49073089323646, 0.0 ], [ 6.632261561738247, 47.490991185941958, 0.0 ], [ 6.628680532514255, 47.490432429361455, 0.0 ], [ 6.631469861203713, 47.498774481639479, 0.0 ], [ 6.635465281120007, 47.505869523696994, 0.0 ], [ 6.637753614608965, 47.50605938520232, 0.0 ], [ 6.640923661426587, 47.504003092701083, 0.0 ], [ 6.645884164264372, 47.50498149454733, 0.0 ], [ 6.651500809254948, 47.504873993279446, 0.0 ], [ 6.655592424223782, 47.506152272391816, 0.0 ] ] ] } },
{ "type": "Feature", "properties": { "INSEE_COM": "25422", "NOM_COM": "Neuchâtel-Urtière", "EPCI": "200065647", "code_serm": 2 }, "geometry": { "type": "Polygon", "coordinates": [ [ [ 6.729867769963823, 47.399111594506657, 0.0 ], [ 6.732920307742734, 47.400536621597745, 0.0 ], [ 6.738338179085336, 47.40106450797434, 0.0 ], [ 6.739307068525059, 47.391973444052866, 0.0 ], [ 6.733555845390824, 47.390476724430087, 0.0 ], [ 6.734481560271314, 47.388011896708569, 0.0 ], [ 6.746840739043211, 47.377751903626667, 0.0 ], [ 6.745117887112497, 47.374001592463181, 0.0 ], [ 6.742447508041296, 47.370945995333393, 0.0 ], [ 6.748224254535113, 47.370120743534812, 0.0 ], [ 6.748071495075355, 47.369624590446918, 0.0 ], [ 6.742946768592371, 47.36574695660525, 0.0 ], [ 6.730079468609221, 47.360707656715228, 0.0 ], [ 6.717934099011006, 47.35869901009999, 0.0 ], [ 6.710213924118033, 47.359467737739912, 0.0 ], [ 6.70979388719, 47.36292378313712, 0.0 ], [ 6.720963492168582, 47.369039858030064, 0.0 ], [ 6.719726472306563, 47.375223945716549, 0.0 ], [ 6.724577042677465, 47.38144999637403, 0.0 ], [ 6.72868006701475, 47.384411337033249, 0.0 ], [ 6.732241009184417, 47.386289577580136, 0.0 ], [ 6.733166191983565, 47.387645919110831, 0.0 ], [ 6.726894009011992, 47.387044305841762, 0.0 ], [ 6.723343669162814, 47.39014834449825, 0.0 ], [ 6.724466942156901, 47.39097750237282, 0.0 ], [ 6.727038549107283, 47.391011298217634, 0.0 ], [ 6.728582760881141, 47.391766534580107, 0.0 ], [ 6.728822667735978, 47.397139948882682, 0.0 ], [ 6.729867769963823, 47.399111594506657, 0.0 ] ] ] } },
{ "type": "Feature", "properties": { "INSEE_COM": "25426", "NOM_COM": "Noirefontaine", "EPCI": "200065647", "code_serm": 2 }, "geometry": { "type": "Polygon", "coordinates": [ [ [ 6.768866673438478, 47.329617594722833, 0.0 ], [ 6.778209116526289, 47.328989366331982, 0.0 ], [ 6.77816404904002, 47.327276635736787, 0.0 ], [ 6.773665433185963, 47.326848005893382, 0.0 ], [ 6.769908848917085, 47.327319790027452, 0.0 ], [ 6.765230299199924, 47.328556790078977, 0.0 ], [ 6.761974678269843, 47.329993519276861, 0.0 ], [ 6.760089692915983, 47.332225717004285, 0.0 ], [ 6.755676418752332, 47.335442763969326, 0.0 ], [ 6.755767714625416, 47.336746615684355, 0.0 ], [ 6.760249374529644, 47.341633172960726, 0.0 ], [ 6.760258936379564, 47.342525997585092, 0.0 ], [ 6.758106134599998, 47.344728055844136, 0.0 ], [ 6.757365396528912, 47.346513962703263, 0.0 ], [ 6.759264772190249, 47.348810124331642, 0.0 ], [ 6.760242334702095, 47.351045091294857, 0.0 ], [ 6.758931316306469, 47.357730585135506, 0.0 ], [ 6.756982087132101, 47.359951231339863, 0.0 ], [ 6.756540490339401, 47.362735016352474, 0.0 ], [ 6.757015271077305, 47.365213375140314, 0.0 ], [ 6.767002757398522, 47.364104859226515, 0.0 ], [ 6.772129352208956, 47.361048160629693, 0.0 ], [ 6.771648088226318, 47.358713346277931, 0.0 ], [ 6.770370282048907, 47.358271776637963, 0.0 ], [ 6.769738783286236, 47.358967311923337, 0.0 ], [ 6.77024518494249, 47.359001340426509, 0.0 ], [ 6.769896078075522, 47.360072538013512, 0.0 ], [ 6.768273336849933, 47.359799860484685, 0.0 ], [ 6.766193048498277, 47.35875341466798, 0.0 ], [ 6.76372877675201, 47.352519211861228, 0.0 ], [ 6.764153665330232, 47.351241893650297, 0.0 ], [ 6.76604146167389, 47.352365810941095, 0.0 ], [ 6.77149187386627, 47.351816673775488, 0.0 ], [ 6.774331769763598, 47.352917641636338, 0.0 ], [ 6.776814959716233, 47.352812558004395, 0.0 ], [ 6.77537128980371, 47.350692004232513, 0.0 ], [ 6.772242930900429, 47.348015139048165, 0.0 ], [ 6.767574070109377, 47.346810372124963, 0.0 ], [ 6.76820961394552, 47.345815495461714, 0.0 ], [ 6.774522626862459, 47.342930982502438, 0.0 ], [ 6.775401558684078, 47.341440566422214, 0.0 ], [ 6.771083983610219, 47.338417516065874, 0.0 ], [ 6.769522004476902, 47.337679656752918, 0.0 ], [ 6.768089852816255, 47.337694614366754, 0.0 ], [ 6.764864850079712, 47.335853465121886, 0.0 ], [ 6.764509370850615, 47.334188669059273, 0.0 ], [ 6.765374852383514, 47.332410363303914, 0.0 ], [ 6.768866673438478, 47.329617594722833, 0.0 ] ] ] } },
{ "type": "Feature", "properties": { "INSEE_COM": "25428", "NOM_COM": "Nommay", "EPCI": "200065647", "code_serm": 2 }, "geometry": { "type": "Polygon", "coordinates": [ [ [ 6.848028998888172, 47.526794723297172, 0.0 ], [ 6.847106397133336, 47.529578414136218, 0.0 ], [ 6.8435306009739, 47.531219497284454, 0.0 ], [ 6.840484725616936, 47.533330549845367, 0.0 ], [ 6.83568043122671, 47.537903836436108, 0.0 ], [ 6.834770016021396, 47.541295298949954, 0.0 ], [ 6.832520944731784, 47.54352407037716, 0.0 ], [ 6.830637430049223, 47.546435598926678, 0.0 ], [ 6.83619225447921, 47.548146296156936, 0.0 ], [ 6.84421310779324, 47.547513392437956, 0.0 ], [ 6.850327587306744, 47.548245182687644, 0.0 ], [ 6.860213034907784, 47.547701857288189, 0.0 ], [ 6.859617200478172, 47.545221620008014, 0.0 ], [ 6.856991375981745, 47.540856555075614, 0.0 ], [ 6.857336854319316, 47.536424644143857, 0.0 ], [ 6.856891283912498, 47.533865512627109, 0.0 ], [ 6.853899547080514, 47.533364304994805, 0.0 ], [ 6.853105161259206, 47.531593551030333, 0.0 ], [ 6.853179310829775, 47.529263249063554, 0.0 ], [ 6.851872874496975, 47.526220677344526, 0.0 ], [ 6.85114435197779, 47.525970794208796, 0.0 ], [ 6.848028998888172, 47.526794723297172, 0.0 ] ] ] } },
{ "type": "Feature", "properties": { "INSEE_COM": "25452", "NOM_COM": "Pierrefontaine-lès-Blamont", "EPCI": "200065647", "code_serm": 2 }, "geometry": { "type": "Polygon", "coordinates": [ [ [ 6.788345105641707, 47.371079339117706, 0.0 ], [ 6.787789034199427, 47.375694743578265, 0.0 ], [ 6.788778287788436, 47.376194216301634, 0.0 ], [ 6.796846054234396, 47.376787871473894, 0.0 ], [ 6.799570518995447, 47.377618964008597, 0.0 ], [ 6.804907269736463, 47.377753405790365, 0.0 ], [ 6.8161364737899, 47.379060482231566, 0.0 ], [ 6.820071066013747, 47.381374481101574, 0.0 ], [ 6.823036975243588, 47.382381860698047, 0.0 ], [ 6.826481565367088, 47.379089681468393, 0.0 ], [ 6.832209424156895, 47.378491679747967, 0.0 ], [ 6.840821429119719, 47.38192499977022, 0.0 ], [ 6.844777177717307, 47.382628724651063, 0.0 ], [ 6.851324848873565, 47.380639014082824, 0.0 ], [ 6.852664182201965, 47.375938576789679, 0.0 ], [ 6.853478252962662, 47.375708783139693, 0.0 ], [ 6.853581715116108, 47.37487797187098, 0.0 ], [ 6.85569607455518, 47.3752205918261, 0.0 ], [ 6.856704190859578, 47.373963175914419, 0.0 ], [ 6.857268286467606, 47.367882381859168, 0.0 ], [ 6.856270768769902, 47.366685249908635, 0.0 ], [ 6.85443666374577, 47.366637984095803, 0.0 ], [ 6.851524426264713, 47.365672889740644, 0.0 ], [ 6.844776366407283, 47.36277174734392, 0.0 ], [ 6.845500198555058, 47.36076855797296, 0.0 ], [ 6.826541505790737, 47.361215502420166, 0.0 ], [ 6.820471879026164, 47.361999379352731, 0.0 ], [ 6.809400316287316, 47.365139900562504, 0.0 ], [ 6.797832295805589, 47.365578267761549, 0.0 ], [ 6.793022105730283, 47.366250090054173, 0.0 ], [ 6.791320173061297, 47.367000530059244, 0.0 ], [ 6.79124867123433, 47.369140634961077, 0.0 ], [ 6.788345105641707, 47.371079339117706, 0.0 ] ] ] } },
{ "type": "Feature", "properties": { "INSEE_COM": "25463", "NOM_COM": "Pont-de-Roide-Vermondans", "EPCI": "200065647", "code_serm": 2 }, "geometry": { "type": "Polygon", "coordinates": [ [ [ 6.765246544159687, 47.404917312414582, 0.0 ], [ 6.766721104297407, 47.403799777611944, 0.0 ], [ 6.768321272788278, 47.399203919328087, 0.0 ], [ 6.77192976405192, 47.395859543907463, 0.0 ], [ 6.774531901791627, 47.394908963464751, 0.0 ], [ 6.776006032082922, 47.395166587200748, 0.0 ], [ 6.776056801228155, 47.39266671712442, 0.0 ], [ 6.777368104691813, 47.3898248568984, 0.0 ], [ 6.779508698730455, 47.388262794269004, 0.0 ], [ 6.785043355498914, 47.386676679769046, 0.0 ], [ 6.784816439153045, 47.38359551548411, 0.0 ], [ 6.78680187931762, 47.37931839657017, 0.0 ], [ 6.788345105641707, 47.371079339117706, 0.0 ], [ 6.79124867123433, 47.369140634961077, 0.0 ], [ 6.791320173061297, 47.367000530059244, 0.0 ], [ 6.793022105730283, 47.366250090054173, 0.0 ], [ 6.797832295805589, 47.365578267761549, 0.0 ], [ 6.796987117981612, 47.36340323227742, 0.0 ], [ 6.776818519625228, 47.362070068399802, 0.0 ], [ 6.770275106771525, 47.364160889015295, 0.0 ], [ 6.767002757398522, 47.364104859226515, 0.0 ], [ 6.757015271077305, 47.365213375140314, 0.0 ], [ 6.755871716750816, 47.367729658455602, 0.0 ], [ 6.758844471444214, 47.370302037801828, 0.0 ], [ 6.762335890617785, 47.37492948570771, 0.0 ], [ 6.764713459235496, 47.377027129544736, 0.0 ], [ 6.763767272149611, 47.378554740531278, 0.0 ], [ 6.759770992179787, 47.37834799535846, 0.0 ], [ 6.758057870231877, 47.378969403054299, 0.0 ], [ 6.754958707027988, 47.378310789528925, 0.0 ], [ 6.752466267403788, 47.377239562411781, 0.0 ], [ 6.751523114668711, 47.373640781962678, 0.0 ], [ 6.748224254535113, 47.370120743534812, 0.0 ], [ 6.742447508041296, 47.370945995333393, 0.0 ], [ 6.745117887112497, 47.374001592463181, 0.0 ], [ 6.746840739043211, 47.377751903626667, 0.0 ], [ 6.734481560271314, 47.388011896708569, 0.0 ], [ 6.733555845390824, 47.390476724430087, 0.0 ], [ 6.739307068525059, 47.391973444052866, 0.0 ], [ 6.738338179085336, 47.40106450797434, 0.0 ], [ 6.738963117516526, 47.403571397170431, 0.0 ], [ 6.747258358151639, 47.408147349361712, 0.0 ], [ 6.752032677930981, 47.412247957843149, 0.0 ], [ 6.755137132921438, 47.412348678657466, 0.0 ], [ 6.755326243333879, 47.410577087963368, 0.0 ], [ 6.756368024155809, 47.409814340817313, 0.0 ], [ 6.759314581699197, 47.409577585767181, 0.0 ], [ 6.763545656899984, 47.407934720887944, 0.0 ], [ 6.765246544159687, 47.404917312414582, 0.0 ] ] ] } },
{ "type": "Feature", "properties": { "INSEE_COM": "25469", "NOM_COM": "Présentevillers", "EPCI": "200065647", "code_serm": 2 }, "geometry": { "type": "Polygon", "coordinates": [ [ [ 6.745037868938302, 47.496481768914563, 0.0 ], [ 6.745695065370811, 47.494037366340834, 0.0 ], [ 6.749070179613084, 47.493569156460573, 0.0 ], [ 6.748935116988011, 47.493140940390276, 0.0 ], [ 6.742026565687175, 47.493410968663227, 0.0 ], [ 6.732341450154934, 47.492839626316723, 0.0 ], [ 6.724223713507771, 47.493311369099445, 0.0 ], [ 6.718282431212653, 47.494145607051522, 0.0 ], [ 6.713130490854579, 47.493730590834964, 0.0 ], [ 6.714952557701555, 47.495096295101142, 0.0 ], [ 6.715064152922643, 47.496664354879286, 0.0 ], [ 6.71188337785685, 47.505187097472486, 0.0 ], [ 6.714160440648619, 47.512446268669841, 0.0 ], [ 6.724246932693017, 47.512088111319073, 0.0 ], [ 6.728908571045298, 47.509012879987779, 0.0 ], [ 6.735165435169476, 47.506563057820891, 0.0 ], [ 6.737211306731684, 47.503733538994879, 0.0 ], [ 6.741199016015184, 47.502146491046041, 0.0 ], [ 6.74258538781749, 47.498754987076907, 0.0 ], [ 6.745037868938302, 47.496481768914563, 0.0 ] ] ] } },
{ "type": "Feature", "properties": { "INSEE_COM": "25481", "NOM_COM": "Raynans", "EPCI": "200065647", "code_serm": 2 }, "geometry": { "type": "Polygon", "coordinates": [ [ [ 6.701282365969213, 47.525162239875293, 0.0 ], [ 6.704150471007445, 47.528076376698728, 0.0 ], [ 6.703751665956095, 47.532669539148465, 0.0 ], [ 6.704950619500137, 47.533400088712007, 0.0 ], [ 6.708709413028625, 47.538573784313691, 0.0 ], [ 6.708817946226833, 47.539581405043513, 0.0 ], [ 6.707152049982088, 47.540812200448379, 0.0 ], [ 6.7089957613508, 47.543274005909765, 0.0 ], [ 6.712957850948575, 47.543141524193885, 0.0 ], [ 6.71675005401581, 47.544125430097807, 0.0 ], [ 6.720934119521453, 47.545879796175562, 0.0 ], [ 6.722095853642137, 47.545934613481691, 0.0 ], [ 6.723724882142223, 47.545017476165903, 0.0 ], [ 6.727291202048054, 47.544456496806966, 0.0 ], [ 6.739799471268586, 47.543967436939646, 0.0 ], [ 6.742607510492403, 47.542502126549245, 0.0 ], [ 6.745258921906879, 47.538975426587868, 0.0 ], [ 6.747924290187432, 47.536790926929456, 0.0 ], [ 6.727363534762512, 47.534524451412572, 0.0 ], [ 6.726539514471971, 47.534157008309997, 0.0 ], [ 6.726384136173477, 47.532806650602978, 0.0 ], [ 6.724963213318519, 47.530785755402981, 0.0 ], [ 6.717791686471781, 47.528225784182716, 0.0 ], [ 6.712251056211493, 47.527950997313035, 0.0 ], [ 6.704599928091818, 47.526729299750151, 0.0 ], [ 6.703394694621863, 47.525483496968022, 0.0 ], [ 6.702185790231741, 47.522762633513025, 0.0 ], [ 6.701090446563773, 47.522102662030456, 0.0 ], [ 6.700207228237827, 47.522354203857233, 0.0 ], [ 6.701341411065216, 47.52418983725704, 0.0 ], [ 6.701282365969213, 47.525162239875293, 0.0 ] ] ] } },
{ "type": "Feature", "properties": { "INSEE_COM": "25485", "NOM_COM": "Rémondans-Vaivre", "EPCI": "200065647", "code_serm": 2 }, "geometry": { "type": "Polygon", "coordinates": [ [ [ 6.723852009208811, 47.399028751988197, 0.0 ], [ 6.727659410893571, 47.401099316260613, 0.0 ], [ 6.738963117516526, 47.403571397170431, 0.0 ], [ 6.738338179085336, 47.40106450797434, 0.0 ], [ 6.732920307742734, 47.400536621597745, 0.0 ], [ 6.730632013725788, 47.399774683730818, 0.0 ], [ 6.728822667735978, 47.397139948882682, 0.0 ], [ 6.728445024854319, 47.391579898082341, 0.0 ], [ 6.727038549107283, 47.391011298217634, 0.0 ], [ 6.724466942156901, 47.39097750237282, 0.0 ], [ 6.723343669162814, 47.39014834449825, 0.0 ], [ 6.726894009011992, 47.387044305841762, 0.0 ], [ 6.733166191983565, 47.387645919110831, 0.0 ], [ 6.732241009184417, 47.386289577580136, 0.0 ], [ 6.72868006701475, 47.384411337033249, 0.0 ], [ 6.724577042677465, 47.38144999637403, 0.0 ], [ 6.719726472306563, 47.375223945716549, 0.0 ], [ 6.719960535192508, 47.372574999453214, 0.0 ], [ 6.721211100872844, 47.369453693058048, 0.0 ], [ 6.720705447055988, 47.368685836974521, 0.0 ], [ 6.70979388719, 47.36292378313712, 0.0 ], [ 6.710213924118033, 47.359467737739912, 0.0 ], [ 6.706228799945311, 47.359512085793561, 0.0 ], [ 6.697682839063062, 47.358329981382276, 0.0 ], [ 6.697818629952318, 47.359529667629545, 0.0 ], [ 6.695873276575915, 47.36259350768907, 0.0 ], [ 6.69065339075253, 47.363566989182495, 0.0 ], [ 6.685937340309391, 47.363517602875149, 0.0 ], [ 6.684070722237506, 47.364071589082435, 0.0 ], [ 6.686086710421845, 47.366596757075399, 0.0 ], [ 6.686552519925729, 47.367795883260364, 0.0 ], [ 6.685925808770462, 47.368539434360905, 0.0 ], [ 6.686158403050703, 47.37008931765331, 0.0 ], [ 6.689022526409476, 47.37471704292237, 0.0 ], [ 6.694529667110889, 47.376355220242893, 0.0 ], [ 6.695386979815414, 47.37830247229693, 0.0 ], [ 6.689769151829747, 47.382190356591842, 0.0 ], [ 6.68923034498908, 47.384906535591988, 0.0 ], [ 6.689712272018816, 47.386355665897817, 0.0 ], [ 6.691201693524491, 47.386730113075323, 0.0 ], [ 6.692074310438629, 47.385720988845861, 0.0 ], [ 6.694716169530502, 47.386047047365153, 0.0 ], [ 6.699103563286164, 47.387688202075857, 0.0 ], [ 6.694876930207045, 47.38849408008992, 0.0 ], [ 6.693802412144383, 47.389731336206836, 0.0 ], [ 6.695403480904997, 47.392030733120947, 0.0 ], [ 6.701313744136042, 47.390964852852974, 0.0 ], [ 6.713762155690032, 47.394302216231303, 0.0 ], [ 6.71574139348868, 47.396336937613363, 0.0 ], [ 6.713759376207217, 47.397804365395103, 0.0 ], [ 6.715456157889305, 47.398137642950587, 0.0 ], [ 6.720845103991807, 47.398026501606971, 0.0 ], [ 6.723852009208811, 47.399028751988197, 0.0 ] ] ] } },
{ "type": "Feature", "properties": { "INSEE_COM": "25497", "NOM_COM": "Roches-lès-Blamont", "EPCI": "200065647", "code_serm": 2 }, "geometry": { "type": "Polygon", "coordinates": [ [ [ 6.83727665767848, 47.400598366029598, 0.0 ], [ 6.835515120315643, 47.40145053334475, 0.0 ], [ 6.833292196007466, 47.401680699423395, 0.0 ], [ 6.832044980792002, 47.403878550904913, 0.0 ], [ 6.834265015046429, 47.408595529095393, 0.0 ], [ 6.83738666138658, 47.411584731562165, 0.0 ], [ 6.838751591538813, 47.415068095843104, 0.0 ], [ 6.839841598800398, 47.41512221994811, 0.0 ], [ 6.842724274504641, 47.418268795950716, 0.0 ], [ 6.848180912659754, 47.41868132110131, 0.0 ], [ 6.848981499638669, 47.418365510429076, 0.0 ], [ 6.852111363660622, 47.419437087534305, 0.0 ], [ 6.860854912428915, 47.419979798621306, 0.0 ], [ 6.867140347321134, 47.422798254552845, 0.0 ], [ 6.869825192489972, 47.421966264533374, 0.0 ], [ 6.873263284653562, 47.420166379695715, 0.0 ], [ 6.873915440893024, 47.418754878737097, 0.0 ], [ 6.874896873910996, 47.418095779603036, 0.0 ], [ 6.875471436622573, 47.413539581871341, 0.0 ], [ 6.871823228165586, 47.409561240575634, 0.0 ], [ 6.87102706633847, 47.405654570441541, 0.0 ], [ 6.858377704312183, 47.402646759601296, 0.0 ], [ 6.857148102438147, 47.404043094902065, 0.0 ], [ 6.854989933138867, 47.403476602551159, 0.0 ], [ 6.847428341319618, 47.399279417641814, 0.0 ], [ 6.838334974736756, 47.398824872896483, 0.0 ], [ 6.83727665767848, 47.400598366029598, 0.0 ] ] ] } },
{ "type": "Feature", "properties": { "INSEE_COM": "25521", "NOM_COM": "Saint-Julien-lès-Montbéliard", "EPCI": "200065647", "code_serm": 2 }, "geometry": { "type": "Polygon", "coordinates": [ [ [ 6.69438505494298, 47.522094741405134, 0.0 ], [ 6.701282365969213, 47.525162239875293, 0.0 ], [ 6.701341411065216, 47.52418983725704, 0.0 ], [ 6.700207228237827, 47.522354203857233, 0.0 ], [ 6.701090446563773, 47.522102662030456, 0.0 ], [ 6.702185790231741, 47.522762633513025, 0.0 ], [ 6.703394694621863, 47.525483496968022, 0.0 ], [ 6.704599928091818, 47.526729299750151, 0.0 ], [ 6.712251056211493, 47.527950997313035, 0.0 ], [ 6.717791686471781, 47.528225784182716, 0.0 ], [ 6.719409087604622, 47.525752773268394, 0.0 ], [ 6.723578343675643, 47.522482673706534, 0.0 ], [ 6.725471149341742, 47.517535194874895, 0.0 ], [ 6.725599686510114, 47.515428687773088, 0.0 ], [ 6.726923388650195, 47.513904835618071, 0.0 ], [ 6.723296786614074, 47.513074617980109, 0.0 ], [ 6.722254954768511, 47.512343740578245, 0.0 ], [ 6.715194730914404, 47.512342989235556, 0.0 ], [ 6.703118812517594, 47.513398940229727, 0.0 ], [ 6.699285054805278, 47.514162388124717, 0.0 ], [ 6.692210567253885, 47.514207549116293, 0.0 ], [ 6.688547947590751, 47.51500576250681, 0.0 ], [ 6.685622030747234, 47.515976093287378, 0.0 ], [ 6.685344031912967, 47.516477810214411, 0.0 ], [ 6.684331966033239, 47.515940312426785, 0.0 ], [ 6.681712555072871, 47.520280987268272, 0.0 ], [ 6.69438505494298, 47.522094741405134, 0.0 ] ] ] } },
{ "type": "Feature", "properties": { "INSEE_COM": "25523", "NOM_COM": "Sainte-Marie", "EPCI": "200065647", "code_serm": 2 }, "geometry": { "type": "Polygon", "coordinates": [ [ [ 6.675370369517379, 47.507404081782617, 0.0 ], [ 6.681066651859657, 47.513896159388302, 0.0 ], [ 6.685344031912967, 47.516477810214411, 0.0 ], [ 6.685622030747234, 47.515976093287378, 0.0 ], [ 6.688547947590751, 47.51500576250681, 0.0 ], [ 6.692210567253885, 47.514207549116293, 0.0 ], [ 6.699285054805278, 47.514162388124717, 0.0 ], [ 6.703118812517594, 47.513398940229727, 0.0 ], [ 6.714160440648619, 47.512446268669841, 0.0 ], [ 6.71188337785685, 47.505187097472486, 0.0 ], [ 6.715064152922643, 47.496664354879286, 0.0 ], [ 6.714679600473604, 47.49474634330408, 0.0 ], [ 6.713130490854579, 47.493730590834964, 0.0 ], [ 6.710388725537348, 47.493154752646767, 0.0 ], [ 6.706834581957539, 47.491273713762482, 0.0 ], [ 6.700779372387471, 47.489577544472077, 0.0 ], [ 6.692831756293704, 47.484401398695738, 0.0 ], [ 6.679760200769868, 47.494414327477124, 0.0 ], [ 6.676909869099473, 47.498828942519147, 0.0 ], [ 6.67393248515434, 47.501188381308651, 0.0 ], [ 6.675960064913841, 47.503078950761754, 0.0 ], [ 6.675370369517379, 47.507404081782617, 0.0 ] ] ] } },
{ "type": "Feature", "properties": { "INSEE_COM": "25524", "NOM_COM": "Saint-Maurice-Colombier", "EPCI": "200065647", "code_serm": 2 }, "geometry": { "type": "Polygon", "coordinates": [ [ [ 6.674880772321193, 47.423000693821884, 0.0 ], [ 6.672692942416542, 47.419619256607263, 0.0 ], [ 6.673287261995275, 47.415004517657984, 0.0 ], [ 6.672065429338009, 47.409731621239885, 0.0 ], [ 6.661373063321891, 47.407489777839309, 0.0 ], [ 6.659058797534081, 47.407559952275683, 0.0 ], [ 6.658136324421092, 47.410613296357241, 0.0 ], [ 6.654913784884213, 47.416343318756283, 0.0 ], [ 6.65479734044288, 47.418781010617607, 0.0 ], [ 6.644385091617327, 47.423557764848383, 0.0 ], [ 6.641498940778408, 47.421320523677764, 0.0 ], [ 6.640611165522636, 47.418300634562023, 0.0 ], [ 6.635501480908368, 47.417058345853256, 0.0 ], [ 6.633603545960761, 47.416206621726822, 0.0 ], [ 6.632938234729524, 47.415108188617857, 0.0 ], [ 6.631636569859336, 47.415608445290751, 0.0 ], [ 6.626897766801118, 47.418071427911798, 0.0 ], [ 6.621318480125003, 47.423505308177788, 0.0 ], [ 6.623896689296235, 47.42569675243935, 0.0 ], [ 6.62421384863113, 47.427557632474667, 0.0 ], [ 6.628092278875627, 47.429746305647321, 0.0 ], [ 6.629786076354623, 47.431694878950211, 0.0 ], [ 6.629993688557643, 47.432700378707629, 0.0 ], [ 6.629297948650565, 47.43509299127448, 0.0 ], [ 6.625789162487081, 47.439879334530282, 0.0 ], [ 6.620776872337624, 47.44338138437562, 0.0 ], [ 6.62044665561571, 47.44466586161726, 0.0 ], [ 6.621398697866387, 47.446211400016416, 0.0 ], [ 6.624026590844835, 47.447825483722625, 0.0 ], [ 6.627989082635405, 47.448822072490827, 0.0 ], [ 6.640577687520483, 47.449058665899393, 0.0 ], [ 6.646676537835778, 47.449836359161218, 0.0 ], [ 6.655389841914021, 47.451699497708972, 0.0 ], [ 6.663597685395066, 47.451817074727593, 0.0 ], [ 6.663843864743832, 47.445127284680737, 0.0 ], [ 6.664804842566055, 47.442884678308204, 0.0 ], [ 6.671641220031454, 47.442043665821373, 0.0 ], [ 6.670853384799835, 47.440395083389539, 0.0 ], [ 6.671573395907625, 47.439544190728796, 0.0 ], [ 6.673923148603082, 47.438635512287902, 0.0 ], [ 6.674216024466205, 47.436284141629649, 0.0 ], [ 6.673575719285879, 47.433998296231714, 0.0 ], [ 6.676109771028104, 47.433630746916705, 0.0 ], [ 6.676321331034123, 47.433230250191208, 0.0 ], [ 6.67637605366057, 47.432344477895903, 0.0 ], [ 6.67417226159361, 47.429550230650563, 0.0 ], [ 6.673939619580709, 47.425288761306902, 0.0 ], [ 6.674880772321193, 47.423000693821884, 0.0 ] ] ] } },
{ "type": "Feature", "properties": { "INSEE_COM": "25526", "NOM_COM": "Sainte-Suzanne", "EPCI": "200065647", "code_serm": 2 }, "geometry": { "type": "Polygon", "coordinates": [ [ [ 6.765298441148818, 47.503932630414802, 0.0 ], [ 6.758479311432124, 47.504037585648454, 0.0 ], [ 6.758321660712834, 47.510497806093049, 0.0 ], [ 6.757721452949537, 47.511666173034143, 0.0 ], [ 6.761983748316657, 47.512544191920213, 0.0 ], [ 6.765569472111039, 47.513880106887733, 0.0 ], [ 6.765460372412132, 47.517883059245939, 0.0 ], [ 6.770105749691647, 47.512225672437992, 0.0 ], [ 6.775914643683948, 47.511230015999203, 0.0 ], [ 6.778641080266167, 47.510322405314319, 0.0 ], [ 6.779629848048776, 47.509501779122303, 0.0 ], [ 6.77546497545904, 47.507405544139893, 0.0 ], [ 6.774977988815914, 47.503842718766172, 0.0 ], [ 6.772986792487836, 47.501445212606981, 0.0 ], [ 6.773011893455144, 47.499784410904908, 0.0 ], [ 6.772181291464829, 47.499716699174407, 0.0 ], [ 6.766255341966786, 47.501714511593292, 0.0 ], [ 6.765298441148818, 47.503932630414802, 0.0 ] ] ] } },
{ "type": "Feature", "properties": { "INSEE_COM": "25539", "NOM_COM": "Seloncourt", "EPCI": "200065647", "code_serm": 2 }, "geometry": { "type": "Polygon", "coordinates": [ [ [ 6.874197829830949, 47.45219074530182, 0.0 ], [ 6.874054805177837, 47.449737759556051, 0.0 ], [ 6.875284585155281, 47.446426997608896, 0.0 ], [ 6.876900131050018, 47.444262386154271, 0.0 ], [ 6.875410108980497, 47.44232564929105, 0.0 ], [ 6.86919974509121, 47.438139656957176, 0.0 ], [ 6.86620500613549, 47.439455967767202, 0.0 ], [ 6.858068627222021, 47.438480636964698, 0.0 ], [ 6.856229359831089, 47.443632853802399, 0.0 ], [ 6.854152111804424, 47.445448345071, 0.0 ], [ 6.853418684678677, 47.446923667958252, 0.0 ], [ 6.852702174747911, 47.449520484454673, 0.0 ], [ 6.852834086395436, 47.452201849159266, 0.0 ], [ 6.852182472979938, 47.453394156368887, 0.0 ], [ 6.848030032860769, 47.452745703967274, 0.0 ], [ 6.846476155388928, 47.454659976820231, 0.0 ], [ 6.845390384551401, 47.458633419589553, 0.0 ], [ 6.843360529644874, 47.460122660060968, 0.0 ], [ 6.842261318519879, 47.462248048882195, 0.0 ], [ 6.84425269258498, 47.46323672170702, 0.0 ], [ 6.844305211540413, 47.465909874353486, 0.0 ], [ 6.849152597047363, 47.471142656885412, 0.0 ], [ 6.849685372849405, 47.471398108789835, 0.0 ], [ 6.85245995150477, 47.470003084759533, 0.0 ], [ 6.854714929452409, 47.471507388324468, 0.0 ], [ 6.857689669662577, 47.472226239473777, 0.0 ], [ 6.859232363867202, 47.472108394559932, 0.0 ], [ 6.859779031042915, 47.473421406181629, 0.0 ], [ 6.874362469382767, 47.469202871355876, 0.0 ], [ 6.876693897842202, 47.469332508452752, 0.0 ], [ 6.87905866843134, 47.470068436830566, 0.0 ], [ 6.882261632239402, 47.464165595942731, 0.0 ], [ 6.881840348438009, 47.461308224448601, 0.0 ], [ 6.882553303550517, 47.45880775515743, 0.0 ], [ 6.885346169743695, 47.453493461076384, 0.0 ], [ 6.88806801614915, 47.45101324321196, 0.0 ], [ 6.884960601331726, 47.451220717206965, 0.0 ], [ 6.881193543776619, 47.450650694075215, 0.0 ], [ 6.87764086963707, 47.452524850331208, 0.0 ], [ 6.877032454405849, 47.453480644385735, 0.0 ], [ 6.874197829830949, 47.45219074530182, 0.0 ] ] ] } },
{ "type": "Feature", "properties": { "INSEE_COM": "25540", "NOM_COM": "Semondans", "EPCI": "200065647", "code_serm": 2 }, "geometry": { "type": "Polygon", "coordinates": [ [ [ 6.708735579706916, 47.539698470959884, 0.0 ], [ 6.708398225657847, 47.538001554249313, 0.0 ], [ 6.704950619500137, 47.533400088712007, 0.0 ], [ 6.703751665956095, 47.532669539148465, 0.0 ], [ 6.703604356402204, 47.533116679984779, 0.0 ], [ 6.700410070453295, 47.533642610540753, 0.0 ], [ 6.688953966290227, 47.533244440819026, 0.0 ], [ 6.686225838102627, 47.533875067534119, 0.0 ], [ 6.685031210464539, 47.537564217090939, 0.0 ], [ 6.678318988784878, 47.54223954856122, 0.0 ], [ 6.676321553727577, 47.544794169999513, 0.0 ], [ 6.675952813415584, 47.550460300093143, 0.0 ], [ 6.688672249309282, 47.545567242250215, 0.0 ], [ 6.699567294260438, 47.544628936664282, 0.0 ], [ 6.703788453251282, 47.545064368611655, 0.0 ], [ 6.706846244402836, 47.543520825702871, 0.0 ], [ 6.7089957613508, 47.543274005909765, 0.0 ], [ 6.707152049982088, 47.540812200448379, 0.0 ], [ 6.708735579706916, 47.539698470959884, 0.0 ] ] ] } },
{ "type": "Feature", "properties": { "INSEE_COM": "25547", "NOM_COM": "Sochaux", "EPCI": "200065647", "code_serm": 2 }, "geometry": { "type": "Polygon", "coordinates": [ [ [ 6.820209090444876, 47.509586222463824, 0.0 ], [ 6.81728805081995, 47.51453951874182, 0.0 ], [ 6.81855604125859, 47.519422140352916, 0.0 ], [ 6.82389430902839, 47.51876485712863, 0.0 ], [ 6.829099060667218, 47.519829422539829, 0.0 ], [ 6.832874688721618, 47.521443675093217, 0.0 ], [ 6.83310245153005, 47.520705296829647, 0.0 ], [ 6.838971311974973, 47.519655854402721, 0.0 ], [ 6.84378728367478, 47.515400975221105, 0.0 ], [ 6.843064775245698, 47.513307851502496, 0.0 ], [ 6.841558453785414, 47.511616391178308, 0.0 ], [ 6.833261310780693, 47.508173177493433, 0.0 ], [ 6.830173785451934, 47.50785210226104, 0.0 ], [ 6.824226005651495, 47.508414377835159, 0.0 ], [ 6.820209090444876, 47.509586222463824, 0.0 ] ] ] } },
{ "type": "Feature", "properties": { "INSEE_COM": "25548", "NOM_COM": "Solemont", "EPCI": "200065647", "code_serm": 2 }, "geometry": { "type": "Polygon", "coordinates": [ [ [ 6.728613238119054, 47.354100117880087, 0.0 ], [ 6.724067430537436, 47.348128509000659, 0.0 ], [ 6.722289171717239, 47.337792613989308, 0.0 ], [ 6.720906946512958, 47.33717002394112, 0.0 ], [ 6.720037801486487, 47.334368032190881, 0.0 ], [ 6.716469621999689, 47.332022896609772, 0.0 ], [ 6.713215206364969, 47.330988815991901, 0.0 ], [ 6.705414432952252, 47.330053927768574, 0.0 ], [ 6.701914782142119, 47.330186337309307, 0.0 ], [ 6.695241295369338, 47.329254465895744, 0.0 ], [ 6.687406906038183, 47.330289503605869, 0.0 ], [ 6.682431324265748, 47.331920053347012, 0.0 ], [ 6.678724361219703, 47.33117695651584, 0.0 ], [ 6.676406343968963, 47.332633754632703, 0.0 ], [ 6.680293169670147, 47.334934815805099, 0.0 ], [ 6.68613040821343, 47.335691346307421, 0.0 ], [ 6.687731027052899, 47.336354260967752, 0.0 ], [ 6.691714402733975, 47.34160695844907, 0.0 ], [ 6.694666961346431, 47.34395349975955, 0.0 ], [ 6.692250371556874, 47.34654205107546, 0.0 ], [ 6.691147748019295, 47.349286138820268, 0.0 ], [ 6.692032054192742, 47.352827695440233, 0.0 ], [ 6.69115517772532, 47.35721559675126, 0.0 ], [ 6.694332451375113, 47.35801846217791, 0.0 ], [ 6.70687340196557, 47.359569915876385, 0.0 ], [ 6.717934099011006, 47.35869901009999, 0.0 ], [ 6.725390262884053, 47.36006961834083, 0.0 ], [ 6.728613238119054, 47.354100117880087, 0.0 ] ] ] } },
{ "type": "Feature", "properties": { "INSEE_COM": "25555", "NOM_COM": "Taillecourt", "EPCI": "200065647", "code_serm": 2 }, "geometry": { "type": "Polygon", "coordinates": [ [ [ 6.855282611687662, 47.491816083502329, 0.0 ], [ 6.848039326347951, 47.491606927380431, 0.0 ], [ 6.839962721837834, 47.492531522813792, 0.0 ], [ 6.840597768571323, 47.498152257604531, 0.0 ], [ 6.85020995780617, 47.498946893943355, 0.0 ], [ 6.853449083678022, 47.499678778736417, 0.0 ], [ 6.854731340583882, 47.501582094553953, 0.0 ], [ 6.865464386278645, 47.497760990457266, 0.0 ], [ 6.864363856115534, 47.487777518408095, 0.0 ], [ 6.862746263411561, 47.487711344024177, 0.0 ], [ 6.860562793429771, 47.486713106300272, 0.0 ], [ 6.858089426200234, 47.486358011786457, 0.0 ], [ 6.855833242616961, 47.488535364106248, 0.0 ], [ 6.855282611687662, 47.491816083502329, 0.0 ] ] ] } },
{ "type": "Feature", "properties": { "INSEE_COM": "25562", "NOM_COM": "Thulay", "EPCI": "200065647", "code_serm": 2 }, "geometry": { "type": "Polygon", "coordinates": [ [ [ 6.86554435047268, 47.427455924997986, 0.0 ], [ 6.86512999142252, 47.42648100770122, 0.0 ], [ 6.867140347321134, 47.422798254552845, 0.0 ], [ 6.864525291926442, 47.421470216401218, 0.0 ], [ 6.860854912428915, 47.419979798621306, 0.0 ], [ 6.852111363660622, 47.419437087534305, 0.0 ], [ 6.848981499638669, 47.418365510429076, 0.0 ], [ 6.848180912659754, 47.41868132110131, 0.0 ], [ 6.847872866331203, 47.42051116828533, 0.0 ], [ 6.849197783537033, 47.426473318394216, 0.0 ], [ 6.851498440861542, 47.428639466911953, 0.0 ], [ 6.856572400260544, 47.431209317092772, 0.0 ], [ 6.857181490792812, 47.433432357254972, 0.0 ], [ 6.856075080443787, 47.43516612903489, 0.0 ], [ 6.856076761317724, 47.436590966992064, 0.0 ], [ 6.857198847437433, 47.43837430039995, 0.0 ], [ 6.86620500613549, 47.439455967767202, 0.0 ], [ 6.86919974509121, 47.438139656957176, 0.0 ], [ 6.869245468778787, 47.437007945934958, 0.0 ], [ 6.866222807763498, 47.433872030723883, 0.0 ], [ 6.865419633607465, 47.431376084818417, 0.0 ], [ 6.868481471181292, 47.429762827149013, 0.0 ], [ 6.86554435047268, 47.427455924997986, 0.0 ] ] ] } },
{ "type": "Feature", "properties": { "INSEE_COM": "25580", "NOM_COM": "Valentigney", "EPCI": "200065647", "code_serm": 2 }, "geometry": { "type": "Polygon", "coordinates": [ [ [ 6.819500764377419, 47.446613963830174, 0.0 ], [ 6.811621113782035, 47.45043772357532, 0.0 ], [ 6.81136812778355, 47.4515121683514, 0.0 ], [ 6.812413475850962, 47.451824885849646, 0.0 ], [ 6.808104323784143, 47.457217483589545, 0.0 ], [ 6.809268657183974, 47.459237764356544, 0.0 ], [ 6.807611658340375, 47.460788940419725, 0.0 ], [ 6.802215355292129, 47.462981451968943, 0.0 ], [ 6.8083717245385, 47.475258404082503, 0.0 ], [ 6.811023843155551, 47.477426433845963, 0.0 ], [ 6.813859032685623, 47.477218200760952, 0.0 ], [ 6.814323044334802, 47.480668184331975, 0.0 ], [ 6.815319698175393, 47.4813150365501, 0.0 ], [ 6.819796690104741, 47.481625109721364, 0.0 ], [ 6.822725914262104, 47.482339137528776, 0.0 ], [ 6.822601965705348, 47.483041656177136, 0.0 ], [ 6.825272007533904, 47.48334596711765, 0.0 ], [ 6.825038010633663, 47.484907366806638, 0.0 ], [ 6.826754899371133, 47.485174472704927, 0.0 ], [ 6.834099026521653, 47.484839060302853, 0.0 ], [ 6.836300356936616, 47.484074382480323, 0.0 ], [ 6.837771420239875, 47.482897546128399, 0.0 ], [ 6.836560424425833, 47.47795095575303, 0.0 ], [ 6.837749197813332, 47.472526884907076, 0.0 ], [ 6.838901765660849, 47.469398526778541, 0.0 ], [ 6.842440543599021, 47.464854830323858, 0.0 ], [ 6.842261318519879, 47.462248048882195, 0.0 ], [ 6.843360529644874, 47.460122660060968, 0.0 ], [ 6.845390384551401, 47.458633419589553, 0.0 ], [ 6.846302285518177, 47.455790482839895, 0.0 ], [ 6.846476155388928, 47.454659976820231, 0.0 ], [ 6.844730876414204, 47.448529702680048, 0.0 ], [ 6.841230851963586, 47.445209784045424, 0.0 ], [ 6.838320127185902, 47.443321331741821, 0.0 ], [ 6.836657530604182, 47.450076952393118, 0.0 ], [ 6.819500764377419, 47.446613963830174, 0.0 ] ], [ [ 6.826501799615303, 47.474575360616576, 0.0 ], [ 6.826206965833844, 47.473595391533323, 0.0 ], [ 6.826156525246716, 47.473427733300319, 0.0 ], [ 6.826501799615303, 47.474575360616576, 0.0 ] ] ] } },
{ "type": "Feature", "properties": { "INSEE_COM": "25586", "NOM_COM": "Vandoncourt", "EPCI": "200065647", "code_serm": 2 }, "geometry": { "type": "Polygon", "coordinates": [ [ [ 6.903030686731093, 47.473494681506828, 0.0 ], [ 6.909078602743339, 47.472689620072423, 0.0 ], [ 6.915924821257905, 47.469082333747082, 0.0 ], [ 6.919970960753535, 47.468575664511391, 0.0 ], [ 6.921207109084323, 47.467161356264093, 0.0 ], [ 6.922242365675278, 47.46220994530114, 0.0 ], [ 6.930745653849453, 47.458359245771831, 0.0 ], [ 6.932507928297859, 47.455847262120223, 0.0 ], [ 6.932480905897581, 47.452604409559051, 0.0 ], [ 6.93504240587296, 47.44719560752462, 0.0 ], [ 6.928664788007666, 47.445710459579722, 0.0 ], [ 6.919806412687779, 47.447318027693846, 0.0 ], [ 6.908249576688629, 47.446622693347962, 0.0 ], [ 6.905234612145327, 47.447091689729746, 0.0 ], [ 6.903760152148008, 47.446841060517961, 0.0 ], [ 6.894657295458486, 47.450577395187288, 0.0 ], [ 6.891903580209077, 47.450093651306055, 0.0 ], [ 6.88806801614915, 47.45101324321196, 0.0 ], [ 6.885346169743695, 47.453493461076384, 0.0 ], [ 6.882553303550517, 47.45880775515743, 0.0 ], [ 6.881840348438009, 47.461308224448601, 0.0 ], [ 6.882261632239402, 47.464165595942731, 0.0 ], [ 6.880072871026659, 47.468309609481615, 0.0 ], [ 6.88582527931719, 47.470211280205859, 0.0 ], [ 6.903030686731093, 47.473494681506828, 0.0 ] ] ] } },
{ "type": "Feature", "properties": { "INSEE_COM": "25608", "NOM_COM": "Le Vernoy", "EPCI": "247000722", "code_serm": 2 }, "geometry": { "type": "Polygon", "coordinates": [ [ [ 6.653312563280037, 47.571384674918683, 0.0 ], [ 6.652043759012058, 47.572574216168078, 0.0 ], [ 6.654537699565337, 47.57642573831852, 0.0 ], [ 6.660333316963801, 47.579693343406085, 0.0 ], [ 6.662734287752673, 47.577711241106286, 0.0 ], [ 6.662949373852062, 47.576517742701, 0.0 ], [ 6.662438050452772, 47.575566928106333, 0.0 ], [ 6.659804911853047, 47.574102422141138, 0.0 ], [ 6.658685026120196, 47.572877836250633, 0.0 ], [ 6.658331100029431, 47.572026593429733, 0.0 ], [ 6.659360146709634, 47.571537446530002, 0.0 ], [ 6.663669123560511, 47.57278171190125, 0.0 ], [ 6.668105675635176, 47.572235830802015, 0.0 ], [ 6.673203245347627, 47.573073774805138, 0.0 ], [ 6.675893308487185, 47.57226541318424, 0.0 ], [ 6.682701752491933, 47.571939733292588, 0.0 ], [ 6.689161095230742, 47.570801984649954, 0.0 ], [ 6.685596049620353, 47.566067654922904, 0.0 ], [ 6.685059717846538, 47.562848713452929, 0.0 ], [ 6.682180374953, 47.558701762440272, 0.0 ], [ 6.682710585802722, 47.557992957093113, 0.0 ], [ 6.681455236596443, 47.557026968029326, 0.0 ], [ 6.677244780036648, 47.555481099459278, 0.0 ], [ 6.674499312596855, 47.5560714018063, 0.0 ], [ 6.672180941525697, 47.557511445592326, 0.0 ], [ 6.670280592704193, 47.558023653199335, 0.0 ], [ 6.667409266327947, 47.56081644121199, 0.0 ], [ 6.663595369925439, 47.562992680100827, 0.0 ], [ 6.660707131906317, 47.567101412598667, 0.0 ], [ 6.65444932257045, 47.571223799590626, 0.0 ], [ 6.653312563280037, 47.571384674918683, 0.0 ] ] ] } },
{ "type": "Feature", "properties": { "INSEE_COM": "25614", "NOM_COM": "Vieux-Charmont", "EPCI": "200065647", "code_serm": 2 }, "geometry": { "type": "Polygon", "coordinates": [ [ [ 6.848028998888172, 47.526794723297172, 0.0 ], [ 6.85114435197779, 47.525970794208796, 0.0 ], [ 6.851872874496975, 47.526220677344526, 0.0 ], [ 6.851886905786354, 47.525326202503237, 0.0 ], [ 6.85829895761071, 47.520500620249322, 0.0 ], [ 6.857870168185908, 47.516937853387354, 0.0 ], [ 6.853081393615937, 47.517090972773403, 0.0 ], [ 6.852644806755666, 47.515998711256906, 0.0 ], [ 6.850026113133204, 47.514992123635018, 0.0 ], [ 6.843064775245698, 47.513307851502496, 0.0 ], [ 6.84378728367478, 47.515400975221105, 0.0 ], [ 6.838971311974973, 47.519655854402721, 0.0 ], [ 6.83310245153005, 47.520705296829647, 0.0 ], [ 6.832637464151575, 47.521975986330276, 0.0 ], [ 6.827907444635268, 47.522119812119591, 0.0 ], [ 6.829124155933117, 47.525007848221989, 0.0 ], [ 6.834236570342682, 47.52739010564612, 0.0 ], [ 6.837467859163511, 47.53095704066348, 0.0 ], [ 6.83542979249054, 47.536080835536403, 0.0 ], [ 6.837198145544795, 47.536651652031864, 0.0 ], [ 6.840484725616936, 47.533330549845367, 0.0 ], [ 6.8435306009739, 47.531219497284454, 0.0 ], [ 6.847106397133336, 47.529578414136218, 0.0 ], [ 6.848028998888172, 47.526794723297172, 0.0 ] ] ] } },
{ "type": "Feature", "properties": { "INSEE_COM": "25615", "NOM_COM": "Villars-lès-Blamont", "EPCI": "200065647", "code_serm": 2 }, "geometry": { "type": "Polygon", "coordinates": [ [ [ 6.879498374237674, 47.351177987649749, 0.0 ], [ 6.879039579141128, 47.35046415989504, 0.0 ], [ 6.873137721244584, 47.351140700267642, 0.0 ], [ 6.868728758413206, 47.352161967821644, 0.0 ], [ 6.86835154699992, 47.353569750919519, 0.0 ], [ 6.863168604616958, 47.355781057473244, 0.0 ], [ 6.859601683041469, 47.358520646833206, 0.0 ], [ 6.858091030492942, 47.358559134088154, 0.0 ], [ 6.854209226321829, 47.35740461044395, 0.0 ], [ 6.853308129095564, 47.360608862312617, 0.0 ], [ 6.845500198555058, 47.36076855797296, 0.0 ], [ 6.844776366407283, 47.36277174734392, 0.0 ], [ 6.851524426264713, 47.365672889740644, 0.0 ], [ 6.85443666374577, 47.366637984095803, 0.0 ], [ 6.856270768769902, 47.366685249908635, 0.0 ], [ 6.857268286467606, 47.367882381859168, 0.0 ], [ 6.856704190859578, 47.373963175914419, 0.0 ], [ 6.85569607455518, 47.3752205918261, 0.0 ], [ 6.853581715116108, 47.37487797187098, 0.0 ], [ 6.853478252962662, 47.375708783139693, 0.0 ], [ 6.863107877633934, 47.37684358853199, 0.0 ], [ 6.865004082797147, 47.380138711436935, 0.0 ], [ 6.868327011051488, 47.381355701054176, 0.0 ], [ 6.876159069428592, 47.381799435400183, 0.0 ], [ 6.887062775881277, 47.384248044465551, 0.0 ], [ 6.891973292779027, 47.384363036260844, 0.0 ], [ 6.894196270882856, 47.382977142734568, 0.0 ], [ 6.895815669665261, 47.379898064278223, 0.0 ], [ 6.888502935737362, 47.376498225149334, 0.0 ], [ 6.883599611562521, 47.372865092054006, 0.0 ], [ 6.884660858284909, 47.366803485729534, 0.0 ], [ 6.882529328773829, 47.361203758552975, 0.0 ], [ 6.880821130519219, 47.359907101018365, 0.0 ], [ 6.879363312575094, 47.35778006509468, 0.0 ], [ 6.879498374237674, 47.351177987649749, 0.0 ] ] ] } },
{ "type": "Feature", "properties": { "INSEE_COM": "25617", "NOM_COM": "Villars-sous-Dampjoux", "EPCI": "200065647", "code_serm": 2 }, "geometry": { "type": "Polygon", "coordinates": [ [ [ 6.747421562200834, 47.368866901620159, 0.0 ], [ 6.751523114668711, 47.373640781962678, 0.0 ], [ 6.752466267403788, 47.377239562411781, 0.0 ], [ 6.7552849262777, 47.378421909877865, 0.0 ], [ 6.757973649866293, 47.378960411681987, 0.0 ], [ 6.759770992179787, 47.37834799535846, 0.0 ], [ 6.763767272149611, 47.378554740531278, 0.0 ], [ 6.764713459235496, 47.377027129544736, 0.0 ], [ 6.762335890617785, 47.37492948570771, 0.0 ], [ 6.758844471444214, 47.370302037801828, 0.0 ], [ 6.755871716750816, 47.367729658455602, 0.0 ], [ 6.757015271077305, 47.365213375140314, 0.0 ], [ 6.756540490339401, 47.362735016352474, 0.0 ], [ 6.756982087132101, 47.359951231339863, 0.0 ], [ 6.758931316306469, 47.357730585135506, 0.0 ], [ 6.760242334702095, 47.351045091294857, 0.0 ], [ 6.759264772190249, 47.348810124331642, 0.0 ], [ 6.757533927047597, 47.347121352753419, 0.0 ], [ 6.749527080052435, 47.347288303335219, 0.0 ], [ 6.744768954216187, 47.34527080405406, 0.0 ], [ 6.741126800391784, 47.342633160002144, 0.0 ], [ 6.739203167803485, 47.342180533759617, 0.0 ], [ 6.74207863596814, 47.34477806205885, 0.0 ], [ 6.743727876312107, 47.34830729629774, 0.0 ], [ 6.752433479932411, 47.35221159180275, 0.0 ], [ 6.753043652859422, 47.355320965117606, 0.0 ], [ 6.75252360889287, 47.356872578020926, 0.0 ], [ 6.75124202796281, 47.357606136505673, 0.0 ], [ 6.74888337613422, 47.357845433850542, 0.0 ], [ 6.744504332060706, 47.357546929099264, 0.0 ], [ 6.739200926523476, 47.364170614536995, 0.0 ], [ 6.742946768592371, 47.36574695660525, 0.0 ], [ 6.747421562200834, 47.368866901620159, 0.0 ] ] ] } },
{ "type": "Feature", "properties": { "INSEE_COM": "25618", "NOM_COM": "Villars-sous-Écot", "EPCI": "200065647", "code_serm": 2 }, "geometry": { "type": "Polygon", "coordinates": [ [ [ 6.674238672282695, 47.429937435279271, 0.0 ], [ 6.67637605366057, 47.432344477895903, 0.0 ], [ 6.676109771028104, 47.433630746916705, 0.0 ], [ 6.680204978067237, 47.433292146704204, 0.0 ], [ 6.694571935608481, 47.437036947859056, 0.0 ], [ 6.702208320292694, 47.437216748999568, 0.0 ], [ 6.71391906631826, 47.43918552457459, 0.0 ], [ 6.715789596388349, 47.435745436181584, 0.0 ], [ 6.715746676801654, 47.434208485519086, 0.0 ], [ 6.714409110004619, 47.432330792704072, 0.0 ], [ 6.71704849637015, 47.423307568176391, 0.0 ], [ 6.716375791983955, 47.414992151892726, 0.0 ], [ 6.718354167633493, 47.41210634439382, 0.0 ], [ 6.722550641684898, 47.411206911033048, 0.0 ], [ 6.725104172868454, 47.411654108516295, 0.0 ], [ 6.725766828341712, 47.409786311847128, 0.0 ], [ 6.719661271173252, 47.406534778771366, 0.0 ], [ 6.716336327337055, 47.405794016207977, 0.0 ], [ 6.714995483381842, 47.404146238044042, 0.0 ], [ 6.715096836971414, 47.402219843592974, 0.0 ], [ 6.712309913938074, 47.399833312454078, 0.0 ], [ 6.713462917091013, 47.398122950287252, 0.0 ], [ 6.713053466040424, 47.397883698208851, 0.0 ], [ 6.711166379457365, 47.397561871174709, 0.0 ], [ 6.707066597828701, 47.398637180599707, 0.0 ], [ 6.703310667971956, 47.398141418554246, 0.0 ], [ 6.701687201966995, 47.398330124558051, 0.0 ], [ 6.701089794505319, 47.398712332789543, 0.0 ], [ 6.700786742522041, 47.401261539546866, 0.0 ], [ 6.699781735974832, 47.403199554060514, 0.0 ], [ 6.692058867635894, 47.404795122613294, 0.0 ], [ 6.689637812162299, 47.407649450069854, 0.0 ], [ 6.687927249307872, 47.40825526037267, 0.0 ], [ 6.68291142954612, 47.408633285161812, 0.0 ], [ 6.680841854361965, 47.409290014178517, 0.0 ], [ 6.678270398130375, 47.413542050636956, 0.0 ], [ 6.676848540891682, 47.414702684498259, 0.0 ], [ 6.674864334968943, 47.41465368214908, 0.0 ], [ 6.673867686189189, 47.413943521156376, 0.0 ], [ 6.673059900421078, 47.414051054488297, 0.0 ], [ 6.672692942416542, 47.419619256607263, 0.0 ], [ 6.674880772321193, 47.423000693821884, 0.0 ], [ 6.673939619580709, 47.425288761306902, 0.0 ], [ 6.674238672282695, 47.429937435279271, 0.0 ] ] ] } },
{ "type": "Feature", "properties": { "INSEE_COM": "25632", "NOM_COM": "Voujeaucourt", "EPCI": "200065647", "code_serm": 2 }, "geometry": { "type": "Polygon", "coordinates": [ [ [ 6.753144613404511, 47.479402846679008, 0.0 ], [ 6.761083572629652, 47.478707686734559, 0.0 ], [ 6.764825902135151, 47.48041250597614, 0.0 ], [ 6.767269134492404, 47.479769301844321, 0.0 ], [ 6.770261824605643, 47.48011398036585, 0.0 ], [ 6.772639347512246, 47.481857354984406, 0.0 ], [ 6.77462945759483, 47.484758668854099, 0.0 ], [ 6.77563716104413, 47.485097278845267, 0.0 ], [ 6.786258918490384, 47.482683092549507, 0.0 ], [ 6.789212737920542, 47.482399516652343, 0.0 ], [ 6.79593371146728, 47.485838518476413, 0.0 ], [ 6.798180832382928, 47.486534846847931, 0.0 ], [ 6.801231116521652, 47.486390214965823, 0.0 ], [ 6.805511455386222, 47.484829143317398, 0.0 ], [ 6.812900502329187, 47.483389610680113, 0.0 ], [ 6.825183230653559, 47.484762904824315, 0.0 ], [ 6.825272007533904, 47.48334596711765, 0.0 ], [ 6.822601965705348, 47.483041656177136, 0.0 ], [ 6.822725914262104, 47.482339137528776, 0.0 ], [ 6.819796690104741, 47.481625109721364, 0.0 ], [ 6.815319698175393, 47.4813150365501, 0.0 ], [ 6.814323044334802, 47.480668184331975, 0.0 ], [ 6.813859032685623, 47.477218200760952, 0.0 ], [ 6.811023843155551, 47.477426433845963, 0.0 ], [ 6.8083717245385, 47.475258404082503, 0.0 ], [ 6.802215355292129, 47.462981451968943, 0.0 ], [ 6.796585230782324, 47.464469365819383, 0.0 ], [ 6.790162059867338, 47.464428240197016, 0.0 ], [ 6.782726522391564, 47.463732956895853, 0.0 ], [ 6.775046749209704, 47.462021360320058, 0.0 ], [ 6.76989509627313, 47.462292036423122, 0.0 ], [ 6.767719757606055, 47.461594677289945, 0.0 ], [ 6.763377286346588, 47.461466663131489, 0.0 ], [ 6.759403532962344, 47.459304286662366, 0.0 ], [ 6.753666674585473, 47.464394720092862, 0.0 ], [ 6.752523048554679, 47.466980178823597, 0.0 ], [ 6.752589968051858, 47.470719763169598, 0.0 ], [ 6.751243372547523, 47.47448869137537, 0.0 ], [ 6.752609601698323, 47.476570546164126, 0.0 ], [ 6.753144613404511, 47.479402846679008, 0.0 ] ] ] } },
{ "type": "Feature", "properties": { "INSEE_COM": "70064", "NOM_COM": "Belverne", "EPCI": "247000722", "code_serm": 2 }, "geometry": { "type": "Polygon", "coordinates": [ [ [ 6.636778774522342, 47.622503062314571, 0.0 ], [ 6.635714774740938, 47.624804178720744, 0.0 ], [ 6.632535986106185, 47.627309875879526, 0.0 ], [ 6.627696590784986, 47.633194677769708, 0.0 ], [ 6.62711339774768, 47.634400383835917, 0.0 ], [ 6.627441710108412, 47.636346361772716, 0.0 ], [ 6.642152015562763, 47.635144984944674, 0.0 ], [ 6.644410857838414, 47.636187297618996, 0.0 ], [ 6.645512594380024, 47.637209840918416, 0.0 ], [ 6.648477010900208, 47.644432027172698, 0.0 ], [ 6.650581171957007, 47.647238828804632, 0.0 ], [ 6.65369325434057, 47.644415789492292, 0.0 ], [ 6.65451077229656, 47.639671348764033, 0.0 ], [ 6.661576302538571, 47.639255339425169, 0.0 ], [ 6.661971791055397, 47.637792218053107, 0.0 ], [ 6.65896283402513, 47.634567034076071, 0.0 ], [ 6.660415042852438, 47.631990407762139, 0.0 ], [ 6.663261357646507, 47.631683962572573, 0.0 ], [ 6.669432769639845, 47.628459815530341, 0.0 ], [ 6.671887705118499, 47.626208315794621, 0.0 ], [ 6.673913740760672, 47.62295744321586, 0.0 ], [ 6.681421980460104, 47.618386633224425, 0.0 ], [ 6.680554262626132, 47.613729252441509, 0.0 ], [ 6.674717255261007, 47.611848825078411, 0.0 ], [ 6.670360067144916, 47.611290323963438, 0.0 ], [ 6.666318171808106, 47.615396562967376, 0.0 ], [ 6.663193058957121, 47.617646478031531, 0.0 ], [ 6.656649031992103, 47.619660162058906, 0.0 ], [ 6.654394889190195, 47.620722846889727, 0.0 ], [ 6.654612284112012, 47.621347690141711, 0.0 ], [ 6.6532470806931, 47.621983335735557, 0.0 ], [ 6.647416125324671, 47.6234055754786, 0.0 ], [ 6.641712813343216, 47.621742796769219, 0.0 ], [ 6.636778774522342, 47.622503062314571, 0.0 ] ] ] } },
{ "type": "Feature", "properties": { "INSEE_COM": "70096", "NOM_COM": "Brevilliers", "EPCI": "247000722", "code_serm": 2 }, "geometry": { "type": "Polygon", "coordinates": [ [ [ 6.781288407274296, 47.591732028581298, 0.0 ], [ 6.788998526068505, 47.595856926644274, 0.0 ], [ 6.791303119962978, 47.59628578991223, 0.0 ], [ 6.797994412154189, 47.591634404175778, 0.0 ], [ 6.801083305541425, 47.591891541799789, 0.0 ], [ 6.802777475701862, 47.589231952045182, 0.0 ], [ 6.802737941948985, 47.585909741027983, 0.0 ], [ 6.801922070473847, 47.584291712330007, 0.0 ], [ 6.805519283321726, 47.582099891193998, 0.0 ], [ 6.810399036076651, 47.581217805029041, 0.0 ], [ 6.817982005363284, 47.577835480046403, 0.0 ], [ 6.821224327731956, 47.574439959118017, 0.0 ], [ 6.821728239632407, 47.573312285102716, 0.0 ], [ 6.810351254921442, 47.56942658149093, 0.0 ], [ 6.807086799254708, 47.563066374657666, 0.0 ], [ 6.801484668402457, 47.562494012713856, 0.0 ], [ 6.797959037176682, 47.563466851708526, 0.0 ], [ 6.79560958485771, 47.566153168305462, 0.0 ], [ 6.795642981127178, 47.567203748067655, 0.0 ], [ 6.791056137911357, 47.570658479380135, 0.0 ], [ 6.788702499999102, 47.570367311550328, 0.0 ], [ 6.783687711238778, 47.57119432258088, 0.0 ], [ 6.780817736745625, 47.570230363147992, 0.0 ], [ 6.778527341092713, 47.57192309857151, 0.0 ], [ 6.777687866226078, 47.573609334702063, 0.0 ], [ 6.779616401167156, 47.577037022872091, 0.0 ], [ 6.783133894933446, 47.581420637718082, 0.0 ], [ 6.781278926264053, 47.585280075054115, 0.0 ], [ 6.781951454215426, 47.591087834571915, 0.0 ], [ 6.781288407274296, 47.591732028581298, 0.0 ] ] ] } },
{ "type": "Feature", "properties": { "INSEE_COM": "70116", "NOM_COM": "Chagey", "EPCI": "247000722", "code_serm": 2 }, "geometry": { "type": "Polygon", "coordinates": [ [ [ 6.733783477992584, 47.632474491827566, 0.0 ], [ 6.74036710379885, 47.630774181737877, 0.0 ], [ 6.745447756711835, 47.630531968893415, 0.0 ], [ 6.752260465944754, 47.629026367815428, 0.0 ], [ 6.756087993357874, 47.624431891401734, 0.0 ], [ 6.757403075941227, 47.621624008675667, 0.0 ], [ 6.752236726879912, 47.61750898951, 0.0 ], [ 6.750789796520211, 47.616889574327914, 0.0 ], [ 6.745860190394774, 47.61696771678632, 0.0 ], [ 6.745043915187565, 47.616483881407753, 0.0 ], [ 6.745436387828969, 47.614974521878338, 0.0 ], [ 6.748363830898573, 47.613014294308869, 0.0 ], [ 6.750643413254501, 47.610674710937651, 0.0 ], [ 6.749221911030092, 47.60694377230886, 0.0 ], [ 6.74466296349407, 47.605588006168489, 0.0 ], [ 6.725734180775274, 47.604802685278315, 0.0 ], [ 6.724582240033837, 47.60505933813517, 0.0 ], [ 6.722897200779892, 47.607357794443701, 0.0 ], [ 6.72293064541444, 47.60831461068797, 0.0 ], [ 6.72508008847599, 47.608927248532382, 0.0 ], [ 6.727800979766832, 47.611119268802284, 0.0 ], [ 6.727659450066848, 47.6150445347794, 0.0 ], [ 6.725014798446992, 47.618490128082101, 0.0 ], [ 6.721174255470643, 47.617655677320563, 0.0 ], [ 6.719074017032913, 47.617581155411294, 0.0 ], [ 6.718010863610257, 47.618179124821673, 0.0 ], [ 6.71793837781693, 47.620217932288796, 0.0 ], [ 6.713816026364459, 47.62320387965363, 0.0 ], [ 6.713834961617734, 47.624681983792001, 0.0 ], [ 6.717389138880491, 47.627885791474732, 0.0 ], [ 6.719667913229713, 47.631948347670686, 0.0 ], [ 6.719368549594988, 47.63296982194359, 0.0 ], [ 6.720074143960696, 47.634064701744926, 0.0 ], [ 6.727521621920134, 47.638307411589082, 0.0 ], [ 6.730524160979562, 47.637869986524308, 0.0 ], [ 6.733783477992584, 47.632474491827566, 0.0 ] ] ] } },
{ "type": "Feature", "properties": { "INSEE_COM": "70117", "NOM_COM": "Châlonvillars", "EPCI": "247000722", "code_serm": 2 }, "geometry": { "type": "Polygon", "coordinates": [ [ [ 6.798084503531086, 47.643370979019146, 0.0 ], [ 6.797843817824258, 47.640852918389712, 0.0 ], [ 6.800766687696001, 47.636776556363365, 0.0 ], [ 6.800849602166672, 47.635377085739911, 0.0 ], [ 6.796310675753307, 47.632128383233102, 0.0 ], [ 6.792915645475056, 47.630448184219773, 0.0 ], [ 6.79092762154034, 47.627385810491617, 0.0 ], [ 6.787712583764911, 47.626224989691366, 0.0 ], [ 6.780519471012209, 47.625280419754674, 0.0 ], [ 6.774202662321013, 47.625602008212248, 0.0 ], [ 6.770779699652695, 47.625018776544216, 0.0 ], [ 6.769521005449766, 47.62439079710046, 0.0 ], [ 6.763609270137892, 47.624010268886238, 0.0 ], [ 6.763199979609528, 47.627447748666285, 0.0 ], [ 6.762189335608757, 47.629693492154836, 0.0 ], [ 6.756925746610457, 47.628283361172578, 0.0 ], [ 6.754674267951132, 47.626408485403132, 0.0 ], [ 6.752260465944754, 47.629026367815428, 0.0 ], [ 6.756696193293775, 47.631269857050953, 0.0 ], [ 6.763123971979693, 47.633153417221415, 0.0 ], [ 6.761969927440778, 47.637450217402446, 0.0 ], [ 6.756463993051813, 47.639992047377838, 0.0 ], [ 6.754646043241846, 47.642671871205508, 0.0 ], [ 6.754708828997372, 47.64519206935833, 0.0 ], [ 6.756693352836178, 47.647695506881639, 0.0 ], [ 6.757086662001629, 47.650022140668874, 0.0 ], [ 6.7591435701015, 47.650332605992674, 0.0 ], [ 6.765149276993439, 47.650114780077942, 0.0 ], [ 6.767199251514513, 47.64966568661557, 0.0 ], [ 6.771008393042672, 47.647711655797686, 0.0 ], [ 6.772963035994993, 47.647594444462051, 0.0 ], [ 6.787486822985947, 47.651655106329194, 0.0 ], [ 6.79039827869522, 47.647886727580193, 0.0 ], [ 6.793939047757771, 47.647533832481081, 0.0 ], [ 6.797316043874336, 47.644881950123263, 0.0 ], [ 6.798084503531086, 47.643370979019146, 0.0 ] ] ] } },
{ "type": "Feature", "properties": { "INSEE_COM": "70121", "NOM_COM": "Champey", "EPCI": "247000722", "code_serm": 2 }, "geometry": { "type": "Polygon", "coordinates": [ [ [ 6.694194746394463, 47.574927401788912, 0.0 ], [ 6.690884651009308, 47.572062160142984, 0.0 ], [ 6.689484300123858, 47.571664034045519, 0.0 ], [ 6.689161095230742, 47.570801984649954, 0.0 ], [ 6.682701752491933, 47.571939733292588, 0.0 ], [ 6.675893308487185, 47.57226541318424, 0.0 ], [ 6.673203245347627, 47.573073774805138, 0.0 ], [ 6.668105675635176, 47.572235830802015, 0.0 ], [ 6.663669123560511, 47.57278171190125, 0.0 ], [ 6.659745934028108, 47.57147397563535, 0.0 ], [ 6.658331100029431, 47.572026593429733, 0.0 ], [ 6.65952898549015, 47.573865083399454, 0.0 ], [ 6.661765352376072, 47.575000540468899, 0.0 ], [ 6.662949373852062, 47.576517742701, 0.0 ], [ 6.662734287752673, 47.577711241106286, 0.0 ], [ 6.658412048926201, 47.581584649671498, 0.0 ], [ 6.656915551165279, 47.584565532558734, 0.0 ], [ 6.657052775526598, 47.5882601954672, 0.0 ], [ 6.658898617026063, 47.592259900333069, 0.0 ], [ 6.658800770009745, 47.593941692364794, 0.0 ], [ 6.657984230273749, 47.595166645016867, 0.0 ], [ 6.65943798695778, 47.595988793090591, 0.0 ], [ 6.665379683854919, 47.597545851651148, 0.0 ], [ 6.668080256005866, 47.600767058398709, 0.0 ], [ 6.665806475614031, 47.603914833023197, 0.0 ], [ 6.661736089858739, 47.605660998136969, 0.0 ], [ 6.66719477263168, 47.606939396956577, 0.0 ], [ 6.668028653269904, 47.607479065580385, 0.0 ], [ 6.669784738288761, 47.609628799591299, 0.0 ], [ 6.670360067144916, 47.611290323963438, 0.0 ], [ 6.674717255261007, 47.611848825078411, 0.0 ], [ 6.680554262626132, 47.613729252441509, 0.0 ], [ 6.678213917965575, 47.611965729347006, 0.0 ], [ 6.680166274399462, 47.609379319089008, 0.0 ], [ 6.688979248100704, 47.610071499310543, 0.0 ], [ 6.690218551044678, 47.607875990562341, 0.0 ], [ 6.694085867966733, 47.60605504234546, 0.0 ], [ 6.697372265157099, 47.602391592598202, 0.0 ], [ 6.698605310452977, 47.601785714335627, 0.0 ], [ 6.701459312674138, 47.602729665946399, 0.0 ], [ 6.701831146337518, 47.602251096046629, 0.0 ], [ 6.698174431147914, 47.600739676682345, 0.0 ], [ 6.693904938446348, 47.600611820463143, 0.0 ], [ 6.690228727547527, 47.598813328112278, 0.0 ], [ 6.69536072703213, 47.596026860779851, 0.0 ], [ 6.699304565752003, 47.596285728553681, 0.0 ], [ 6.701129944273678, 47.595867383944785, 0.0 ], [ 6.70290331494793, 47.592914039589331, 0.0 ], [ 6.702230913688813, 47.59094032713643, 0.0 ], [ 6.698883834172998, 47.585985889358675, 0.0 ], [ 6.694194746394463, 47.574927401788912, 0.0 ] ] ] } },
{ "type": "Feature", "properties": { "INSEE_COM": "70147", "NOM_COM": "Chavanne", "EPCI": "247000722", "code_serm": 2 }, "geometry": { "type": "Polygon", "coordinates": [ [ [ 6.659144233931769, 47.546759433545304, 0.0 ], [ 6.656355236005114, 47.547526401334963, 0.0 ], [ 6.660316060533262, 47.551197529239921, 0.0 ], [ 6.648513405321209, 47.554775502577492, 0.0 ], [ 6.648435286422872, 47.560433227907872, 0.0 ], [ 6.649458400182882, 47.561690669884015, 0.0 ], [ 6.649365016764836, 47.563110113990156, 0.0 ], [ 6.650483837243623, 47.56627306852311, 0.0 ], [ 6.653093872382418, 47.568713478026588, 0.0 ], [ 6.653708912666268, 47.57135873913289, 0.0 ], [ 6.660707131906317, 47.567101412598667, 0.0 ], [ 6.663595369925439, 47.562992680100827, 0.0 ], [ 6.667409266327947, 47.56081644121199, 0.0 ], [ 6.670280592704193, 47.558023653199335, 0.0 ], [ 6.668383614489443, 47.555232263745651, 0.0 ], [ 6.663181632106038, 47.552166300773891, 0.0 ], [ 6.659144233931769, 47.546759433545304, 0.0 ] ] ] } },
{ "type": "Feature", "properties": { "INSEE_COM": "70149", "NOM_COM": "Chenebier", "EPCI": "247000722", "code_serm": 2 }, "geometry": { "type": "Polygon", "coordinates": [ [ [ 6.708955411155233, 47.669139118674259, 0.0 ], [ 6.71120547392639, 47.668405362732294, 0.0 ], [ 6.709941304809182, 47.666227064033414, 0.0 ], [ 6.705364286928991, 47.663824099161957, 0.0 ], [ 6.704955875815167, 47.662937779063142, 0.0 ], [ 6.70841478723565, 47.660602341180507, 0.0 ], [ 6.71122367651819, 47.659949944304714, 0.0 ], [ 6.714963368976654, 47.658147824825384, 0.0 ], [ 6.716525169812418, 47.656062579513495, 0.0 ], [ 6.715836705961439, 47.652537805288333, 0.0 ], [ 6.720056420675405, 47.651031095104507, 0.0 ], [ 6.723879160066346, 47.648082517404248, 0.0 ], [ 6.725632030888601, 47.647595878081404, 0.0 ], [ 6.728862310049809, 47.645716699292493, 0.0 ], [ 6.728161951428818, 47.645559745199684, 0.0 ], [ 6.727832609478727, 47.641936127328606, 0.0 ], [ 6.726095368076364, 47.638903514269991, 0.0 ], [ 6.727521621920134, 47.638307411589082, 0.0 ], [ 6.720074143960696, 47.634064701744926, 0.0 ], [ 6.719368549594988, 47.63296982194359, 0.0 ], [ 6.719667913229713, 47.631948347670686, 0.0 ], [ 6.717389138880491, 47.627885791474732, 0.0 ], [ 6.713834961617734, 47.624681983792001, 0.0 ], [ 6.713770773013551, 47.62410461849317, 0.0 ], [ 6.711818605898049, 47.623881972040309, 0.0 ], [ 6.705102168117834, 47.624168370680593, 0.0 ], [ 6.699490016987513, 47.625598913849757, 0.0 ], [ 6.690182841471636, 47.631559573727536, 0.0 ], [ 6.687901223731716, 47.631374870906143, 0.0 ], [ 6.681015854135161, 47.629189017580877, 0.0 ], [ 6.680738818377786, 47.634098726140188, 0.0 ], [ 6.685208794668624, 47.634678565390985, 0.0 ], [ 6.687096649693498, 47.634121556629033, 0.0 ], [ 6.689379928941857, 47.634135921309962, 0.0 ], [ 6.694803708650086, 47.635762045668763, 0.0 ], [ 6.698451292030994, 47.638281320189115, 0.0 ], [ 6.694786933325044, 47.64868229371649, 0.0 ], [ 6.695225635603081, 47.655916680878292, 0.0 ], [ 6.694789297968654, 47.657645232787772, 0.0 ], [ 6.691125448470438, 47.66174562678529, 0.0 ], [ 6.694120675442711, 47.667031229146922, 0.0 ], [ 6.701733776862787, 47.668418456560971, 0.0 ], [ 6.708955411155233, 47.669139118674259, 0.0 ] ] ] } },
{ "type": "Feature", "properties": { "INSEE_COM": "70160", "NOM_COM": "Coisevaux", "EPCI": "247000722", "code_serm": 2 }, "geometry": { "type": "Polygon", "coordinates": [ [ [ 6.7076172797971, 47.603322596884915, 0.0 ], [ 6.715197635093099, 47.598871452119205, 0.0 ], [ 6.715396134382772, 47.59726385122071, 0.0 ], [ 6.713949878049925, 47.595299520992704, 0.0 ], [ 6.71411861204203, 47.594527300169204, 0.0 ], [ 6.715017158120208, 47.592967691052543, 0.0 ], [ 6.720767584218974, 47.589543072808972, 0.0 ], [ 6.721969364985667, 47.583204980855292, 0.0 ], [ 6.719630345904813, 47.582302790352195, 0.0 ], [ 6.711347457579557, 47.577127524376088, 0.0 ], [ 6.709199530594915, 47.576074874731503, 0.0 ], [ 6.70733429314219, 47.575927836444343, 0.0 ], [ 6.705846651559025, 47.575273153459769, 0.0 ], [ 6.70248320261793, 47.573030787037794, 0.0 ], [ 6.694194746394463, 47.574927401788912, 0.0 ], [ 6.698883834172998, 47.585985889358675, 0.0 ], [ 6.702230913688813, 47.59094032713643, 0.0 ], [ 6.70290331494793, 47.592914039589331, 0.0 ], [ 6.701945405235341, 47.595044027423356, 0.0 ], [ 6.701129944273678, 47.595867383944785, 0.0 ], [ 6.699304565752003, 47.596285728553681, 0.0 ], [ 6.69536072703213, 47.596026860779851, 0.0 ], [ 6.690228727547527, 47.598813328112278, 0.0 ], [ 6.694542251048365, 47.600772760467777, 0.0 ], [ 6.698174431147914, 47.600739676682345, 0.0 ], [ 6.701831146337518, 47.602251096046629, 0.0 ], [ 6.701459312674138, 47.602729665946399, 0.0 ], [ 6.702677434228685, 47.603061366043846, 0.0 ], [ 6.7076172797971, 47.603322596884915, 0.0 ] ] ] } },
{ "type": "Feature", "properties": { "INSEE_COM": "70182", "NOM_COM": "Courmont", "EPCI": "247000722", "code_serm": 2 }, "geometry": { "type": "Polygon", "coordinates": [ [ [ 6.625113182746738, 47.607992217059397, 0.0 ], [ 6.627731147555049, 47.609066913889166, 0.0 ], [ 6.627595963184288, 47.610037956087481, 0.0 ], [ 6.625250194430842, 47.612264392487319, 0.0 ], [ 6.620701759234771, 47.615299803745089, 0.0 ], [ 6.619837951374696, 47.616611505577225, 0.0 ], [ 6.623297407922898, 47.619319045821378, 0.0 ], [ 6.626400644781334, 47.620623803006964, 0.0 ], [ 6.631094638842011, 47.620194923214463, 0.0 ], [ 6.636976689965777, 47.621848131215053, 0.0 ], [ 6.641712813343216, 47.621742796769219, 0.0 ], [ 6.647416125324671, 47.6234055754786, 0.0 ], [ 6.6532470806931, 47.621983335735557, 0.0 ], [ 6.654612284112012, 47.621347690141711, 0.0 ], [ 6.654394889190195, 47.620722846889727, 0.0 ], [ 6.656649031992103, 47.619660162058906, 0.0 ], [ 6.663193058957121, 47.617646478031531, 0.0 ], [ 6.666318171808106, 47.615396562967376, 0.0 ], [ 6.670360067144916, 47.611290323963438, 0.0 ], [ 6.668982357828988, 47.608462799680844, 0.0 ], [ 6.66719477263168, 47.606939396956577, 0.0 ], [ 6.661736089858739, 47.605660998136969, 0.0 ], [ 6.656147911394178, 47.603169051185816, 0.0 ], [ 6.651643442634841, 47.603501153115616, 0.0 ], [ 6.646887233247656, 47.602723615846905, 0.0 ], [ 6.63482213084615, 47.60178637110112, 0.0 ], [ 6.631985070765176, 47.602696500671307, 0.0 ], [ 6.627901706900913, 47.601070975155281, 0.0 ], [ 6.623810838173457, 47.60072415638033, 0.0 ], [ 6.623011966040303, 47.602870070285, 0.0 ], [ 6.625113182746738, 47.607992217059397, 0.0 ] ] ] } },
{ "type": "Feature", "properties": { "INSEE_COM": "70184", "NOM_COM": "Couthenans", "EPCI": "247000722", "code_serm": 2 }, "geometry": { "type": "Polygon", "coordinates": [ [ [ 6.740441365301672, 47.585299352898353, 0.0 ], [ 6.739795207385904, 47.584270255230464, 0.0 ], [ 6.736857188704713, 47.583587657882866, 0.0 ], [ 6.721969364985667, 47.583204980855292, 0.0 ], [ 6.720767584218974, 47.589543072808972, 0.0 ], [ 6.715017158120208, 47.592967691052543, 0.0 ], [ 6.71411861204203, 47.594527300169204, 0.0 ], [ 6.713949878049925, 47.595299520992704, 0.0 ], [ 6.715396134382772, 47.59726385122071, 0.0 ], [ 6.717038540139959, 47.597624239363235, 0.0 ], [ 6.720332134435742, 47.600476707973101, 0.0 ], [ 6.724196368341463, 47.597430184229296, 0.0 ], [ 6.73552924933153, 47.586689538929264, 0.0 ], [ 6.740441365301672, 47.585299352898353, 0.0 ] ] ] } },
{ "type": "Feature", "properties": { "INSEE_COM": "70206", "NOM_COM": "Échenans-sous-Mont-Vaudois", "EPCI": "247000722", "code_serm": 2 }, "geometry": { "type": "Polygon", "coordinates": [ [ [ 6.781288407274296, 47.591732028581298, 0.0 ], [ 6.779307834837653, 47.593034401835446, 0.0 ], [ 6.775797697393015, 47.593280551353317, 0.0 ], [ 6.76000581333519, 47.597887257517876, 0.0 ], [ 6.758632955956513, 47.597954028804736, 0.0 ], [ 6.755653752843632, 47.5971930032877, 0.0 ], [ 6.754018665540136, 47.598361239479075, 0.0 ], [ 6.75536801878793, 47.599323474631248, 0.0 ], [ 6.755208554871263, 47.601298487296681, 0.0 ], [ 6.752724523489077, 47.603715956258895, 0.0 ], [ 6.751248516689254, 47.607094000367908, 0.0 ], [ 6.749210066608025, 47.60740102470821, 0.0 ], [ 6.750643413254501, 47.610674710937651, 0.0 ], [ 6.748363830898573, 47.613014294308869, 0.0 ], [ 6.745436387828969, 47.614974521878338, 0.0 ], [ 6.745095252073065, 47.616550719066538, 0.0 ], [ 6.745860190394774, 47.61696771678632, 0.0 ], [ 6.750789796520211, 47.616889574327914, 0.0 ], [ 6.752236726879912, 47.61750898951, 0.0 ], [ 6.757403075941227, 47.621624008675667, 0.0 ], [ 6.758829667010867, 47.621327556679397, 0.0 ], [ 6.759536556929721, 47.621088516468241, 0.0 ], [ 6.761429400432626, 47.618596279396762, 0.0 ], [ 6.762730974547748, 47.615394955663277, 0.0 ], [ 6.765357750643783, 47.613846784600142, 0.0 ], [ 6.767086340185159, 47.611715678499742, 0.0 ], [ 6.771029343431174, 47.610506045371253, 0.0 ], [ 6.779220915650332, 47.606237227650084, 0.0 ], [ 6.783279741498001, 47.60610658232045, 0.0 ], [ 6.788301768121967, 47.605110058717123, 0.0 ], [ 6.788345013222223, 47.604686916216984, 0.0 ], [ 6.790075710603969, 47.604665849344372, 0.0 ], [ 6.793302917492534, 47.59868633793554, 0.0 ], [ 6.791541281594238, 47.597537864299362, 0.0 ], [ 6.791303119962978, 47.59628578991223, 0.0 ], [ 6.788998526068505, 47.595856926644274, 0.0 ], [ 6.781288407274296, 47.591732028581298, 0.0 ] ] ] } },
{ "type": "Feature", "properties": { "INSEE_COM": "70221", "NOM_COM": "Étobon", "EPCI": "247000722", "code_serm": 2 }, "geometry": { "type": "Polygon", "coordinates": [ [ [ 6.685417949938121, 47.634676467940231, 0.0 ], [ 6.680738818377786, 47.634098726140188, 0.0 ], [ 6.681015854135161, 47.629189017580877, 0.0 ], [ 6.687901223731716, 47.631374870906143, 0.0 ], [ 6.690182841471636, 47.631559573727536, 0.0 ], [ 6.699132421472773, 47.626035563278414, 0.0 ], [ 6.698963315487506, 47.6207136593436, 0.0 ], [ 6.693996988745242, 47.618552449397328, 0.0 ], [ 6.686295040718169, 47.618955480346457, 0.0 ], [ 6.681280769166357, 47.618522646310616, 0.0 ], [ 6.673913740760672, 47.62295744321586, 0.0 ], [ 6.671887705118499, 47.626208315794621, 0.0 ], [ 6.669432769639845, 47.628459815530341, 0.0 ], [ 6.663261357646507, 47.631683962572573, 0.0 ], [ 6.660415042852438, 47.631990407762139, 0.0 ], [ 6.65896283402513, 47.634567034076071, 0.0 ], [ 6.661971791055397, 47.637792218053107, 0.0 ], [ 6.661576302538571, 47.639255339425169, 0.0 ], [ 6.65451077229656, 47.639671348764033, 0.0 ], [ 6.65369325434057, 47.644415789492292, 0.0 ], [ 6.650581171957007, 47.647238828804632, 0.0 ], [ 6.652588868574245, 47.647914009529423, 0.0 ], [ 6.656698321229596, 47.650536323746586, 0.0 ], [ 6.657967883890052, 47.65222839578216, 0.0 ], [ 6.659524666625716, 47.656044258065712, 0.0 ], [ 6.660401020700767, 47.660339161941479, 0.0 ], [ 6.661593663351393, 47.661935392427154, 0.0 ], [ 6.675726532315441, 47.663715302229683, 0.0 ], [ 6.676049624310812, 47.663255504247772, 0.0 ], [ 6.673801370661406, 47.660070703776455, 0.0 ], [ 6.674300823510348, 47.658996243180411, 0.0 ], [ 6.678527823678512, 47.661766416833544, 0.0 ], [ 6.679545432468459, 47.663620291243689, 0.0 ], [ 6.677687081328074, 47.66535569589179, 0.0 ], [ 6.694120675442711, 47.667031229146922, 0.0 ], [ 6.691125448470438, 47.66174562678529, 0.0 ], [ 6.694789297968654, 47.657645232787772, 0.0 ], [ 6.695225635603081, 47.655916680878292, 0.0 ], [ 6.694786933325044, 47.64868229371649, 0.0 ], [ 6.698451292030994, 47.638281320189115, 0.0 ], [ 6.694803708650086, 47.635762045668763, 0.0 ], [ 6.689379928941857, 47.634135921309962, 0.0 ], [ 6.687096649693498, 47.634121556629033, 0.0 ], [ 6.685417949938121, 47.634676467940231, 0.0 ] ] ] } },
{ "type": "Feature", "properties": { "INSEE_COM": "70285", "NOM_COM": "Héricourt", "EPCI": "247000722", "code_serm": 2 }, "geometry": { "type": "Polygon", "coordinates": [ [ [ 6.753367638004161, 47.56129476967903, 0.0 ], [ 6.75224413577105, 47.559762036178142, 0.0 ], [ 6.751326749998176, 47.555552547257065, 0.0 ], [ 6.748966529339229, 47.552423089229741, 0.0 ], [ 6.749140628711659, 47.551660520821642, 0.0 ], [ 6.750563142475199, 47.551199320812756, 0.0 ], [ 6.750934495714369, 47.550175373731278, 0.0 ], [ 6.748984275093412, 47.548920637376106, 0.0 ], [ 6.746066805870938, 47.549720053071944, 0.0 ], [ 6.744225978831301, 47.551372442072477, 0.0 ], [ 6.742261540770771, 47.554758069114442, 0.0 ], [ 6.739018856941984, 47.557097878371167, 0.0 ], [ 6.734108243596295, 47.557996935580945, 0.0 ], [ 6.725941162962074, 47.560402986090374, 0.0 ], [ 6.72543583909761, 47.561880778984161, 0.0 ], [ 6.726561273534654, 47.566275687858514, 0.0 ], [ 6.723432839492101, 47.574321815389204, 0.0 ], [ 6.722249403400123, 47.576123107224163, 0.0 ], [ 6.71731942964638, 47.58090404194936, 0.0 ], [ 6.721969364985667, 47.583204980855292, 0.0 ], [ 6.736857188704713, 47.583587657882866, 0.0 ], [ 6.739795207385904, 47.584270255230464, 0.0 ], [ 6.740548254019249, 47.585285111059626, 0.0 ], [ 6.74251669457404, 47.584693894984127, 0.0 ], [ 6.744622198104905, 47.586873739570656, 0.0 ], [ 6.748003198843525, 47.587430173559213, 0.0 ], [ 6.74910698878932, 47.58803089917992, 0.0 ], [ 6.753782340690374, 47.594035284882992, 0.0 ], [ 6.755027253104062, 47.596941930467352, 0.0 ], [ 6.758632955956513, 47.597954028804736, 0.0 ], [ 6.76000581333519, 47.597887257517876, 0.0 ], [ 6.775797697393015, 47.593280551353317, 0.0 ], [ 6.779307834837653, 47.593034401835446, 0.0 ], [ 6.780433010121219, 47.592538351835678, 0.0 ], [ 6.781951454215426, 47.591087834571915, 0.0 ], [ 6.781278926264053, 47.585280075054115, 0.0 ], [ 6.783133894933446, 47.581420637718082, 0.0 ], [ 6.779616401167156, 47.577037022872091, 0.0 ], [ 6.777687866226078, 47.573609334702063, 0.0 ], [ 6.778527341092713, 47.57192309857151, 0.0 ], [ 6.780817736745625, 47.570230363147992, 0.0 ], [ 6.783687711238778, 47.57119432258088, 0.0 ], [ 6.788702499999102, 47.570367311550328, 0.0 ], [ 6.791160250913991, 47.570624454273009, 0.0 ], [ 6.795642981127178, 47.567203748067655, 0.0 ], [ 6.79560958485771, 47.566153168305462, 0.0 ], [ 6.797959037176682, 47.563466851708526, 0.0 ], [ 6.801484668402457, 47.562494012713856, 0.0 ], [ 6.800067055275186, 47.558868840622175, 0.0 ], [ 6.799604037798904, 47.55421312823853, 0.0 ], [ 6.797286741010077, 47.549180766505309, 0.0 ], [ 6.793673390287213, 47.547576293098437, 0.0 ], [ 6.792361937061052, 47.545995955303503, 0.0 ], [ 6.789245426464345, 47.544222884774271, 0.0 ], [ 6.787437000114735, 47.543777016694726, 0.0 ], [ 6.785008860958831, 47.542360859616544, 0.0 ], [ 6.782113036446677, 47.539637811444642, 0.0 ], [ 6.782874511907144, 47.537686376138147, 0.0 ], [ 6.780631930601869, 47.536648914297217, 0.0 ], [ 6.778946898607902, 47.537529054636082, 0.0 ], [ 6.769678395130752, 47.537759899400584, 0.0 ], [ 6.770496788351637, 47.542587117650754, 0.0 ], [ 6.772254251918705, 47.544142429168595, 0.0 ], [ 6.772975466534655, 47.547268663737484, 0.0 ], [ 6.771645260180822, 47.554311975033137, 0.0 ], [ 6.767245064875014, 47.560135194273407, 0.0 ], [ 6.766703705592014, 47.560255420916256, 0.0 ], [ 6.763356844590765, 47.558386383251516, 0.0 ], [ 6.753367638004161, 47.56129476967903, 0.0 ] ] ] } },
{ "type": "Feature", "properties": { "INSEE_COM": "70312", "NOM_COM": "Luze", "EPCI": "247000722", "code_serm": 2 }, "geometry": { "type": "Polygon", "coordinates": [ [ [ 6.745878459262014, 47.58716141060988, 0.0 ], [ 6.743267454726162, 47.585960224740965, 0.0 ], [ 6.74251669457404, 47.584693894984127, 0.0 ], [ 6.73552924933153, 47.586689538929264, 0.0 ], [ 6.724196368341463, 47.597430184229296, 0.0 ], [ 6.720332134435742, 47.600476707973101, 0.0 ], [ 6.717038540139959, 47.597624239363235, 0.0 ], [ 6.715396134382772, 47.59726385122071, 0.0 ], [ 6.715090434975115, 47.598996516393548, 0.0 ], [ 6.710956542924595, 47.601009611203175, 0.0 ], [ 6.707684330686123, 47.603309652725194, 0.0 ], [ 6.702677434228685, 47.603061366043846, 0.0 ], [ 6.698605310452977, 47.601785714335627, 0.0 ], [ 6.697372265157099, 47.602391592598202, 0.0 ], [ 6.694085867966733, 47.60605504234546, 0.0 ], [ 6.690218551044678, 47.607875990562341, 0.0 ], [ 6.688979248100704, 47.610071499310543, 0.0 ], [ 6.680166274399462, 47.609379319089008, 0.0 ], [ 6.678213917965575, 47.611965729347006, 0.0 ], [ 6.680554262626132, 47.613729252441509, 0.0 ], [ 6.681280769166357, 47.618522646310616, 0.0 ], [ 6.686295040718169, 47.618955480346457, 0.0 ], [ 6.693996988745242, 47.618552449397328, 0.0 ], [ 6.69805450691683, 47.620119804228253, 0.0 ], [ 6.698963315487506, 47.6207136593436, 0.0 ], [ 6.699879394097162, 47.625755075711581, 0.0 ], [ 6.705102168117834, 47.624168370680593, 0.0 ], [ 6.713770773013551, 47.62410461849317, 0.0 ], [ 6.713816026364459, 47.62320387965363, 0.0 ], [ 6.71793837781693, 47.620217932288796, 0.0 ], [ 6.718010863610257, 47.618179124821673, 0.0 ], [ 6.719074017032913, 47.617581155411294, 0.0 ], [ 6.721174255470643, 47.617655677320563, 0.0 ], [ 6.725014798446992, 47.618490128082101, 0.0 ], [ 6.727659450066848, 47.6150445347794, 0.0 ], [ 6.727800979766832, 47.611119268802284, 0.0 ], [ 6.72508008847599, 47.608927248532382, 0.0 ], [ 6.72293064541444, 47.60831461068797, 0.0 ], [ 6.722897200779892, 47.607357794443701, 0.0 ], [ 6.724582240033837, 47.60505933813517, 0.0 ], [ 6.725734180775274, 47.604802685278315, 0.0 ], [ 6.74466296349407, 47.605588006168489, 0.0 ], [ 6.749221911030092, 47.60694377230886, 0.0 ], [ 6.749210066608025, 47.60740102470821, 0.0 ], [ 6.751248516689254, 47.607094000367908, 0.0 ], [ 6.752724523489077, 47.603715956258895, 0.0 ], [ 6.755208554871263, 47.601298487296681, 0.0 ], [ 6.75536801878793, 47.599323474631248, 0.0 ], [ 6.754018665540136, 47.598361239479075, 0.0 ], [ 6.755653752843632, 47.5971930032877, 0.0 ], [ 6.755027253104062, 47.596941930467352, 0.0 ], [ 6.753782340690374, 47.594035284882992, 0.0 ], [ 6.74910698878932, 47.58803089917992, 0.0 ], [ 6.748003198843525, 47.587430173559213, 0.0 ], [ 6.745878459262014, 47.58716141060988, 0.0 ] ] ] } },
{ "type": "Feature", "properties": { "INSEE_COM": "70330", "NOM_COM": "Mandrevillars", "EPCI": "247000722", "code_serm": 2 }, "geometry": { "type": "Polygon", "coordinates": [ [ [ 6.757403075941227, 47.621624008675667, 0.0 ], [ 6.754674267951132, 47.626408485403132, 0.0 ], [ 6.756925746610457, 47.628283361172578, 0.0 ], [ 6.762189335608757, 47.629693492154836, 0.0 ], [ 6.763199979609528, 47.627447748666285, 0.0 ], [ 6.763609270137892, 47.624010268886238, 0.0 ], [ 6.769521005449766, 47.62439079710046, 0.0 ], [ 6.770779699652695, 47.625018776544216, 0.0 ], [ 6.774202662321013, 47.625602008212248, 0.0 ], [ 6.780519471012209, 47.625280419754674, 0.0 ], [ 6.780460762027656, 47.623963057224536, 0.0 ], [ 6.778540936727169, 47.620720760132627, 0.0 ], [ 6.777741102125955, 47.615976028726173, 0.0 ], [ 6.779959451254785, 47.613521574319847, 0.0 ], [ 6.784628540460681, 47.611991477410783, 0.0 ], [ 6.786702660362263, 47.610515692344691, 0.0 ], [ 6.788301768121967, 47.605110058717123, 0.0 ], [ 6.783279741498001, 47.60610658232045, 0.0 ], [ 6.779220915650332, 47.606237227650084, 0.0 ], [ 6.771029343431174, 47.610506045371253, 0.0 ], [ 6.767086340185159, 47.611715678499742, 0.0 ], [ 6.765357750643783, 47.613846784600142, 0.0 ], [ 6.762730974547748, 47.615394955663277, 0.0 ], [ 6.760015521328411, 47.620584674930981, 0.0 ], [ 6.757403075941227, 47.621624008675667, 0.0 ] ] ] } },
{ "type": "Feature", "properties": { "INSEE_COM": "70477", "NOM_COM": "Saulnot", "EPCI": "247000722", "code_serm": 2 }, "geometry": { "type": "Polygon", "coordinates": [ [ [ 6.618804100917909, 47.531246149513528, 0.0 ], [ 6.610342201749117, 47.530537297370806, 0.0 ], [ 6.606584234401874, 47.533424526558854, 0.0 ], [ 6.606298312432559, 47.535989752681928, 0.0 ], [ 6.606891733277839, 47.536620165187522, 0.0 ], [ 6.606430717348901, 47.536926385919429, 0.0 ], [ 6.607984311099197, 47.538119984550256, 0.0 ], [ 6.605343479774262, 47.539823670527475, 0.0 ], [ 6.60996954711176, 47.543613677994919, 0.0 ], [ 6.608170218338786, 47.545050759048912, 0.0 ], [ 6.604869661639184, 47.546449551836368, 0.0 ], [ 6.605814117344698, 47.547448465279587, 0.0 ], [ 6.607915446935792, 47.548037616812628, 0.0 ], [ 6.607813165690274, 47.549991618562927, 0.0 ], [ 6.604335424039799, 47.551649069833729, 0.0 ], [ 6.602545571355474, 47.554298597880148, 0.0 ], [ 6.602112078544686, 47.556239390142792, 0.0 ], [ 6.599701471771804, 47.559380200984293, 0.0 ], [ 6.601701631637188, 47.560378079182613, 0.0 ], [ 6.604298536619844, 47.560472624072432, 0.0 ], [ 6.606269619810593, 47.561037910427352, 0.0 ], [ 6.608302312912062, 47.562140099510003, 0.0 ], [ 6.610488479808498, 47.56529465272542, 0.0 ], [ 6.610737491825168, 47.566831379520309, 0.0 ], [ 6.60979636669024, 47.567700320955424, 0.0 ], [ 6.605203762292262, 47.569406677926857, 0.0 ], [ 6.60334367921768, 47.571536631950416, 0.0 ], [ 6.601767945433261, 47.57480482157559, 0.0 ], [ 6.60165062166015, 47.576441172790325, 0.0 ], [ 6.606233517115752, 47.578602657632032, 0.0 ], [ 6.601973958377669, 47.592761993399648, 0.0 ], [ 6.601890132486895, 47.594599131103188, 0.0 ], [ 6.606761027333186, 47.595676770261214, 0.0 ], [ 6.616630538751748, 47.599334069922307, 0.0 ], [ 6.622087598726211, 47.600498341077461, 0.0 ], [ 6.627400651093016, 47.600951395442351, 0.0 ], [ 6.631985070765176, 47.602696500671307, 0.0 ], [ 6.63482213084615, 47.60178637110112, 0.0 ], [ 6.646887233247656, 47.602723615846905, 0.0 ], [ 6.651643442634841, 47.603501153115616, 0.0 ], [ 6.655610091784678, 47.603097598314086, 0.0 ], [ 6.661795806634865, 47.605579828760931, 0.0 ], [ 6.665806475614031, 47.603914833023197, 0.0 ], [ 6.668080256005866, 47.600767058398709, 0.0 ], [ 6.665379683854919, 47.597545851651148, 0.0 ], [ 6.65943798695778, 47.595988793090591, 0.0 ], [ 6.657984230273749, 47.595166645016867, 0.0 ], [ 6.658800770009745, 47.593941692364794, 0.0 ], [ 6.658898617026063, 47.592259900333069, 0.0 ], [ 6.657052775526598, 47.5882601954672, 0.0 ], [ 6.656915551165279, 47.584565532558734, 0.0 ], [ 6.658039899916321, 47.582100934201193, 0.0 ], [ 6.660333316963801, 47.579693343406085, 0.0 ], [ 6.655535997463552, 47.577294637446386, 0.0 ], [ 6.654004471615823, 47.575755817299118, 0.0 ], [ 6.652034558746621, 47.572459164619033, 0.0 ], [ 6.652901659347497, 47.571509284403625, 0.0 ], [ 6.653708912666268, 47.57135873913289, 0.0 ], [ 6.653795875345907, 47.570197208158881, 0.0 ], [ 6.652101343534186, 47.567361393604543, 0.0 ], [ 6.650483837243623, 47.56627306852311, 0.0 ], [ 6.649365016764836, 47.563110113990156, 0.0 ], [ 6.649458400182882, 47.561690669884015, 0.0 ], [ 6.646104625433881, 47.557591107912366, 0.0 ], [ 6.643154294488819, 47.556159604642339, 0.0 ], [ 6.641310452634069, 47.553813100753466, 0.0 ], [ 6.635984789781029, 47.55142656017518, 0.0 ], [ 6.635282746675046, 47.550146380457164, 0.0 ], [ 6.636648590358632, 47.544949510277306, 0.0 ], [ 6.641502644414017, 47.543159738485528, 0.0 ], [ 6.643522658369515, 47.543703940387651, 0.0 ], [ 6.644393999351794, 47.543172078169881, 0.0 ], [ 6.648114675089662, 47.5361126547647, 0.0 ], [ 6.642275608766359, 47.533161288395526, 0.0 ], [ 6.636873033465811, 47.533427370885505, 0.0 ], [ 6.628418040499619, 47.530870546351977, 0.0 ], [ 6.625466011437307, 47.529071043090298, 0.0 ], [ 6.623257790472157, 47.529154156922246, 0.0 ], [ 6.618804100917909, 47.531246149513528, 0.0 ] ] ] } },
{ "type": "Feature", "properties": { "INSEE_COM": "70506", "NOM_COM": "Trémoins", "EPCI": "247000722", "code_serm": 2 }, "geometry": { "type": "Polygon", "coordinates": [ [ [ 6.708472818763224, 47.556581439018075, 0.0 ], [ 6.688602362112556, 47.560689339327226, 0.0 ], [ 6.685199999721855, 47.563473256043402, 0.0 ], [ 6.685596049620353, 47.566067654922904, 0.0 ], [ 6.689484300123858, 47.571664034045519, 0.0 ], [ 6.690884651009308, 47.572062160142984, 0.0 ], [ 6.694194746394463, 47.574927401788912, 0.0 ], [ 6.70248320261793, 47.573030787037794, 0.0 ], [ 6.705846651559025, 47.575273153459769, 0.0 ], [ 6.709027310182771, 47.576279500479266, 0.0 ], [ 6.712426937496614, 47.570818642468289, 0.0 ], [ 6.713280695220848, 47.568371032059808, 0.0 ], [ 6.719947979742207, 47.561783888668835, 0.0 ], [ 6.722847124847034, 47.559637652272208, 0.0 ], [ 6.721050513315181, 47.558232476057235, 0.0 ], [ 6.719867810562507, 47.556217440660539, 0.0 ], [ 6.719604599205612, 47.552858296897114, 0.0 ], [ 6.714750827474839, 47.553060856342213, 0.0 ], [ 6.708472818763224, 47.556581439018075, 0.0 ] ] ] } },
{ "type": "Feature", "properties": { "INSEE_COM": "70547", "NOM_COM": "Verlans", "EPCI": "247000722", "code_serm": 2 }, "geometry": { "type": "Polygon", "coordinates": [ [ [ 6.713280695220848, 47.568371032059808, 0.0 ], [ 6.709276666055406, 47.576207589085406, 0.0 ], [ 6.71731942964638, 47.58090404194936, 0.0 ], [ 6.722249403400123, 47.576123107224163, 0.0 ], [ 6.723432839492101, 47.574321815389204, 0.0 ], [ 6.726561273534654, 47.566275687858514, 0.0 ], [ 6.72543583909761, 47.561880778984161, 0.0 ], [ 6.725941162962074, 47.560402986090374, 0.0 ], [ 6.722847124847034, 47.559637652272208, 0.0 ], [ 6.719947979742207, 47.561783888668835, 0.0 ], [ 6.713280695220848, 47.568371032059808, 0.0 ] ] ] } },
{ "type": "Feature", "properties": { "INSEE_COM": "70567", "NOM_COM": "Villers-sur-Saulnot", "EPCI": "247000722", "code_serm": 2 }, "geometry": { "type": "Polygon", "coordinates": [ [ [ 6.643154294488819, 47.556159604642339, 0.0 ], [ 6.646104625433881, 47.557591107912366, 0.0 ], [ 6.648435286422872, 47.560433227907872, 0.0 ], [ 6.648513405321209, 47.554775502577492, 0.0 ], [ 6.660316060533262, 47.551197529239921, 0.0 ], [ 6.656355236005114, 47.547526401334963, 0.0 ], [ 6.659144233931769, 47.546759433545304, 0.0 ], [ 6.658322448411465, 47.545506562586496, 0.0 ], [ 6.651363188035734, 47.539857724288275, 0.0 ], [ 6.648419393154935, 47.536093201691529, 0.0 ], [ 6.644393999351794, 47.543172078169881, 0.0 ], [ 6.643522658369515, 47.543703940387651, 0.0 ], [ 6.641502644414017, 47.543159738485528, 0.0 ], [ 6.636231234971237, 47.545426597390275, 0.0 ], [ 6.635282746675046, 47.550146380457164, 0.0 ], [ 6.635984789781029, 47.55142656017518, 0.0 ], [ 6.641310452634069, 47.553813100753466, 0.0 ], [ 6.643154294488819, 47.556159604642339, 0.0 ] ] ] } },
{ "type": "Feature", "properties": { "INSEE_COM": "70579", "NOM_COM": "Vyans-le-Val", "EPCI": "247000722", "code_serm": 2 }, "geometry": { "type": "Polygon", "coordinates": [ [ [ 6.749090576397893, 47.551838756824985, 0.0 ], [ 6.748966529339229, 47.552423089229741, 0.0 ], [ 6.751326749998176, 47.555552547257065, 0.0 ], [ 6.75224413577105, 47.559762036178142, 0.0 ], [ 6.753367638004161, 47.56129476967903, 0.0 ], [ 6.763356844590765, 47.558386383251516, 0.0 ], [ 6.766703705592014, 47.560255420916256, 0.0 ], [ 6.767245064875014, 47.560135194273407, 0.0 ], [ 6.771645260180822, 47.554311975033137, 0.0 ], [ 6.772975466534655, 47.547268663737484, 0.0 ], [ 6.772254251918705, 47.544142429168595, 0.0 ], [ 6.770496788351637, 47.542587117650754, 0.0 ], [ 6.769678395130752, 47.537759899400584, 0.0 ], [ 6.767132498825787, 47.538305439852174, 0.0 ], [ 6.763172586514167, 47.540523203331553, 0.0 ], [ 6.756069277012154, 47.542123056924311, 0.0 ], [ 6.75354771354197, 47.5433037223642, 0.0 ], [ 6.748984275093412, 47.548920637376106, 0.0 ], [ 6.750934495714369, 47.550175373731278, 0.0 ], [ 6.750563142475199, 47.551199320812756, 0.0 ], [ 6.749090576397893, 47.551838756824985, 0.0 ] ] ] } },
{ "type": "Feature", "properties": { "INSEE_COM": "90001", "NOM_COM": "Andelnans", "EPCI": "200069052", "code_serm": 2 }, "geometry": { "type": "Polygon", "coordinates": [ [ [ 6.851824422421749, 47.609984481995646, 0.0 ], [ 6.863213659490747, 47.608868049534394, 0.0 ], [ 6.871203435542451, 47.610640817544116, 0.0 ], [ 6.880985570446904, 47.61075472469448, 0.0 ], [ 6.881018093968134, 47.609626242738372, 0.0 ], [ 6.885496329683139, 47.603704082888015, 0.0 ], [ 6.886222881905194, 47.601714352527217, 0.0 ], [ 6.885625654707101, 47.598617875621841, 0.0 ], [ 6.884571732178057, 47.598032046607351, 0.0 ], [ 6.872361866792465, 47.596451775286305, 0.0 ], [ 6.867005654712067, 47.594884750193465, 0.0 ], [ 6.866084459440972, 47.592982217153455, 0.0 ], [ 6.863022870114365, 47.592225718700618, 0.0 ], [ 6.862597780294685, 47.593752005282944, 0.0 ], [ 6.858638018591352, 47.598096147959154, 0.0 ], [ 6.857005886139784, 47.59894407586976, 0.0 ], [ 6.853725094380447, 47.599250770229247, 0.0 ], [ 6.850975957875635, 47.600518509968126, 0.0 ], [ 6.84859103204697, 47.604214571879034, 0.0 ], [ 6.845787040754451, 47.604430501774544, 0.0 ], [ 6.840966984160829, 47.60298068975392, 0.0 ], [ 6.83965052120959, 47.603184436291123, 0.0 ], [ 6.838752286101008, 47.607405374443822, 0.0 ], [ 6.838988680319986, 47.606949711169896, 0.0 ], [ 6.840717624959986, 47.608365331642965, 0.0 ], [ 6.851824422421749, 47.609984481995646, 0.0 ] ] ] } },
{ "type": "Feature", "properties": { "INSEE_COM": "90002", "NOM_COM": "Angeot", "EPCI": "200069052", "code_serm": 2 }, "geometry": { "type": "Polygon", "coordinates": [ [ [ 6.983520918045323, 47.686017665005053, 0.0 ], [ 6.977694778821256, 47.688693603601997, 0.0 ], [ 6.972060914255462, 47.689158325120964, 0.0 ], [ 6.968732074122792, 47.689856323666234, 0.0 ], [ 6.968243554727252, 47.690537107597002, 0.0 ], [ 6.97222460672483, 47.691622084622637, 0.0 ], [ 7.000758536196663, 47.704685212703801, 0.0 ], [ 7.001122089487199, 47.704228464909164, 0.0 ], [ 7.007459455412445, 47.70541095047151, 0.0 ], [ 7.013055406172515, 47.705645231965811, 0.0 ], [ 7.018764562961481, 47.705078665331769, 0.0 ], [ 7.027547865222864, 47.705316173927166, 0.0 ], [ 7.026476379037989, 47.700963158781839, 0.0 ], [ 7.029894164754666, 47.699922486015936, 0.0 ], [ 7.032776010073539, 47.699668964651217, 0.0 ], [ 7.033129057668182, 47.697155827678962, 0.0 ], [ 7.034122484183032, 47.695889534915885, 0.0 ], [ 7.035829343722727, 47.694931154173297, 0.0 ], [ 7.037307157943722, 47.694720585048756, 0.0 ], [ 7.038230609177028, 47.692621209493517, 0.0 ], [ 7.019578701229664, 47.688906804307514, 0.0 ], [ 7.009342555448703, 47.687559661751692, 0.0 ], [ 7.006804186963134, 47.688255069934478, 0.0 ], [ 6.998863248966417, 47.689117416534458, 0.0 ], [ 6.98590557390633, 47.687118742377983, 0.0 ], [ 6.983520918045323, 47.686017665005053, 0.0 ] ] ] } },
{ "type": "Feature", "properties": { "INSEE_COM": "90003", "NOM_COM": "Anjoutey", "EPCI": "200069060", "code_serm": 2 }, "geometry": { "type": "Polygon", "coordinates": [ [ [ 6.943659582830066, 47.703544508941711, 0.0 ], [ 6.944275735204255, 47.70083185878169, 0.0 ], [ 6.945824486803543, 47.698924023817099, 0.0 ], [ 6.946526623597542, 47.698220815132466, 0.0 ], [ 6.950651686003406, 47.696836889250768, 0.0 ], [ 6.950263355656598, 47.696370579077914, 0.0 ], [ 6.951469754644433, 47.695430397622047, 0.0 ], [ 6.954389078827177, 47.694441263024046, 0.0 ], [ 6.954925040993089, 47.693210108077324, 0.0 ], [ 6.954399500100711, 47.692783600976767, 0.0 ], [ 6.950237094010414, 47.69212862316742, 0.0 ], [ 6.938472914181985, 47.693976633616671, 0.0 ], [ 6.930666954591467, 47.691878340863688, 0.0 ], [ 6.926702692012134, 47.69024799727373, 0.0 ], [ 6.925225155985444, 47.690302145301331, 0.0 ], [ 6.918178374719128, 47.688766017797022, 0.0 ], [ 6.913932389995081, 47.690631373855602, 0.0 ], [ 6.906150916037003, 47.690920588082975, 0.0 ], [ 6.904196346910966, 47.69160501483713, 0.0 ], [ 6.901649857863174, 47.694395383802835, 0.0 ], [ 6.898397398994979, 47.693179208451504, 0.0 ], [ 6.893048653442871, 47.692461758289646, 0.0 ], [ 6.890468169345933, 47.694484300797598, 0.0 ], [ 6.891337823015156, 47.6988791608076, 0.0 ], [ 6.890704471093807, 47.700424112419107, 0.0 ], [ 6.907758365172743, 47.700824814383537, 0.0 ], [ 6.911690521875454, 47.701416017353175, 0.0 ], [ 6.923450108457544, 47.706305461361474, 0.0 ], [ 6.925107092836884, 47.707484445568554, 0.0 ], [ 6.927475768151457, 47.710889740177734, 0.0 ], [ 6.93593584275163, 47.715424713996114, 0.0 ], [ 6.94330600169566, 47.722335345941339, 0.0 ], [ 6.944547945685329, 47.721757250657916, 0.0 ], [ 6.951568744917256, 47.722782741916191, 0.0 ], [ 6.952176887255875, 47.719802690394864, 0.0 ], [ 6.953935482336022, 47.717336154862593, 0.0 ], [ 6.952334596719687, 47.71685407846379, 0.0 ], [ 6.949901436503065, 47.715251088493041, 0.0 ], [ 6.94576989351207, 47.710512481028843, 0.0 ], [ 6.943659582830066, 47.703544508941711, 0.0 ] ] ] } },
{ "type": "Feature", "properties": { "INSEE_COM": "90004", "NOM_COM": "Argiésans", "EPCI": "200069052", "code_serm": 2 }, "geometry": { "type": "Polygon", "coordinates": [ [ [ 6.815722212863727, 47.616561477251331, 0.0 ], [ 6.824392008696804, 47.610371414202973, 0.0 ], [ 6.827638810882394, 47.60985851876714, 0.0 ], [ 6.830446985217682, 47.610308865141057, 0.0 ], [ 6.834099477616696, 47.608599227768579, 0.0 ], [ 6.838752286101008, 47.607405374443822, 0.0 ], [ 6.839534583884008, 47.603536107235691, 0.0 ], [ 6.840208067853728, 47.602877706817601, 0.0 ], [ 6.837323759712141, 47.600123090202956, 0.0 ], [ 6.834114525232343, 47.598553324502468, 0.0 ], [ 6.831967997951999, 47.59994318084037, 0.0 ], [ 6.82835526163225, 47.598169333405963, 0.0 ], [ 6.822293389062446, 47.600329972444086, 0.0 ], [ 6.818926005023103, 47.599020016472586, 0.0 ], [ 6.816474986600322, 47.599455292120439, 0.0 ], [ 6.814977856449935, 47.600710024911571, 0.0 ], [ 6.80820300655274, 47.598902866318852, 0.0 ], [ 6.801704245246578, 47.598813855123637, 0.0 ], [ 6.800891960968388, 47.600241627784072, 0.0 ], [ 6.807734988742898, 47.602333551113745, 0.0 ], [ 6.81119340061669, 47.603893177510571, 0.0 ], [ 6.813184031405261, 47.605421387454271, 0.0 ], [ 6.815135922244576, 47.610413101644177, 0.0 ], [ 6.814808921040318, 47.612828993898439, 0.0 ], [ 6.813189283524218, 47.615396170046068, 0.0 ], [ 6.815722212863727, 47.616561477251331, 0.0 ] ] ] } },
{ "type": "Feature", "properties": { "INSEE_COM": "90005", "NOM_COM": "Auxelles-Bas", "EPCI": "200069060", "code_serm": 2 }, "geometry": { "type": "Polygon", "coordinates": [ [ [ 6.807532832222472, 47.735294767087744, 0.0 ], [ 6.811968660586617, 47.73089076663738, 0.0 ], [ 6.813003012573918, 47.727337332236807, 0.0 ], [ 6.801780095272856, 47.721067023233701, 0.0 ], [ 6.801310507204949, 47.718791687373532, 0.0 ], [ 6.798505310965227, 47.717616806513206, 0.0 ], [ 6.795441919885786, 47.716976486708653, 0.0 ], [ 6.785877523650484, 47.717522664394942, 0.0 ], [ 6.77863872851669, 47.716521435962136, 0.0 ], [ 6.774399576008932, 47.715507671187005, 0.0 ], [ 6.772814878933314, 47.714078329033946, 0.0 ], [ 6.772623585604364, 47.713074379943357, 0.0 ], [ 6.771580083999486, 47.712573702092435, 0.0 ], [ 6.769747039667933, 47.714197112955915, 0.0 ], [ 6.76685818311856, 47.719148878335936, 0.0 ], [ 6.762431553514819, 47.72048894077475, 0.0 ], [ 6.758330900513521, 47.723347479966122, 0.0 ], [ 6.757548294821476, 47.724765695447964, 0.0 ], [ 6.757040765807772, 47.726278689664262, 0.0 ], [ 6.760552457070034, 47.729162795136574, 0.0 ], [ 6.761030707604831, 47.730090842063497, 0.0 ], [ 6.760355182784523, 47.737997857948741, 0.0 ], [ 6.759583257006851, 47.739153515656945, 0.0 ], [ 6.773815122008605, 47.742265282600023, 0.0 ], [ 6.779160144573252, 47.740197750595598, 0.0 ], [ 6.783331936357214, 47.739689843412386, 0.0 ], [ 6.788919949968474, 47.740049619687753, 0.0 ], [ 6.791809532955474, 47.739395507569434, 0.0 ], [ 6.795303474449317, 47.739349772923021, 0.0 ], [ 6.799761143591329, 47.741146000734823, 0.0 ], [ 6.804825230731735, 47.741497714601003, 0.0 ], [ 6.806859350031343, 47.739960043218737, 0.0 ], [ 6.807532832222472, 47.735294767087744, 0.0 ] ] ] } },
{ "type": "Feature", "properties": { "INSEE_COM": "90006", "NOM_COM": "Auxelles-Haut", "EPCI": "200069060", "code_serm": 2 }, "geometry": { "type": "Polygon", "coordinates": [ [ [ 6.7644071840061, 47.758517309289694, 0.0 ], [ 6.769404142796262, 47.763146508075451, 0.0 ], [ 6.774580573188884, 47.766732596161624, 0.0 ], [ 6.778456355011929, 47.76635522857103, 0.0 ], [ 6.781479137703172, 47.765033943610398, 0.0 ], [ 6.787663981566907, 47.76024295737615, 0.0 ], [ 6.791463568331728, 47.754603503317554, 0.0 ], [ 6.789685573590232, 47.752509326913895, 0.0 ], [ 6.80137465626038, 47.747782371969528, 0.0 ], [ 6.80417630587104, 47.744567217963173, 0.0 ], [ 6.804221923324201, 47.741953466348797, 0.0 ], [ 6.804825230731735, 47.741497714601003, 0.0 ], [ 6.799761143591329, 47.741146000734823, 0.0 ], [ 6.795303474449317, 47.739349772923021, 0.0 ], [ 6.791809532955474, 47.739395507569434, 0.0 ], [ 6.788919949968474, 47.740049619687753, 0.0 ], [ 6.783331936357214, 47.739689843412386, 0.0 ], [ 6.779160144573252, 47.740197750595598, 0.0 ], [ 6.773815122008605, 47.742265282600023, 0.0 ], [ 6.759583257006851, 47.739153515656945, 0.0 ], [ 6.757822371295569, 47.747719779964029, 0.0 ], [ 6.75986418419121, 47.748916570406379, 0.0 ], [ 6.764473784967547, 47.753830531582352, 0.0 ], [ 6.7644071840061, 47.758517309289694, 0.0 ] ] ] } },
{ "type": "Feature", "properties": { "INSEE_COM": "90007", "NOM_COM": "Banvillars", "EPCI": "200069052", "code_serm": 2 }, "geometry": { "type": "Polygon", "coordinates": [ [ [ 6.791293802479548, 47.596961058261236, 0.0 ], [ 6.793302917492534, 47.59868633793554, 0.0 ], [ 6.79328596898799, 47.599272640188417, 0.0 ], [ 6.795905094546304, 47.599531684862207, 0.0 ], [ 6.797322506081452, 47.600558832086101, 0.0 ], [ 6.800822295773936, 47.600198839659143, 0.0 ], [ 6.801704245246578, 47.598813855123637, 0.0 ], [ 6.803499542641986, 47.598767047285676, 0.0 ], [ 6.80820300655274, 47.598902866318852, 0.0 ], [ 6.814977856449935, 47.600710024911571, 0.0 ], [ 6.816474986600322, 47.599455292120439, 0.0 ], [ 6.818926005023103, 47.599020016472586, 0.0 ], [ 6.822293389062446, 47.600329972444086, 0.0 ], [ 6.82835526163225, 47.598169333405963, 0.0 ], [ 6.832300178210067, 47.599930466120163, 0.0 ], [ 6.834114525232343, 47.598553324502468, 0.0 ], [ 6.828865797309305, 47.594514527718751, 0.0 ], [ 6.82721166188431, 47.592515032957493, 0.0 ], [ 6.826673739841953, 47.588170981614844, 0.0 ], [ 6.823865826182876, 47.584025738785158, 0.0 ], [ 6.822781636289352, 47.579487797467124, 0.0 ], [ 6.820324882255246, 47.57545622684173, 0.0 ], [ 6.817982005363284, 47.577835480046403, 0.0 ], [ 6.810399036076651, 47.581217805029041, 0.0 ], [ 6.805519283321726, 47.582099891193998, 0.0 ], [ 6.801922070473847, 47.584291712330007, 0.0 ], [ 6.802898483274999, 47.587826693965489, 0.0 ], [ 6.802198217948743, 47.590749474182331, 0.0 ], [ 6.801083305541425, 47.591891541799789, 0.0 ], [ 6.797994412154189, 47.591634404175778, 0.0 ], [ 6.791303119962978, 47.59628578991223, 0.0 ], [ 6.791293802479548, 47.596961058261236, 0.0 ] ] ] } },
{ "type": "Feature", "properties": { "INSEE_COM": "90008", "NOM_COM": "Bavilliers", "EPCI": "200069052", "code_serm": 2 }, "geometry": { "type": "Polygon", "coordinates": [ [ [ 6.829140394214039, 47.609873231395646, 0.0 ], [ 6.824392008696804, 47.610371414202973, 0.0 ], [ 6.818756876715019, 47.614642759975773, 0.0 ], [ 6.81008839654272, 47.620067223581323, 0.0 ], [ 6.80691841537492, 47.622731752563759, 0.0 ], [ 6.811855083298497, 47.625224513442646, 0.0 ], [ 6.817248329845117, 47.624385890608451, 0.0 ], [ 6.821971098828453, 47.624293504518185, 0.0 ], [ 6.825228166834965, 47.625789060620285, 0.0 ], [ 6.830587948901685, 47.63085262920405, 0.0 ], [ 6.834927420247296, 47.635878303915767, 0.0 ], [ 6.836257220782406, 47.631289141861416, 0.0 ], [ 6.837461535191874, 47.631388333672746, 0.0 ], [ 6.840048314618017, 47.628135657636967, 0.0 ], [ 6.845357937173248, 47.627025429643098, 0.0 ], [ 6.845467072881745, 47.627762596710838, 0.0 ], [ 6.846903046834326, 47.627174572729487, 0.0 ], [ 6.847495176141956, 47.624535344088393, 0.0 ], [ 6.846714424249796, 47.616352275402477, 0.0 ], [ 6.843085738587426, 47.612899579091156, 0.0 ], [ 6.840813013264234, 47.611671312557334, 0.0 ], [ 6.838988680319986, 47.606949711169896, 0.0 ], [ 6.838752286101008, 47.607405374443822, 0.0 ], [ 6.834099477616696, 47.608599227768579, 0.0 ], [ 6.830446985217682, 47.610308865141057, 0.0 ], [ 6.829140394214039, 47.609873231395646, 0.0 ] ] ] } },
{ "type": "Feature", "properties": { "INSEE_COM": "90009", "NOM_COM": "Beaucourt", "EPCI": "249000241", "code_serm": 2 }, "geometry": { "type": "Polygon", "coordinates": [ [ [ 6.908413935478037, 47.49503100623258, 0.0 ], [ 6.907492317615175, 47.494848344429329, 0.0 ], [ 6.916973866461553, 47.498132981592931, 0.0 ], [ 6.920010009241796, 47.498023580974547, 0.0 ], [ 6.920064818456594, 47.497120464332227, 0.0 ], [ 6.923463001793068, 47.497976661563634, 0.0 ], [ 6.922986056289313, 47.500158491030668, 0.0 ], [ 6.930187923377773, 47.500413102430379, 0.0 ], [ 6.931608193896413, 47.496649183205449, 0.0 ], [ 6.933591773941388, 47.495953985511477, 0.0 ], [ 6.934841160133748, 47.491173727329695, 0.0 ], [ 6.934444084398231, 47.48812639302524, 0.0 ], [ 6.935224770703401, 47.485616963563281, 0.0 ], [ 6.939560792239941, 47.486304873422512, 0.0 ], [ 6.94104072295591, 47.486016832898748, 0.0 ], [ 6.942673461282275, 47.48491604173482, 0.0 ], [ 6.940853772642365, 47.480755128599014, 0.0 ], [ 6.939560009290336, 47.474742257135802, 0.0 ], [ 6.938477625121971, 47.473131334403732, 0.0 ], [ 6.936015895699924, 47.473241666934079, 0.0 ], [ 6.930788606252498, 47.475026257581845, 0.0 ], [ 6.927086727871289, 47.475519868475772, 0.0 ], [ 6.915702462987516, 47.478229685501596, 0.0 ], [ 6.911520204891065, 47.484302509866943, 0.0 ], [ 6.909577862923928, 47.489560885816474, 0.0 ], [ 6.909530276481577, 47.49443924283657, 0.0 ], [ 6.908413935478037, 47.49503100623258, 0.0 ] ] ] } },
{ "type": "Feature", "properties": { "INSEE_COM": "90010", "NOM_COM": "Belfort", "EPCI": "200069052", "code_serm": 2 }, "geometry": { "type": "Polygon", "coordinates": [ [ [ 6.840048314618017, 47.628135657636967, 0.0 ], [ 6.837461535191874, 47.631388333672746, 0.0 ], [ 6.836210329528301, 47.631360072649201, 0.0 ], [ 6.835330229516695, 47.635064838335218, 0.0 ], [ 6.833625686530182, 47.638283002118477, 0.0 ], [ 6.830894608743071, 47.640393052173742, 0.0 ], [ 6.827924066717826, 47.641900799007615, 0.0 ], [ 6.828162047454269, 47.645364241576466, 0.0 ], [ 6.824634372536042, 47.647215469983273, 0.0 ], [ 6.819090824891879, 47.6462659849687, 0.0 ], [ 6.816830807255108, 47.646586801375136, 0.0 ], [ 6.821394994085009, 47.650022276300881, 0.0 ], [ 6.825304994771638, 47.651488381105771, 0.0 ], [ 6.827516720093991, 47.651328493311425, 0.0 ], [ 6.83231823075795, 47.647604240637691, 0.0 ], [ 6.834880850440123, 47.647152429903038, 0.0 ], [ 6.836467417579387, 47.650316536181933, 0.0 ], [ 6.836441202298466, 47.654085125313877, 0.0 ], [ 6.837428628788953, 47.656166787742158, 0.0 ], [ 6.835805488126677, 47.659393068954827, 0.0 ], [ 6.832823475211358, 47.656895662280981, 0.0 ], [ 6.82959001988471, 47.656333990195826, 0.0 ], [ 6.824171728648524, 47.654579489795296, 0.0 ], [ 6.819748309446544, 47.652316404428731, 0.0 ], [ 6.810204050573122, 47.652924693944072, 0.0 ], [ 6.80593610540147, 47.653669439351127, 0.0 ], [ 6.804148441051145, 47.653325782558881, 0.0 ], [ 6.798397310744026, 47.650495097703079, 0.0 ], [ 6.792127393586802, 47.654648538362935, 0.0 ], [ 6.790613837018781, 47.65491394906136, 0.0 ], [ 6.788674226170239, 47.654476766866999, 0.0 ], [ 6.787676723742738, 47.65500384359666, 0.0 ], [ 6.787450765801364, 47.657361308354162, 0.0 ], [ 6.799730454245337, 47.660274973809649, 0.0 ], [ 6.801333122913443, 47.661276242853106, 0.0 ], [ 6.804324973094205, 47.665256447292549, 0.0 ], [ 6.807438270531732, 47.666747302985762, 0.0 ], [ 6.811146591147252, 47.667377910197104, 0.0 ], [ 6.822404824347936, 47.667678675852919, 0.0 ], [ 6.825290470880425, 47.669222482804663, 0.0 ], [ 6.830272124088848, 47.670337957559134, 0.0 ], [ 6.830719232484044, 47.671305541446195, 0.0 ], [ 6.834494049049128, 47.669866019162392, 0.0 ], [ 6.835216312455242, 47.668705061171465, 0.0 ], [ 6.834869738510029, 47.667003360622516, 0.0 ], [ 6.835926326361935, 47.660590333935161, 0.0 ], [ 6.843363168501473, 47.661428120160011, 0.0 ], [ 6.850316556125055, 47.661164845040645, 0.0 ], [ 6.854913930295102, 47.657706826189759, 0.0 ], [ 6.862101254595493, 47.654548670563372, 0.0 ], [ 6.873109929696258, 47.652562843733783, 0.0 ], [ 6.875797545243921, 47.651152542056856, 0.0 ], [ 6.876949185871849, 47.64982292182048, 0.0 ], [ 6.88118072985568, 47.649894119689897, 0.0 ], [ 6.884632192117845, 47.651632173099578, 0.0 ], [ 6.891214251042519, 47.65340733527303, 0.0 ], [ 6.89414245717306, 47.655058921822935, 0.0 ], [ 6.894881639539556, 47.654405241439179, 0.0 ], [ 6.894018471822866, 47.652594707594019, 0.0 ], [ 6.886067645430837, 47.64892952293377, 0.0 ], [ 6.884742808178437, 47.647860647616504, 0.0 ], [ 6.886144498253772, 47.645702525986707, 0.0 ], [ 6.888468188805154, 47.646442534680666, 0.0 ], [ 6.887958953700144, 47.642257257677095, 0.0 ], [ 6.884296731866383, 47.640017152659993, 0.0 ], [ 6.8796982836036, 47.638337956696212, 0.0 ], [ 6.881202539622058, 47.636069231934997, 0.0 ], [ 6.873793230467396, 47.630946992921722, 0.0 ], [ 6.874330021301254, 47.629912638495846, 0.0 ], [ 6.878621649472395, 47.62969530477632, 0.0 ], [ 6.873818221933187, 47.627656833635939, 0.0 ], [ 6.862791219170931, 47.624679825138408, 0.0 ], [ 6.860964921587984, 47.624513160289446, 0.0 ], [ 6.856768963123853, 47.626232565050273, 0.0 ], [ 6.85525846118871, 47.626341047100681, 0.0 ], [ 6.852505447028021, 47.620339095102189, 0.0 ], [ 6.848792738549517, 47.620811258698566, 0.0 ], [ 6.847204860822187, 47.621970259859459, 0.0 ], [ 6.847495176141956, 47.624535344088393, 0.0 ], [ 6.846903046834326, 47.627174572729487, 0.0 ], [ 6.845467072881745, 47.627762596710838, 0.0 ], [ 6.845357937173248, 47.627025429643098, 0.0 ], [ 6.840048314618017, 47.628135657636967, 0.0 ] ] ] } },
{ "type": "Feature", "properties": { "INSEE_COM": "90011", "NOM_COM": "Bermont", "EPCI": "200069052", "code_serm": 2 }, "geometry": { "type": "Polygon", "coordinates": [ [ [ 6.84349510415438, 47.566727274053896, 0.0 ], [ 6.839503738808643, 47.56812497747562, 0.0 ], [ 6.836690494298964, 47.568612317882412, 0.0 ], [ 6.833699489930531, 47.568479106080616, 0.0 ], [ 6.828968349906767, 47.569203238925226, 0.0 ], [ 6.822228421053024, 47.572932712157602, 0.0 ], [ 6.821224327731956, 47.574439959118017, 0.0 ], [ 6.830036513263378, 47.573958869046287, 0.0 ], [ 6.836690431026523, 47.575338815130081, 0.0 ], [ 6.840727562383281, 47.576642401859175, 0.0 ], [ 6.841007043993501, 47.579675617638692, 0.0 ], [ 6.845090486620588, 47.58209682000598, 0.0 ], [ 6.855286041135577, 47.584653935194936, 0.0 ], [ 6.859135784167973, 47.584915018385651, 0.0 ], [ 6.859693593961899, 47.583252770777662, 0.0 ], [ 6.860738481593267, 47.582340413347161, 0.0 ], [ 6.861405182420649, 47.582368805858358, 0.0 ], [ 6.861464611929772, 47.581919842263787, 0.0 ], [ 6.857878649041323, 47.575722018823164, 0.0 ], [ 6.857103598690068, 47.573160309558389, 0.0 ], [ 6.857054122268558, 47.568585634613413, 0.0 ], [ 6.85475573381881, 47.566685313446349, 0.0 ], [ 6.85304129405904, 47.566712250910811, 0.0 ], [ 6.85097054697914, 47.567448464006318, 0.0 ], [ 6.84963959047587, 47.568620725257681, 0.0 ], [ 6.849463383014515, 47.572863082012866, 0.0 ], [ 6.848774027337099, 47.573534702712408, 0.0 ], [ 6.845595827363556, 47.573672916990368, 0.0 ], [ 6.843014515824925, 47.570632682814725, 0.0 ], [ 6.843742550789889, 47.56870355269529, 0.0 ], [ 6.84349510415438, 47.566727274053896, 0.0 ] ] ] } },
{ "type": "Feature", "properties": { "INSEE_COM": "90012", "NOM_COM": "Bessoncourt", "EPCI": "200069052", "code_serm": 2 }, "geometry": { "type": "Polygon", "coordinates": [ [ [ 6.914891579439931, 47.6493067049256, 0.0 ], [ 6.92081991428242, 47.651103944701468, 0.0 ], [ 6.926169814245501, 47.655418484007846, 0.0 ], [ 6.929014813306347, 47.65608701583222, 0.0 ], [ 6.930404801725748, 47.656197049459415, 0.0 ], [ 6.934723578569329, 47.6553621832525, 0.0 ], [ 6.937426776414824, 47.652700813078397, 0.0 ], [ 6.938493917731788, 47.650626281234786, 0.0 ], [ 6.939738923592189, 47.650508577248232, 0.0 ], [ 6.949045371741791, 47.653979304503309, 0.0 ], [ 6.951662232464364, 47.653348240587668, 0.0 ], [ 6.956895023909109, 47.653207983438449, 0.0 ], [ 6.970145336156029, 47.6547868793565, 0.0 ], [ 6.970304248898391, 47.650849409763929, 0.0 ], [ 6.973524674991729, 47.641625669163652, 0.0 ], [ 6.971011896822449, 47.636749862205683, 0.0 ], [ 6.96677175165286, 47.636966129740685, 0.0 ], [ 6.960912044076614, 47.638177193354849, 0.0 ], [ 6.956885931667169, 47.638278587831131, 0.0 ], [ 6.951282099010714, 47.636684878630447, 0.0 ], [ 6.946253419180272, 47.636984766196981, 0.0 ], [ 6.939051027288606, 47.635277791020812, 0.0 ], [ 6.935516817563575, 47.637199437811489, 0.0 ], [ 6.924415224565699, 47.638451870027325, 0.0 ], [ 6.910768399747468, 47.638605243884513, 0.0 ], [ 6.911246328013493, 47.640685428888169, 0.0 ], [ 6.909533256810918, 47.644946908771239, 0.0 ], [ 6.911408350916753, 47.645766378442659, 0.0 ], [ 6.912670655338548, 47.647648144093381, 0.0 ], [ 6.914891579439931, 47.6493067049256, 0.0 ] ] ] } },
{ "type": "Feature", "properties": { "INSEE_COM": "90013", "NOM_COM": "Bethonvilliers", "EPCI": "200069052", "code_serm": 2 }, "geometry": { "type": "Polygon", "coordinates": [ [ [ 6.967581728708994, 47.690414486538259, 0.0 ], [ 6.976064775808431, 47.680016276173667, 0.0 ], [ 6.976797705680529, 47.678357415208787, 0.0 ], [ 6.973704701259227, 47.673690699808951, 0.0 ], [ 6.96315498206906, 47.670526245950896, 0.0 ], [ 6.961939625231618, 47.672053582088665, 0.0 ], [ 6.962593909037494, 47.675630843239496, 0.0 ], [ 6.961915290605629, 47.678563879864164, 0.0 ], [ 6.960098912896494, 47.679656451940303, 0.0 ], [ 6.96025328331678, 47.682738767069615, 0.0 ], [ 6.957683918921832, 47.689093726356397, 0.0 ], [ 6.959861548844009, 47.689731901610671, 0.0 ], [ 6.967581728708994, 47.690414486538259, 0.0 ] ] ] } },
{ "type": "Feature", "properties": { "INSEE_COM": "90014", "NOM_COM": "Boron", "EPCI": "249000241", "code_serm": 2 }, "geometry": { "type": "Polygon", "coordinates": [ [ [ 6.997032972799968, 47.547152971389771, 0.0 ], [ 6.992534347415963, 47.549835313244344, 0.0 ], [ 6.99290827760552, 47.555514140349054, 0.0 ], [ 6.99353774525347, 47.556436221013278, 0.0 ], [ 6.997538382995458, 47.558371133369214, 0.0 ], [ 6.997527324889291, 47.560019969486071, 0.0 ], [ 6.999759020863087, 47.56021649773826, 0.0 ], [ 7.000819590549543, 47.560758726214949, 0.0 ], [ 7.002010450132054, 47.56419411831078, 0.0 ], [ 7.006611226070898, 47.567725953444274, 0.0 ], [ 7.012667487497818, 47.565328396925402, 0.0 ], [ 7.021652108882253, 47.564018320673703, 0.0 ], [ 7.021879024496859, 47.562717124686067, 0.0 ], [ 7.025632106699522, 47.562848942845037, 0.0 ], [ 7.027900628255281, 47.561941372522526, 0.0 ], [ 7.02825185881592, 47.561125270102927, 0.0 ], [ 7.027616241385664, 47.559441965513592, 0.0 ], [ 7.0295977731177, 47.557944902031664, 0.0 ], [ 7.031633707703018, 47.55722284676586, 0.0 ], [ 7.033157466312078, 47.554479713845176, 0.0 ], [ 7.033075336275511, 47.552633965697289, 0.0 ], [ 7.034027645593356, 47.550100761531567, 0.0 ], [ 7.036093198618995, 47.549475831264296, 0.0 ], [ 7.038162540645574, 47.547968341900884, 0.0 ], [ 7.039589339324646, 47.546256856969094, 0.0 ], [ 7.039569238574334, 47.545216530365018, 0.0 ], [ 7.038361842541923, 47.544054220705121, 0.0 ], [ 7.027948803741236, 47.541801749399006, 0.0 ], [ 7.025900676875942, 47.544986569799136, 0.0 ], [ 7.022545385321264, 47.544304791223283, 0.0 ], [ 7.019555895553633, 47.544945137318606, 0.0 ], [ 7.01333976020112, 47.544365356996011, 0.0 ], [ 7.01053788273295, 47.546176106533949, 0.0 ], [ 7.002535956470346, 47.545906858941763, 0.0 ], [ 6.997032972799968, 47.547152971389771, 0.0 ] ] ] } },
{ "type": "Feature", "properties": { "INSEE_COM": "90015", "NOM_COM": "Botans", "EPCI": "200069052", "code_serm": 2 }, "geometry": { "type": "Polygon", "coordinates": [ [ [ 6.839936163871021, 47.594932830453459, 0.0 ], [ 6.836684709454888, 47.594607258665881, 0.0 ], [ 6.835771616469508, 47.596101708178836, 0.0 ], [ 6.835975634793143, 47.599292384595813, 0.0 ], [ 6.839977227864511, 47.60285466532001, 0.0 ], [ 6.847047216967947, 47.604480873731809, 0.0 ], [ 6.84907195557544, 47.603806690454356, 0.0 ], [ 6.850975957875635, 47.600518509968126, 0.0 ], [ 6.853725094380447, 47.599250770229247, 0.0 ], [ 6.857005886139784, 47.59894407586976, 0.0 ], [ 6.858638018591352, 47.598096147959154, 0.0 ], [ 6.863251924611389, 47.592611054016366, 0.0 ], [ 6.863022870114365, 47.592225718700618, 0.0 ], [ 6.859957857975512, 47.592046922291765, 0.0 ], [ 6.859310714516974, 47.589066453799767, 0.0 ], [ 6.854519174846973, 47.589233923727036, 0.0 ], [ 6.85310299234354, 47.586833077691544, 0.0 ], [ 6.849866305342972, 47.586319048220773, 0.0 ], [ 6.848658082318514, 47.589569871534337, 0.0 ], [ 6.847418879264102, 47.590489417432124, 0.0 ], [ 6.8416558333875, 47.592430389375274, 0.0 ], [ 6.839936163871021, 47.594932830453459, 0.0 ] ] ] } },
{ "type": "Feature", "properties": { "INSEE_COM": "90017", "NOM_COM": "Bourogne", "EPCI": "200069052", "code_serm": 2 }, "geometry": { "type": "Polygon", "coordinates": [ [ [ 6.916062125547295, 47.581684331594282, 0.0 ], [ 6.918039736860136, 47.581043814799273, 0.0 ], [ 6.92579066452739, 47.574779065350711, 0.0 ], [ 6.93408429045236, 47.571385707760548, 0.0 ], [ 6.936938548420747, 47.569240818061509, 0.0 ], [ 6.937676590738532, 47.56680684954766, 0.0 ], [ 6.936511419339996, 47.566608271360487, 0.0 ], [ 6.933835802082463, 47.562698846637907, 0.0 ], [ 6.933478302608688, 47.560556921701064, 0.0 ], [ 6.936024136697231, 47.560105973514403, 0.0 ], [ 6.939253212839523, 47.556264787635364, 0.0 ], [ 6.938705739977381, 47.556098532793499, 0.0 ], [ 6.934945279986317, 47.559016735617199, 0.0 ], [ 6.933489379627765, 47.558429593818325, 0.0 ], [ 6.929629126458059, 47.558767092654094, 0.0 ], [ 6.927714181578762, 47.558128664200837, 0.0 ], [ 6.927758657108538, 47.556723920138261, 0.0 ], [ 6.930162247370526, 47.55484850303948, 0.0 ], [ 6.92956247138508, 47.552667869454311, 0.0 ], [ 6.925546841997689, 47.550233732725182, 0.0 ], [ 6.913542481964705, 47.54513447305915, 0.0 ], [ 6.912775337859462, 47.543947157208684, 0.0 ], [ 6.907203084555167, 47.542356882324604, 0.0 ], [ 6.905976298605207, 47.546895213990709, 0.0 ], [ 6.902382925386608, 47.549418307758152, 0.0 ], [ 6.900517619852803, 47.549924163937945, 0.0 ], [ 6.890186382842189, 47.550089244820995, 0.0 ], [ 6.885555678221459, 47.554670561337183, 0.0 ], [ 6.883369262434058, 47.555506770232647, 0.0 ], [ 6.882972300519259, 47.559532245388773, 0.0 ], [ 6.874884820596223, 47.566259504083014, 0.0 ], [ 6.877567954436286, 47.572311171860008, 0.0 ], [ 6.881554327028059, 47.574663175562492, 0.0 ], [ 6.884545912038978, 47.580873857079965, 0.0 ], [ 6.888191838394466, 47.580257575279944, 0.0 ], [ 6.896652190939727, 47.581424323324093, 0.0 ], [ 6.910950546692579, 47.582274052222537, 0.0 ], [ 6.916062125547295, 47.581684331594282, 0.0 ] ] ] } },
{ "type": "Feature", "properties": { "INSEE_COM": "90018", "NOM_COM": "Brebotte", "EPCI": "249000241", "code_serm": 2 }, "geometry": { "type": "Polygon", "coordinates": [ [ [ 6.960755627016277, 47.576864458027977, 0.0 ], [ 6.961714875142134, 47.577980974464047, 0.0 ], [ 6.961934749066606, 47.581482104341369, 0.0 ], [ 6.962548548737187, 47.58212457356403, 0.0 ], [ 6.961777918091701, 47.582384184460878, 0.0 ], [ 6.964773824634833, 47.583462106853702, 0.0 ], [ 6.965537866382133, 47.585570307452898, 0.0 ], [ 6.971175858366067, 47.587760480289177, 0.0 ], [ 6.974467479545854, 47.587668173103751, 0.0 ], [ 6.975557051937446, 47.588345735880942, 0.0 ], [ 6.979302884011117, 47.589252632557056, 0.0 ], [ 6.984382963616648, 47.5890422298191, 0.0 ], [ 6.987168342544989, 47.587022822580977, 0.0 ], [ 6.995885792276761, 47.58449108026047, 0.0 ], [ 6.996488977681948, 47.583935952204072, 0.0 ], [ 6.996021633738327, 47.582177353891652, 0.0 ], [ 6.993227249347149, 47.580721085533604, 0.0 ], [ 6.990709448732207, 47.581056036367244, 0.0 ], [ 6.984135098087244, 47.580510269301108, 0.0 ], [ 6.977545182363413, 47.577107646433802, 0.0 ], [ 6.971224687846257, 47.569186453886921, 0.0 ], [ 6.965816887284022, 47.564528940062424, 0.0 ], [ 6.961252674892167, 47.566582196651268, 0.0 ], [ 6.956721183558211, 47.57100446487101, 0.0 ], [ 6.95458896232235, 47.574096025561971, 0.0 ], [ 6.956679451579, 47.576012373247359, 0.0 ], [ 6.960755627016277, 47.576864458027977, 0.0 ] ] ] } },
{ "type": "Feature", "properties": { "INSEE_COM": "90019", "NOM_COM": "Bretagne", "EPCI": "249000241", "code_serm": 2 }, "geometry": { "type": "Polygon", "coordinates": [ [ [ 7.016544801404978, 47.592691438721673, 0.0 ], [ 7.015796278540138, 47.591703269854669, 0.0 ], [ 7.019995815725395, 47.589546015029484, 0.0 ], [ 7.01858121278403, 47.587762451280774, 0.0 ], [ 7.018707561282673, 47.586928010803923, 0.0 ], [ 7.014391391508775, 47.582927147680955, 0.0 ], [ 7.011595971961587, 47.582138288885304, 0.0 ], [ 7.009309135644573, 47.582462091127006, 0.0 ], [ 7.008800291270939, 47.581894652103699, 0.0 ], [ 7.007955168336673, 47.582170655997359, 0.0 ], [ 7.008395880880713, 47.5835515962344, 0.0 ], [ 6.993227249347149, 47.580721085533604, 0.0 ], [ 6.996021633738327, 47.582177353891652, 0.0 ], [ 6.996533540412145, 47.58371271078196, 0.0 ], [ 6.995885792276761, 47.58449108026047, 0.0 ], [ 6.988192917768083, 47.586596635824193, 0.0 ], [ 6.984382963616648, 47.5890422298191, 0.0 ], [ 6.978479654821008, 47.589164456336469, 0.0 ], [ 6.974883627285958, 47.587943294970842, 0.0 ], [ 6.973960635852039, 47.588232511795823, 0.0 ], [ 6.973284589421015, 47.589369505914313, 0.0 ], [ 6.974330734072742, 47.59198627072545, 0.0 ], [ 6.979617020272196, 47.595359689079167, 0.0 ], [ 6.985872482010245, 47.595768857895379, 0.0 ], [ 6.990906896090625, 47.596703462030455, 0.0 ], [ 6.993878681436659, 47.598294324421111, 0.0 ], [ 6.995124090090574, 47.599676580823484, 0.0 ], [ 6.999415668673435, 47.601164418768249, 0.0 ], [ 7.005882687667648, 47.598592883990683, 0.0 ], [ 7.007732548109858, 47.598313933267747, 0.0 ], [ 7.009732763870486, 47.599610625123255, 0.0 ], [ 7.01287375175383, 47.599224112810894, 0.0 ], [ 7.016301831091137, 47.597730769285413, 0.0 ], [ 7.019545686592189, 47.595934525651671, 0.0 ], [ 7.021538707329925, 47.593702736112164, 0.0 ], [ 7.020337057074722, 47.592449015530292, 0.0 ], [ 7.016544801404978, 47.592691438721673, 0.0 ] ] ] } },
{ "type": "Feature", "properties": { "INSEE_COM": "90020", "NOM_COM": "Buc", "EPCI": "200069052", "code_serm": 2 }, "geometry": { "type": "Polygon", "coordinates": [ [ [ 6.799252745806847, 47.623610554533357, 0.0 ], [ 6.799175421746134, 47.621027677851828, 0.0 ], [ 6.798013830743694, 47.619090169665647, 0.0 ], [ 6.798351384642798, 47.613797541063747, 0.0 ], [ 6.794546876629619, 47.611684669061674, 0.0 ], [ 6.790270867938705, 47.607000698902034, 0.0 ], [ 6.789344801477832, 47.604693196463074, 0.0 ], [ 6.788345013222223, 47.604686916216984, 0.0 ], [ 6.788348172025893, 47.60630798228339, 0.0 ], [ 6.787438162430417, 47.607379255452514, 0.0 ], [ 6.786702660362263, 47.610515692344691, 0.0 ], [ 6.784628540460681, 47.611991477410783, 0.0 ], [ 6.779959451254785, 47.613521574319847, 0.0 ], [ 6.777741102125955, 47.615976028726173, 0.0 ], [ 6.778540936727169, 47.620720760132627, 0.0 ], [ 6.780460762027656, 47.623963057224536, 0.0 ], [ 6.780519471012209, 47.625280419754674, 0.0 ], [ 6.787712583764911, 47.626224989691366, 0.0 ], [ 6.79092762154034, 47.627385810491617, 0.0 ], [ 6.792466396133305, 47.625442520815099, 0.0 ], [ 6.797120004433764, 47.625332665022235, 0.0 ], [ 6.799252745806847, 47.623610554533357, 0.0 ] ] ] } },
{ "type": "Feature", "properties": { "INSEE_COM": "90021", "NOM_COM": "Charmois", "EPCI": "200069052", "code_serm": 2 }, "geometry": { "type": "Polygon", "coordinates": [ [ [ 6.921941985141264, 47.578100774580236, 0.0 ], [ 6.931674275362077, 47.583129088609816, 0.0 ], [ 6.933509991416603, 47.585879050931688, 0.0 ], [ 6.938014368262867, 47.587204165472762, 0.0 ], [ 6.940257717374466, 47.588485661814111, 0.0 ], [ 6.94464573903035, 47.589582843035345, 0.0 ], [ 6.947322815171984, 47.591753489186743, 0.0 ], [ 6.949818098041779, 47.593156966708229, 0.0 ], [ 6.95172520878877, 47.593398789457567, 0.0 ], [ 6.951739188452298, 47.594109399455427, 0.0 ], [ 6.952411722740921, 47.594069487324653, 0.0 ], [ 6.951130710524853, 47.591325333887518, 0.0 ], [ 6.951340260016059, 47.590592730112249, 0.0 ], [ 6.955752888015867, 47.588205338413744, 0.0 ], [ 6.957978715588347, 47.586315594554868, 0.0 ], [ 6.95855852796567, 47.585493797937104, 0.0 ], [ 6.957653181098988, 47.581978991336811, 0.0 ], [ 6.956535886422389, 47.580796607865032, 0.0 ], [ 6.95535426359652, 47.580938537749837, 0.0 ], [ 6.952998463083413, 47.579200596811148, 0.0 ], [ 6.950254743921889, 47.574917996875712, 0.0 ], [ 6.949433470192512, 47.571269601742046, 0.0 ], [ 6.945686862766719, 47.569155946501255, 0.0 ], [ 6.942456139958896, 47.565584529434751, 0.0 ], [ 6.939592717359822, 47.565199165935141, 0.0 ], [ 6.938392410325608, 47.565805711437456, 0.0 ], [ 6.937660220653252, 47.566548743496774, 0.0 ], [ 6.936938548420747, 47.569240818061509, 0.0 ], [ 6.93408429045236, 47.571385707760548, 0.0 ], [ 6.92579066452739, 47.574779065350711, 0.0 ], [ 6.921941985141264, 47.578100774580236, 0.0 ] ] ] } },
{ "type": "Feature", "properties": { "INSEE_COM": "90022", "NOM_COM": "Châtenois-les-Forges", "EPCI": "200069052", "code_serm": 2 }, "geometry": { "type": "Polygon", "coordinates": [ [ [ 6.828777235220913, 47.546462486162746, 0.0 ], [ 6.816779797955496, 47.547829336822751, 0.0 ], [ 6.81260903603442, 47.55515102950401, 0.0 ], [ 6.810784247921597, 47.556741818810522, 0.0 ], [ 6.807086799254708, 47.563066374657666, 0.0 ], [ 6.809903294574916, 47.568859060145144, 0.0 ], [ 6.810351254921442, 47.56942658149093, 0.0 ], [ 6.821728239632407, 47.573312285102716, 0.0 ], [ 6.828968349906767, 47.569203238925226, 0.0 ], [ 6.839503738808643, 47.56812497747562, 0.0 ], [ 6.84319200771685, 47.566678688690679, 0.0 ], [ 6.843742550789889, 47.56870355269529, 0.0 ], [ 6.843014515824925, 47.570632682814725, 0.0 ], [ 6.845595827363556, 47.573672916990368, 0.0 ], [ 6.848774027337099, 47.573534702712408, 0.0 ], [ 6.849463383014515, 47.572863082012866, 0.0 ], [ 6.849900989427206, 47.567998375633017, 0.0 ], [ 6.85304129405904, 47.566712250910811, 0.0 ], [ 6.854626200382983, 47.566698608579806, 0.0 ], [ 6.855963437730743, 47.56401114960304, 0.0 ], [ 6.8607587567231, 47.557425900175232, 0.0 ], [ 6.860692927417027, 47.555373317155819, 0.0 ], [ 6.857726553256837, 47.553950293889557, 0.0 ], [ 6.855861882284638, 47.547981089865011, 0.0 ], [ 6.847431323495849, 47.548137165301917, 0.0 ], [ 6.84421310779324, 47.547513392437956, 0.0 ], [ 6.83619225447921, 47.548146296156936, 0.0 ], [ 6.8318462569304, 47.546568886963172, 0.0 ], [ 6.828777235220913, 47.546462486162746, 0.0 ] ] ] } },
{ "type": "Feature", "properties": { "INSEE_COM": "90023", "NOM_COM": "Chaux", "EPCI": "200069060", "code_serm": 2 }, "geometry": { "type": "Polygon", "coordinates": [ [ [ 6.837343166150404, 47.723905369999521, 0.0 ], [ 6.840884725205291, 47.724551442591917, 0.0 ], [ 6.841545131447934, 47.723894456796081, 0.0 ], [ 6.842537693659093, 47.718736245738313, 0.0 ], [ 6.856461481575009, 47.716892768007312, 0.0 ], [ 6.859258930084943, 47.7156578187425, 0.0 ], [ 6.864410134594975, 47.709673500033034, 0.0 ], [ 6.865796472067718, 47.706093374064778, 0.0 ], [ 6.869625597503935, 47.703009105713953, 0.0 ], [ 6.872606483504918, 47.699243594372717, 0.0 ], [ 6.861713762451539, 47.700052783467356, 0.0 ], [ 6.860173546397814, 47.698988045574453, 0.0 ], [ 6.852123069397073, 47.697457686851394, 0.0 ], [ 6.840250419999857, 47.698262029434076, 0.0 ], [ 6.835879147375759, 47.697988354896168, 0.0 ], [ 6.831317403537937, 47.698480415132785, 0.0 ], [ 6.829087930257152, 47.698160587065757, 0.0 ], [ 6.828971320767763, 47.703074650734017, 0.0 ], [ 6.827419811663708, 47.70972079006291, 0.0 ], [ 6.820878792037682, 47.708693023841086, 0.0 ], [ 6.819628277232444, 47.71253390288323, 0.0 ], [ 6.816769320496377, 47.713441884407075, 0.0 ], [ 6.814818269178947, 47.714686022776945, 0.0 ], [ 6.813601885493472, 47.716252190026886, 0.0 ], [ 6.814145813035653, 47.719054923908203, 0.0 ], [ 6.81363438071018, 47.72166499899717, 0.0 ], [ 6.807796562990686, 47.720627047857015, 0.0 ], [ 6.806010412272141, 47.721008698510822, 0.0 ], [ 6.804501852800557, 47.722304019308694, 0.0 ], [ 6.810297966414407, 47.726135121038759, 0.0 ], [ 6.814521128469672, 47.72790958548137, 0.0 ], [ 6.819896452879597, 47.728333361424419, 0.0 ], [ 6.822724342559798, 47.727819235083338, 0.0 ], [ 6.825278810532136, 47.728035773670705, 0.0 ], [ 6.831484278540068, 47.730342226173391, 0.0 ], [ 6.834130504957946, 47.730847531548555, 0.0 ], [ 6.834540462204077, 47.730827782547436, 0.0 ], [ 6.833887359068527, 47.729622776616672, 0.0 ], [ 6.837343166150404, 47.723905369999521, 0.0 ] ] ] } },
{ "type": "Feature", "properties": { "INSEE_COM": "90024", "NOM_COM": "Chavanatte", "EPCI": "249000241", "code_serm": 2 }, "geometry": { "type": "Polygon", "coordinates": [ [ [ 7.085091241109502, 47.593104638659213, 0.0 ], [ 7.087472627990731, 47.588673198784115, 0.0 ], [ 7.086921575873877, 47.587409922784971, 0.0 ], [ 7.085465452654055, 47.58627930610416, 0.0 ], [ 7.085575748960619, 47.585701295812626, 0.0 ], [ 7.086460720651313, 47.585549507897646, 0.0 ], [ 7.084201672578084, 47.580923718333402, 0.0 ], [ 7.082188313330871, 47.578460589574227, 0.0 ], [ 7.073879035462268, 47.575266697287574, 0.0 ], [ 7.07149319520249, 47.573306737937997, 0.0 ], [ 7.057841354487169, 47.569278825234143, 0.0 ], [ 7.054044681335471, 47.573948147538751, 0.0 ], [ 7.056407039289708, 47.578412210073751, 0.0 ], [ 7.0572050030165, 47.581760767667042, 0.0 ], [ 7.065390303473298, 47.584359882685007, 0.0 ], [ 7.066273343036274, 47.589568444119912, 0.0 ], [ 7.064670798942077, 47.592335461912349, 0.0 ], [ 7.065011085548268, 47.593077099085235, 0.0 ], [ 7.06701960018979, 47.593644303591567, 0.0 ], [ 7.071723472413208, 47.593161108989364, 0.0 ], [ 7.07342159486988, 47.592645743763427, 0.0 ], [ 7.076612611581948, 47.590534215663595, 0.0 ], [ 7.07962506833207, 47.591092245042326, 0.0 ], [ 7.085091241109502, 47.593104638659213, 0.0 ] ] ] } },
{ "type": "Feature", "properties": { "INSEE_COM": "90025", "NOM_COM": "Chavannes-les-Grands", "EPCI": "249000241", "code_serm": 2 }, "geometry": { "type": "Polygon", "coordinates": [ [ [ 7.080855881570062, 47.594991564999738, 0.0 ], [ 7.085290758748556, 47.593169755843824, 0.0 ], [ 7.07962506833207, 47.591092245042326, 0.0 ], [ 7.076612611581948, 47.590534215663595, 0.0 ], [ 7.07342159486988, 47.592645743763427, 0.0 ], [ 7.071723472413208, 47.593161108989364, 0.0 ], [ 7.06701960018979, 47.593644303591567, 0.0 ], [ 7.065011085548268, 47.593077099085235, 0.0 ], [ 7.064670798942077, 47.592335461912349, 0.0 ], [ 7.066273343036274, 47.589568444119912, 0.0 ], [ 7.065390303473298, 47.584359882685007, 0.0 ], [ 7.0572050030165, 47.581760767667042, 0.0 ], [ 7.055638966496874, 47.576840899489959, 0.0 ], [ 7.0543954451746, 47.576462334365615, 0.0 ], [ 7.050512330514026, 47.576632455920453, 0.0 ], [ 7.045127038969592, 47.580480535639012, 0.0 ], [ 7.040482923246271, 47.582532494447804, 0.0 ], [ 7.03719111334557, 47.582037234041501, 0.0 ], [ 7.033120114096015, 47.578139390076124, 0.0 ], [ 7.031994950471264, 47.580560440046, 0.0 ], [ 7.032462462414142, 47.581829525040312, 0.0 ], [ 7.031912849348478, 47.582401026852956, 0.0 ], [ 7.029867640085457, 47.583030531884454, 0.0 ], [ 7.025001455027216, 47.582854310535893, 0.0 ], [ 7.022253545734652, 47.584607508055242, 0.0 ], [ 7.021061909553706, 47.586189812289504, 0.0 ], [ 7.018707561282673, 47.586928010803923, 0.0 ], [ 7.01858121278403, 47.587762451280774, 0.0 ], [ 7.019647435010988, 47.588635104565363, 0.0 ], [ 7.024818163465716, 47.589203933073648, 0.0 ], [ 7.025332352855478, 47.592718343286485, 0.0 ], [ 7.034435656707736, 47.595070720734967, 0.0 ], [ 7.039077537275157, 47.600154698379917, 0.0 ], [ 7.041268174219321, 47.600558310363972, 0.0 ], [ 7.04620394313211, 47.600452093471901, 0.0 ], [ 7.047419552690378, 47.600016952860649, 0.0 ], [ 7.047579472830801, 47.59868198668395, 0.0 ], [ 7.051905184384026, 47.60049393153222, 0.0 ], [ 7.053108518630076, 47.600090702120319, 0.0 ], [ 7.05420948191704, 47.598936626787577, 0.0 ], [ 7.056591936022401, 47.598812332032388, 0.0 ], [ 7.06304641610929, 47.600803089060335, 0.0 ], [ 7.066108843678811, 47.601224542535228, 0.0 ], [ 7.069419059630871, 47.600525955625272, 0.0 ], [ 7.070771035664431, 47.599801894102363, 0.0 ], [ 7.069870203446113, 47.598351571414298, 0.0 ], [ 7.070160066278262, 47.596334230957794, 0.0 ], [ 7.071631722904737, 47.596499180657226, 0.0 ], [ 7.073059480131544, 47.597363263477945, 0.0 ], [ 7.074240721277029, 47.598907421514696, 0.0 ], [ 7.080855881570062, 47.594991564999738, 0.0 ] ] ] } },
{ "type": "Feature", "properties": { "INSEE_COM": "90026", "NOM_COM": "Chèvremont", "EPCI": "200069052", "code_serm": 2 }, "geometry": { "type": "Polygon", "coordinates": [ [ [ 6.89557548724156, 47.624731021457606, 0.0 ], [ 6.900609898106237, 47.625453254997261, 0.0 ], [ 6.900066017614887, 47.627039523684722, 0.0 ], [ 6.902348238883421, 47.631484569372766, 0.0 ], [ 6.905565798040852, 47.631764468482451, 0.0 ], [ 6.907688210223087, 47.633437260966453, 0.0 ], [ 6.910768399747468, 47.638605243884513, 0.0 ], [ 6.924415224565699, 47.638451870027325, 0.0 ], [ 6.935516817563575, 47.637199437811489, 0.0 ], [ 6.939051027288606, 47.635277791020812, 0.0 ], [ 6.946253419180272, 47.636984766196981, 0.0 ], [ 6.951282099010714, 47.636684878630447, 0.0 ], [ 6.956885931667169, 47.638278587831131, 0.0 ], [ 6.960912044076614, 47.638177193354849, 0.0 ], [ 6.966384870524962, 47.637053177606724, 0.0 ], [ 6.962649315252273, 47.633491298903664, 0.0 ], [ 6.96222628431296, 47.628497493720296, 0.0 ], [ 6.95398979832923, 47.628335219702812, 0.0 ], [ 6.951976318815909, 47.627700455775241, 0.0 ], [ 6.952223834072354, 47.625535426316624, 0.0 ], [ 6.95038078924362, 47.623924239550306, 0.0 ], [ 6.947928282037272, 47.622794175306183, 0.0 ], [ 6.947200540800639, 47.621534538324696, 0.0 ], [ 6.948698953158033, 47.615935851669768, 0.0 ], [ 6.949609942340042, 47.615044339172293, 0.0 ], [ 6.942345963666952, 47.616740075893553, 0.0 ], [ 6.939073315468733, 47.617943790345628, 0.0 ], [ 6.932597437769747, 47.616923033653059, 0.0 ], [ 6.927965894124049, 47.617124997594189, 0.0 ], [ 6.924523205668765, 47.616673968215707, 0.0 ], [ 6.920840772351159, 47.617004140921317, 0.0 ], [ 6.918499690159432, 47.617631622059037, 0.0 ], [ 6.917528511817822, 47.620978000476754, 0.0 ], [ 6.914714931212945, 47.621690651474296, 0.0 ], [ 6.91247959241398, 47.620710297143496, 0.0 ], [ 6.906963335799618, 47.619993901910682, 0.0 ], [ 6.902092347322229, 47.620042428894472, 0.0 ], [ 6.897321830089843, 47.620809261043405, 0.0 ], [ 6.894143647365484, 47.621880546140524, 0.0 ], [ 6.89557548724156, 47.624731021457606, 0.0 ] ] ] } },
{ "type": "Feature", "properties": { "INSEE_COM": "90027", "NOM_COM": "Courcelles", "EPCI": "249000241", "code_serm": 2 }, "geometry": { "type": "Polygon", "coordinates": [ [ [ 7.094373353631903, 47.506446985690381, 0.0 ], [ 7.09487944765816, 47.504735514945928, 0.0 ], [ 7.094620738366132, 47.50163578886815, 0.0 ], [ 7.096906928076113, 47.495174536449454, 0.0 ], [ 7.094228781601918, 47.495440925497569, 0.0 ], [ 7.091420142891439, 47.494714921733717, 0.0 ], [ 7.081352474288752, 47.489716930944866, 0.0 ], [ 7.074851482299027, 47.488188847851255, 0.0 ], [ 7.072549627311066, 47.489743141416582, 0.0 ], [ 7.072067968096722, 47.49237664658046, 0.0 ], [ 7.060765102873445, 47.495387235254853, 0.0 ], [ 7.052429449677365, 47.49511347200653, 0.0 ], [ 7.04933537032803, 47.496071112818342, 0.0 ], [ 7.044534380372014, 47.498447208113582, 0.0 ], [ 7.037977663046573, 47.497640982218542, 0.0 ], [ 7.036804118995302, 47.498356784530749, 0.0 ], [ 7.036649959811825, 47.499203979458571, 0.0 ], [ 7.045924868014717, 47.50061709582824, 0.0 ], [ 7.057080363544369, 47.504596807620018, 0.0 ], [ 7.061577534681499, 47.504594142305301, 0.0 ], [ 7.08023413563435, 47.508470242282655, 0.0 ], [ 7.087126758787694, 47.50763900935474, 0.0 ], [ 7.091598515762497, 47.507734335410497, 0.0 ], [ 7.094373353631903, 47.506446985690381, 0.0 ] ] ] } },
{ "type": "Feature", "properties": { "INSEE_COM": "90028", "NOM_COM": "Courtelevant", "EPCI": "249000241", "code_serm": 2 }, "geometry": { "type": "Polygon", "coordinates": [ [ [ 7.097365865037363, 47.526085232748613, 0.0 ], [ 7.097000188672599, 47.517150261762843, 0.0 ], [ 7.092698723821765, 47.512599999115835, 0.0 ], [ 7.091598515762497, 47.507734335410497, 0.0 ], [ 7.087126758787694, 47.50763900935474, 0.0 ], [ 7.081741738587877, 47.508318252354286, 0.0 ], [ 7.07444319154729, 47.512220760918076, 0.0 ], [ 7.07425998147931, 47.528666902131775, 0.0 ], [ 7.075815328856694, 47.536199119639527, 0.0 ], [ 7.071917532969098, 47.539910142564793, 0.0 ], [ 7.066832758789062, 47.54200759235988, 0.0 ], [ 7.076579321611008, 47.54492082339781, 0.0 ], [ 7.07914060109601, 47.545130429862546, 0.0 ], [ 7.080577708282024, 47.544076914286009, 0.0 ], [ 7.082269344038749, 47.543898680377339, 0.0 ], [ 7.082794989318652, 47.54260756260409, 0.0 ], [ 7.082237979384348, 47.536886402686136, 0.0 ], [ 7.087606961172473, 47.537751823974709, 0.0 ], [ 7.091083142608786, 47.536511225791656, 0.0 ], [ 7.092765715545031, 47.535123529573411, 0.0 ], [ 7.092705863493819, 47.533282360639554, 0.0 ], [ 7.098146864593658, 47.534585525404054, 0.0 ], [ 7.100768849801654, 47.533787491375179, 0.0 ], [ 7.102256860997789, 47.531898125436719, 0.0 ], [ 7.097365865037363, 47.526085232748613, 0.0 ] ] ] } },
{ "type": "Feature", "properties": { "INSEE_COM": "90029", "NOM_COM": "Cravanche", "EPCI": "200069052", "code_serm": 2 }, "geometry": { "type": "Polygon", "coordinates": [ [ [ 6.821394994085009, 47.650022276300881, 0.0 ], [ 6.816830807255108, 47.646586801375136, 0.0 ], [ 6.815111724647724, 47.647404453260549, 0.0 ], [ 6.810204050573122, 47.652924693944072, 0.0 ], [ 6.819748309446544, 47.652316404428731, 0.0 ], [ 6.824171728648524, 47.654579489795296, 0.0 ], [ 6.82959001988471, 47.656333990195826, 0.0 ], [ 6.832823475211358, 47.656895662280981, 0.0 ], [ 6.835805488126677, 47.659393068954827, 0.0 ], [ 6.837428628788953, 47.656166787742158, 0.0 ], [ 6.836441202298466, 47.654085125313877, 0.0 ], [ 6.836467417579387, 47.650316536181933, 0.0 ], [ 6.834880850440123, 47.647152429903038, 0.0 ], [ 6.83231823075795, 47.647604240637691, 0.0 ], [ 6.829829455063406, 47.649882911231771, 0.0 ], [ 6.826600146942098, 47.651527949860771, 0.0 ], [ 6.824636169174484, 47.6513489840451, 0.0 ], [ 6.821394994085009, 47.650022276300881, 0.0 ] ] ] } },
{ "type": "Feature", "properties": { "INSEE_COM": "90030", "NOM_COM": "Croix", "EPCI": "249000241", "code_serm": 2 }, "geometry": { "type": "Polygon", "coordinates": [ [ [ 6.943783455796371, 47.453395241307014, 0.0 ], [ 6.958224543187973, 47.455057954652908, 0.0 ], [ 6.962122985854417, 47.454046452903491, 0.0 ], [ 6.965249332695579, 47.452569921063755, 0.0 ], [ 6.969233011693355, 47.449648072551625, 0.0 ], [ 6.971196736652067, 47.449090723014812, 0.0 ], [ 6.966284396604619, 47.43765204202235, 0.0 ], [ 6.963711754740809, 47.435793809474646, 0.0 ], [ 6.957570106057673, 47.433810993770798, 0.0 ], [ 6.954294949226037, 47.435131087070062, 0.0 ], [ 6.940302981815964, 47.433323050271092, 0.0 ], [ 6.939102292368283, 47.4336133951021, 0.0 ], [ 6.933053449287731, 47.440560808530016, 0.0 ], [ 6.935763698838937, 47.444248279495348, 0.0 ], [ 6.934632110859285, 47.448753415873149, 0.0 ], [ 6.932480905897581, 47.452604409559051, 0.0 ], [ 6.932507928297859, 47.455847262120223, 0.0 ], [ 6.935057169921651, 47.455980069889385, 0.0 ], [ 6.943783455796371, 47.453395241307014, 0.0 ] ] ] } },
{ "type": "Feature", "properties": { "INSEE_COM": "90031", "NOM_COM": "Cunelières", "EPCI": "200069052", "code_serm": 2 }, "geometry": { "type": "Polygon", "coordinates": [ [ [ 6.979155864720891, 47.628380250596834, 0.0 ], [ 6.991645870610079, 47.632056242280242, 0.0 ], [ 6.995709102921846, 47.631833394932514, 0.0 ], [ 6.996712895474318, 47.630692284925154, 0.0 ], [ 7.000520690322825, 47.630815984348203, 0.0 ], [ 7.004211107629461, 47.629358270644239, 0.0 ], [ 7.005590287885253, 47.626756767924277, 0.0 ], [ 7.006600550494148, 47.626415659335443, 0.0 ], [ 7.006378243021584, 47.62563919213914, 0.0 ], [ 7.007508538348475, 47.623808669602511, 0.0 ], [ 7.007455717655887, 47.619361834426705, 0.0 ], [ 7.005117634363701, 47.619539445236711, 0.0 ], [ 7.003264347059617, 47.620226716101847, 0.0 ], [ 6.994131510566682, 47.620436030902333, 0.0 ], [ 6.989856895270047, 47.621884579902392, 0.0 ], [ 6.984926341457333, 47.622157599339879, 0.0 ], [ 6.981994225295888, 47.625022724699477, 0.0 ], [ 6.978815595598256, 47.626249587723251, 0.0 ], [ 6.977508690663573, 47.627262976455739, 0.0 ], [ 6.979155864720891, 47.628380250596834, 0.0 ] ] ] } },
{ "type": "Feature", "properties": { "INSEE_COM": "90032", "NOM_COM": "Danjoutin", "EPCI": "200069052", "code_serm": 2 }, "geometry": { "type": "Polygon", "coordinates": [ [ [ 6.880985570446904, 47.61075472469448, 0.0 ], [ 6.871203435542451, 47.610640817544116, 0.0 ], [ 6.863213659490747, 47.608868049534394, 0.0 ], [ 6.851824422421749, 47.609984481995646, 0.0 ], [ 6.842721829230601, 47.608920249719411, 0.0 ], [ 6.840717624959986, 47.608365331642965, 0.0 ], [ 6.839304195008266, 47.607352969033641, 0.0 ], [ 6.840813013264234, 47.611671312557334, 0.0 ], [ 6.843085738587426, 47.612899579091156, 0.0 ], [ 6.846714424249796, 47.616352275402477, 0.0 ], [ 6.847204860822187, 47.621970259859459, 0.0 ], [ 6.848792738549517, 47.620811258698566, 0.0 ], [ 6.852505447028021, 47.620339095102189, 0.0 ], [ 6.85525846118871, 47.626341047100681, 0.0 ], [ 6.856768963123853, 47.626232565050273, 0.0 ], [ 6.860964921587984, 47.624513160289446, 0.0 ], [ 6.862791219170931, 47.624679825138408, 0.0 ], [ 6.873818221933187, 47.627656833635939, 0.0 ], [ 6.8795326960706, 47.630068759109783, 0.0 ], [ 6.884097447952556, 47.628530910874368, 0.0 ], [ 6.888500206464563, 47.62481106869749, 0.0 ], [ 6.89009051086432, 47.622178841868198, 0.0 ], [ 6.885698076134815, 47.615495900234137, 0.0 ], [ 6.884230906206288, 47.611307308932439, 0.0 ], [ 6.880985570446904, 47.61075472469448, 0.0 ] ] ] } },
{ "type": "Feature", "properties": { "INSEE_COM": "90033", "NOM_COM": "Delle", "EPCI": "249000241", "code_serm": 2 }, "geometry": { "type": "Polygon", "coordinates": [ [ [ 7.000341278513322, 47.499073736030198, 0.0 ], [ 6.988280956526372, 47.494849377247249, 0.0 ], [ 6.986025946586787, 47.493339405743917, 0.0 ], [ 6.98296850597029, 47.494551767100774, 0.0 ], [ 6.979240417757956, 47.495349835596194, 0.0 ], [ 6.978107862866811, 47.495964477537207, 0.0 ], [ 6.977855964357926, 47.497387232041675, 0.0 ], [ 6.976874188412296, 47.497562279059196, 0.0 ], [ 6.972379512187112, 47.49778423182898, 0.0 ], [ 6.963848586099243, 47.496340013381563, 0.0 ], [ 6.966058191072452, 47.503036197195996, 0.0 ], [ 6.966196756806243, 47.505997637143913, 0.0 ], [ 6.969858754475552, 47.507843973132388, 0.0 ], [ 6.969855690270281, 47.511080625970166, 0.0 ], [ 6.992471871413366, 47.517795448557415, 0.0 ], [ 6.992124180951359, 47.519909206489309, 0.0 ], [ 6.99306002318367, 47.52071713919684, 0.0 ], [ 6.995712950575201, 47.520964143214542, 0.0 ], [ 6.99853105782451, 47.524503292560595, 0.0 ], [ 7.002666184463082, 47.522187309603957, 0.0 ], [ 7.00589859524552, 47.521128000304252, 0.0 ], [ 7.022624143269796, 47.519542042655154, 0.0 ], [ 7.023955466443176, 47.518103509428101, 0.0 ], [ 7.024941108973356, 47.514955377307821, 0.0 ], [ 7.027497728676018, 47.510676719113043, 0.0 ], [ 7.024933770363707, 47.50429294162371, 0.0 ], [ 7.019082034969788, 47.504181425642322, 0.0 ], [ 7.005157317395537, 47.501081229152987, 0.0 ], [ 7.000380625022898, 47.499724035756223, 0.0 ], [ 7.000341278513322, 47.499073736030198, 0.0 ] ] ] } },
{ "type": "Feature", "properties": { "INSEE_COM": "90034", "NOM_COM": "Denney", "EPCI": "200069052", "code_serm": 2 }, "geometry": { "type": "Polygon", "coordinates": [ [ [ 6.899990334003501, 47.663543092750466, 0.0 ], [ 6.908844979517504, 47.664862910386098, 0.0 ], [ 6.910238117499255, 47.662867903181194, 0.0 ], [ 6.916301681599193, 47.662293440086444, 0.0 ], [ 6.922096312830896, 47.660948153165862, 0.0 ], [ 6.923966826515904, 47.660100374189646, 0.0 ], [ 6.926169814245501, 47.655418484007846, 0.0 ], [ 6.92081991428242, 47.651103944701468, 0.0 ], [ 6.915118449088934, 47.649472128315963, 0.0 ], [ 6.912670655338548, 47.647648144093381, 0.0 ], [ 6.911408350916753, 47.645766378442659, 0.0 ], [ 6.909533256810918, 47.644946908771239, 0.0 ], [ 6.906314547491768, 47.647065216742419, 0.0 ], [ 6.906593220818083, 47.647847143030006, 0.0 ], [ 6.904876597160733, 47.64920949718725, 0.0 ], [ 6.899695650084686, 47.650563211667539, 0.0 ], [ 6.897227972392967, 47.650759151542736, 0.0 ], [ 6.892067361057965, 47.649363217723867, 0.0 ], [ 6.888308389002078, 47.646847983354583, 0.0 ], [ 6.888468188805154, 47.646442534680666, 0.0 ], [ 6.886144498253772, 47.645702525986707, 0.0 ], [ 6.884742808178437, 47.647860647616504, 0.0 ], [ 6.885413261254744, 47.648551175033269, 0.0 ], [ 6.894018471822866, 47.652594707594019, 0.0 ], [ 6.894881639539556, 47.654405241439179, 0.0 ], [ 6.89414245717306, 47.655058921822935, 0.0 ], [ 6.896051567852923, 47.658313408213708, 0.0 ], [ 6.894832081758576, 47.659440914495242, 0.0 ], [ 6.896032042413231, 47.66103924153785, 0.0 ], [ 6.899990334003501, 47.663543092750466, 0.0 ] ] ] } },
{ "type": "Feature", "properties": { "INSEE_COM": "90035", "NOM_COM": "Dorans", "EPCI": "200069052", "code_serm": 2 }, "geometry": { "type": "Polygon", "coordinates": [ [ [ 6.854519174846973, 47.589233923727036, 0.0 ], [ 6.859310714516974, 47.589066453799767, 0.0 ], [ 6.859135784167973, 47.584915018385651, 0.0 ], [ 6.855286041135577, 47.584653935194936, 0.0 ], [ 6.845090486620588, 47.58209682000598, 0.0 ], [ 6.841007043993501, 47.579675617638692, 0.0 ], [ 6.840727562383281, 47.576642401859175, 0.0 ], [ 6.836690431026523, 47.575338815130081, 0.0 ], [ 6.830036513263378, 47.573958869046287, 0.0 ], [ 6.821224327731956, 47.574439959118017, 0.0 ], [ 6.820324882255246, 47.57545622684173, 0.0 ], [ 6.822781636289352, 47.579487797467124, 0.0 ], [ 6.823865826182876, 47.584025738785158, 0.0 ], [ 6.826673739841953, 47.588170981614844, 0.0 ], [ 6.82721166188431, 47.592515032957493, 0.0 ], [ 6.828865797309305, 47.594514527718751, 0.0 ], [ 6.834114525232343, 47.598553324502468, 0.0 ], [ 6.835898215885457, 47.599160654757171, 0.0 ], [ 6.835771616469508, 47.596101708178836, 0.0 ], [ 6.836837488031387, 47.594471561855968, 0.0 ], [ 6.839936163871021, 47.594932830453459, 0.0 ], [ 6.8416558333875, 47.592430389375274, 0.0 ], [ 6.847418879264102, 47.590489417432124, 0.0 ], [ 6.848658082318514, 47.589569871534337, 0.0 ], [ 6.849866305342972, 47.586319048220773, 0.0 ], [ 6.85310299234354, 47.586833077691544, 0.0 ], [ 6.854519174846973, 47.589233923727036, 0.0 ] ] ] } },
{ "type": "Feature", "properties": { "INSEE_COM": "90036", "NOM_COM": "Eguenigue", "EPCI": "200069052", "code_serm": 2 }, "geometry": { "type": "Polygon", "coordinates": [ [ [ 6.927988945651736, 47.663941261197586, 0.0 ], [ 6.927591467676303, 47.670278340783369, 0.0 ], [ 6.928770639594085, 47.673821845273906, 0.0 ], [ 6.928429330426914, 47.677427290529444, 0.0 ], [ 6.929114988744718, 47.682997939360121, 0.0 ], [ 6.926277229909142, 47.685127323249425, 0.0 ], [ 6.926702692012134, 47.69024799727373, 0.0 ], [ 6.934285583121764, 47.692964159523726, 0.0 ], [ 6.937807599957191, 47.688696434781157, 0.0 ], [ 6.944270397714493, 47.689349013326741, 0.0 ], [ 6.943899385423979, 47.683219865608287, 0.0 ], [ 6.941973126366947, 47.68167983628247, 0.0 ], [ 6.936675410760132, 47.679588347880959, 0.0 ], [ 6.936400518618129, 47.675470119682437, 0.0 ], [ 6.938663802740605, 47.666790044578057, 0.0 ], [ 6.927988945651736, 47.663941261197586, 0.0 ] ] ] } },
{ "type": "Feature", "properties": { "INSEE_COM": "90037", "NOM_COM": "Éloie", "EPCI": "200069052", "code_serm": 2 }, "geometry": { "type": "Polygon", "coordinates": [ [ [ 6.885199909140633, 47.673989507471383, 0.0 ], [ 6.863686497547596, 47.678113915600711, 0.0 ], [ 6.861857575461202, 47.678028399657968, 0.0 ], [ 6.857699064529195, 47.68074669378214, 0.0 ], [ 6.853781318513341, 47.684105708573021, 0.0 ], [ 6.855374432591279, 47.684175708243117, 0.0 ], [ 6.857404703838166, 47.684993628526932, 0.0 ], [ 6.854739337514078, 47.69037493444759, 0.0 ], [ 6.860067031137831, 47.692029300421559, 0.0 ], [ 6.861171629139953, 47.693237295220435, 0.0 ], [ 6.863236211770158, 47.697540535743698, 0.0 ], [ 6.861713762451539, 47.700052783467356, 0.0 ], [ 6.880642498498053, 47.698510245889508, 0.0 ], [ 6.886917684034, 47.696478665305762, 0.0 ], [ 6.890468169345933, 47.694484300797598, 0.0 ], [ 6.892264237667321, 47.69272309243366, 0.0 ], [ 6.890292401223797, 47.689939265279776, 0.0 ], [ 6.890931081340155, 47.686568358956244, 0.0 ], [ 6.88635746306341, 47.684738905048548, 0.0 ], [ 6.885399865064618, 47.679147465001215, 0.0 ], [ 6.88638302846155, 47.676051684781264, 0.0 ], [ 6.885199909140633, 47.673989507471383, 0.0 ] ] ] } },
{ "type": "Feature", "properties": { "INSEE_COM": "90039", "NOM_COM": "Essert", "EPCI": "200069052", "code_serm": 2 }, "geometry": { "type": "Polygon", "coordinates": [ [ [ 6.827924066717826, 47.641900799007615, 0.0 ], [ 6.832395343991953, 47.639419208197737, 0.0 ], [ 6.834927420247296, 47.635878303915767, 0.0 ], [ 6.826071119053726, 47.626297620594947, 0.0 ], [ 6.821971098828453, 47.624293504518185, 0.0 ], [ 6.817248329845117, 47.624385890608451, 0.0 ], [ 6.811855083298497, 47.625224513442646, 0.0 ], [ 6.806694135533667, 47.622689504979668, 0.0 ], [ 6.802799542396168, 47.624188023295318, 0.0 ], [ 6.799178338026522, 47.623613877898059, 0.0 ], [ 6.797120004433764, 47.625332665022235, 0.0 ], [ 6.792466396133305, 47.625442520815099, 0.0 ], [ 6.791193587050439, 47.62673916350041, 0.0 ], [ 6.791402902732749, 47.628727491062271, 0.0 ], [ 6.792915645475056, 47.630448184219773, 0.0 ], [ 6.800323742645493, 47.634676896829149, 0.0 ], [ 6.801038592829038, 47.636045888080915, 0.0 ], [ 6.797843817824258, 47.640852918389712, 0.0 ], [ 6.798348266802298, 47.642094496852827, 0.0 ], [ 6.797316043874336, 47.644881950123263, 0.0 ], [ 6.793493563530935, 47.64777629344335, 0.0 ], [ 6.79039827869522, 47.647886727580193, 0.0 ], [ 6.792634716121587, 47.649425330275612, 0.0 ], [ 6.797595080574876, 47.6500354797017, 0.0 ], [ 6.804148441051145, 47.653325782558881, 0.0 ], [ 6.806960257006816, 47.653742389857427, 0.0 ], [ 6.810204050573122, 47.652924693944072, 0.0 ], [ 6.813796395475975, 47.648609899774804, 0.0 ], [ 6.816830807255108, 47.646586801375136, 0.0 ], [ 6.819090824891879, 47.6462659849687, 0.0 ], [ 6.824634372536042, 47.647215469983273, 0.0 ], [ 6.828162047454269, 47.645364241576466, 0.0 ], [ 6.827924066717826, 47.641900799007615, 0.0 ] ] ] } },
{ "type": "Feature", "properties": { "INSEE_COM": "90041", "NOM_COM": "Étueffont", "EPCI": "200069060", "code_serm": 2 }, "geometry": { "type": "Polygon", "coordinates": [ [ [ 6.93535328041914, 47.715058620624262, 0.0 ], [ 6.927475768151457, 47.710889740177734, 0.0 ], [ 6.925107092836884, 47.707484445568554, 0.0 ], [ 6.923450108457544, 47.706305461361474, 0.0 ], [ 6.911690521875454, 47.701416017353175, 0.0 ], [ 6.907758365172743, 47.700824814383537, 0.0 ], [ 6.890704471093807, 47.700424112419107, 0.0 ], [ 6.892476585778637, 47.703520075769461, 0.0 ], [ 6.892144080201447, 47.707062796209044, 0.0 ], [ 6.895381463013398, 47.713228830715082, 0.0 ], [ 6.901165827352046, 47.713611788598804, 0.0 ], [ 6.906025764486381, 47.715425761852494, 0.0 ], [ 6.908435502074258, 47.718001857420454, 0.0 ], [ 6.908801995608885, 47.720411030143261, 0.0 ], [ 6.908151858967505, 47.722415318738136, 0.0 ], [ 6.90684306048602, 47.723507106440806, 0.0 ], [ 6.903948776309786, 47.731954789298698, 0.0 ], [ 6.897176803970057, 47.738123731663165, 0.0 ], [ 6.89140294457162, 47.745831499302717, 0.0 ], [ 6.889610922065789, 47.74939111946864, 0.0 ], [ 6.896605712852748, 47.749317846584894, 0.0 ], [ 6.899581345582911, 47.747676839172406, 0.0 ], [ 6.902778374374127, 47.746706925363824, 0.0 ], [ 6.90555817506375, 47.746934958884971, 0.0 ], [ 6.910498142214731, 47.745957989617914, 0.0 ], [ 6.922156158230708, 47.747089740835271, 0.0 ], [ 6.927713925612983, 47.741941470769035, 0.0 ], [ 6.930412300859821, 47.736962007816075, 0.0 ], [ 6.936062383560805, 47.734441568952732, 0.0 ], [ 6.938922138876601, 47.731947264559658, 0.0 ], [ 6.942478440668418, 47.726850225826446, 0.0 ], [ 6.944547945685329, 47.721757250657916, 0.0 ], [ 6.94330600169566, 47.722335345941339, 0.0 ], [ 6.93535328041914, 47.715058620624262, 0.0 ] ] ] } },
{ "type": "Feature", "properties": { "INSEE_COM": "90042", "NOM_COM": "Évette-Salbert", "EPCI": "200069052", "code_serm": 2 }, "geometry": { "type": "Polygon", "coordinates": [ [ [ 6.797595080574876, 47.6500354797017, 0.0 ], [ 6.792634716121587, 47.649425330275612, 0.0 ], [ 6.79039827869522, 47.647886727580193, 0.0 ], [ 6.787647754126719, 47.651198421188994, 0.0 ], [ 6.786750729386866, 47.653214500007969, 0.0 ], [ 6.779552282141015, 47.656666515085981, 0.0 ], [ 6.781969952077503, 47.660270228130905, 0.0 ], [ 6.781743627626899, 47.66187434214396, 0.0 ], [ 6.77728018334364, 47.665107808730816, 0.0 ], [ 6.776103857828916, 47.668575486151873, 0.0 ], [ 6.778580732452376, 47.673480352311778, 0.0 ], [ 6.77871799956552, 47.678295057540048, 0.0 ], [ 6.781744790734622, 47.68416968413802, 0.0 ], [ 6.78199808399512, 47.687474862600318, 0.0 ], [ 6.780173799647495, 47.68976953734758, 0.0 ], [ 6.787728609935537, 47.690291749097739, 0.0 ], [ 6.795316215364645, 47.69009152132989, 0.0 ], [ 6.797364104070286, 47.690643156466123, 0.0 ], [ 6.810265346894481, 47.680447812441734, 0.0 ], [ 6.815739503851854, 47.678499338452887, 0.0 ], [ 6.819124971286922, 47.678186864315812, 0.0 ], [ 6.823685883563425, 47.676702196766037, 0.0 ], [ 6.830289474705739, 47.673196712247588, 0.0 ], [ 6.830719232484044, 47.671305541446195, 0.0 ], [ 6.830259757464844, 47.670332956207417, 0.0 ], [ 6.82552698827633, 47.669302147665633, 0.0 ], [ 6.821516605382786, 47.667514895204597, 0.0 ], [ 6.811146591147252, 47.667377910197104, 0.0 ], [ 6.807438270531732, 47.666747302985762, 0.0 ], [ 6.804324973094205, 47.665256447292549, 0.0 ], [ 6.801333122913443, 47.661276242853106, 0.0 ], [ 6.799730454245337, 47.660274973809649, 0.0 ], [ 6.7876649784627, 47.657522871413903, 0.0 ], [ 6.787170542504554, 47.656552174240367, 0.0 ], [ 6.787676723742738, 47.65500384359666, 0.0 ], [ 6.788674226170239, 47.654476766866999, 0.0 ], [ 6.790613837018781, 47.65491394906136, 0.0 ], [ 6.792127393586802, 47.654648538362935, 0.0 ], [ 6.798397310744026, 47.650495097703079, 0.0 ], [ 6.797595080574876, 47.6500354797017, 0.0 ] ] ] } },
{ "type": "Feature", "properties": { "INSEE_COM": "90043", "NOM_COM": "Faverois", "EPCI": "249000241", "code_serm": 2 }, "geometry": { "type": "Polygon", "coordinates": [ [ [ 7.01962887121762, 47.52008710608429, 0.0 ], [ 7.021415435096792, 47.523707319156678, 0.0 ], [ 7.024670881329445, 47.527197446989668, 0.0 ], [ 7.024638588712881, 47.53019634570682, 0.0 ], [ 7.02383691596587, 47.531196561174035, 0.0 ], [ 7.022460697030515, 47.531654189460063, 0.0 ], [ 7.022137385892343, 47.53329943654218, 0.0 ], [ 7.027948803741236, 47.541801749399006, 0.0 ], [ 7.038361842541923, 47.544054220705121, 0.0 ], [ 7.039466475590099, 47.544808190045025, 0.0 ], [ 7.039514038893546, 47.546211697558483, 0.0 ], [ 7.040431133480986, 47.546421454318704, 0.0 ], [ 7.043825743269476, 47.545911621686578, 0.0 ], [ 7.044509109315488, 47.544458406840725, 0.0 ], [ 7.047841812581211, 47.542430966114026, 0.0 ], [ 7.049940051436045, 47.542523895467617, 0.0 ], [ 7.0516752840291, 47.542077798664288, 0.0 ], [ 7.052048016115522, 47.541007578522304, 0.0 ], [ 7.051575059514748, 47.540124500630959, 0.0 ], [ 7.048455556615501, 47.53633740209581, 0.0 ], [ 7.051340214102391, 47.529901663360562, 0.0 ], [ 7.050619391378943, 47.528907323996947, 0.0 ], [ 7.052483288079682, 47.524022153523525, 0.0 ], [ 7.051782448360451, 47.522272706780498, 0.0 ], [ 7.047013739833663, 47.519376673620201, 0.0 ], [ 7.046410524384784, 47.517823902864585, 0.0 ], [ 7.046764420739672, 47.517314068800573, 0.0 ], [ 7.045289502325972, 47.514175484980186, 0.0 ], [ 7.034805820450821, 47.513699156423975, 0.0 ], [ 7.026516623157439, 47.511692193525874, 0.0 ], [ 7.023955466443176, 47.518103509428101, 0.0 ], [ 7.022624143269796, 47.519542042655154, 0.0 ], [ 7.01962887121762, 47.52008710608429, 0.0 ] ] ] } },
{ "type": "Feature", "properties": { "INSEE_COM": "90044", "NOM_COM": "Felon", "EPCI": "200069060", "code_serm": 2 }, "geometry": { "type": "Polygon", "coordinates": [ [ [ 6.976384660263498, 47.69646160417156, 0.0 ], [ 6.975728608596848, 47.698420629312587, 0.0 ], [ 6.974397125746021, 47.699952013178674, 0.0 ], [ 6.970833562563328, 47.701521383946556, 0.0 ], [ 6.965769596460293, 47.705427007273656, 0.0 ], [ 6.960737974237187, 47.708179551400896, 0.0 ], [ 6.95854505645345, 47.710363536410227, 0.0 ], [ 6.957250578428565, 47.713481338726559, 0.0 ], [ 6.966333559882053, 47.711098956370847, 0.0 ], [ 6.98364385275615, 47.716094214362862, 0.0 ], [ 6.985470430202107, 47.717250392061729, 0.0 ], [ 6.987822647885202, 47.717970454181462, 0.0 ], [ 6.990537621123772, 47.716313313091, 0.0 ], [ 6.991744061911447, 47.714806754771693, 0.0 ], [ 6.99281336716843, 47.709371061485072, 0.0 ], [ 6.993996884105893, 47.708736726666039, 0.0 ], [ 6.997351006475344, 47.708843771422742, 0.0 ], [ 7.000758536196663, 47.704685212703801, 0.0 ], [ 6.978221310495196, 47.694296562892085, 0.0 ], [ 6.976384660263498, 47.69646160417156, 0.0 ] ] ] } },
{ "type": "Feature", "properties": { "INSEE_COM": "90045", "NOM_COM": "Fêche-l'Église", "EPCI": "249000241", "code_serm": 2 }, "geometry": { "type": "Polygon", "coordinates": [ [ [ 6.963915765037651, 47.496492748984984, 0.0 ], [ 6.960440715490602, 47.494374007483131, 0.0 ], [ 6.956694122150168, 47.493937201306913, 0.0 ], [ 6.955671634042618, 47.490595704368744, 0.0 ], [ 6.953549841000267, 47.489954866294738, 0.0 ], [ 6.952405054680852, 47.485080790471606, 0.0 ], [ 6.949121072611239, 47.485695183563145, 0.0 ], [ 6.947304926691565, 47.489281739219635, 0.0 ], [ 6.947706766175767, 47.493140051602495, 0.0 ], [ 6.945222094210265, 47.499512558767144, 0.0 ], [ 6.945480706992568, 47.503575795529436, 0.0 ], [ 6.949704003117284, 47.508513145576138, 0.0 ], [ 6.946156810573788, 47.511312017309066, 0.0 ], [ 6.945001514596067, 47.513340284244663, 0.0 ], [ 6.94944339445613, 47.516094552450497, 0.0 ], [ 6.95298563869468, 47.516446643423571, 0.0 ], [ 6.960438829181325, 47.514978487596558, 0.0 ], [ 6.965934293694136, 47.513181763932508, 0.0 ], [ 6.967614359295074, 47.511853713398452, 0.0 ], [ 6.969855690270281, 47.511080625970166, 0.0 ], [ 6.969858754475552, 47.507843973132388, 0.0 ], [ 6.966196756806243, 47.505997637143913, 0.0 ], [ 6.966058191072452, 47.503036197195996, 0.0 ], [ 6.963915765037651, 47.496492748984984, 0.0 ] ] ] } },
{ "type": "Feature", "properties": { "INSEE_COM": "90046", "NOM_COM": "Florimont", "EPCI": "249000241", "code_serm": 2 }, "geometry": { "type": "Polygon", "coordinates": [ [ [ 7.061577534681499, 47.504594142305301, 0.0 ], [ 7.057080363544369, 47.504596807620018, 0.0 ], [ 7.045924868014717, 47.50061709582824, 0.0 ], [ 7.03676166267397, 47.499203711580613, 0.0 ], [ 7.034204134219876, 47.499187810335862, 0.0 ], [ 7.027055026184955, 47.50188694818204, 0.0 ], [ 7.024933770363707, 47.50429294162371, 0.0 ], [ 7.027497728676018, 47.510676719113043, 0.0 ], [ 7.026516623157439, 47.511692193525874, 0.0 ], [ 7.034805820450821, 47.513699156423975, 0.0 ], [ 7.045289502325972, 47.514175484980186, 0.0 ], [ 7.046764420739672, 47.517314068800573, 0.0 ], [ 7.046410524384784, 47.517823902864585, 0.0 ], [ 7.047013739833663, 47.519376673620201, 0.0 ], [ 7.051782448360451, 47.522272706780498, 0.0 ], [ 7.052483288079682, 47.524022153523525, 0.0 ], [ 7.050619391378943, 47.528907323996947, 0.0 ], [ 7.051340214102391, 47.529901663360562, 0.0 ], [ 7.048455556615501, 47.53633740209581, 0.0 ], [ 7.051482147190491, 47.539969999137753, 0.0 ], [ 7.051871955608151, 47.541897904373705, 0.0 ], [ 7.049940051436045, 47.542523895467617, 0.0 ], [ 7.047780061877297, 47.542459249835957, 0.0 ], [ 7.044509109315488, 47.544458406840725, 0.0 ], [ 7.043825743269476, 47.545911621686578, 0.0 ], [ 7.039589339324646, 47.546256856969094, 0.0 ], [ 7.036561853672191, 47.5492297626284, 0.0 ], [ 7.034027645593356, 47.550100761531567, 0.0 ], [ 7.033075336275511, 47.552633965697289, 0.0 ], [ 7.033157466312078, 47.554479713845176, 0.0 ], [ 7.031633707703018, 47.55722284676586, 0.0 ], [ 7.0295977731177, 47.557944902031664, 0.0 ], [ 7.027616241385664, 47.559441965513592, 0.0 ], [ 7.02825185881592, 47.561125270102927, 0.0 ], [ 7.027900628255281, 47.561941372522526, 0.0 ], [ 7.025632106699522, 47.562848942845037, 0.0 ], [ 7.021879024496859, 47.562717124686067, 0.0 ], [ 7.021603045515106, 47.563243092340613, 0.0 ], [ 7.021647801696928, 47.563978812060178, 0.0 ], [ 7.023830959678468, 47.565807016810666, 0.0 ], [ 7.026173129810966, 47.569812643237462, 0.0 ], [ 7.034435251574788, 47.579696404136627, 0.0 ], [ 7.03719111334557, 47.582037234041501, 0.0 ], [ 7.040482923246271, 47.582532494447804, 0.0 ], [ 7.045127038969592, 47.580480535639012, 0.0 ], [ 7.050512330514026, 47.576632455920453, 0.0 ], [ 7.0543954451746, 47.576462334365615, 0.0 ], [ 7.055523991006289, 47.576782708206316, 0.0 ], [ 7.054044681335471, 47.573948147538751, 0.0 ], [ 7.057841354487169, 47.569278825234143, 0.0 ], [ 7.056204270171899, 47.567819781777374, 0.0 ], [ 7.054138050176859, 47.563706837893221, 0.0 ], [ 7.049998874238775, 47.562507767203961, 0.0 ], [ 7.049869723129144, 47.560049853535766, 0.0 ], [ 7.056331066877678, 47.556393822868159, 0.0 ], [ 7.058307115095187, 47.554152834452317, 0.0 ], [ 7.062493830604799, 47.547353342699097, 0.0 ], [ 7.063390662801243, 47.543795155780693, 0.0 ], [ 7.071766201415445, 47.540002861540636, 0.0 ], [ 7.075815328856694, 47.536199119639527, 0.0 ], [ 7.07425998147931, 47.528666902131775, 0.0 ], [ 7.07444319154729, 47.512220760918076, 0.0 ], [ 7.081741738587877, 47.508318252354286, 0.0 ], [ 7.08023413563435, 47.508470242282655, 0.0 ], [ 7.061577534681499, 47.504594142305301, 0.0 ] ] ] } },
{ "type": "Feature", "properties": { "INSEE_COM": "90047", "NOM_COM": "Fontaine", "EPCI": "200069052", "code_serm": 2 }, "geometry": { "type": "Polygon", "coordinates": [ [ [ 6.971850037790637, 47.668553724944744, 0.0 ], [ 6.975708232679976, 47.668638755344567, 0.0 ], [ 6.978098743597189, 47.667721923712016, 0.0 ], [ 6.997129008960725, 47.669704719617549, 0.0 ], [ 7.008398701947028, 47.669516781282667, 0.0 ], [ 7.009692168719454, 47.667644659100183, 0.0 ], [ 7.012674345157653, 47.66548559299563, 0.0 ], [ 7.019873015801332, 47.66470089417043, 0.0 ], [ 7.022882427388738, 47.662132338056665, 0.0 ], [ 7.022561488141732, 47.655847209716747, 0.0 ], [ 7.017974893222004, 47.650000043678752, 0.0 ], [ 7.016607686215402, 47.645378563443103, 0.0 ], [ 7.01093019933322, 47.645270934661035, 0.0 ], [ 7.007160842776412, 47.643596962146539, 0.0 ], [ 7.006300435879383, 47.646877316608808, 0.0 ], [ 7.006761341764896, 47.647810519639705, 0.0 ], [ 7.00642725069987, 47.650250860501778, 0.0 ], [ 7.00361584921692, 47.651212497441534, 0.0 ], [ 6.994323197377482, 47.651869633066433, 0.0 ], [ 6.994302673808356, 47.651186290639018, 0.0 ], [ 6.992826444483859, 47.651118719379738, 0.0 ], [ 6.992369723004521, 47.652624993087365, 0.0 ], [ 6.988439654249991, 47.654131892118329, 0.0 ], [ 6.978904748300127, 47.655197100370991, 0.0 ], [ 6.974979906191024, 47.654598972026022, 0.0 ], [ 6.971170654998823, 47.655246789095479, 0.0 ], [ 6.971206503753792, 47.658055601030853, 0.0 ], [ 6.972655508739384, 47.664288772188662, 0.0 ], [ 6.971850037790637, 47.668553724944744, 0.0 ] ] ] } },
{ "type": "Feature", "properties": { "INSEE_COM": "90048", "NOM_COM": "Fontenelle", "EPCI": "200069052", "code_serm": 2 }, "geometry": { "type": "Polygon", "coordinates": [ [ [ 6.965326837296124, 47.619651058750065, 0.0 ], [ 6.963819723790112, 47.618419795588501, 0.0 ], [ 6.963374493719567, 47.616087181951116, 0.0 ], [ 6.962571786670067, 47.615706181833069, 0.0 ], [ 6.95871040152563, 47.6141248941965, 0.0 ], [ 6.949939112474683, 47.612757574352933, 0.0 ], [ 6.947200540800639, 47.621534538324696, 0.0 ], [ 6.947928282037272, 47.622794175306183, 0.0 ], [ 6.95038078924362, 47.623924239550306, 0.0 ], [ 6.952223834072354, 47.625535426316624, 0.0 ], [ 6.951976318815909, 47.627700455775241, 0.0 ], [ 6.95398979832923, 47.628335219702812, 0.0 ], [ 6.960173438337624, 47.628213883562772, 0.0 ], [ 6.963365102860477, 47.628680530632494, 0.0 ], [ 6.964554780051388, 47.627018796694202, 0.0 ], [ 6.963732596708901, 47.624135721599018, 0.0 ], [ 6.965541338197893, 47.621101979700228, 0.0 ], [ 6.965326837296124, 47.619651058750065, 0.0 ] ] ] } },
{ "type": "Feature", "properties": { "INSEE_COM": "90049", "NOM_COM": "Foussemagne", "EPCI": "200069052", "code_serm": 2 }, "geometry": { "type": "Polygon", "coordinates": [ [ [ 6.993086095109432, 47.641871166150182, 0.0 ], [ 6.994034298358365, 47.646464833463284, 0.0 ], [ 6.992826444483859, 47.651118719379738, 0.0 ], [ 6.994302673808356, 47.651186290639018, 0.0 ], [ 6.994323197377482, 47.651869633066433, 0.0 ], [ 7.00361584921692, 47.651212497441534, 0.0 ], [ 7.00642725069987, 47.650250860501778, 0.0 ], [ 7.006761341764896, 47.647810519639705, 0.0 ], [ 7.006300435879383, 47.646877316608808, 0.0 ], [ 7.007160842776412, 47.643596962146539, 0.0 ], [ 7.01093019933322, 47.645270934661035, 0.0 ], [ 7.016630614234122, 47.645364255705424, 0.0 ], [ 7.018197702162104, 47.642816538277053, 0.0 ], [ 7.018476396176388, 47.64118827708851, 0.0 ], [ 7.013301787160248, 47.64011984681887, 0.0 ], [ 7.01239983395379, 47.63892603923005, 0.0 ], [ 7.012456899224213, 47.638036335570881, 0.0 ], [ 7.014375618523898, 47.637520635793251, 0.0 ], [ 7.015984002675908, 47.635912433346824, 0.0 ], [ 7.013839359683232, 47.634045781035681, 0.0 ], [ 7.01329338448085, 47.631858260412493, 0.0 ], [ 7.0138173671815, 47.630458602313077, 0.0 ], [ 7.016848387668152, 47.627083621906216, 0.0 ], [ 7.016210174092761, 47.626362941330044, 0.0 ], [ 7.014327092685583, 47.625841004809004, 0.0 ], [ 7.010915437513867, 47.63044931234154, 0.0 ], [ 7.005928740514232, 47.62891989668541, 0.0 ], [ 7.006600550494148, 47.626415659335443, 0.0 ], [ 7.005590287885253, 47.626756767924277, 0.0 ], [ 7.004211107629461, 47.629358270644239, 0.0 ], [ 7.002342735147045, 47.630257824751993, 0.0 ], [ 7.000520690322825, 47.630815984348203, 0.0 ], [ 6.996712895474318, 47.630692284925154, 0.0 ], [ 6.995709102921846, 47.631833394932514, 0.0 ], [ 6.992471487564822, 47.632042423875554, 0.0 ], [ 6.979155864720891, 47.628380250596834, 0.0 ], [ 6.978724936698449, 47.627768575820866, 0.0 ], [ 6.975103471759679, 47.628262390936627, 0.0 ], [ 6.973045297834767, 47.630843335162822, 0.0 ], [ 6.972439073646129, 47.636791426008294, 0.0 ], [ 6.987175515195515, 47.639834495072314, 0.0 ], [ 6.993086095109432, 47.641871166150182, 0.0 ] ] ] } },
{ "type": "Feature", "properties": { "INSEE_COM": "90050", "NOM_COM": "Frais", "EPCI": "200069052", "code_serm": 2 }, "geometry": { "type": "Polygon", "coordinates": [ [ [ 6.978757007860636, 47.637848800429666, 0.0 ], [ 6.971011896822449, 47.636749862205683, 0.0 ], [ 6.973524674991729, 47.641625669163652, 0.0 ], [ 6.970304248898391, 47.650849409763929, 0.0 ], [ 6.970145336156029, 47.6547868793565, 0.0 ], [ 6.971010372165632, 47.654796217887366, 0.0 ], [ 6.971170654998823, 47.655246789095479, 0.0 ], [ 6.974979906191024, 47.654598972026022, 0.0 ], [ 6.977651882980341, 47.655120821923845, 0.0 ], [ 6.980354465235074, 47.655069285172203, 0.0 ], [ 6.988439654249991, 47.654131892118329, 0.0 ], [ 6.992369723004521, 47.652624993087365, 0.0 ], [ 6.994034298358365, 47.646464833463284, 0.0 ], [ 6.993086095109432, 47.641871166150182, 0.0 ], [ 6.987175515195515, 47.639834495072314, 0.0 ], [ 6.978757007860636, 47.637848800429666, 0.0 ] ] ] } },
{ "type": "Feature", "properties": { "INSEE_COM": "90051", "NOM_COM": "Froidefontaine", "EPCI": "249000241", "code_serm": 2 }, "geometry": { "type": "Polygon", "coordinates": [ [ [ 6.95535426359652, 47.580938537749837, 0.0 ], [ 6.959284600514948, 47.579442448727981, 0.0 ], [ 6.960029921104775, 47.579757813777206, 0.0 ], [ 6.961777918091701, 47.582384184460878, 0.0 ], [ 6.962548548737187, 47.58212457356403, 0.0 ], [ 6.961934749066606, 47.581482104341369, 0.0 ], [ 6.96124460212739, 47.577064148745322, 0.0 ], [ 6.956679451579, 47.576012373247359, 0.0 ], [ 6.95458896232235, 47.574096025561971, 0.0 ], [ 6.956721183558211, 47.57100446487101, 0.0 ], [ 6.961252674892167, 47.566582196651268, 0.0 ], [ 6.965559548368311, 47.564560226596832, 0.0 ], [ 6.966836140765322, 47.565683932918461, 0.0 ], [ 6.975867316915739, 47.562912169883191, 0.0 ], [ 6.980801696461773, 47.563745977466034, 0.0 ], [ 6.982351960170628, 47.561196482845197, 0.0 ], [ 6.985284822845689, 47.55949466506739, 0.0 ], [ 6.979659454059415, 47.557906848443253, 0.0 ], [ 6.964709112015911, 47.557374497406137, 0.0 ], [ 6.954706882481904, 47.554399457454863, 0.0 ], [ 6.954373736836874, 47.555438204441124, 0.0 ], [ 6.950878201372806, 47.554780765142688, 0.0 ], [ 6.947216610093056, 47.556919153040283, 0.0 ], [ 6.942191583254899, 47.555417392430641, 0.0 ], [ 6.939934195154748, 47.55531707947479, 0.0 ], [ 6.936024136697231, 47.560105973514403, 0.0 ], [ 6.933478302608688, 47.560556921701064, 0.0 ], [ 6.933835802082463, 47.562698846637907, 0.0 ], [ 6.936803278093209, 47.566864284195645, 0.0 ], [ 6.939592717359822, 47.565199165935141, 0.0 ], [ 6.942167971489606, 47.565505050890415, 0.0 ], [ 6.945686862766719, 47.569155946501255, 0.0 ], [ 6.949433470192512, 47.571269601742046, 0.0 ], [ 6.950254743921889, 47.574917996875712, 0.0 ], [ 6.952998463083413, 47.579200596811148, 0.0 ], [ 6.95535426359652, 47.580938537749837, 0.0 ] ] ] } },
{ "type": "Feature", "properties": { "INSEE_COM": "90052", "NOM_COM": "Giromagny", "EPCI": "200069060", "code_serm": 2 }, "geometry": { "type": "Polygon", "coordinates": [ [ [ 6.818159797995412, 47.750356250050515, 0.0 ], [ 6.821725539285938, 47.749476593046232, 0.0 ], [ 6.824748754994998, 47.750400543766524, 0.0 ], [ 6.825963397292046, 47.751070895610631, 0.0 ], [ 6.826456210763886, 47.752944386704542, 0.0 ], [ 6.828154741052651, 47.754860431744348, 0.0 ], [ 6.831707596240848, 47.757380756210033, 0.0 ], [ 6.834523609236411, 47.757497560579068, 0.0 ], [ 6.838255690756448, 47.747676579811106, 0.0 ], [ 6.837583376081092, 47.74368959765313, 0.0 ], [ 6.838148024176374, 47.737218202102213, 0.0 ], [ 6.840003822317703, 47.735427145671821, 0.0 ], [ 6.835342957458339, 47.732715436900982, 0.0 ], [ 6.834540462204077, 47.730827782547436, 0.0 ], [ 6.831484278540068, 47.730342226173391, 0.0 ], [ 6.825278810532136, 47.728035773670705, 0.0 ], [ 6.822724342559798, 47.727819235083338, 0.0 ], [ 6.818424951954221, 47.728300318592964, 0.0 ], [ 6.813007564588702, 47.72738223908906, 0.0 ], [ 6.811968660586617, 47.73089076663738, 0.0 ], [ 6.807532832222472, 47.735294767087744, 0.0 ], [ 6.806859350031343, 47.739960043218737, 0.0 ], [ 6.804221923324201, 47.741953466348797, 0.0 ], [ 6.80417630587104, 47.744567217963173, 0.0 ], [ 6.801936845492465, 47.747310854903382, 0.0 ], [ 6.799575848585673, 47.748617546038545, 0.0 ], [ 6.802032222837503, 47.749244195750514, 0.0 ], [ 6.809708347253299, 47.74704631549136, 0.0 ], [ 6.815319738467597, 47.746841815159357, 0.0 ], [ 6.81545647266579, 47.749233371643612, 0.0 ], [ 6.818159797995412, 47.750356250050515, 0.0 ] ] ] } },
{ "type": "Feature", "properties": { "INSEE_COM": "90053", "NOM_COM": "Grandvillars", "EPCI": "249000241", "code_serm": 2 }, "geometry": { "type": "Polygon", "coordinates": [ [ [ 6.937692384399887, 47.517235112937001, 0.0 ], [ 6.939651567805625, 47.519953789181464, 0.0 ], [ 6.939004007028234, 47.521547509874587, 0.0 ], [ 6.941161447936524, 47.52226043653139, 0.0 ], [ 6.943675949549351, 47.523988687630819, 0.0 ], [ 6.941680001816018, 47.527685668097966, 0.0 ], [ 6.94147989693371, 47.532026643446599, 0.0 ], [ 6.94806260831008, 47.536250611445745, 0.0 ], [ 6.949984814086114, 47.540702624058788, 0.0 ], [ 6.95017231904045, 47.54374255610972, 0.0 ], [ 6.95359544746652, 47.550212029548071, 0.0 ], [ 6.954920850455343, 47.553477411282373, 0.0 ], [ 6.954706882481904, 47.554399457454863, 0.0 ], [ 6.964709112015911, 47.557374497406137, 0.0 ], [ 6.979659454059415, 47.557906848443253, 0.0 ], [ 6.992774006160723, 47.561874609846043, 0.0 ], [ 6.9972517587662, 47.561941952685522, 0.0 ], [ 6.997613364210465, 47.558447875039597, 0.0 ], [ 6.99353774525347, 47.556436221013278, 0.0 ], [ 6.99290827760552, 47.555514140349054, 0.0 ], [ 6.992534347415963, 47.549835313244344, 0.0 ], [ 6.997032972799968, 47.547152971389771, 0.0 ], [ 7.002535956470346, 47.545906858941763, 0.0 ], [ 7.01053788273295, 47.546176106533949, 0.0 ], [ 7.013189123348886, 47.544415610568102, 0.0 ], [ 7.008571362970224, 47.543528153016467, 0.0 ], [ 7.00758605302148, 47.542459754647801, 0.0 ], [ 7.001242110641662, 47.539705299686865, 0.0 ], [ 6.99602258359795, 47.53670736232587, 0.0 ], [ 6.989522493129792, 47.534606594270024, 0.0 ], [ 6.987467501066175, 47.531537741490993, 0.0 ], [ 6.98564501112538, 47.5261770174452, 0.0 ], [ 6.984049603446826, 47.524303725437115, 0.0 ], [ 6.982138466905307, 47.523245164583834, 0.0 ], [ 6.970557906401608, 47.52060587408041, 0.0 ], [ 6.965334456116849, 47.517756405235673, 0.0 ], [ 6.96088899980837, 47.518432227869354, 0.0 ], [ 6.958029414591953, 47.515569627739829, 0.0 ], [ 6.951862750580478, 47.516536124990772, 0.0 ], [ 6.94944339445613, 47.516094552450497, 0.0 ], [ 6.945001514596067, 47.513340284244663, 0.0 ], [ 6.942763863134904, 47.513609840290236, 0.0 ], [ 6.937692384399887, 47.517235112937001, 0.0 ] ] ] } },
{ "type": "Feature", "properties": { "INSEE_COM": "90054", "NOM_COM": "Grosmagny", "EPCI": "200069060", "code_serm": 2 }, "geometry": { "type": "Polygon", "coordinates": [ [ [ 6.892558963757324, 47.703916546873231, 0.0 ], [ 6.890704471093807, 47.700424112419107, 0.0 ], [ 6.891337823015156, 47.6988791608076, 0.0 ], [ 6.890468169345933, 47.694484300797598, 0.0 ], [ 6.886917684034, 47.696478665305762, 0.0 ], [ 6.882510465151346, 47.698058906252768, 0.0 ], [ 6.872606483504918, 47.699243594372717, 0.0 ], [ 6.869625597503935, 47.703009105713953, 0.0 ], [ 6.865796472067718, 47.706093374064778, 0.0 ], [ 6.864410134594975, 47.709673500033034, 0.0 ], [ 6.860241128731673, 47.714802653552972, 0.0 ], [ 6.86252417530482, 47.717228808242112, 0.0 ], [ 6.864391238240283, 47.721353798615127, 0.0 ], [ 6.864422582686258, 47.726845184673117, 0.0 ], [ 6.865115885758671, 47.728557855670417, 0.0 ], [ 6.870130259857863, 47.730033883653405, 0.0 ], [ 6.878066562746344, 47.730947859271225, 0.0 ], [ 6.881960315759909, 47.732379449982766, 0.0 ], [ 6.884994604803908, 47.73442250953169, 0.0 ], [ 6.88612646354065, 47.735782577433483, 0.0 ], [ 6.886054923689318, 47.738846131457734, 0.0 ], [ 6.887511737487766, 47.742495099572423, 0.0 ], [ 6.886104281356135, 47.74707819423714, 0.0 ], [ 6.887487117222157, 47.750260119396081, 0.0 ], [ 6.888282704199594, 47.75077976808619, 0.0 ], [ 6.897176803970057, 47.738123731663165, 0.0 ], [ 6.891775757923325, 47.723324693676375, 0.0 ], [ 6.89172470452583, 47.722151291129542, 0.0 ], [ 6.892604604596293, 47.721893108546261, 0.0 ], [ 6.892987717523464, 47.720959375073221, 0.0 ], [ 6.893903222497993, 47.715619283522358, 0.0 ], [ 6.895381463013398, 47.713228830715082, 0.0 ], [ 6.892097147890122, 47.70691386526525, 0.0 ], [ 6.892558963757324, 47.703916546873231, 0.0 ] ] ] } },
{ "type": "Feature", "properties": { "INSEE_COM": "90055", "NOM_COM": "Grosne", "EPCI": "249000241", "code_serm": 2 }, "geometry": { "type": "Polygon", "coordinates": [ [ [ 6.984109609310332, 47.568157376483242, 0.0 ], [ 6.986970629815398, 47.572890408500349, 0.0 ], [ 6.985650141489335, 47.578037673758175, 0.0 ], [ 6.985721094308488, 47.580736362706141, 0.0 ], [ 6.991146450880756, 47.581057302181776, 0.0 ], [ 6.993227249347149, 47.580721085533604, 0.0 ], [ 7.008395880880713, 47.5835515962344, 0.0 ], [ 7.007955168336673, 47.582170655997359, 0.0 ], [ 7.008800291270939, 47.581894652103699, 0.0 ], [ 7.007768425383039, 47.579186611340027, 0.0 ], [ 7.007283774892663, 47.574895120745815, 0.0 ], [ 7.004939387132815, 47.571340787619256, 0.0 ], [ 7.005138539117325, 47.568474158373064, 0.0 ], [ 7.004570143137196, 47.567057030988686, 0.0 ], [ 7.002003327943966, 47.564241229861949, 0.0 ], [ 7.000819590549543, 47.560758726214949, 0.0 ], [ 6.999759020863087, 47.56021649773826, 0.0 ], [ 6.997527324889291, 47.560019969486071, 0.0 ], [ 6.9972517587662, 47.561941952685522, 0.0 ], [ 6.993625753400258, 47.56206444225954, 0.0 ], [ 6.985284822845689, 47.55949466506739, 0.0 ], [ 6.982351960170628, 47.561196482845197, 0.0 ], [ 6.981001409690922, 47.563567012957236, 0.0 ], [ 6.979233330163769, 47.565125304766532, 0.0 ], [ 6.980145815653731, 47.566469498571728, 0.0 ], [ 6.984109609310332, 47.568157376483242, 0.0 ] ] ] } },
{ "type": "Feature", "properties": { "INSEE_COM": "90056", "NOM_COM": "Joncherey", "EPCI": "249000241", "code_serm": 2 }, "geometry": { "type": "Polygon", "coordinates": [ [ [ 6.989522493129792, 47.534606594270024, 0.0 ], [ 6.99602258359795, 47.53670736232587, 0.0 ], [ 7.001242110641662, 47.539705299686865, 0.0 ], [ 7.00758605302148, 47.542459754647801, 0.0 ], [ 7.008571362970224, 47.543528153016467, 0.0 ], [ 7.012775238414959, 47.544399220584374, 0.0 ], [ 7.019555895553633, 47.544945137318606, 0.0 ], [ 7.022545385321264, 47.544304791223283, 0.0 ], [ 7.025900676875942, 47.544986569799136, 0.0 ], [ 7.027948803741236, 47.541801749399006, 0.0 ], [ 7.022137385892343, 47.53329943654218, 0.0 ], [ 7.022460697030515, 47.531654189460063, 0.0 ], [ 7.02383691596587, 47.531196561174035, 0.0 ], [ 7.024638588712881, 47.53019634570682, 0.0 ], [ 7.024670881329445, 47.527197446989668, 0.0 ], [ 7.021415435096792, 47.523707319156678, 0.0 ], [ 7.01962887121762, 47.52008710608429, 0.0 ], [ 7.014597107222708, 47.520162417926002, 0.0 ], [ 7.00589859524552, 47.521128000304252, 0.0 ], [ 7.002666184463082, 47.522187309603957, 0.0 ], [ 6.99853105782451, 47.524503292560595, 0.0 ], [ 6.997271438934327, 47.527711903705935, 0.0 ], [ 6.992988375796567, 47.529143155347001, 0.0 ], [ 6.989607682519239, 47.529170664166259, 0.0 ], [ 6.988350928029346, 47.530411523232317, 0.0 ], [ 6.98872603398286, 47.531193622925855, 0.0 ], [ 6.990846222808019, 47.532283680110737, 0.0 ], [ 6.988819828701645, 47.533305751760864, 0.0 ], [ 6.98867936768787, 47.533937862221933, 0.0 ], [ 6.989522493129792, 47.534606594270024, 0.0 ] ] ] } },
{ "type": "Feature", "properties": { "INSEE_COM": "90057", "NOM_COM": "Lachapelle-sous-Chaux", "EPCI": "200069060", "code_serm": 2 }, "geometry": { "type": "Polygon", "coordinates": [ [ [ 6.807796562990686, 47.720627047857015, 0.0 ], [ 6.81363438071018, 47.72166499899717, 0.0 ], [ 6.814145813035653, 47.719054923908203, 0.0 ], [ 6.813601885493472, 47.716252190026886, 0.0 ], [ 6.814818269178947, 47.714686022776945, 0.0 ], [ 6.816769320496377, 47.713441884407075, 0.0 ], [ 6.819628277232444, 47.71253390288323, 0.0 ], [ 6.820878792037682, 47.708693023841086, 0.0 ], [ 6.827419811663708, 47.70972079006291, 0.0 ], [ 6.828971320767763, 47.703074650734017, 0.0 ], [ 6.829087930257152, 47.698160587065757, 0.0 ], [ 6.825018220115079, 47.696601533883133, 0.0 ], [ 6.818136214073471, 47.694890054282141, 0.0 ], [ 6.816164278234282, 47.693634316415491, 0.0 ], [ 6.811886097872015, 47.692378102825849, 0.0 ], [ 6.810404514443523, 47.693570844290711, 0.0 ], [ 6.804315820859927, 47.691891279795925, 0.0 ], [ 6.800653780702002, 47.691688738512262, 0.0 ], [ 6.795316215364645, 47.69009152132989, 0.0 ], [ 6.787728609935537, 47.690291749097739, 0.0 ], [ 6.780173799647495, 47.68976953734758, 0.0 ], [ 6.778148430223951, 47.697774653987317, 0.0 ], [ 6.773934382275883, 47.699241724080508, 0.0 ], [ 6.770531022198065, 47.701623227635253, 0.0 ], [ 6.770018845777223, 47.706702090749012, 0.0 ], [ 6.772446026343408, 47.710153365970818, 0.0 ], [ 6.772569697586079, 47.711635274824928, 0.0 ], [ 6.771580083999486, 47.712573702092435, 0.0 ], [ 6.772623585604364, 47.713074379943357, 0.0 ], [ 6.773165423208404, 47.714503143907152, 0.0 ], [ 6.774936132030684, 47.715712016511681, 0.0 ], [ 6.784332010257585, 47.717401490106361, 0.0 ], [ 6.795441919885786, 47.716976486708653, 0.0 ], [ 6.798505310965227, 47.717616806513206, 0.0 ], [ 6.801310507204949, 47.718791687373532, 0.0 ], [ 6.801780095272856, 47.721067023233701, 0.0 ], [ 6.804501852800557, 47.722304019308694, 0.0 ], [ 6.806010412272141, 47.721008698510822, 0.0 ], [ 6.807796562990686, 47.720627047857015, 0.0 ] ] ] } },
{ "type": "Feature", "properties": { "INSEE_COM": "90058", "NOM_COM": "Lachapelle-sous-Rougemont", "EPCI": "200069060", "code_serm": 2 }, "geometry": { "type": "Polygon", "coordinates": [ [ [ 7.001122089487199, 47.704228464909164, 0.0 ], [ 6.997351006475344, 47.708843771422742, 0.0 ], [ 6.993996884105893, 47.708736726666039, 0.0 ], [ 6.99281336716843, 47.709371061485072, 0.0 ], [ 6.991929731338319, 47.714415596966923, 0.0 ], [ 7.003089535949102, 47.718235463629085, 0.0 ], [ 7.013155486489499, 47.720137113362703, 0.0 ], [ 7.019890406018449, 47.722363381477329, 0.0 ], [ 7.020127135083425, 47.721748717320416, 0.0 ], [ 7.022258236169526, 47.722166590184599, 0.0 ], [ 7.032542375769638, 47.72613464653206, 0.0 ], [ 7.035157696566804, 47.724619572066928, 0.0 ], [ 7.037784671226402, 47.721622398942827, 0.0 ], [ 7.036026593416955, 47.720999965703264, 0.0 ], [ 7.036456496098386, 47.718567107766049, 0.0 ], [ 7.027547865222864, 47.705316173927166, 0.0 ], [ 7.018764562961481, 47.705078665331769, 0.0 ], [ 7.013055406172515, 47.705645231965811, 0.0 ], [ 7.009499167153848, 47.70554737911948, 0.0 ], [ 7.001122089487199, 47.704228464909164, 0.0 ] ] ] } },
{ "type": "Feature", "properties": { "INSEE_COM": "90059", "NOM_COM": "Lacollonge", "EPCI": "200069052", "code_serm": 2 }, "geometry": { "type": "Polygon", "coordinates": [ [ [ 6.972168427060284, 47.669818128520049, 0.0 ], [ 6.971838754793416, 47.668348629676238, 0.0 ], [ 6.972655508739384, 47.664288772188662, 0.0 ], [ 6.971516483855677, 47.658492068320363, 0.0 ], [ 6.963381386581609, 47.656222494722712, 0.0 ], [ 6.961956451232831, 47.656056358379331, 0.0 ], [ 6.957297948633718, 47.656874917299689, 0.0 ], [ 6.952239716293183, 47.662396743864207, 0.0 ], [ 6.957664211600319, 47.662239180619842, 0.0 ], [ 6.958104991138452, 47.663521996943913, 0.0 ], [ 6.956668434561946, 47.667262957080126, 0.0 ], [ 6.952302935231854, 47.668178594468976, 0.0 ], [ 6.949138025565049, 47.66617681204815, 0.0 ], [ 6.948811817086875, 47.664871171184949, 0.0 ], [ 6.946936822543514, 47.662737396806484, 0.0 ], [ 6.942850297402262, 47.662335607045051, 0.0 ], [ 6.941177674745787, 47.664287305300455, 0.0 ], [ 6.940850248945047, 47.666895632735347, 0.0 ], [ 6.944509384199289, 47.66694424421059, 0.0 ], [ 6.953740596228518, 47.66867427061004, 0.0 ], [ 6.962383264725923, 47.667917266990095, 0.0 ], [ 6.966852149036726, 47.668554143695346, 0.0 ], [ 6.967315019088294, 47.669341410088741, 0.0 ], [ 6.972168427060284, 47.669818128520049, 0.0 ] ] ] } },
{ "type": "Feature", "properties": { "INSEE_COM": "90060", "NOM_COM": "Lagrange", "EPCI": "200069052", "code_serm": 2 }, "geometry": { "type": "Polygon", "coordinates": [ [ [ 6.968243554727252, 47.690537107597002, 0.0 ], [ 6.968732074122792, 47.689856323666234, 0.0 ], [ 6.972060914255462, 47.689158325120964, 0.0 ], [ 6.977694778821256, 47.688693603601997, 0.0 ], [ 6.983520918045323, 47.686017665005053, 0.0 ], [ 6.982302087314398, 47.685210263098512, 0.0 ], [ 6.984523747068823, 47.684186431839976, 0.0 ], [ 6.985300651554608, 47.683296561266815, 0.0 ], [ 6.984083546733626, 47.678817529688679, 0.0 ], [ 6.976791310191983, 47.678235968001502, 0.0 ], [ 6.975559337540826, 47.680932894639902, 0.0 ], [ 6.967833641682241, 47.68997965998166, 0.0 ], [ 6.967581728708994, 47.690414486538259, 0.0 ], [ 6.968243554727252, 47.690537107597002, 0.0 ] ] ] } },
{ "type": "Feature", "properties": { "INSEE_COM": "90061", "NOM_COM": "Lamadeleine-Val-des-Anges", "EPCI": "200069060", "code_serm": 2 }, "geometry": { "type": "Polygon", "coordinates": [ [ [ 6.888282704199594, 47.75077976808619, 0.0 ], [ 6.889007721614753, 47.751814503939329, 0.0 ], [ 6.888509539077026, 47.753828879459711, 0.0 ], [ 6.891963036545375, 47.757051854136812, 0.0 ], [ 6.897840703833922, 47.765155657731697, 0.0 ], [ 6.905426529494452, 47.766787017041203, 0.0 ], [ 6.902299450123576, 47.776633484825673, 0.0 ], [ 6.905034549168617, 47.777469531212923, 0.0 ], [ 6.910434693985014, 47.777948875942293, 0.0 ], [ 6.912388662262348, 47.777741201657385, 0.0 ], [ 6.922194132335965, 47.772819916656914, 0.0 ], [ 6.924817898492632, 47.768612818461037, 0.0 ], [ 6.925437629260261, 47.766269773018429, 0.0 ], [ 6.924629905752108, 47.763492487869392, 0.0 ], [ 6.921160538509135, 47.757295341269767, 0.0 ], [ 6.920987294235657, 47.75583317143785, 0.0 ], [ 6.923223233122612, 47.751468723563065, 0.0 ], [ 6.922156158230708, 47.747089740835271, 0.0 ], [ 6.910498142214731, 47.745957989617914, 0.0 ], [ 6.90555817506375, 47.746934958884971, 0.0 ], [ 6.902880080163286, 47.746690916086749, 0.0 ], [ 6.899581345582911, 47.747676839172406, 0.0 ], [ 6.896605712852748, 47.749317846584894, 0.0 ], [ 6.889610922065789, 47.74939111946864, 0.0 ], [ 6.888282704199594, 47.75077976808619, 0.0 ] ] ] } },
{ "type": "Feature", "properties": { "INSEE_COM": "90062", "NOM_COM": "Larivière", "EPCI": "200069052", "code_serm": 2 }, "geometry": { "type": "Polygon", "coordinates": [ [ [ 6.985300651554608, 47.683296561266815, 0.0 ], [ 6.982302087314398, 47.685210263098512, 0.0 ], [ 6.98590557390633, 47.687118742377983, 0.0 ], [ 6.998863248966417, 47.689117416534458, 0.0 ], [ 7.006804186963134, 47.688255069934478, 0.0 ], [ 7.009342555448703, 47.687559661751692, 0.0 ], [ 7.008307211230867, 47.686802097120243, 0.0 ], [ 7.00581305480627, 47.681783938543695, 0.0 ], [ 7.004672891333517, 47.680712703771682, 0.0 ], [ 7.003182451223224, 47.674499285336182, 0.0 ], [ 7.00718835487342, 47.674429526048648, 0.0 ], [ 7.017922600129388, 47.675975044592533, 0.0 ], [ 7.019900364482201, 47.675057124433522, 0.0 ], [ 7.02046945813334, 47.673473871971055, 0.0 ], [ 7.01526215182531, 47.672119966452129, 0.0 ], [ 7.009245585137513, 47.668837917164595, 0.0 ], [ 7.008398701947028, 47.669516781282667, 0.0 ], [ 7.000846104539128, 47.669773925801621, 0.0 ], [ 6.994901265719334, 47.669515070356383, 0.0 ], [ 6.981257758160003, 47.667842296987565, 0.0 ], [ 6.978098743597189, 47.667721923712016, 0.0 ], [ 6.975708232679976, 47.668638755344567, 0.0 ], [ 6.971850037790637, 47.668553724944744, 0.0 ], [ 6.972551734525179, 47.672275343887797, 0.0 ], [ 6.976791310191983, 47.678235968001502, 0.0 ], [ 6.984083546733626, 47.678817529688679, 0.0 ], [ 6.985300651554608, 47.683296561266815, 0.0 ] ] ] } },
{ "type": "Feature", "properties": { "INSEE_COM": "90063", "NOM_COM": "Lebetain", "EPCI": "249000241", "code_serm": 2 }, "geometry": { "type": "Polygon", "coordinates": [ [ [ 6.963848586099243, 47.496340013381563, 0.0 ], [ 6.973710409620663, 47.4978685989798, 0.0 ], [ 6.977855964357926, 47.497387232041675, 0.0 ], [ 6.978107862866811, 47.495964477537207, 0.0 ], [ 6.982856566330061, 47.494298724178272, 0.0 ], [ 6.982639823388184, 47.493656296282339, 0.0 ], [ 6.986427341993211, 47.49214133753064, 0.0 ], [ 6.988649325600227, 47.486897989079559, 0.0 ], [ 6.988591000595261, 47.481017097302001, 0.0 ], [ 6.986440188534468, 47.476330934897554, 0.0 ], [ 6.987845828479068, 47.474928090689104, 0.0 ], [ 6.98829592918297, 47.473101912650179, 0.0 ], [ 6.981422262788983, 47.473142619136929, 0.0 ], [ 6.972213614567158, 47.477416790511143, 0.0 ], [ 6.968712714527546, 47.479667827339831, 0.0 ], [ 6.962654035703125, 47.481477700043861, 0.0 ], [ 6.9573127053791, 47.482403915697368, 0.0 ], [ 6.952405054680852, 47.485080790471606, 0.0 ], [ 6.953549841000267, 47.489954866294738, 0.0 ], [ 6.955671634042618, 47.490595704368744, 0.0 ], [ 6.956694122150168, 47.493937201306913, 0.0 ], [ 6.960440715490602, 47.494374007483131, 0.0 ], [ 6.963848586099243, 47.496340013381563, 0.0 ] ] ] } },
{ "type": "Feature", "properties": { "INSEE_COM": "90064", "NOM_COM": "Lepuix-Neuf", "EPCI": "249000241", "code_serm": 2 }, "geometry": { "type": "Polygon", "coordinates": [ [ [ 7.104577354566976, 47.531820889655926, 0.0 ], [ 7.102271105648002, 47.531979647733351, 0.0 ], [ 7.100768849801654, 47.533787491375179, 0.0 ], [ 7.098146864593658, 47.534585525404054, 0.0 ], [ 7.092705863493819, 47.533282360639554, 0.0 ], [ 7.092765715545031, 47.535123529573411, 0.0 ], [ 7.091083142608786, 47.536511225791656, 0.0 ], [ 7.087606961172473, 47.537751823974709, 0.0 ], [ 7.082237979384348, 47.536886402686136, 0.0 ], [ 7.082794989318652, 47.54260756260409, 0.0 ], [ 7.082269344038749, 47.543898680377339, 0.0 ], [ 7.081049134252527, 47.544027053431812, 0.0 ], [ 7.08469759816088, 47.54884488692602, 0.0 ], [ 7.097168956794864, 47.549012754194685, 0.0 ], [ 7.09913135464441, 47.549377288166347, 0.0 ], [ 7.102727624753336, 47.551045320250019, 0.0 ], [ 7.105668446008811, 47.551614155252643, 0.0 ], [ 7.112401708893211, 47.548558177927582, 0.0 ], [ 7.118833319338435, 47.54764237032385, 0.0 ], [ 7.121536803137501, 47.545549346007149, 0.0 ], [ 7.122938007528925, 47.543730386026581, 0.0 ], [ 7.127430926316685, 47.542800638553516, 0.0 ], [ 7.131568665045747, 47.540275254049718, 0.0 ], [ 7.133117914259135, 47.539859752305603, 0.0 ], [ 7.132135981878466, 47.538609220531065, 0.0 ], [ 7.129134592893869, 47.536924604325115, 0.0 ], [ 7.122440899323576, 47.534097898424591, 0.0 ], [ 7.104577354566976, 47.531820889655926, 0.0 ] ] ] } },
{ "type": "Feature", "properties": { "INSEE_COM": "90065", "NOM_COM": "Lepuix", "EPCI": "200069060", "code_serm": 2 }, "geometry": { "type": "Polygon", "coordinates": [ [ [ 6.838884487677083, 47.824398215175641, 0.0 ], [ 6.842345173231454, 47.825091229589255, 0.0 ], [ 6.84478914109459, 47.823991938039022, 0.0 ], [ 6.845879068477939, 47.822893797025252, 0.0 ], [ 6.841184689130598, 47.8187740123495, 0.0 ], [ 6.842232205907818, 47.81657167077185, 0.0 ], [ 6.842828487835931, 47.812570247231754, 0.0 ], [ 6.846834938258169, 47.810611342261701, 0.0 ], [ 6.850557805336781, 47.806809880465678, 0.0 ], [ 6.848198951796504, 47.804268854584343, 0.0 ], [ 6.849387994861457, 47.800833577621077, 0.0 ], [ 6.851476826844245, 47.798135513989095, 0.0 ], [ 6.854507375379429, 47.795886689238472, 0.0 ], [ 6.860047026958801, 47.79434714954288, 0.0 ], [ 6.862176100578531, 47.791808829379271, 0.0 ], [ 6.861111199351678, 47.789150562009446, 0.0 ], [ 6.862147775846848, 47.786430185471524, 0.0 ], [ 6.865381080087214, 47.784888915541536, 0.0 ], [ 6.856658597985748, 47.775269859619165, 0.0 ], [ 6.855584943960926, 47.773183127153445, 0.0 ], [ 6.850374673538244, 47.772319278518637, 0.0 ], [ 6.844194373703429, 47.770219219038069, 0.0 ], [ 6.842239992143732, 47.768847042213004, 0.0 ], [ 6.834523609236411, 47.757497560579068, 0.0 ], [ 6.831707596240848, 47.757380756210033, 0.0 ], [ 6.828154741052651, 47.754860431744348, 0.0 ], [ 6.826456210763886, 47.752944386704542, 0.0 ], [ 6.825963397292046, 47.751070895610631, 0.0 ], [ 6.824748754994998, 47.750400543766524, 0.0 ], [ 6.821623651842893, 47.749471811469888, 0.0 ], [ 6.818979317157733, 47.750418710012504, 0.0 ], [ 6.817275351653384, 47.750189573509743, 0.0 ], [ 6.81545647266579, 47.749233371643612, 0.0 ], [ 6.815319738467597, 47.746841815159357, 0.0 ], [ 6.809708347253299, 47.74704631549136, 0.0 ], [ 6.802032222837503, 47.749244195750514, 0.0 ], [ 6.799575848585673, 47.748617546038545, 0.0 ], [ 6.789685573590232, 47.752509326913895, 0.0 ], [ 6.791463568331728, 47.754603503317554, 0.0 ], [ 6.787663981566907, 47.76024295737615, 0.0 ], [ 6.781479137703172, 47.765033943610398, 0.0 ], [ 6.778456355011929, 47.76635522857103, 0.0 ], [ 6.774580573188884, 47.766732596161624, 0.0 ], [ 6.77463782478593, 47.768217506079729, 0.0 ], [ 6.775942729961946, 47.769428793450572, 0.0 ], [ 6.778446039331311, 47.770594176515978, 0.0 ], [ 6.779528019686422, 47.774741983306171, 0.0 ], [ 6.780495827958238, 47.776228119979983, 0.0 ], [ 6.783546328937642, 47.778821937139263, 0.0 ], [ 6.784701509918316, 47.781435523037651, 0.0 ], [ 6.792560268206053, 47.785099020487507, 0.0 ], [ 6.796874329053276, 47.786329710183551, 0.0 ], [ 6.81001514984802, 47.793933156128581, 0.0 ], [ 6.811110281087719, 47.796245706516281, 0.0 ], [ 6.813535666469823, 47.798104045216228, 0.0 ], [ 6.823475310473818, 47.808414390797012, 0.0 ], [ 6.823836709137798, 47.814255938009438, 0.0 ], [ 6.832343336197004, 47.817575915052487, 0.0 ], [ 6.838884487677083, 47.824398215175641, 0.0 ] ] ] } },
{ "type": "Feature", "properties": { "INSEE_COM": "90066", "NOM_COM": "Leval", "EPCI": "200069060", "code_serm": 2 }, "geometry": { "type": "Polygon", "coordinates": [ [ [ 6.98218061514367, 47.73625708007863, 0.0 ], [ 6.999010932372541, 47.745952919524449, 0.0 ], [ 7.004925694942216, 47.74351466869215, 0.0 ], [ 7.012485742942972, 47.741640600462489, 0.0 ], [ 7.01583418791076, 47.743803948054456, 0.0 ], [ 7.019404189276426, 47.736620296778234, 0.0 ], [ 7.02096692101916, 47.734600117578104, 0.0 ], [ 7.013642633221099, 47.732090391127954, 0.0 ], [ 7.006318132288791, 47.727296556772089, 0.0 ], [ 7.000971008644719, 47.725035550574887, 0.0 ], [ 6.981304009645903, 47.71875227009437, 0.0 ], [ 6.97843183680362, 47.720312694148063, 0.0 ], [ 6.974652817097872, 47.721052238498103, 0.0 ], [ 6.970353122639452, 47.723281894079477, 0.0 ], [ 6.968078849891432, 47.727011637572438, 0.0 ], [ 6.97274506837096, 47.728005825690829, 0.0 ], [ 6.976465534507626, 47.72987281404103, 0.0 ], [ 6.98218061514367, 47.73625708007863, 0.0 ] ] ] } },
{ "type": "Feature", "properties": { "INSEE_COM": "90067", "NOM_COM": "Menoncourt", "EPCI": "200069052", "code_serm": 2 }, "geometry": { "type": "Polygon", "coordinates": [ [ [ 6.96687817852774, 47.668742515974145, 0.0 ], [ 6.962383264725923, 47.667917266990095, 0.0 ], [ 6.953014207801057, 47.668630364501603, 0.0 ], [ 6.944509384199289, 47.66694424421059, 0.0 ], [ 6.938663802740605, 47.666790044578057, 0.0 ], [ 6.936400518618129, 47.675470119682437, 0.0 ], [ 6.936675410760132, 47.679588347880959, 0.0 ], [ 6.941973126366947, 47.68167983628247, 0.0 ], [ 6.943899385423979, 47.683219865608287, 0.0 ], [ 6.944270397714493, 47.689349013326741, 0.0 ], [ 6.937807599957191, 47.688696434781157, 0.0 ], [ 6.934285583121764, 47.692964159523726, 0.0 ], [ 6.938472914181985, 47.693976633616671, 0.0 ], [ 6.950237094010414, 47.69212862316742, 0.0 ], [ 6.954876550701466, 47.693078371300693, 0.0 ], [ 6.957156993527047, 47.690085774955442, 0.0 ], [ 6.959705391604887, 47.684291195772389, 0.0 ], [ 6.96025328331678, 47.682738767069615, 0.0 ], [ 6.960098912896494, 47.679656451940303, 0.0 ], [ 6.961915290605629, 47.678563879864164, 0.0 ], [ 6.962593909037494, 47.675630843239496, 0.0 ], [ 6.961939625231618, 47.672053582088665, 0.0 ], [ 6.96315498206906, 47.670526245950896, 0.0 ], [ 6.973704701259227, 47.673690699808951, 0.0 ], [ 6.972551734525179, 47.672275343887797, 0.0 ], [ 6.972168427060284, 47.669818128520049, 0.0 ], [ 6.967315019088294, 47.669341410088741, 0.0 ], [ 6.96687817852774, 47.668742515974145, 0.0 ] ] ] } },
{ "type": "Feature", "properties": { "INSEE_COM": "90068", "NOM_COM": "Meroux-Moval", "EPCI": "200069052", "code_serm": 2 }, "geometry": { "type": "Polygon", "coordinates": [ [ [ 6.931674275362077, 47.583129088609816, 0.0 ], [ 6.921947886303149, 47.578126711956678, 0.0 ], [ 6.919609542829617, 47.579403082534448, 0.0 ], [ 6.918039736860136, 47.581043814799273, 0.0 ], [ 6.915265222500304, 47.581842671163123, 0.0 ], [ 6.911502300059469, 47.582260051872296, 0.0 ], [ 6.896652190939727, 47.581424323324093, 0.0 ], [ 6.888191838394466, 47.580257575279944, 0.0 ], [ 6.879439299211631, 47.582340704164885, 0.0 ], [ 6.878128911812457, 47.584269621753805, 0.0 ], [ 6.877105237867389, 47.584847089002928, 0.0 ], [ 6.879412798859176, 47.5858067387475, 0.0 ], [ 6.877705074547487, 47.587255000100491, 0.0 ], [ 6.877424324904565, 47.590651971110098, 0.0 ], [ 6.878107550350296, 47.591584533488003, 0.0 ], [ 6.881714807551737, 47.591872780453613, 0.0 ], [ 6.88203187798563, 47.592733695423682, 0.0 ], [ 6.880000185894558, 47.595610358741219, 0.0 ], [ 6.881094257764354, 47.596438216073814, 0.0 ], [ 6.884183552414479, 47.597403314088552, 0.0 ], [ 6.885467468536545, 47.598458223959184, 0.0 ], [ 6.886222881905194, 47.601714352527217, 0.0 ], [ 6.885496329683139, 47.603704082888015, 0.0 ], [ 6.881018093968134, 47.609626242738372, 0.0 ], [ 6.880985611356354, 47.610553755979133, 0.0 ], [ 6.891245202018355, 47.610872617299954, 0.0 ], [ 6.892963012246978, 47.60676258786922, 0.0 ], [ 6.896128993183205, 47.606813710627428, 0.0 ], [ 6.900086388251709, 47.604565437184782, 0.0 ], [ 6.904598406510621, 47.603709756989247, 0.0 ], [ 6.907306374270772, 47.602512393634989, 0.0 ], [ 6.908842569716819, 47.600891006335786, 0.0 ], [ 6.911955508269542, 47.599659226250935, 0.0 ], [ 6.921526730838677, 47.59926484924209, 0.0 ], [ 6.924391145321144, 47.598191583822384, 0.0 ], [ 6.923535388764365, 47.597063193888864, 0.0 ], [ 6.920477656719761, 47.596628876239791, 0.0 ], [ 6.938484553064747, 47.594081876330058, 0.0 ], [ 6.944184935832263, 47.595984634851511, 0.0 ], [ 6.944474080282492, 47.594434634535119, 0.0 ], [ 6.950725199764173, 47.593244306851034, 0.0 ], [ 6.947322815171984, 47.591753489186743, 0.0 ], [ 6.94464573903035, 47.589582843035345, 0.0 ], [ 6.940257717374466, 47.588485661814111, 0.0 ], [ 6.938014368262867, 47.587204165472762, 0.0 ], [ 6.933509991416603, 47.585879050931688, 0.0 ], [ 6.931674275362077, 47.583129088609816, 0.0 ] ] ] } },
{ "type": "Feature", "properties": { "INSEE_COM": "90069", "NOM_COM": "Méziré", "EPCI": "200069052", "code_serm": 2 }, "geometry": { "type": "Polygon", "coordinates": [ [ [ 6.907203084555167, 47.542356882324604, 0.0 ], [ 6.912775337859462, 47.543947157208684, 0.0 ], [ 6.913542481964705, 47.54513447305915, 0.0 ], [ 6.915410291430948, 47.546064902387251, 0.0 ], [ 6.916727310046005, 47.545618685650958, 0.0 ], [ 6.918515783945773, 47.5458839084299, 0.0 ], [ 6.920396118117455, 47.545514237400965, 0.0 ], [ 6.923192070365992, 47.543982639771436, 0.0 ], [ 6.924509669329694, 47.543799477303644, 0.0 ], [ 6.926279297167966, 47.544550991344188, 0.0 ], [ 6.927355586828877, 47.542515736536664, 0.0 ], [ 6.928308835800077, 47.536455090513734, 0.0 ], [ 6.929360417385261, 47.534792854726142, 0.0 ], [ 6.934489672187607, 47.534976643371031, 0.0 ], [ 6.934793676464869, 47.534622994874773, 0.0 ], [ 6.933707308591985, 47.526609586117203, 0.0 ], [ 6.932792621616547, 47.524088986790105, 0.0 ], [ 6.935799002135498, 47.520520256330464, 0.0 ], [ 6.939004007028234, 47.521547509874587, 0.0 ], [ 6.939651567805625, 47.519953789181464, 0.0 ], [ 6.937574248453054, 47.517419361660139, 0.0 ], [ 6.93648641906637, 47.517913080474791, 0.0 ], [ 6.934611446230629, 47.51776283816838, 0.0 ], [ 6.932732763469774, 47.51909888453153, 0.0 ], [ 6.927979296291949, 47.518467985036729, 0.0 ], [ 6.925258694042489, 47.519574533519972, 0.0 ], [ 6.920806257413368, 47.520144493542048, 0.0 ], [ 6.919003851067245, 47.52121997451696, 0.0 ], [ 6.916337229192363, 47.524774104811307, 0.0 ], [ 6.907281749176537, 47.526671629818225, 0.0 ], [ 6.90718759684553, 47.527112796018777, 0.0 ], [ 6.910328149431512, 47.526989387864916, 0.0 ], [ 6.912581348215043, 47.527449974233285, 0.0 ], [ 6.916235183458255, 47.530317556489152, 0.0 ], [ 6.916272819237672, 47.532174677864482, 0.0 ], [ 6.914525237103868, 47.535185915716248, 0.0 ], [ 6.910895488912396, 47.539268806425945, 0.0 ], [ 6.908083852118271, 47.540769091691942, 0.0 ], [ 6.907203084555167, 47.542356882324604, 0.0 ] ] ] } },
{ "type": "Feature", "properties": { "INSEE_COM": "90070", "NOM_COM": "Montbouton", "EPCI": "249000241", "code_serm": 2 }, "geometry": { "type": "Polygon", "coordinates": [ [ [ 6.915933134086917, 47.477875833523449, 0.0 ], [ 6.915702462987516, 47.478229685501596, 0.0 ], [ 6.927086727871289, 47.475519868475772, 0.0 ], [ 6.930788606252498, 47.475026257581845, 0.0 ], [ 6.936015895699924, 47.473241666934079, 0.0 ], [ 6.938477625121971, 47.473131334403732, 0.0 ], [ 6.935230199200769, 47.467566671677098, 0.0 ], [ 6.93543468997489, 47.465431802374702, 0.0 ], [ 6.937705806274561, 47.463350479219663, 0.0 ], [ 6.937849912276588, 47.459313200820667, 0.0 ], [ 6.935967475497592, 47.45576360535933, 0.0 ], [ 6.932507928297859, 47.455847262120223, 0.0 ], [ 6.930045844335486, 47.458873193136135, 0.0 ], [ 6.924942560520856, 47.460719178932479, 0.0 ], [ 6.922242365675278, 47.46220994530114, 0.0 ], [ 6.921207109084323, 47.467161356264093, 0.0 ], [ 6.919970960753535, 47.468575664511391, 0.0 ], [ 6.915924821257905, 47.469082333747082, 0.0 ], [ 6.909078602743339, 47.472689620072423, 0.0 ], [ 6.907442238607998, 47.472925735617736, 0.0 ], [ 6.908344214642435, 47.474427611496743, 0.0 ], [ 6.915933134086917, 47.477875833523449, 0.0 ] ] ] } },
{ "type": "Feature", "properties": { "INSEE_COM": "90071", "NOM_COM": "Montreux-Château", "EPCI": "200069052", "code_serm": 2 }, "geometry": { "type": "Polygon", "coordinates": [ [ [ 6.988485051968977, 47.61724764870953, 0.0 ], [ 6.985285566742086, 47.622255284770709, 0.0 ], [ 6.989856895270047, 47.621884579902392, 0.0 ], [ 6.994131510566682, 47.620436030902333, 0.0 ], [ 7.003264347059617, 47.620226716101847, 0.0 ], [ 7.004929360939003, 47.619837015960528, 0.0 ], [ 7.007726911594317, 47.610853552123857, 0.0 ], [ 7.010399437494375, 47.604953005328412, 0.0 ], [ 7.005653227329304, 47.602104019155327, 0.0 ], [ 7.009031052205716, 47.599670796103979, 0.0 ], [ 7.007732548109858, 47.598313933267747, 0.0 ], [ 7.005882687667648, 47.598592883990683, 0.0 ], [ 6.999415668673435, 47.601164418768249, 0.0 ], [ 6.995124090090574, 47.599676580823484, 0.0 ], [ 6.993878681436659, 47.598294324421111, 0.0 ], [ 6.990906896090625, 47.596703462030455, 0.0 ], [ 6.985872482010245, 47.595768857895379, 0.0 ], [ 6.979797105746932, 47.595362557019669, 0.0 ], [ 6.97781380785519, 47.596354005751422, 0.0 ], [ 6.980910146502336, 47.597691287394092, 0.0 ], [ 6.981431491225084, 47.599160574562966, 0.0 ], [ 6.978860723192209, 47.606607066971712, 0.0 ], [ 6.984325490581488, 47.608188826246916, 0.0 ], [ 6.985378116861163, 47.608863965606155, 0.0 ], [ 6.985513784329624, 47.610965572644865, 0.0 ], [ 6.984763143080615, 47.612674761341069, 0.0 ], [ 6.983021786929864, 47.613379519925644, 0.0 ], [ 6.987879003973896, 47.616058876145615, 0.0 ], [ 6.988485051968977, 47.61724764870953, 0.0 ] ] ] } },
{ "type": "Feature", "properties": { "INSEE_COM": "90072", "NOM_COM": "Morvillars", "EPCI": "200069052", "code_serm": 2 }, "geometry": { "type": "Polygon", "coordinates": [ [ [ 6.918515783945773, 47.5458839084299, 0.0 ], [ 6.916727310046005, 47.545618685650958, 0.0 ], [ 6.915410291430948, 47.546064902387251, 0.0 ], [ 6.925546841997689, 47.550233732725182, 0.0 ], [ 6.92956247138508, 47.552667869454311, 0.0 ], [ 6.930162247370526, 47.55484850303948, 0.0 ], [ 6.927758657108538, 47.556723920138261, 0.0 ], [ 6.927714181578762, 47.558128664200837, 0.0 ], [ 6.929629126458059, 47.558767092654094, 0.0 ], [ 6.933489379627765, 47.558429593818325, 0.0 ], [ 6.934945279986317, 47.559016735617199, 0.0 ], [ 6.938705739977381, 47.556098532793499, 0.0 ], [ 6.939325589467748, 47.556289379059116, 0.0 ], [ 6.939934195154748, 47.55531707947479, 0.0 ], [ 6.942191583254899, 47.555417392430641, 0.0 ], [ 6.947216610093056, 47.556919153040283, 0.0 ], [ 6.950878201372806, 47.554780765142688, 0.0 ], [ 6.954373736836874, 47.555438204441124, 0.0 ], [ 6.954920850455343, 47.553477411282373, 0.0 ], [ 6.95017231904045, 47.54374255610972, 0.0 ], [ 6.949984814086114, 47.540702624058788, 0.0 ], [ 6.94806260831008, 47.536250611445745, 0.0 ], [ 6.94147989693371, 47.532026643446599, 0.0 ], [ 6.941680001816018, 47.527685668097966, 0.0 ], [ 6.943675949549351, 47.523988687630819, 0.0 ], [ 6.941161447936524, 47.52226043653139, 0.0 ], [ 6.935799002135498, 47.520520256330464, 0.0 ], [ 6.932792621616547, 47.524088986790105, 0.0 ], [ 6.933707308591985, 47.526609586117203, 0.0 ], [ 6.934793676464869, 47.534622994874773, 0.0 ], [ 6.934489672187607, 47.534976643371031, 0.0 ], [ 6.929360417385261, 47.534792854726142, 0.0 ], [ 6.928308835800077, 47.536455090513734, 0.0 ], [ 6.927355586828877, 47.542515736536664, 0.0 ], [ 6.926279297167966, 47.544550991344188, 0.0 ], [ 6.924509669329694, 47.543799477303644, 0.0 ], [ 6.923192070365992, 47.543982639771436, 0.0 ], [ 6.920396118117455, 47.545514237400965, 0.0 ], [ 6.918515783945773, 47.5458839084299, 0.0 ] ] ] } },
{ "type": "Feature", "properties": { "INSEE_COM": "90074", "NOM_COM": "Novillard", "EPCI": "200069052", "code_serm": 2 }, "geometry": { "type": "Polygon", "coordinates": [ [ [ 6.950725199764173, 47.593244306851034, 0.0 ], [ 6.944474080282492, 47.594434634535119, 0.0 ], [ 6.943381730523856, 47.598295535962556, 0.0 ], [ 6.94605753765748, 47.603687288092551, 0.0 ], [ 6.942840730650045, 47.605093837815538, 0.0 ], [ 6.943487643071132, 47.606851012391658, 0.0 ], [ 6.945175485353984, 47.60837471611476, 0.0 ], [ 6.946050604296284, 47.608602873605378, 0.0 ], [ 6.947718265032793, 47.608212997972544, 0.0 ], [ 6.948980891247839, 47.609193172078854, 0.0 ], [ 6.949939112474683, 47.612757574352933, 0.0 ], [ 6.958884111352675, 47.614166766178705, 0.0 ], [ 6.963374493719567, 47.616087181951116, 0.0 ], [ 6.965441487021181, 47.613196056916522, 0.0 ], [ 6.967521105591522, 47.612699970289206, 0.0 ], [ 6.970001187442108, 47.61122768560557, 0.0 ], [ 6.975376561566389, 47.609675649689507, 0.0 ], [ 6.979311262423127, 47.606251024839793, 0.0 ], [ 6.979986868643209, 47.602194847498353, 0.0 ], [ 6.981431491225084, 47.599160574562966, 0.0 ], [ 6.980910146502336, 47.597691287394092, 0.0 ], [ 6.977763472175942, 47.596411600535703, 0.0 ], [ 6.977020284006563, 47.59732738816426, 0.0 ], [ 6.973232354014523, 47.598600176952921, 0.0 ], [ 6.96319895828807, 47.600519602646365, 0.0 ], [ 6.958429385522709, 47.600440020276771, 0.0 ], [ 6.956087615686265, 47.599515475866959, 0.0 ], [ 6.952672514089785, 47.598885920632085, 0.0 ], [ 6.951435348087694, 47.599236963917846, 0.0 ], [ 6.950222781347931, 47.601828550962729, 0.0 ], [ 6.948798685348732, 47.602715822578503, 0.0 ], [ 6.945934187815138, 47.600613727405559, 0.0 ], [ 6.947292256911521, 47.597699127062597, 0.0 ], [ 6.95078358422641, 47.596012758648648, 0.0 ], [ 6.951425193683738, 47.596112692367207, 0.0 ], [ 6.95172520878877, 47.593398789457567, 0.0 ], [ 6.950725199764173, 47.593244306851034, 0.0 ] ] ] } },
{ "type": "Feature", "properties": { "INSEE_COM": "90075", "NOM_COM": "Offemont", "EPCI": "200069052", "code_serm": 2 }, "geometry": { "type": "Polygon", "coordinates": [ [ [ 6.882427056242422, 47.667905968434809, 0.0 ], [ 6.883252102147881, 47.667163009950443, 0.0 ], [ 6.888349475257386, 47.665276685605001, 0.0 ], [ 6.891907154825589, 47.660523418462418, 0.0 ], [ 6.895135696309855, 47.65819256092739, 0.0 ], [ 6.896051567852923, 47.658313408213708, 0.0 ], [ 6.893482519343398, 47.654368990930003, 0.0 ], [ 6.889495383188548, 47.65279051604243, 0.0 ], [ 6.884632192117845, 47.651632173099578, 0.0 ], [ 6.88118072985568, 47.649894119689897, 0.0 ], [ 6.876949185871849, 47.64982292182048, 0.0 ], [ 6.875797545243921, 47.651152542056856, 0.0 ], [ 6.873109929696258, 47.652562843733783, 0.0 ], [ 6.862101254595493, 47.654548670563372, 0.0 ], [ 6.854913930295102, 47.657706826189759, 0.0 ], [ 6.850316556125055, 47.661164845040645, 0.0 ], [ 6.854162927286739, 47.660381028357271, 0.0 ], [ 6.86521299798597, 47.667904634910805, 0.0 ], [ 6.865678701014578, 47.671731780726475, 0.0 ], [ 6.864946970217852, 47.6739863665046, 0.0 ], [ 6.863570833333402, 47.675837810906344, 0.0 ], [ 6.863686497547596, 47.678113915600711, 0.0 ], [ 6.885199909140633, 47.673989507471383, 0.0 ], [ 6.882600099928812, 47.670043204773222, 0.0 ], [ 6.882427056242422, 47.667905968434809, 0.0 ] ] ] } },
{ "type": "Feature", "properties": { "INSEE_COM": "90076", "NOM_COM": "Pérouse", "EPCI": "200069052", "code_serm": 2 }, "geometry": { "type": "Polygon", "coordinates": [ [ [ 6.906165312016931, 47.647212598652736, 0.0 ], [ 6.909533256810918, 47.644946908771239, 0.0 ], [ 6.911246328013493, 47.640685428888169, 0.0 ], [ 6.910768399747468, 47.638605243884513, 0.0 ], [ 6.907688210223087, 47.633437260966453, 0.0 ], [ 6.905565798040852, 47.631764468482451, 0.0 ], [ 6.902348238883421, 47.631484569372766, 0.0 ], [ 6.900066017614887, 47.627039523684722, 0.0 ], [ 6.900609898106237, 47.625453254997261, 0.0 ], [ 6.89557548724156, 47.624731021457606, 0.0 ], [ 6.894143647365484, 47.621880546140524, 0.0 ], [ 6.89009051086432, 47.622178841868198, 0.0 ], [ 6.888500206464563, 47.62481106869749, 0.0 ], [ 6.884097447952556, 47.628530910874368, 0.0 ], [ 6.8795326960706, 47.630068759109783, 0.0 ], [ 6.876901502956233, 47.629543378415335, 0.0 ], [ 6.873772061906192, 47.630215031550151, 0.0 ], [ 6.873793230467396, 47.630946992921722, 0.0 ], [ 6.881202539622058, 47.636069231934997, 0.0 ], [ 6.8796982836036, 47.638337956696212, 0.0 ], [ 6.884296731866383, 47.640017152659993, 0.0 ], [ 6.887958953700144, 47.642257257677095, 0.0 ], [ 6.888308389002078, 47.646847983354583, 0.0 ], [ 6.892067361057965, 47.649363217723867, 0.0 ], [ 6.897227972392967, 47.650759151542736, 0.0 ], [ 6.899695650084686, 47.650563211667539, 0.0 ], [ 6.905209318794717, 47.649036154264714, 0.0 ], [ 6.906593220818083, 47.647847143030006, 0.0 ], [ 6.906165312016931, 47.647212598652736, 0.0 ] ] ] } },
{ "type": "Feature", "properties": { "INSEE_COM": "90077", "NOM_COM": "Petit-Croix", "EPCI": "200069052", "code_serm": 2 }, "geometry": { "type": "Polygon", "coordinates": [ [ [ 6.965441487021181, 47.613196056916522, 0.0 ], [ 6.963330303999668, 47.616138251310048, 0.0 ], [ 6.963332738477154, 47.617408920972117, 0.0 ], [ 6.965326837296124, 47.619651058750065, 0.0 ], [ 6.965562697338159, 47.620976882451572, 0.0 ], [ 6.963732596708901, 47.624135721599018, 0.0 ], [ 6.964377485724642, 47.627664698603951, 0.0 ], [ 6.963365102860477, 47.628680530632494, 0.0 ], [ 6.96222628431296, 47.628497493720296, 0.0 ], [ 6.962649315252273, 47.633491298903664, 0.0 ], [ 6.966384870524962, 47.637053177606724, 0.0 ], [ 6.972439073646129, 47.636791426008294, 0.0 ], [ 6.97299890424697, 47.631008039177082, 0.0 ], [ 6.97451874366195, 47.628752754448215, 0.0 ], [ 6.975333155012958, 47.628177961969129, 0.0 ], [ 6.978724936698449, 47.627768575820866, 0.0 ], [ 6.977508690663573, 47.627262976455739, 0.0 ], [ 6.982613873813193, 47.624519411121483, 0.0 ], [ 6.986360255419607, 47.620492676680016, 0.0 ], [ 6.988485051968977, 47.61724764870953, 0.0 ], [ 6.987879003973896, 47.616058876145615, 0.0 ], [ 6.983021786929864, 47.613379519925644, 0.0 ], [ 6.984763143080615, 47.612674761341069, 0.0 ], [ 6.985513784329624, 47.610965572644865, 0.0 ], [ 6.985417433546975, 47.608908586728205, 0.0 ], [ 6.984325490581488, 47.608188826246916, 0.0 ], [ 6.978860723192209, 47.606607066971712, 0.0 ], [ 6.975376561566389, 47.609675649689507, 0.0 ], [ 6.970001187442108, 47.61122768560557, 0.0 ], [ 6.967521105591522, 47.612699970289206, 0.0 ], [ 6.965441487021181, 47.613196056916522, 0.0 ] ] ] } },
{ "type": "Feature", "properties": { "INSEE_COM": "90078", "NOM_COM": "Petitefontaine", "EPCI": "200069060", "code_serm": 2 }, "geometry": { "type": "Polygon", "coordinates": [ [ [ 6.981691756065237, 47.718901282170961, 0.0 ], [ 7.000971008644719, 47.725035550574887, 0.0 ], [ 7.006318132288791, 47.727296556772089, 0.0 ], [ 7.013642633221099, 47.732090391127954, 0.0 ], [ 7.02096692101916, 47.734600117578104, 0.0 ], [ 7.026427641543315, 47.730108889079908, 0.0 ], [ 7.028982292865713, 47.729005214887799, 0.0 ], [ 7.032486052519551, 47.726114058208537, 0.0 ], [ 7.022258236169526, 47.722166590184599, 0.0 ], [ 7.020127135083425, 47.721748717320416, 0.0 ], [ 7.019890406018449, 47.722363381477329, 0.0 ], [ 7.013155486489499, 47.720137113362703, 0.0 ], [ 7.003089535949102, 47.718235463629085, 0.0 ], [ 6.991929731338319, 47.714415596966923, 0.0 ], [ 6.990537621123772, 47.716313313091, 0.0 ], [ 6.987822647885202, 47.717970454181462, 0.0 ], [ 6.985470430202107, 47.717250392061729, 0.0 ], [ 6.984215160863792, 47.716358625812305, 0.0 ], [ 6.981691756065237, 47.718901282170961, 0.0 ] ] ] } },
{ "type": "Feature", "properties": { "INSEE_COM": "90079", "NOM_COM": "Petitmagny", "EPCI": "200069060", "code_serm": 2 }, "geometry": { "type": "Polygon", "coordinates": [ [ [ 6.901165827352046, 47.713611788598804, 0.0 ], [ 6.895381463013398, 47.713228830715082, 0.0 ], [ 6.893903222497993, 47.715619283522358, 0.0 ], [ 6.892987717523464, 47.720959375073221, 0.0 ], [ 6.892604604596293, 47.721893108546261, 0.0 ], [ 6.89172470452583, 47.722151291129542, 0.0 ], [ 6.891987082864616, 47.724297211284878, 0.0 ], [ 6.893567236434326, 47.727367995553792, 0.0 ], [ 6.897176803970057, 47.738123731663165, 0.0 ], [ 6.903948776309786, 47.731954789298698, 0.0 ], [ 6.90684306048602, 47.723507106440806, 0.0 ], [ 6.908151858967505, 47.722415318738136, 0.0 ], [ 6.908801995608885, 47.720411030143261, 0.0 ], [ 6.908435502074258, 47.718001857420454, 0.0 ], [ 6.906025764486381, 47.715425761852494, 0.0 ], [ 6.901165827352046, 47.713611788598804, 0.0 ] ] ] } },
{ "type": "Feature", "properties": { "INSEE_COM": "90080", "NOM_COM": "Phaffans", "EPCI": "200069052", "code_serm": 2 }, "geometry": { "type": "Polygon", "coordinates": [ [ [ 6.952302935231854, 47.668178594468976, 0.0 ], [ 6.956668434561946, 47.667262957080126, 0.0 ], [ 6.957253531125704, 47.66612292338116, 0.0 ], [ 6.958104991138452, 47.663521996943913, 0.0 ], [ 6.957664211600319, 47.662239180619842, 0.0 ], [ 6.952239716293183, 47.662396743864207, 0.0 ], [ 6.957297948633718, 47.656874917299689, 0.0 ], [ 6.961956451232831, 47.656056358379331, 0.0 ], [ 6.971255279361075, 47.658208953537887, 0.0 ], [ 6.971010372165632, 47.654796217887366, 0.0 ], [ 6.966049119832173, 47.654518723609499, 0.0 ], [ 6.956895023909109, 47.653207983438449, 0.0 ], [ 6.951662232464364, 47.653348240587668, 0.0 ], [ 6.949045371741791, 47.653979304503309, 0.0 ], [ 6.939738923592189, 47.650508577248232, 0.0 ], [ 6.938493917731788, 47.650626281234786, 0.0 ], [ 6.937426776414824, 47.652700813078397, 0.0 ], [ 6.934723578569329, 47.6553621832525, 0.0 ], [ 6.930404801725748, 47.656197049459415, 0.0 ], [ 6.926169814245501, 47.655418484007846, 0.0 ], [ 6.923966826515904, 47.660100374189646, 0.0 ], [ 6.926257917082248, 47.661467995607801, 0.0 ], [ 6.927988945651736, 47.663941261197586, 0.0 ], [ 6.938663802740605, 47.666790044578057, 0.0 ], [ 6.940850248945047, 47.666895632735347, 0.0 ], [ 6.941898615776965, 47.662923778717229, 0.0 ], [ 6.942850297402262, 47.662335607045051, 0.0 ], [ 6.946936822543514, 47.662737396806484, 0.0 ], [ 6.948811817086875, 47.664871171184949, 0.0 ], [ 6.949138025565049, 47.66617681204815, 0.0 ], [ 6.952302935231854, 47.668178594468976, 0.0 ] ] ] } },
{ "type": "Feature", "properties": { "INSEE_COM": "90081", "NOM_COM": "Réchésy", "EPCI": "249000241", "code_serm": 2 }, "geometry": { "type": "Polygon", "coordinates": [ [ [ 7.135758060054783, 47.536840182663759, 0.0 ], [ 7.136212326959494, 47.533956762703575, 0.0 ], [ 7.138175622892012, 47.530572648993079, 0.0 ], [ 7.138349805693457, 47.527718085035865, 0.0 ], [ 7.13992252166388, 47.526099191857355, 0.0 ], [ 7.143362828977243, 47.524591422055785, 0.0 ], [ 7.139439227529148, 47.519345141128028, 0.0 ], [ 7.137821561130353, 47.510550973801038, 0.0 ], [ 7.135052054650324, 47.505826913748976, 0.0 ], [ 7.133106318047464, 47.504232934226138, 0.0 ], [ 7.13025733192307, 47.50294679902229, 0.0 ], [ 7.128879296971681, 47.503481528580188, 0.0 ], [ 7.127186819310457, 47.503148533651569, 0.0 ], [ 7.115690335723788, 47.49629577185619, 0.0 ], [ 7.11252532673404, 47.49510873680677, 0.0 ], [ 7.100036022980223, 47.494319828037099, 0.0 ], [ 7.096906928076113, 47.495174536449454, 0.0 ], [ 7.094620738366132, 47.50163578886815, 0.0 ], [ 7.094787290586444, 47.506033122205785, 0.0 ], [ 7.091598515762497, 47.507734335410497, 0.0 ], [ 7.091639597186559, 47.508948834435358, 0.0 ], [ 7.092698723821765, 47.512599999115835, 0.0 ], [ 7.097000188672599, 47.517150261762843, 0.0 ], [ 7.097365865037363, 47.526085232748613, 0.0 ], [ 7.102271105648002, 47.531979647733351, 0.0 ], [ 7.1060568744062, 47.531866995992885, 0.0 ], [ 7.111198797425429, 47.532878142683913, 0.0 ], [ 7.122440899323576, 47.534097898424591, 0.0 ], [ 7.129134592893869, 47.536924604325115, 0.0 ], [ 7.132986684794083, 47.539522785930338, 0.0 ], [ 7.135758060054783, 47.536840182663759, 0.0 ] ] ] } },
{ "type": "Feature", "properties": { "INSEE_COM": "90082", "NOM_COM": "Autrechêne", "EPCI": "200069052", "code_serm": 2 }, "geometry": { "type": "Polygon", "coordinates": [ [ [ 6.95190424590732, 47.590059007859033, 0.0 ], [ 6.95111548703211, 47.591263663554138, 0.0 ], [ 6.952411722740921, 47.594069487324653, 0.0 ], [ 6.951739188452298, 47.594109399455427, 0.0 ], [ 6.951425193683738, 47.596112692367207, 0.0 ], [ 6.95078358422641, 47.596012758648648, 0.0 ], [ 6.947292256911521, 47.597699127062597, 0.0 ], [ 6.945934187815138, 47.600613727405559, 0.0 ], [ 6.948798685348732, 47.602715822578503, 0.0 ], [ 6.950222781347931, 47.601828550962729, 0.0 ], [ 6.951691778704375, 47.599047126807854, 0.0 ], [ 6.956087615686265, 47.599515475866959, 0.0 ], [ 6.958429385522709, 47.600440020276771, 0.0 ], [ 6.96319895828807, 47.600519602646365, 0.0 ], [ 6.973232354014523, 47.598600176952921, 0.0 ], [ 6.977020284006563, 47.59732738816426, 0.0 ], [ 6.979617020272196, 47.595359689079167, 0.0 ], [ 6.974330734072742, 47.59198627072545, 0.0 ], [ 6.973284589421015, 47.589369505914313, 0.0 ], [ 6.973960635852039, 47.588232511795823, 0.0 ], [ 6.974883627285958, 47.587943294970842, 0.0 ], [ 6.970601730189682, 47.587617802586671, 0.0 ], [ 6.965537866382133, 47.585570307452898, 0.0 ], [ 6.964773824634833, 47.583462106853702, 0.0 ], [ 6.961777918091701, 47.582384184460878, 0.0 ], [ 6.960029921104775, 47.579757813777206, 0.0 ], [ 6.959284600514948, 47.579442448727981, 0.0 ], [ 6.956474764226559, 47.580780656705222, 0.0 ], [ 6.957653181098988, 47.581978991336811, 0.0 ], [ 6.95855852796567, 47.585493797937104, 0.0 ], [ 6.955752888015867, 47.588205338413744, 0.0 ], [ 6.95190424590732, 47.590059007859033, 0.0 ] ] ] } },
{ "type": "Feature", "properties": { "INSEE_COM": "90083", "NOM_COM": "Recouvrance", "EPCI": "249000241", "code_serm": 2 }, "geometry": { "type": "Polygon", "coordinates": [ [ [ 6.966836140765322, 47.565683932918461, 0.0 ], [ 6.971224687846257, 47.569186453886921, 0.0 ], [ 6.977545182363413, 47.577107646433802, 0.0 ], [ 6.983290285458676, 47.580256133313235, 0.0 ], [ 6.985721094308488, 47.580736362706141, 0.0 ], [ 6.985650141489335, 47.578037673758175, 0.0 ], [ 6.986971297801015, 47.573737585269861, 0.0 ], [ 6.986672990772642, 47.571793819318927, 0.0 ], [ 6.984109609310332, 47.568157376483242, 0.0 ], [ 6.980145815653731, 47.566469498571728, 0.0 ], [ 6.979233330163769, 47.565125304766532, 0.0 ], [ 6.980801696461773, 47.563745977466034, 0.0 ], [ 6.975867316915739, 47.562912169883191, 0.0 ], [ 6.966836140765322, 47.565683932918461, 0.0 ] ] ] } },
{ "type": "Feature", "properties": { "INSEE_COM": "90084", "NOM_COM": "Reppe", "EPCI": "200069052", "code_serm": 2 }, "geometry": { "type": "Polygon", "coordinates": [ [ [ 7.025214553299986, 47.672520955888288, 0.0 ], [ 7.037450504223046, 47.675372928806659, 0.0 ], [ 7.041367329499926, 47.672367867718037, 0.0 ], [ 7.046111270348191, 47.671440263243014, 0.0 ], [ 7.043692297859339, 47.668453424567311, 0.0 ], [ 7.034859868546486, 47.6623256792804, 0.0 ], [ 7.034786606272019, 47.660230069429652, 0.0 ], [ 7.03930443014806, 47.650505116366723, 0.0 ], [ 7.034839299475401, 47.649700556596947, 0.0 ], [ 7.02522645505169, 47.649643917812334, 0.0 ], [ 7.018948351076992, 47.650917368127416, 0.0 ], [ 7.022561488141732, 47.655847209716747, 0.0 ], [ 7.022882427388738, 47.662132338056665, 0.0 ], [ 7.019873015801332, 47.66470089417043, 0.0 ], [ 7.012674345157653, 47.66548559299563, 0.0 ], [ 7.009640051970207, 47.668015958981329, 0.0 ], [ 7.025214553299986, 47.672520955888288, 0.0 ] ] ] } },
{ "type": "Feature", "properties": { "INSEE_COM": "90085", "NOM_COM": "Riervescemont", "EPCI": "200069060", "code_serm": 2 }, "geometry": { "type": "Polygon", "coordinates": [ [ [ 6.856658597985748, 47.775269859619165, 0.0 ], [ 6.865381080087214, 47.784888915541536, 0.0 ], [ 6.865898697777521, 47.784045509078247, 0.0 ], [ 6.869619914484025, 47.782341116943442, 0.0 ], [ 6.872001276926098, 47.781774873083499, 0.0 ], [ 6.877633252313579, 47.78244450772759, 0.0 ], [ 6.882767506556347, 47.781843590780888, 0.0 ], [ 6.891881661886696, 47.77875645772572, 0.0 ], [ 6.893248984226489, 47.777546734423218, 0.0 ], [ 6.902299450123576, 47.776633484825673, 0.0 ], [ 6.905426529494452, 47.766787017041203, 0.0 ], [ 6.897840703833922, 47.765155657731697, 0.0 ], [ 6.891963036545375, 47.757051854136812, 0.0 ], [ 6.889658401861158, 47.754829698671884, 0.0 ], [ 6.886049412077578, 47.75531007738747, 0.0 ], [ 6.878589933966904, 47.755270137924185, 0.0 ], [ 6.875951670813564, 47.756053236580627, 0.0 ], [ 6.861975651245815, 47.75486273166733, 0.0 ], [ 6.857816998156165, 47.754897199834907, 0.0 ], [ 6.862021240456809, 47.761676377693753, 0.0 ], [ 6.860899692024653, 47.766036932921295, 0.0 ], [ 6.857719082687135, 47.76952549252249, 0.0 ], [ 6.855584943960926, 47.773183127153445, 0.0 ], [ 6.856658597985748, 47.775269859619165, 0.0 ] ] ] } },
{ "type": "Feature", "properties": { "INSEE_COM": "90086", "NOM_COM": "Romagny-sous-Rougemont", "EPCI": "200069060", "code_serm": 2 }, "geometry": { "type": "Polygon", "coordinates": [ [ [ 6.980001808440869, 47.71966176290109, 0.0 ], [ 6.980621478015471, 47.718911592558626, 0.0 ], [ 6.981691756065237, 47.718901282170961, 0.0 ], [ 6.984215160863792, 47.716358625812305, 0.0 ], [ 6.966333559882053, 47.711098956370847, 0.0 ], [ 6.957250578428565, 47.713481338726559, 0.0 ], [ 6.955504156367149, 47.717797671468041, 0.0 ], [ 6.953935482336022, 47.717336154862593, 0.0 ], [ 6.952363536946637, 47.719456633141547, 0.0 ], [ 6.951568744917256, 47.722782741916191, 0.0 ], [ 6.949918669015211, 47.722755587474644, 0.0 ], [ 6.947295315436965, 47.72195831695111, 0.0 ], [ 6.950773681422431, 47.723964928269034, 0.0 ], [ 6.963688882553136, 47.725904267810094, 0.0 ], [ 6.968078849891432, 47.727011637572438, 0.0 ], [ 6.970353122639452, 47.723281894079477, 0.0 ], [ 6.974652817097872, 47.721052238498103, 0.0 ], [ 6.980001808440869, 47.71966176290109, 0.0 ] ] ] } },
{ "type": "Feature", "properties": { "INSEE_COM": "90087", "NOM_COM": "Roppe", "EPCI": "200069052", "code_serm": 2 }, "geometry": { "type": "Polygon", "coordinates": [ [ [ 6.910238117499255, 47.662867903181194, 0.0 ], [ 6.908844979517504, 47.664862910386098, 0.0 ], [ 6.909352940252628, 47.664949545875906, 0.0 ], [ 6.910045520165912, 47.668952874174906, 0.0 ], [ 6.907990856000223, 47.670989827296907, 0.0 ], [ 6.906258901373509, 47.671406430684435, 0.0 ], [ 6.903021508202125, 47.671216356242908, 0.0 ], [ 6.899583490321365, 47.672295445068023, 0.0 ], [ 6.898304119414362, 47.67534357981706, 0.0 ], [ 6.885566517650807, 47.680408064961398, 0.0 ], [ 6.88635746306341, 47.684738905048548, 0.0 ], [ 6.890931081340155, 47.686568358956244, 0.0 ], [ 6.890292401223797, 47.689939265279776, 0.0 ], [ 6.892264237667321, 47.69272309243366, 0.0 ], [ 6.893048653442871, 47.692461758289646, 0.0 ], [ 6.898397398994979, 47.693179208451504, 0.0 ], [ 6.901649857863174, 47.694395383802835, 0.0 ], [ 6.904196346910966, 47.69160501483713, 0.0 ], [ 6.906150916037003, 47.690920588082975, 0.0 ], [ 6.913932389995081, 47.690631373855602, 0.0 ], [ 6.918178374719128, 47.688766017797022, 0.0 ], [ 6.925225155985444, 47.690302145301331, 0.0 ], [ 6.926702692012134, 47.69024799727373, 0.0 ], [ 6.926277229909142, 47.685127323249425, 0.0 ], [ 6.929114988744718, 47.682997939360121, 0.0 ], [ 6.928429330426914, 47.677427290529444, 0.0 ], [ 6.928770639594085, 47.673821845273906, 0.0 ], [ 6.927591467676303, 47.670278340783369, 0.0 ], [ 6.927988945651736, 47.663941261197586, 0.0 ], [ 6.926257917082248, 47.661467995607801, 0.0 ], [ 6.923966826515904, 47.660100374189646, 0.0 ], [ 6.922096312830896, 47.660948153165862, 0.0 ], [ 6.916301681599193, 47.662293440086444, 0.0 ], [ 6.910238117499255, 47.662867903181194, 0.0 ] ] ] } },
{ "type": "Feature", "properties": { "INSEE_COM": "90088", "NOM_COM": "Rougegoutte", "EPCI": "200069060", "code_serm": 2 }, "geometry": { "type": "Polygon", "coordinates": [ [ [ 6.841545131447934, 47.723894456796081, 0.0 ], [ 6.840884725205291, 47.724551442591917, 0.0 ], [ 6.837128021784084, 47.723866473036303, 0.0 ], [ 6.833887359068527, 47.729622776616672, 0.0 ], [ 6.835342957458339, 47.732715436900982, 0.0 ], [ 6.836676601819503, 47.733706174285032, 0.0 ], [ 6.840955514722298, 47.735528359593417, 0.0 ], [ 6.842381969982546, 47.734878657405623, 0.0 ], [ 6.846105506222961, 47.734538196850281, 0.0 ], [ 6.851155854438017, 47.737970186801547, 0.0 ], [ 6.855079201522129, 47.737730101087756, 0.0 ], [ 6.858779849051587, 47.740535824265287, 0.0 ], [ 6.86100134492554, 47.747163274297833, 0.0 ], [ 6.866427714646706, 47.75033353215661, 0.0 ], [ 6.869353683612382, 47.75071619315375, 0.0 ], [ 6.873325321084918, 47.750190974666069, 0.0 ], [ 6.884952432339295, 47.752200653792862, 0.0 ], [ 6.886515061725594, 47.752062244800456, 0.0 ], [ 6.888282704199594, 47.75077976808619, 0.0 ], [ 6.887487117222157, 47.750260119396081, 0.0 ], [ 6.886104281356135, 47.74707819423714, 0.0 ], [ 6.887511737487766, 47.742495099572423, 0.0 ], [ 6.886054923689318, 47.738846131457734, 0.0 ], [ 6.88612646354065, 47.735782577433483, 0.0 ], [ 6.884994604803908, 47.73442250953169, 0.0 ], [ 6.881960315759909, 47.732379449982766, 0.0 ], [ 6.878066562746344, 47.730947859271225, 0.0 ], [ 6.870130259857863, 47.730033883653405, 0.0 ], [ 6.865115885758671, 47.728557855670417, 0.0 ], [ 6.864422582686258, 47.726845184673117, 0.0 ], [ 6.864391238240283, 47.721353798615127, 0.0 ], [ 6.86252417530482, 47.717228808242112, 0.0 ], [ 6.860853980449868, 47.715059966809925, 0.0 ], [ 6.860241128731673, 47.714802653552972, 0.0 ], [ 6.856461481575009, 47.716892768007312, 0.0 ], [ 6.842537693659093, 47.718736245738313, 0.0 ], [ 6.841545131447934, 47.723894456796081, 0.0 ] ] ] } },
{ "type": "Feature", "properties": { "INSEE_COM": "90089", "NOM_COM": "Rougemont-le-Château", "EPCI": "200069060", "code_serm": 2 }, "geometry": { "type": "Polygon", "coordinates": [ [ [ 6.927713925612983, 47.741941470769035, 0.0 ], [ 6.922156158230708, 47.747089740835271, 0.0 ], [ 6.923223233122612, 47.751468723563065, 0.0 ], [ 6.920987294235657, 47.75583317143785, 0.0 ], [ 6.921160538509135, 47.757295341269767, 0.0 ], [ 6.924629905752108, 47.763492487869392, 0.0 ], [ 6.925437290350082, 47.766102170647365, 0.0 ], [ 6.924817898492632, 47.768612818461037, 0.0 ], [ 6.922754243474055, 47.77187747168837, 0.0 ], [ 6.924512392362236, 47.769925221402026, 0.0 ], [ 6.927209714566272, 47.76948869771276, 0.0 ], [ 6.931486602852699, 47.769698350075991, 0.0 ], [ 6.934399215639848, 47.771540648693531, 0.0 ], [ 6.940170822391514, 47.771606012079666, 0.0 ], [ 6.943590389669759, 47.766541676272773, 0.0 ], [ 6.945857449736476, 47.765372147708824, 0.0 ], [ 6.951498354033559, 47.764477993262005, 0.0 ], [ 6.955478927731868, 47.760562206405218, 0.0 ], [ 6.95891116634555, 47.759683738197175, 0.0 ], [ 6.965631718461808, 47.755677522296544, 0.0 ], [ 6.970616403041668, 47.754190933250264, 0.0 ], [ 6.972173466561046, 47.751580522096731, 0.0 ], [ 6.976472543925785, 47.751101034067901, 0.0 ], [ 6.98166873005526, 47.751307300319489, 0.0 ], [ 6.983114806141892, 47.750828206260202, 0.0 ], [ 6.985159124669927, 47.74911300785309, 0.0 ], [ 6.987477293059192, 47.7482544803539, 0.0 ], [ 6.993616755916061, 47.746699554549174, 0.0 ], [ 6.999010932372541, 47.745952919524449, 0.0 ], [ 6.983045881470437, 47.736876476679356, 0.0 ], [ 6.978297711092931, 47.732332946802089, 0.0 ], [ 6.976465534507626, 47.72987281404103, 0.0 ], [ 6.97274506837096, 47.728005825690829, 0.0 ], [ 6.963688882553136, 47.725904267810094, 0.0 ], [ 6.950773681422431, 47.723964928269034, 0.0 ], [ 6.947295315436965, 47.72195831695111, 0.0 ], [ 6.944547945685329, 47.721757250657916, 0.0 ], [ 6.941847639297571, 47.728378261046586, 0.0 ], [ 6.938922138876601, 47.731947264559658, 0.0 ], [ 6.936062383560805, 47.734441568952732, 0.0 ], [ 6.930412300859821, 47.736962007816075, 0.0 ], [ 6.927713925612983, 47.741941470769035, 0.0 ] ] ] } },
{ "type": "Feature", "properties": { "INSEE_COM": "90090", "NOM_COM": "Saint-Dizier-l'Évêque", "EPCI": "249000241", "code_serm": 2 }, "geometry": { "type": "Polygon", "coordinates": [ [ [ 6.948857270943579, 47.485705936523708, 0.0 ], [ 6.953348182279659, 47.484672919463101, 0.0 ], [ 6.9573127053791, 47.482403915697368, 0.0 ], [ 6.962654035703125, 47.481477700043861, 0.0 ], [ 6.968712714527546, 47.479667827339831, 0.0 ], [ 6.972213614567158, 47.477416790511143, 0.0 ], [ 6.981422262788983, 47.473142619136929, 0.0 ], [ 6.98829592918297, 47.473101912650179, 0.0 ], [ 6.991552123759839, 47.472130399066238, 0.0 ], [ 6.992991694593339, 47.471131913517212, 0.0 ], [ 6.990833141429992, 47.467606982728945, 0.0 ], [ 6.991853998180143, 47.46580806875965, 0.0 ], [ 6.991172785068679, 47.464035097403972, 0.0 ], [ 6.988789758049886, 47.462556630795277, 0.0 ], [ 6.981757255953625, 47.460230570638309, 0.0 ], [ 6.976682901471182, 47.45666997133668, 0.0 ], [ 6.972579671238045, 47.452183698674972, 0.0 ], [ 6.971196736652067, 47.449090723014812, 0.0 ], [ 6.969233011693355, 47.449648072551625, 0.0 ], [ 6.964237268752862, 47.453150614884514, 0.0 ], [ 6.958751232761434, 47.454992261844311, 0.0 ], [ 6.943783455796371, 47.453395241307014, 0.0 ], [ 6.935967475497592, 47.45576360535933, 0.0 ], [ 6.937849912276588, 47.459313200820667, 0.0 ], [ 6.937705806274561, 47.463350479219663, 0.0 ], [ 6.93543468997489, 47.465431802374702, 0.0 ], [ 6.935299278403928, 47.467927556131905, 0.0 ], [ 6.937485381912541, 47.470721511316789, 0.0 ], [ 6.939560009290336, 47.474742257135802, 0.0 ], [ 6.940853772642365, 47.480755128599014, 0.0 ], [ 6.943313006514709, 47.486917770216763, 0.0 ], [ 6.946826300162158, 47.487589122875896, 0.0 ], [ 6.948857270943579, 47.485705936523708, 0.0 ] ] ] } },
{ "type": "Feature", "properties": { "INSEE_COM": "90091", "NOM_COM": "Saint-Germain-le-Châtelet", "EPCI": "200069060", "code_serm": 2 }, "geometry": { "type": "Polygon", "coordinates": [ [ [ 6.974397125746021, 47.699952013178674, 0.0 ], [ 6.978221310495196, 47.694296562892085, 0.0 ], [ 6.969840912627924, 47.690837026313922, 0.0 ], [ 6.959861548844009, 47.689731901610671, 0.0 ], [ 6.957683918921832, 47.689093726356397, 0.0 ], [ 6.954495117961708, 47.694359270240092, 0.0 ], [ 6.951469754644433, 47.695430397622047, 0.0 ], [ 6.950263355656598, 47.696370579077914, 0.0 ], [ 6.951235117781287, 47.696909988136333, 0.0 ], [ 6.950567569889246, 47.700292217839262, 0.0 ], [ 6.952008169202957, 47.702453246746614, 0.0 ], [ 6.952397086951061, 47.704293854785277, 0.0 ], [ 6.952083102512135, 47.706557457763139, 0.0 ], [ 6.94912444031679, 47.70909608012569, 0.0 ], [ 6.952352601745582, 47.714650061475538, 0.0 ], [ 6.952479264472968, 47.71689604947813, 0.0 ], [ 6.955504156367149, 47.717797671468041, 0.0 ], [ 6.95854505645345, 47.710363536410227, 0.0 ], [ 6.960737974237187, 47.708179551400896, 0.0 ], [ 6.965769596460293, 47.705427007273656, 0.0 ], [ 6.970833562563328, 47.701521383946556, 0.0 ], [ 6.974397125746021, 47.699952013178674, 0.0 ] ] ] } },
{ "type": "Feature", "properties": { "INSEE_COM": "90093", "NOM_COM": "Sermamagny", "EPCI": "200069052", "code_serm": 2 }, "geometry": { "type": "Polygon", "coordinates": [ [ [ 6.797418404707927, 47.690506224702197, 0.0 ], [ 6.800653780702002, 47.691688738512262, 0.0 ], [ 6.804315820859927, 47.691891279795925, 0.0 ], [ 6.810404514443523, 47.693570844290711, 0.0 ], [ 6.811886097872015, 47.692378102825849, 0.0 ], [ 6.816164278234282, 47.693634316415491, 0.0 ], [ 6.818136214073471, 47.694890054282141, 0.0 ], [ 6.831317403537937, 47.698480415132785, 0.0 ], [ 6.852123069397073, 47.697457686851394, 0.0 ], [ 6.860173546397814, 47.698988045574453, 0.0 ], [ 6.861417622817744, 47.699871524913135, 0.0 ], [ 6.863236211770158, 47.697540535743698, 0.0 ], [ 6.862096896356851, 47.694806259686651, 0.0 ], [ 6.860067031137831, 47.692029300421559, 0.0 ], [ 6.854739337514078, 47.69037493444759, 0.0 ], [ 6.857404703838166, 47.684993628526932, 0.0 ], [ 6.855374432591279, 47.684175708243117, 0.0 ], [ 6.851781284481545, 47.684129304740203, 0.0 ], [ 6.84794425180533, 47.679874356635409, 0.0 ], [ 6.840681187393045, 47.677819030909703, 0.0 ], [ 6.83116043083732, 47.675865267117835, 0.0 ], [ 6.829578216414676, 47.673621940061395, 0.0 ], [ 6.823685883563425, 47.676702196766037, 0.0 ], [ 6.819124971286922, 47.678186864315812, 0.0 ], [ 6.815739503851854, 47.678499338452887, 0.0 ], [ 6.810265346894481, 47.680447812441734, 0.0 ], [ 6.797418404707927, 47.690506224702197, 0.0 ] ] ] } },
{ "type": "Feature", "properties": { "INSEE_COM": "90094", "NOM_COM": "Sevenans", "EPCI": "200069052", "code_serm": 2 }, "geometry": { "type": "Polygon", "coordinates": [ [ [ 6.88468479086289, 47.597956184907602, 0.0 ], [ 6.880000185894558, 47.595610358741219, 0.0 ], [ 6.88203187798563, 47.592733695423682, 0.0 ], [ 6.881714807551737, 47.591872780453613, 0.0 ], [ 6.878107550350296, 47.591584533488003, 0.0 ], [ 6.877424324904565, 47.590651971110098, 0.0 ], [ 6.877705074547487, 47.587255000100491, 0.0 ], [ 6.879412798859176, 47.5858067387475, 0.0 ], [ 6.871726397653003, 47.582164462943283, 0.0 ], [ 6.869975841615664, 47.581920667830843, 0.0 ], [ 6.860738481593267, 47.582340413347161, 0.0 ], [ 6.859114999768747, 47.584701220954734, 0.0 ], [ 6.859247567779083, 47.58870896590058, 0.0 ], [ 6.860160680502994, 47.592198820217973, 0.0 ], [ 6.86311567873458, 47.592237965116155, 0.0 ], [ 6.866084459440972, 47.592982217153455, 0.0 ], [ 6.867005654712067, 47.594884750193465, 0.0 ], [ 6.872361866792465, 47.596451775286305, 0.0 ], [ 6.88468479086289, 47.597956184907602, 0.0 ] ] ] } },
{ "type": "Feature", "properties": { "INSEE_COM": "90095", "NOM_COM": "Suarce", "EPCI": "249000241", "code_serm": 2 }, "geometry": { "type": "Polygon", "coordinates": [ [ [ 7.099504705890697, 47.572836143507359, 0.0 ], [ 7.102296028504573, 47.570560304795116, 0.0 ], [ 7.104099637168024, 47.569853259582153, 0.0 ], [ 7.105420619605864, 47.568291579765393, 0.0 ], [ 7.106122417376505, 47.566143283551803, 0.0 ], [ 7.108268285267637, 47.563880994968152, 0.0 ], [ 7.108414202208073, 47.561865836906669, 0.0 ], [ 7.107266386036258, 47.556101577192692, 0.0 ], [ 7.108110616971821, 47.554509772297564, 0.0 ], [ 7.108244015038829, 47.552141713979324, 0.0 ], [ 7.102727624753336, 47.551045320250019, 0.0 ], [ 7.09913135464441, 47.549377288166347, 0.0 ], [ 7.097168956794864, 47.549012754194685, 0.0 ], [ 7.08469759816088, 47.54884488692602, 0.0 ], [ 7.081049134252527, 47.544027053431812, 0.0 ], [ 7.07914060109601, 47.545130429862546, 0.0 ], [ 7.077355421979706, 47.54506041570972, 0.0 ], [ 7.066832758789062, 47.54200759235988, 0.0 ], [ 7.063390662801243, 47.543795155780693, 0.0 ], [ 7.062493830604799, 47.547353342699097, 0.0 ], [ 7.058307115095187, 47.554152834452317, 0.0 ], [ 7.056331066877678, 47.556393822868159, 0.0 ], [ 7.049869723129144, 47.560049853535766, 0.0 ], [ 7.049998874238775, 47.562507767203961, 0.0 ], [ 7.054138050176859, 47.563706837893221, 0.0 ], [ 7.056204270171899, 47.567819781777374, 0.0 ], [ 7.057748806820666, 47.56923517813005, 0.0 ], [ 7.060203296218245, 47.570268253351969, 0.0 ], [ 7.07149319520249, 47.573306737937997, 0.0 ], [ 7.073879035462268, 47.575266697287574, 0.0 ], [ 7.082188313330871, 47.578460589574227, 0.0 ], [ 7.084201672578084, 47.580923718333402, 0.0 ], [ 7.086460720651313, 47.585549507897646, 0.0 ], [ 7.089850234868709, 47.582945704244423, 0.0 ], [ 7.089972702704638, 47.58141455154496, 0.0 ], [ 7.093051045226631, 47.576616881201552, 0.0 ], [ 7.094137132889823, 47.573497071965164, 0.0 ], [ 7.095106850280965, 47.573185400367869, 0.0 ], [ 7.097425484070508, 47.573477085568165, 0.0 ], [ 7.099504705890697, 47.572836143507359, 0.0 ] ] ] } },
{ "type": "Feature", "properties": { "INSEE_COM": "90096", "NOM_COM": "Thiancourt", "EPCI": "249000241", "code_serm": 2 }, "geometry": { "type": "Polygon", "coordinates": [ [ [ 6.992471871413366, 47.517795448557415, 0.0 ], [ 6.969646680184388, 47.511042686550709, 0.0 ], [ 6.965934293694136, 47.513181763932508, 0.0 ], [ 6.958037399049878, 47.515659484874931, 0.0 ], [ 6.96088899980837, 47.518432227869354, 0.0 ], [ 6.965334456116849, 47.517756405235673, 0.0 ], [ 6.970557906401608, 47.52060587408041, 0.0 ], [ 6.982138466905307, 47.523245164583834, 0.0 ], [ 6.984049603446826, 47.524303725437115, 0.0 ], [ 6.98564501112538, 47.5261770174452, 0.0 ], [ 6.987467501066175, 47.531537741490993, 0.0 ], [ 6.989016917877273, 47.533253938512381, 0.0 ], [ 6.990846222808019, 47.532283680110737, 0.0 ], [ 6.98872603398286, 47.531193622925855, 0.0 ], [ 6.988350928029346, 47.530411523232317, 0.0 ], [ 6.989607682519239, 47.529170664166259, 0.0 ], [ 6.992988375796567, 47.529143155347001, 0.0 ], [ 6.997789565176479, 47.527238063182708, 0.0 ], [ 6.99852192776573, 47.524399054669253, 0.0 ], [ 6.995712950575201, 47.520964143214542, 0.0 ], [ 6.99306002318367, 47.52071713919684, 0.0 ], [ 6.992124180951359, 47.519909206489309, 0.0 ], [ 6.992471871413366, 47.517795448557415, 0.0 ] ] ] } },
{ "type": "Feature", "properties": { "INSEE_COM": "90097", "NOM_COM": "Trévenans", "EPCI": "200069052", "code_serm": 2 }, "geometry": { "type": "Polygon", "coordinates": [ [ [ 6.861000598699574, 47.54773254313627, 0.0 ], [ 6.855861882284638, 47.547981089865011, 0.0 ], [ 6.857726553256837, 47.553950293889557, 0.0 ], [ 6.860692927417027, 47.555373317155819, 0.0 ], [ 6.860914614267141, 47.556322160114192, 0.0 ], [ 6.860526057082953, 47.558111318724585, 0.0 ], [ 6.855963437730743, 47.56401114960304, 0.0 ], [ 6.854626200382983, 47.566698608579806, 0.0 ], [ 6.857054122268558, 47.568585634613413, 0.0 ], [ 6.857103598690068, 47.573160309558389, 0.0 ], [ 6.858910779190215, 47.578209426805664, 0.0 ], [ 6.861405182420649, 47.582368805858358, 0.0 ], [ 6.869975841615664, 47.581920667830843, 0.0 ], [ 6.871726397653003, 47.582164462943283, 0.0 ], [ 6.877105237867389, 47.584847089002928, 0.0 ], [ 6.878128911812457, 47.584269621753805, 0.0 ], [ 6.879439299211631, 47.582340704164885, 0.0 ], [ 6.884545912038978, 47.580873857079965, 0.0 ], [ 6.881554327028059, 47.574663175562492, 0.0 ], [ 6.877567954436286, 47.572311171860008, 0.0 ], [ 6.874884820596223, 47.566259504083014, 0.0 ], [ 6.882972300519259, 47.559532245388773, 0.0 ], [ 6.883369262434058, 47.555506770232647, 0.0 ], [ 6.876005188114537, 47.552434503966587, 0.0 ], [ 6.874327983724332, 47.551316881282474, 0.0 ], [ 6.871375396001076, 47.550729171018439, 0.0 ], [ 6.869210658107864, 47.550983107688822, 0.0 ], [ 6.864333779768674, 47.54992377041355, 0.0 ], [ 6.861000598699574, 47.54773254313627, 0.0 ] ] ] } },
{ "type": "Feature", "properties": { "INSEE_COM": "90098", "NOM_COM": "Urcerey", "EPCI": "200069052", "code_serm": 2 }, "geometry": { "type": "Polygon", "coordinates": [ [ [ 6.802799542396168, 47.624188023295318, 0.0 ], [ 6.80712085201205, 47.622710730481352, 0.0 ], [ 6.81008839654272, 47.620067223581323, 0.0 ], [ 6.815467383048373, 47.616706786017204, 0.0 ], [ 6.813189283524218, 47.615396170046068, 0.0 ], [ 6.814808921040318, 47.612828993898439, 0.0 ], [ 6.815135922244576, 47.610413101644177, 0.0 ], [ 6.814448129621747, 47.607782566568481, 0.0 ], [ 6.812351943660111, 47.604573551357802, 0.0 ], [ 6.807734988742898, 47.602333551113745, 0.0 ], [ 6.800822295773936, 47.600198839659143, 0.0 ], [ 6.797322506081452, 47.600558832086101, 0.0 ], [ 6.795905094546304, 47.599531684862207, 0.0 ], [ 6.79328596898799, 47.599272640188417, 0.0 ], [ 6.790828014831508, 47.602520094950577, 0.0 ], [ 6.790075710603969, 47.604665849344372, 0.0 ], [ 6.789344801477832, 47.604693196463074, 0.0 ], [ 6.789704989480644, 47.605806132983467, 0.0 ], [ 6.794546876629619, 47.611684669061674, 0.0 ], [ 6.798351384642798, 47.613797541063747, 0.0 ], [ 6.798013830743694, 47.619090169665647, 0.0 ], [ 6.799175421746134, 47.621027677851828, 0.0 ], [ 6.799252745806847, 47.623610554533357, 0.0 ], [ 6.802799542396168, 47.624188023295318, 0.0 ] ] ] } },
{ "type": "Feature", "properties": { "INSEE_COM": "90099", "NOM_COM": "Valdoie", "EPCI": "200069052", "code_serm": 2 }, "geometry": { "type": "Polygon", "coordinates": [ [ [ 6.854343137413428, 47.660475109866852, 0.0 ], [ 6.850011685705629, 47.661210040762413, 0.0 ], [ 6.843553856194737, 47.66142725174587, 0.0 ], [ 6.835926326361935, 47.660590333935161, 0.0 ], [ 6.834869738510029, 47.667003360622516, 0.0 ], [ 6.835216312455242, 47.668705061171465, 0.0 ], [ 6.834494049049128, 47.669866019162392, 0.0 ], [ 6.830843997624828, 47.67118520250196, 0.0 ], [ 6.830289474705739, 47.673196712247588, 0.0 ], [ 6.829578216414676, 47.673621940061395, 0.0 ], [ 6.83116043083732, 47.675865267117835, 0.0 ], [ 6.840681187393045, 47.677819030909703, 0.0 ], [ 6.84794425180533, 47.679874356635409, 0.0 ], [ 6.851781284481545, 47.684129304740203, 0.0 ], [ 6.85299296936124, 47.684368710195322, 0.0 ], [ 6.861857575461202, 47.678028399657968, 0.0 ], [ 6.863686497547596, 47.678113915600711, 0.0 ], [ 6.863570833333402, 47.675837810906344, 0.0 ], [ 6.864946970217852, 47.6739863665046, 0.0 ], [ 6.865678701014578, 47.671731780726475, 0.0 ], [ 6.86521299798597, 47.667904634910805, 0.0 ], [ 6.854343137413428, 47.660475109866852, 0.0 ] ] ] } },
{ "type": "Feature", "properties": { "INSEE_COM": "90100", "NOM_COM": "Vauthiermont", "EPCI": "200069052", "code_serm": 2 }, "geometry": { "type": "Polygon", "coordinates": [ [ [ 7.017922600129388, 47.675975044592533, 0.0 ], [ 7.00718835487342, 47.674429526048648, 0.0 ], [ 7.003182451223224, 47.674499285336182, 0.0 ], [ 7.004672891333517, 47.680712703771682, 0.0 ], [ 7.00581305480627, 47.681783938543695, 0.0 ], [ 7.008307211230867, 47.686802097120243, 0.0 ], [ 7.009679992716718, 47.687733736933652, 0.0 ], [ 7.019578701229664, 47.688906804307514, 0.0 ], [ 7.036363976363157, 47.692156669626208, 0.0 ], [ 7.03646575351792, 47.690910330340259, 0.0 ], [ 7.038581545454162, 47.687830644419812, 0.0 ], [ 7.037980493117151, 47.687437743260638, 0.0 ], [ 7.038466316919095, 47.686768444861578, 0.0 ], [ 7.048134579293757, 47.684514179858496, 0.0 ], [ 7.048114379657019, 47.682298680002589, 0.0 ], [ 7.042676861867252, 47.681116151265236, 0.0 ], [ 7.042072644873715, 47.679291280795908, 0.0 ], [ 7.038880707868384, 47.678326479835405, 0.0 ], [ 7.037450504223046, 47.675372928806659, 0.0 ], [ 7.025214553299986, 47.672520955888288, 0.0 ], [ 7.009640051970207, 47.668015958981329, 0.0 ], [ 7.009245585137513, 47.668837917164595, 0.0 ], [ 7.01526215182531, 47.672119966452129, 0.0 ], [ 7.02046945813334, 47.673473871971055, 0.0 ], [ 7.019900364482201, 47.675057124433522, 0.0 ], [ 7.017922600129388, 47.675975044592533, 0.0 ] ] ] } },
{ "type": "Feature", "properties": { "INSEE_COM": "90101", "NOM_COM": "Vellescot", "EPCI": "249000241", "code_serm": 2 }, "geometry": { "type": "Polygon", "coordinates": [ [ [ 7.03291231211131, 47.577892411185744, 0.0 ], [ 7.02193981480873, 47.563930882054301, 0.0 ], [ 7.012667487497818, 47.565328396925402, 0.0 ], [ 7.006611226070898, 47.567725953444274, 0.0 ], [ 7.002010450132054, 47.56419411831078, 0.0 ], [ 7.004101076323148, 47.566307048252938, 0.0 ], [ 7.005138539117325, 47.568474158373064, 0.0 ], [ 7.004939387132815, 47.571340787619256, 0.0 ], [ 7.007065622700829, 47.574260000909341, 0.0 ], [ 7.008756718976853, 47.581846579425495, 0.0 ], [ 7.009309135644573, 47.582462091127006, 0.0 ], [ 7.011595971961587, 47.582138288885304, 0.0 ], [ 7.014391391508775, 47.582927147680955, 0.0 ], [ 7.018707561282673, 47.586928010803923, 0.0 ], [ 7.021061909553706, 47.586189812289504, 0.0 ], [ 7.022253545734652, 47.584607508055242, 0.0 ], [ 7.025001455027216, 47.582854310535893, 0.0 ], [ 7.029867640085457, 47.583030531884454, 0.0 ], [ 7.031912849348478, 47.582401026852956, 0.0 ], [ 7.032462462414142, 47.581829525040312, 0.0 ], [ 7.031994950471264, 47.580560440046, 0.0 ], [ 7.03291231211131, 47.577892411185744, 0.0 ] ] ] } },
{ "type": "Feature", "properties": { "INSEE_COM": "90102", "NOM_COM": "Vescemont", "EPCI": "200069060", "code_serm": 2 }, "geometry": { "type": "Polygon", "coordinates": [ [ [ 6.850374673538244, 47.772319278518637, 0.0 ], [ 6.855584943960926, 47.773183127153445, 0.0 ], [ 6.857719082687135, 47.76952549252249, 0.0 ], [ 6.860396099281238, 47.766924921950448, 0.0 ], [ 6.861201892040941, 47.765394380918984, 0.0 ], [ 6.862021240456809, 47.761676377693753, 0.0 ], [ 6.857816998156165, 47.754897199834907, 0.0 ], [ 6.861975651245815, 47.75486273166733, 0.0 ], [ 6.875951670813564, 47.756053236580627, 0.0 ], [ 6.878589933966904, 47.755270137924185, 0.0 ], [ 6.886049412077578, 47.75531007738747, 0.0 ], [ 6.889658401861158, 47.754829698671884, 0.0 ], [ 6.888509539077026, 47.753828879459711, 0.0 ], [ 6.889007721614753, 47.751814503939329, 0.0 ], [ 6.888282704199594, 47.75077976808619, 0.0 ], [ 6.886515061725594, 47.752062244800456, 0.0 ], [ 6.884952432339295, 47.752200653792862, 0.0 ], [ 6.873325321084918, 47.750190974666069, 0.0 ], [ 6.869353683612382, 47.75071619315375, 0.0 ], [ 6.865523380195009, 47.749950701669135, 0.0 ], [ 6.86100134492554, 47.747163274297833, 0.0 ], [ 6.859823177340977, 47.742543348361302, 0.0 ], [ 6.858010856214375, 47.739750179024988, 0.0 ], [ 6.855079201522129, 47.737730101087756, 0.0 ], [ 6.851155854438017, 47.737970186801547, 0.0 ], [ 6.846105506222961, 47.734538196850281, 0.0 ], [ 6.844836562695745, 47.734538467980883, 0.0 ], [ 6.840003822317703, 47.735427145671821, 0.0 ], [ 6.838148024176374, 47.737218202102213, 0.0 ], [ 6.837583376081092, 47.74368959765313, 0.0 ], [ 6.838255690756448, 47.747676579811106, 0.0 ], [ 6.834523609236411, 47.757497560579068, 0.0 ], [ 6.842239992143732, 47.768847042213004, 0.0 ], [ 6.844194373703429, 47.770219219038069, 0.0 ], [ 6.850374673538244, 47.772319278518637, 0.0 ] ] ] } },
{ "type": "Feature", "properties": { "INSEE_COM": "90103", "NOM_COM": "Vétrigne", "EPCI": "200069052", "code_serm": 2 }, "geometry": { "type": "Polygon", "coordinates": [ [ [ 6.883252102147881, 47.667163009950443, 0.0 ], [ 6.882427056242422, 47.667905968434809, 0.0 ], [ 6.882600099928812, 47.670043204773222, 0.0 ], [ 6.88638302846155, 47.676051684781264, 0.0 ], [ 6.885566517650807, 47.680408064961398, 0.0 ], [ 6.898304119414362, 47.67534357981706, 0.0 ], [ 6.899583490321365, 47.672295445068023, 0.0 ], [ 6.903021508202125, 47.671216356242908, 0.0 ], [ 6.906258901373509, 47.671406430684435, 0.0 ], [ 6.907990856000223, 47.670989827296907, 0.0 ], [ 6.910045520165912, 47.668952874174906, 0.0 ], [ 6.909352940252628, 47.664949545875906, 0.0 ], [ 6.899990334003501, 47.663543092750466, 0.0 ], [ 6.896032042413231, 47.66103924153785, 0.0 ], [ 6.894832081758576, 47.659440914495242, 0.0 ], [ 6.895873080191724, 47.658517623489622, 0.0 ], [ 6.895216060075787, 47.65819708990346, 0.0 ], [ 6.891907154825589, 47.660523418462418, 0.0 ], [ 6.888349475257386, 47.665276685605001, 0.0 ], [ 6.883252102147881, 47.667163009950443, 0.0 ] ] ] } },
{ "type": "Feature", "properties": { "INSEE_COM": "90104", "NOM_COM": "Vézelois", "EPCI": "200069052", "code_serm": 2 }, "geometry": { "type": "Polygon", "coordinates": [ [ [ 6.896128993183205, 47.606813710627428, 0.0 ], [ 6.892963012246978, 47.60676258786922, 0.0 ], [ 6.891245202018355, 47.610872617299954, 0.0 ], [ 6.880985611356354, 47.610553755979133, 0.0 ], [ 6.884230906206288, 47.611307308932439, 0.0 ], [ 6.885771587346201, 47.615626829738218, 0.0 ], [ 6.89063245129875, 47.622353632087879, 0.0 ], [ 6.902092347322229, 47.620042428894472, 0.0 ], [ 6.906963335799618, 47.619993901910682, 0.0 ], [ 6.912371239250094, 47.620686893513735, 0.0 ], [ 6.914714931212945, 47.621690651474296, 0.0 ], [ 6.917528511817822, 47.620978000476754, 0.0 ], [ 6.918499690159432, 47.617631622059037, 0.0 ], [ 6.920840772351159, 47.617004140921317, 0.0 ], [ 6.924523205668765, 47.616673968215707, 0.0 ], [ 6.927965894124049, 47.617124997594189, 0.0 ], [ 6.932597437769747, 47.616923033653059, 0.0 ], [ 6.939073315468733, 47.617943790345628, 0.0 ], [ 6.942345963666952, 47.616740075893553, 0.0 ], [ 6.949609942340042, 47.615044339172293, 0.0 ], [ 6.949939112474683, 47.612757574352933, 0.0 ], [ 6.948980891247839, 47.609193172078854, 0.0 ], [ 6.947718265032793, 47.608212997972544, 0.0 ], [ 6.946050604296284, 47.608602873605378, 0.0 ], [ 6.945175485353984, 47.60837471611476, 0.0 ], [ 6.942909032282576, 47.605729604673321, 0.0 ], [ 6.942840730650045, 47.605093837815538, 0.0 ], [ 6.94605753765748, 47.603687288092551, 0.0 ], [ 6.943496619161927, 47.598786432525358, 0.0 ], [ 6.943371386181612, 47.597470349785375, 0.0 ], [ 6.944184935832263, 47.595984634851511, 0.0 ], [ 6.939176629984789, 47.594072023001402, 0.0 ], [ 6.920477656719761, 47.596628876239791, 0.0 ], [ 6.923535388764365, 47.597063193888864, 0.0 ], [ 6.924391145321144, 47.598191583822384, 0.0 ], [ 6.921526730838677, 47.59926484924209, 0.0 ], [ 6.911955508269542, 47.599659226250935, 0.0 ], [ 6.908842569716819, 47.600891006335786, 0.0 ], [ 6.907306374270772, 47.602512393634989, 0.0 ], [ 6.904598406510621, 47.603709756989247, 0.0 ], [ 6.900086388251709, 47.604565437184782, 0.0 ], [ 6.896128993183205, 47.606813710627428, 0.0 ] ] ] } },
{ "type": "Feature", "properties": { "INSEE_COM": "90105", "NOM_COM": "Villars-le-Sec", "EPCI": "249000241", "code_serm": 2 }, "geometry": { "type": "Polygon", "coordinates": [ [ [ 6.980981604434913, 47.449233923367544, 0.0 ], [ 6.973420929269284, 47.447174259566609, 0.0 ], [ 6.970285775503323, 47.447110075131732, 0.0 ], [ 6.972579671238045, 47.452183698674972, 0.0 ], [ 6.976682901471182, 47.45666997133668, 0.0 ], [ 6.981757255953625, 47.460230570638309, 0.0 ], [ 6.990173657263146, 47.463220320131015, 0.0 ], [ 6.991769739555182, 47.464821303896287, 0.0 ], [ 6.991705428361239, 47.466399929040058, 0.0 ], [ 7.000484843112851, 47.467201614117023, 0.0 ], [ 6.999792844338853, 47.464968474876166, 0.0 ], [ 7.000447352189731, 47.463465084130945, 0.0 ], [ 6.999999905587843, 47.46133800339156, 0.0 ], [ 6.998247979026692, 47.459734369368043, 0.0 ], [ 6.99774518582023, 47.45714950302002, 0.0 ], [ 6.999387050722881, 47.456215166528366, 0.0 ], [ 7.001435743936419, 47.455977062760816, 0.0 ], [ 7.00218248441226, 47.454163122025818, 0.0 ], [ 6.994827763214056, 47.449294566904854, 0.0 ], [ 6.990194620517636, 47.44797902917341, 0.0 ], [ 6.987807911864561, 47.447760744170878, 0.0 ], [ 6.984066181112164, 47.448188219036552, 0.0 ], [ 6.980981604434913, 47.449233923367544, 0.0 ] ] ] } }
]
}
